v 0.6478 -1.4634 -2.9026
v 0.6479 -1.4631 -2.9029
v 0.6478 -1.4626 -2.9032
v 0.6477 -1.4621 -2.9035
v 0.6474 -1.4614 -2.9039
v 0.6469 -1.4606 -2.9044
v 0.6462 -1.4597 -2.9050
v 0.6453 -1.4585 -2.9057
v 0.6441 -1.4572 -2.9065
v 0.6428 -1.4557 -2.9075
v 0.6412 -1.4541 -2.9085
v 0.6396 -1.4524 -2.9095
v 0.6379 -1.4507 -2.9106
v 0.6363 -1.4491 -2.9116
v 0.6350 -1.4476 -2.9125
v 0.6341 -1.4464 -2.9133
v 0.6335 -1.4456 -2.9138
v 0.6335 -1.4452 -2.9140
v 0.6340 -1.4451 -2.9141
v 0.6351 -1.4455 -2.9139
v 0.6366 -1.4462 -2.9134
v 0.6388 -1.4468 -2.9131
v 0.6413 -1.4475 -2.9126
v 0.6439 -1.4483 -2.9121
v 0.6464 -1.4492 -2.9116
v 0.6489 -1.4499 -2.9111
v 0.6512 -1.4505 -2.9107
v 0.6533 -1.4510 -2.9104
v 0.6552 -1.4513 -2.9102
v 0.6568 -1.4514 -2.9102
v 0.6582 -1.4513 -2.9102
v 0.6594 -1.4511 -2.9104
v 0.6605 -1.4507 -2.9106
v 0.6614 -1.4503 -2.9108
v 0.6623 -1.4498 -2.9111
v 0.6630 -1.4493 -2.9115
v 0.6638 -1.4487 -2.9118
v 0.6645 -1.4481 -2.9122
v 0.6652 -1.4475 -2.9126
v 0.6659 -1.4469 -2.9130
v 0.6666 -1.4463 -2.9134
v 0.5438 -1.5100 -2.7596
v 0.5491 -1.5047 -2.7629
v 0.5542 -1.4993 -2.7663
v 0.5592 -1.4938 -2.7697
v 0.5639 -1.4882 -2.7732
v 0.5685 -1.4824 -2.7769
v 0.5728 -1.4763 -2.7806
v 0.5768 -1.4701 -2.7845
v 0.5805 -1.4636 -2.7886
v 0.5840 -1.4570 -2.7927
v 0.5873 -1.4502 -2.7970
v 0.5904 -1.4432 -2.8013
v 0.5935 -1.4363 -2.8056
v 0.5967 -1.4295 -2.8099
v 0.6003 -1.4229 -2.8140
v 0.6042 -1.4166 -2.8180
v 0.6088 -1.4107 -2.8216
v 0.6139 -1.4054 -2.8250
v 0.6197 -1.4005 -2.8280
v 0.6261 -1.3960 -2.8308
v 0.6330 -1.3920 -2.8333
v 0.6493 -1.3800 -2.8408
v 0.6659 -1.3682 -2.8482
v 0.6826 -1.3564 -2.8556
v 0.6992 -1.3447 -2.8629
v 0.7158 -1.3328 -2.8703
v 0.7322 -1.3208 -2.8778
v 0.7482 -1.3086 -2.8854
v 0.7640 -1.2962 -2.8932
v 0.7796 -1.2836 -2.9011
v 0.7948 -1.2707 -2.9091
v 0.8098 -1.2577 -2.9172
v 0.8247 -1.2446 -2.9255
v 0.8394 -1.2313 -2.9337
v 0.8540 -1.2180 -2.9421
v 0.8685 -1.2045 -2.9505
v 0.8829 -1.1911 -2.9589
v 0.8973 -1.1776 -2.9673
v 0.9117 -1.1641 -2.9757
v 0.9261 -1.1506 -2.9842
v 0.9405 -1.1371 -2.9926
v 0.4979 -1.5019 -2.6507
v 0.5054 -1.4944 -2.6554
v 0.5128 -1.4868 -2.6602
v 0.5200 -1.4790 -2.6650
v 0.5269 -1.4711 -2.6700
v 0.5336 -1.4629 -2.6751
v 0.5400 -1.4545 -2.6803
v 0.5460 -1.4459 -2.6857
v 0.5517 -1.4370 -2.6913
v 0.5570 -1.4278 -2.6970
v 0.5621 -1.4185 -2.7029
v 0.5670 -1.4090 -2.7088
v 0.5720 -1.3995 -2.7147
v 0.5771 -1.3901 -2.7205
v 0.5825 -1.3811 -2.7262
v 0.5885 -1.3724 -2.7317
v 0.5951 -1.3642 -2.7368
v 0.6024 -1.3565 -2.7415
v 0.6106 -1.3495 -2.7459
v 0.6195 -1.3431 -2.7499
v 0.6291 -1.3372 -2.7537
v 0.6519 -1.3197 -2.7646
v 0.6750 -1.3025 -2.7753
v 0.6983 -1.2854 -2.7860
v 0.7215 -1.2683 -2.7967
v 0.7446 -1.2511 -2.8074
v 0.7675 -1.2337 -2.8183
v 0.7900 -1.2160 -2.8293
v 0.8122 -1.1981 -2.8405
v 0.8341 -1.1799 -2.8519
v 0.8556 -1.1615 -2.8634
v 0.8768 -1.1429 -2.8751
v 0.8979 -1.1241 -2.8868
v 0.9187 -1.1051 -2.8986
v 0.9394 -1.0861 -2.9105
v 0.9601 -1.0670 -2.9225
v 0.9806 -1.0478 -2.9344
v 1.0011 -1.0286 -2.9464
v 1.0216 -1.0094 -2.9585
v 1.0421 -0.9902 -2.9705
v 1.0625 -0.9709 -2.9825
v 0.4603 -1.4861 -2.5467
v 0.4696 -1.4767 -2.5525
v 0.4788 -1.4672 -2.5585
v 0.4878 -1.4575 -2.5645
v 0.4965 -1.4477 -2.5707
v 0.5048 -1.4376 -2.5770
v 0.5128 -1.4271 -2.5835
v 0.5204 -1.4164 -2.5902
v 0.5276 -1.4054 -2.5971
v 0.5343 -1.3940 -2.6042
v 0.5408 -1.3824 -2.6114
v 0.5470 -1.3707 -2.6187
v 0.5533 -1.3590 -2.6261
v 0.5598 -1.3474 -2.6333
v 0.5666 -1.3362 -2.6403
v 0.5741 -1.3254 -2.6471
v 0.5824 -1.3152 -2.6534
v 0.5916 -1.3057 -2.6594
v 0.6018 -1.2970 -2.6648
v 0.6129 -1.2889 -2.6699
v 0.6247 -1.2815 -2.6745
v 0.6530 -1.2596 -2.6882
v 0.6817 -1.2381 -2.7016
v 0.7106 -1.2167 -2.7150
v 0.7395 -1.1953 -2.7284
v 0.7682 -1.1738 -2.7418
v 0.7966 -1.1520 -2.7554
v 0.8246 -1.1299 -2.7692
v 0.8521 -1.1076 -2.7832
v 0.8793 -1.0849 -2.7974
v 0.9061 -1.0619 -2.8117
v 0.9325 -1.0386 -2.8263
v 0.9587 -1.0152 -2.8409
v 0.9847 -0.9915 -2.8557
v 1.0105 -0.9678 -2.8705
v 1.0362 -0.9440 -2.8854
v 1.0618 -0.9201 -2.9003
v 1.0874 -0.8962 -2.9153
v 1.1129 -0.8722 -2.9302
v 1.1384 -0.8482 -2.9452
v 1.1639 -0.8243 -2.9602
v 0.4264 -1.4665 -2.4449
v 0.4374 -1.4555 -2.4518
v 0.4483 -1.4443 -2.4588
v 0.4588 -1.4329 -2.4660
v 0.4691 -1.4212 -2.4732
v 0.4789 -1.4093 -2.4807
v 0.4883 -1.3970 -2.4884
v 0.4972 -1.3843 -2.4963
v 0.5056 -1.3713 -2.5045
v 0.5135 -1.3578 -2.5128
v 0.5211 -1.3441 -2.5214
v 0.5284 -1.3303 -2.5301
v 0.5357 -1.3164 -2.5387
v 0.5433 -1.3027 -2.5473
v 0.5513 -1.2894 -2.5556
v 0.5601 -1.2766 -2.5636
v 0.5699 -1.2646 -2.5711
v 0.5807 -1.2534 -2.5781
v 0.5927 -1.2431 -2.5845
v 0.6058 -1.2336 -2.5905
v 0.6198 -1.2249 -2.5959
v 0.6532 -1.1992 -2.6120
v 0.6871 -1.1738 -2.6278
v 0.7212 -1.1487 -2.6436
v 0.7553 -1.1235 -2.6593
v 0.7892 -1.0981 -2.6751
v 0.8228 -1.0725 -2.6911
v 0.8558 -1.0465 -2.7074
v 0.8884 -1.0202 -2.7238
v 0.9204 -0.9934 -2.7406
v 0.9520 -0.9663 -2.7575
v 0.9833 -0.9389 -2.7746
v 1.0141 -0.9113 -2.7919
v 1.0448 -0.8835 -2.8093
v 1.0752 -0.8555 -2.8268
v 1.1055 -0.8274 -2.8443
v 1.1357 -0.7992 -2.8619
v 1.1658 -0.7710 -2.8795
v 1.1959 -0.7428 -2.8972
v 1.2260 -0.7145 -2.9148
v 1.2561 -0.6862 -2.9325
v 0.3950 -1.4447 -2.3446
v 0.4076 -1.4320 -2.3525
v 0.4199 -1.4192 -2.3605
v 0.4319 -1.4062 -2.3687
v 0.4436 -1.3928 -2.3770
v 0.4548 -1.3791 -2.3856
v 0.4654 -1.3650 -2.3944
v 0.4754 -1.3504 -2.4035
v 0.4849 -1.3354 -2.4129
v 0.4938 -1.3200 -2.4226
v 0.5022 -1.3042 -2.4324
v 0.5104 -1.2882 -2.4424
v 0.5185 -1.2722 -2.4524
v 0.5270 -1.2564 -2.4623
v 0.5360 -1.2411 -2.4719
v 0.5460 -1.2264 -2.4810
v 0.5570 -1.2126 -2.4896
v 0.5694 -1.1998 -2.4976
v 0.5831 -1.1881 -2.5050
v 0.5981 -1.1773 -2.5117
v 0.6143 -1.1674 -2.5179
v 0.6526 -1.1381 -2.5362
v 0.6915 -1.1093 -2.5542
v 0.7307 -1.0807 -2.5721
v 0.7698 -1.0521 -2.5900
v 0.8087 -1.0233 -2.6080
v 0.8472 -0.9941 -2.6262
v 0.8851 -0.9646 -2.6446
v 0.9224 -0.9345 -2.6634
v 0.9592 -0.9041 -2.6825
v 0.9953 -0.8732 -2.7018
v 1.0310 -0.8419 -2.7213
v 1.0664 -0.8104 -2.7410
v 1.1014 -0.7786 -2.7609
v 1.1362 -0.7466 -2.7808
v 1.1708 -0.7145 -2.8009
v 1.2053 -0.6824 -2.8210
v 1.2397 -0.6502 -2.8411
v 1.2741 -0.6179 -2.8613
v 1.3085 -0.5856 -2.8814
v 1.3428 -0.5533 -2.9016
v 0.3655 -1.4211 -2.2455
v 0.3795 -1.4069 -2.2543
v 0.3932 -1.3925 -2.2633
v 0.4066 -1.3779 -2.2724
v 0.4196 -1.3629 -2.2818
v 0.4319 -1.3475 -2.2914
v 0.4437 -1.3316 -2.3014
v 0.4547 -1.3151 -2.3117
v 0.4650 -1.2981 -2.3223
v 0.4747 -1.2806 -2.3332
v 0.4839 -1.2628 -2.3444
v 0.4927 -1.2446 -2.3557
v 0.5015 -1.2265 -2.3670
v 0.5107 -1.2086 -2.3782
v 0.5206 -1.1913 -2.3890
v 0.5315 -1.1748 -2.3994
v 0.5437 -1.1592 -2.4091
v 0.5575 -1.1449 -2.4180
v 0.5729 -1.1318 -2.4262
v 0.5898 -1.1198 -2.4337
v 0.6080 -1.1089 -2.4405
v 0.6511 -1.0764 -2.4609
v 0.6949 -1.0443 -2.4809
v 0.7391 -1.0126 -2.5007
v 0.7832 -0.9808 -2.5205
v 0.8270 -0.9488 -2.5405
v 0.8703 -0.9165 -2.5608
v 0.9129 -0.8836 -2.5813
v 0.9548 -0.8501 -2.6022
v 0.9961 -0.8161 -2.6234
v 1.0366 -0.7817 -2.6450
v 1.0767 -0.7468 -2.6668
v 1.1162 -0.7116 -2.6888
v 1.1554 -0.6761 -2.7110
v 1.1944 -0.6403 -2.7333
v 1.2331 -0.6045 -2.7557
v 1.2717 -0.5685 -2.7782
v 1.3103 -0.5325 -2.8007
v 1.3487 -0.4964 -2.8232
v 1.3871 -0.4603 -2.8458
v 1.4255 -0.4242 -2.8684
v 0.3377 -1.3958 -2.1473
v 0.3531 -1.3801 -2.1571
v 0.3681 -1.3643 -2.1670
v 0.3828 -1.3481 -2.1771
v 0.3969 -1.3315 -2.1875
v 0.4104 -1.3144 -2.1982
v 0.4231 -1.2967 -2.2092
v 0.4350 -1.2784 -2.2207
v 0.4460 -1.2595 -2.2325
v 0.4563 -1.2399 -2.2447
v 0.4660 -1.2200 -2.2572
v 0.4753 -1.1997 -2.2698
v 0.4846 -1.1794 -2.2825
v 0.4942 -1.1594 -2.2950
v 0.5047 -1.1401 -2.3071
v 0.5165 -1.1216 -2.3186
v 0.5298 -1.1044 -2.3294
v 0.5449 -1.0886 -2.3393
v 0.5619 -1.0742 -2.3483
v 0.5807 -1.0612 -2.3564
v 0.6011 -1.0493 -2.3638
v 0.6488 -1.0138 -2.3860
v 0.6975 -0.9789 -2.4078
v 0.7465 -0.9443 -2.4295
v 0.7955 -0.9096 -2.4511
v 0.8441 -0.8747 -2.4729
v 0.8921 -0.8393 -2.4950
v 0.9393 -0.8034 -2.5175
v 0.9858 -0.7668 -2.5404
v 1.0313 -0.7295 -2.5636
v 1.0762 -0.6917 -2.5873
v 1.1203 -0.6534 -2.6112
v 1.1640 -0.6147 -2.6354
v 1.2072 -0.5756 -2.6598
v 1.2501 -0.5364 -2.6843
v 1.2928 -0.4969 -2.7090
v 1.3353 -0.4573 -2.7337
v 1.3777 -0.4177 -2.7585
v 1.4201 -0.3780 -2.7833
v 1.4624 -0.3382 -2.8081
v 1.5046 -0.2985 -2.8330
v 0.3117 -1.3687 -2.0503
v 0.3283 -1.3517 -2.0609
v 0.3446 -1.3344 -2.0717
v 0.3605 -1.3167 -2.0828
v 0.3756 -1.2986 -2.0941
v 0.3901 -1.2798 -2.1058
v 0.4036 -1.2604 -2.1179
v 0.4162 -1.2403 -2.1305
v 0.4278 -1.2194 -2.1436
v 0.4385 -1.1978 -2.1571
v 0.4485 -1.1757 -2.1709
v 0.4580 -1.1532 -2.1849
v 0.4676 -1.1308 -2.1990
v 0.4776 -1.1087 -2.2128
v 0.4886 -1.0873 -2.2261
v 0.5010 -1.0670 -2.2388
v 0.5152 -1.0481 -2.2506
v 0.5316 -1.0309 -2.2614
v 0.5501 -1.0153 -2.2711
v 0.5708 -1.0013 -2.2799
v 0.5932 -0.9887 -2.2877
v 0.6456 -0.9504 -2.3117
v 0.6990 -0.9129 -2.3351
v 0.7528 -0.8757 -2.3584
v 0.8066 -0.8384 -2.3816
v 0.8599 -0.8009 -2.4051
v 0.9126 -0.7628 -2.4289
v 0.9643 -0.7240 -2.4531
v 1.0151 -0.6845 -2.4778
v 1.0649 -0.6442 -2.5030
v 1.1138 -0.6033 -2.5286
v 1.1620 -0.5618 -2.5545
v 1.2095 -0.5198 -2.5808
v 1.2566 -0.4774 -2.6072
v 1.3033 -0.4348 -2.6339
v 1.3497 -0.3919 -2.6607
v 1.3959 -0.3489 -2.6875
v 1.4420 -0.3058 -2.7144
v 1.4881 -0.2627 -2.7414
v 1.5340 -0.2195 -2.7684
v 1.5800 -0.1763 -2.7954
v 0.2876 -1.3399 -1.9544
v 0.3054 -1.3215 -1.9658
v 0.3229 -1.3029 -1.9775
v 0.3398 -1.2838 -1.9894
v 0.3559 -1.2641 -2.0017
v 0.3711 -1.2437 -2.0144
v 0.3853 -1.2226 -2.0276
v 0.3984 -1.2006 -2.0414
v 0.4104 -1.1778 -2.0556
v 0.4213 -1.1542 -2.0704
v 0.4315 -1.1299 -2.0856
v 0.4411 -1.1052 -2.1010
v 0.4507 -1.0806 -2.1164
v 0.4608 -1.0563 -2.1315
v 0.4720 -1.0329 -2.1462
v 0.4849 -1.0108 -2.1600
v 0.5000 -0.9903 -2.1728
v 0.5174 -0.9717 -2.1844
v 0.5375 -0.9550 -2.1949
v 0.5599 -0.9401 -2.2041
v 0.5845 -0.9269 -2.2124
v 0.6414 -0.8862 -2.2378
v 0.6994 -0.8463 -2.2628
v 0.7579 -0.8068 -2.2874
v 0.8164 -0.7673 -2.3121
v 0.8744 -0.7274 -2.3370
v 0.9316 -0.6869 -2.3624
v 0.9877 -0.6456 -2.3882
v 1.0427 -0.6034 -2.4145
v 1.0966 -0.5604 -2.4414
v 1.1494 -0.5166 -2.4688
v 1.2014 -0.4721 -2.4966
v 1.2527 -0.4271 -2.5247
v 1.3033 -0.3816 -2.5531
v 1.3536 -0.3358 -2.5818
v 1.4035 -0.2898 -2.6105
v 1.4532 -0.2436 -2.6394
v 1.5028 -0.1973 -2.6683
v 1.5523 -0.1509 -2.6973
v 1.6018 -0.1045 -2.7263
v 1.6511 -0.0580 -2.7553
v 0.2657 -1.3089 -1.8598
v 0.2846 -1.2893 -1.8720
v 0.3031 -1.2694 -1.8844
v 0.3209 -1.2489 -1.8972
v 0.3379 -1.2278 -1.9104
v 0.3537 -1.2059 -1.9241
v 0.3684 -1.1831 -1.9384
v 0.3819 -1.1593 -1.9533
v 0.3940 -1.1345 -1.9687
v 0.4050 -1.1088 -1.9848
v 0.4150 -1.0824 -2.0013
v 0.4244 -1.0556 -2.0181
v 0.4338 -1.0287 -2.0349
v 0.4438 -1.0023 -2.0514
v 0.4551 -0.9769 -2.0673
v 0.4684 -0.9529 -2.0822
v 0.4841 -0.9308 -2.0960
v 0.5026 -0.9109 -2.1085
v 0.5240 -0.8932 -2.1195
v 0.5482 -0.8777 -2.1292
v 0.5749 -0.8640 -2.1378
v 0.6361 -0.8212 -2.1645
v 0.6986 -0.7793 -2.1907
v 0.7617 -0.7378 -2.2166
v 0.8248 -0.6964 -2.2425
v 0.8873 -0.6545 -2.2687
v 0.9489 -0.6119 -2.2953
v 1.0092 -0.5684 -2.3225
v 1.0683 -0.5239 -2.3503
v 1.1261 -0.4784 -2.3787
v 1.1826 -0.4320 -2.4077
v 1.2382 -0.3848 -2.4372
v 1.2929 -0.3370 -2.4671
v 1.3470 -0.2887 -2.4973
v 1.4006 -0.2400 -2.5277
v 1.4538 -0.1910 -2.5583
v 1.5068 -0.1418 -2.5890
v 1.5596 -0.0925 -2.6198
v 1.6123 -0.0432 -2.6507
v 1.6649 0.0062 -2.6816
v 1.7175 0.0557 -2.7125
v 0.2462 -1.2756 -1.7666
v 0.2662 -1.2550 -1.7795
v 0.2856 -1.2338 -1.7927
v 0.3042 -1.2121 -1.8063
v 0.3218 -1.1896 -1.8204
v 0.3381 -1.1662 -1.8350
v 0.3531 -1.1417 -1.8503
v 0.3667 -1.1161 -1.8663
v 0.3788 -1.0894 -1.8830
v 0.3896 -1.0617 -1.9003
v 0.3992 -1.0331 -1.9182
v 0.4082 -1.0041 -1.9363
v 0.4172 -0.9750 -1.9545
v 0.4269 -0.9464 -1.9723
v 0.4380 -0.9190 -1.9895
v 0.4513 -0.8933 -2.0055
v 0.4675 -0.8697 -2.0203
v 0.4869 -0.8486 -2.0335
v 0.5096 -0.8300 -2.0451
v 0.5356 -0.8139 -2.0551
v 0.5644 -0.7999 -2.0639
v 0.6298 -0.7553 -2.0918
v 0.6966 -0.7118 -2.1189
v 0.7642 -0.6688 -2.1458
v 0.8317 -0.6258 -2.1727
v 0.8986 -0.5823 -2.1999
v 0.9643 -0.5380 -2.2276
v 1.0287 -0.4926 -2.2559
v 1.0916 -0.4460 -2.2850
v 1.1530 -0.3984 -2.3148
v 1.2131 -0.3497 -2.3452
v 1.2720 -0.3001 -2.3762
v 1.3300 -0.2498 -2.4076
v 1.3872 -0.1989 -2.4394
v 1.4438 -0.1476 -2.4715
v 1.5000 -0.0960 -2.5037
v 1.5560 -0.0442 -2.5361
v 1.6117 0.0078 -2.5686
v 1.6673 0.0599 -2.6012
v 1.7229 0.1121 -2.6337
v 1.7784 0.1642 -2.6663
v 0.2296 -1.2398 -1.6751
v 0.2505 -1.2181 -1.6886
v 0.2707 -1.1960 -1.7024
v 0.2900 -1.1731 -1.7167
v 0.3080 -1.1493 -1.7316
v 0.3246 -1.1243 -1.7472
v 0.3397 -1.0982 -1.7635
v 0.3531 -1.0709 -1.7806
v 0.3650 -1.0423 -1.7985
v 0.3753 -1.0126 -1.8170
v 0.3843 -0.9819 -1.8362
v 0.3926 -0.9506 -1.8558
v 0.4009 -0.9194 -1.8753
v 0.4099 -0.8887 -1.8945
v 0.4207 -0.8593 -1.9128
v 0.4339 -0.8318 -1.9300
v 0.4504 -0.8068 -1.9456
v 0.4705 -0.7846 -1.9595
v 0.4945 -0.7653 -1.9716
v 0.5221 -0.7487 -1.9819
v 0.5530 -0.7347 -1.9907
v 0.6223 -0.6887 -2.0194
v 0.6933 -0.6440 -2.0474
v 0.7651 -0.5998 -2.0750
v 0.8368 -0.5557 -2.1026
v 0.9079 -0.5110 -2.1305
v 0.9776 -0.4653 -2.1590
v 1.0458 -0.4184 -2.1883
v 1.1123 -0.3703 -2.2184
v 1.1772 -0.3208 -2.2493
v 1.2404 -0.2702 -2.2809
v 1.3024 -0.2186 -2.3132
v 1.3633 -0.1661 -2.3460
v 1.4233 -0.1130 -2.3792
v 1.4826 -0.0594 -2.4127
v 1.5415 -0.0054 -2.4464
v 1.6001 0.0488 -2.4803
v 1.6585 0.1032 -2.5143
v 1.7167 0.1577 -2.5483
v 1.7749 0.2122 -2.5824
v 1.8329 0.2668 -2.6165
v 0.2161 -1.2010 -1.5854
v 0.2378 -1.1786 -1.5994
v 0.2589 -1.1556 -1.6137
v 0.2788 -1.1318 -1.6286
v 0.2970 -1.1067 -1.6443
v 0.3135 -1.0802 -1.6608
v 0.3283 -1.0525 -1.6782
v 0.3414 -1.0235 -1.6963
v 0.3527 -0.9931 -1.7153
v 0.3622 -0.9614 -1.7351
v 0.3704 -0.9286 -1.7556
v 0.3777 -0.8952 -1.7765
v 0.3850 -0.8617 -1.7974
v 0.3932 -0.8289 -1.8179
v 0.4033 -0.7976 -1.8374
v 0.4163 -0.7685 -1.8556
v 0.4328 -0.7421 -1.8721
v 0.4536 -0.7189 -1.8866
v 0.4786 -0.6990 -1.8991
v 0.5078 -0.6823 -1.9095
v 0.5406 -0.6683 -1.9182
v 0.6136 -0.6214 -1.9476
v 0.6885 -0.5759 -1.9760
v 0.7643 -0.5310 -2.0040
v 0.8401 -0.4862 -2.0320
v 0.9150 -0.4407 -2.0604
v 0.9885 -0.3941 -2.0895
v 1.0603 -0.3462 -2.1195
v 1.1301 -0.2968 -2.1503
v 1.1980 -0.2460 -2.1821
v 1.2642 -0.1938 -2.2147
v 1.3289 -0.1405 -2.2480
v 1.3923 -0.0863 -2.2819
v 1.4548 -0.0313 -2.3163
v 1.5165 0.0243 -2.3510
v 1.5777 0.0802 -2.3860
v 1.6386 0.1364 -2.4211
v 1.6992 0.1929 -2.4563
v 1.7597 0.2494 -2.4917
v 1.8200 0.3060 -2.5271
v 1.8803 0.3627 -2.5625
v 0.2146 -1.1511 -1.5026
v 0.2367 -1.1286 -1.5167
v 0.2582 -1.1055 -1.5311
v 0.2781 -1.0813 -1.5462
v 0.2959 -1.0554 -1.5624
v 0.3114 -1.0278 -1.5797
v 0.3252 -0.9988 -1.5978
v 0.3371 -0.9685 -1.6167
v 0.3472 -0.9367 -1.6366
v 0.3554 -0.9035 -1.6573
v 0.3620 -0.8691 -1.6788
v 0.3676 -0.8339 -1.7008
v 0.3732 -0.7988 -1.7228
v 0.3799 -0.7644 -1.7443
v 0.3886 -0.7316 -1.7647
v 0.4006 -0.7013 -1.7837
v 0.4166 -0.6740 -1.8007
v 0.4373 -0.6504 -1.8155
v 0.4629 -0.6305 -1.8279
v 0.4931 -0.6141 -1.8382
v 0.5275 -0.6008 -1.8465
v 0.6027 -0.5545 -1.8754
v 0.6801 -0.5097 -1.9034
v 0.7585 -0.4657 -1.9309
v 0.8369 -0.4217 -1.9584
v 0.9143 -0.3770 -1.9863
v 0.9902 -0.3311 -2.0150
v 1.0640 -0.2836 -2.0447
v 1.1357 -0.2345 -2.0754
v 1.2052 -0.1838 -2.1071
v 1.2728 -0.1315 -2.1397
v 1.3387 -0.0780 -2.1731
v 1.4033 -0.0234 -2.2073
v 1.4667 0.0320 -2.2419
v 1.5293 0.0880 -2.2769
v 1.5913 0.1445 -2.3122
v 1.6529 0.2013 -2.3477
v 1.7142 0.2583 -2.3833
v 1.7754 0.3155 -2.4190
v 1.8364 0.3727 -2.4548
v 1.8974 0.4300 -2.4906
v 0.2186 -1.0963 -1.4229
v 0.2412 -1.0742 -1.4367
v 0.2632 -1.0515 -1.4509
v 0.2831 -1.0272 -1.4661
v 0.2998 -1.0005 -1.4828
v 0.3138 -0.9717 -1.5007
v 0.3259 -0.9415 -1.5196
v 0.3363 -0.9100 -1.5393
v 0.3447 -0.8769 -1.5600
v 0.3511 -0.8423 -1.5816
v 0.3558 -0.8064 -1.6040
v 0.3594 -0.7697 -1.6270
v 0.3630 -0.7330 -1.6499
v 0.3676 -0.6971 -1.6723
v 0.3747 -0.6631 -1.6936
v 0.3854 -0.6317 -1.7132
v 0.4006 -0.6039 -1.7306
v 0.4210 -0.5800 -1.7455
v 0.4469 -0.5603 -1.7578
v 0.4779 -0.5446 -1.7677
v 0.5136 -0.5323 -1.7753
v 0.5905 -0.4872 -1.8035
v 0.6698 -0.4440 -1.8305
v 0.7503 -0.4016 -1.8570
v 0.8307 -0.3591 -1.8836
v 0.9101 -0.3159 -1.9106
v 0.9877 -0.2713 -1.9384
v 1.0630 -0.2250 -1.9674
v 1.1360 -0.1768 -1.9975
v 1.2065 -0.1269 -2.0287
v 1.2749 -0.0752 -2.0609
v 1.3414 -0.0221 -2.0941
v 1.4063 0.0321 -2.1280
v 1.4701 0.0873 -2.1625
v 1.5329 0.1432 -2.1974
v 1.5950 0.1996 -2.2327
v 1.6567 0.2563 -2.2681
v 1.7181 0.3133 -2.3037
v 1.7793 0.3704 -2.3394
v 1.8403 0.4276 -2.3752
v 1.9013 0.4849 -2.4110
v 0.2233 -1.0415 -1.3432
v 0.2467 -1.0200 -1.3566
v 0.2697 -0.9980 -1.3704
v 0.2897 -0.9739 -1.3855
v 0.3052 -0.9463 -1.4027
v 0.3171 -0.9159 -1.4217
v 0.3271 -0.8840 -1.4416
v 0.3356 -0.8510 -1.4622
v 0.3422 -0.8167 -1.4837
v 0.3467 -0.7806 -1.5062
v 0.3493 -0.7432 -1.5296
v 0.3508 -0.7048 -1.5536
v 0.3522 -0.6665 -1.5775
v 0.3549 -0.6290 -1.6009
v 0.3602 -0.5936 -1.6231
v 0.3695 -0.5613 -1.6433
v 0.3838 -0.5327 -1.6611
v 0.4039 -0.5086 -1.6762
v 0.4301 -0.4892 -1.6883
v 0.4620 -0.4741 -1.6978
v 0.4990 -0.4629 -1.7048
v 0.5778 -0.4191 -1.7321
v 0.6591 -0.3774 -1.7582
v 0.7417 -0.3367 -1.7836
v 0.8243 -0.2958 -1.8091
v 0.9057 -0.2542 -1.8352
v 0.9851 -0.2110 -1.8622
v 1.0621 -0.1659 -1.8904
v 1.1363 -0.1187 -1.9198
v 1.2080 -0.0696 -1.9505
v 1.2772 -0.0186 -1.9824
v 1.3443 0.0340 -2.0153
v 1.4097 0.0879 -2.0490
v 1.4737 0.1429 -2.0833
v 1.5367 0.1986 -2.1181
v 1.5990 0.2549 -2.1533
v 1.6608 0.3116 -2.1887
v 1.7222 0.3685 -2.2243
v 1.7834 0.4256 -2.2599
v 1.8445 0.4828 -2.2957
v 1.9055 0.5401 -2.3315
v 0.2286 -0.9868 -1.2634
v 0.2536 -0.9664 -1.2762
v 0.2782 -0.9457 -1.2891
v 0.2987 -0.9219 -1.3040
v 0.3127 -0.8931 -1.3220
v 0.3217 -0.8606 -1.3423
v 0.3288 -0.8265 -1.3636
v 0.3350 -0.7918 -1.3853
v 0.3397 -0.7560 -1.4077
v 0.3423 -0.7184 -1.4311
v 0.3428 -0.6793 -1.4556
v 0.3420 -0.6393 -1.4806
v 0.3412 -0.5992 -1.5056
v 0.3417 -0.5602 -1.5300
v 0.3452 -0.5234 -1.5530
v 0.3531 -0.4899 -1.5739
v 0.3665 -0.4607 -1.5922
v 0.3863 -0.4364 -1.6074
v 0.4128 -0.4171 -1.6194
v 0.4456 -0.4027 -1.6284
v 0.4840 -0.3926 -1.6347
v 0.5646 -0.3503 -1.6612
v 0.6481 -0.3102 -1.6862
v 0.7329 -0.2711 -1.7106
v 0.8177 -0.2320 -1.7351
v 0.9012 -0.1919 -1.7601
v 0.9826 -0.1502 -1.7862
v 1.0612 -0.1064 -1.8136
v 1.1368 -0.0603 -1.8424
v 1.2095 -0.0120 -1.8726
v 1.2796 0.0384 -1.9040
v 1.3474 0.0905 -1.9366
v 1.4132 0.1440 -1.9701
v 1.4776 0.1987 -2.0042
v 1.5408 0.2543 -2.0390
v 1.6032 0.3105 -2.0741
v 1.6651 0.3671 -2.1094
v 1.7266 0.4240 -2.1450
v 1.7878 0.4810 -2.1806
v 1.8489 0.5382 -2.2164
v 1.9100 0.5955 -2.2522
v 0.2348 -0.9322 -1.1836
v 0.2621 -0.9136 -1.1952
v 0.2894 -0.8950 -1.2069
v 0.3108 -0.8719 -1.2213
v 0.3227 -0.8415 -1.2403
v 0.3278 -0.8060 -1.2625
v 0.3313 -0.7691 -1.2855
v 0.3348 -0.7324 -1.3085
v 0.3374 -0.6949 -1.3319
v 0.3378 -0.6558 -1.3563
v 0.3361 -0.6150 -1.3818
v 0.3331 -0.5732 -1.4079
v 0.3300 -0.5314 -1.4341
v 0.3283 -0.4907 -1.4595
v 0.3299 -0.4524 -1.4834
v 0.3363 -0.4178 -1.5050
v 0.3488 -0.3879 -1.5237
v 0.3683 -0.3633 -1.5391
v 0.3951 -0.3443 -1.5510
v 0.4289 -0.3307 -1.5595
v 0.4688 -0.3217 -1.5651
v 0.5512 -0.2808 -1.5907
v 0.6368 -0.2423 -1.6147
v 0.7240 -0.2050 -1.6380
v 0.8111 -0.1677 -1.6613
v 0.8968 -0.1293 -1.6853
v 0.9801 -0.0890 -1.7105
v 1.0604 -0.0465 -1.7371
v 1.1375 -0.0015 -1.7652
v 1.2113 0.0459 -1.7948
v 1.2823 0.0956 -1.8259
v 1.3507 0.1472 -1.8581
v 1.4170 0.2004 -1.8913
v 1.4817 0.2549 -1.9254
v 1.5452 0.3102 -1.9600
v 1.6077 0.3663 -1.9950
v 1.6697 0.4228 -2.0303
v 1.7312 0.4797 -2.0659
v 1.7925 0.5367 -2.1015
v 1.8536 0.5939 -2.1372
v 1.9148 0.6511 -2.1730
v 0.2420 -0.8780 -1.1035
v 0.2726 -0.8619 -1.1136
v 0.3037 -0.8462 -1.1234
v 0.3266 -0.8242 -1.1372
v 0.3359 -0.7918 -1.1574
v 0.3359 -0.7524 -1.1820
v 0.3347 -0.7120 -1.2073
v 0.3349 -0.6728 -1.2318
v 0.3352 -0.6335 -1.2563
v 0.3335 -0.5927 -1.2818
v 0.3296 -0.5503 -1.3083
v 0.3242 -0.5067 -1.3356
v 0.3187 -0.4631 -1.3628
v 0.3149 -0.4207 -1.3893
v 0.3146 -0.3810 -1.4141
v 0.3194 -0.3452 -1.4365
v 0.3310 -0.3146 -1.4556
v 0.3502 -0.2898 -1.4711
v 0.3773 -0.2710 -1.4828
v 0.4120 -0.2581 -1.4909
v 0.4534 -0.2502 -1.4958
v 0.5378 -0.2108 -1.5205
v 0.6256 -0.1740 -1.5434
v 0.7151 -0.1385 -1.5656
v 0.8045 -0.1029 -1.5878
v 0.8924 -0.0662 -1.6108
v 0.9777 -0.0275 -1.6350
v 1.0598 0.0137 -1.6607
v 1.1383 0.0576 -1.6882
v 1.2133 0.1041 -1.7172
v 1.2852 0.1531 -1.7479
v 1.3542 0.2042 -1.7798
v 1.4210 0.2571 -1.8128
v 1.4861 0.3112 -1.8467
v 1.5498 0.3665 -1.8812
v 1.6125 0.4224 -1.9161
v 1.6746 0.4789 -1.9514
v 1.7362 0.5357 -1.9869
v 1.7975 0.5927 -2.0225
v 1.8586 0.6498 -2.0582
v 1.9244 0.7034 -2.0917
v 0.2502 -0.8241 -1.0233
v 0.2852 -0.8113 -1.0312
v 0.3214 -0.7995 -1.0386
v 0.3463 -0.7791 -1.0514
v 0.3524 -0.7443 -1.0731
v 0.3462 -0.7000 -1.1008
v 0.3391 -0.6552 -1.1288
v 0.3356 -0.6130 -1.1552
v 0.3333 -0.5718 -1.1809
v 0.3294 -0.5294 -1.2074
v 0.3232 -0.4852 -1.2350
v 0.3155 -0.4399 -1.2634
v 0.3077 -0.3944 -1.2918
v 0.3016 -0.3504 -1.3193
v 0.2993 -0.3092 -1.3451
v 0.3027 -0.2723 -1.3681
v 0.3133 -0.2409 -1.3877
v 0.3322 -0.2158 -1.4034
v 0.3596 -0.1973 -1.4149
v 0.3953 -0.1851 -1.4226
v 0.4382 -0.1784 -1.4268
v 0.5245 -0.1404 -1.4505
v 0.6146 -0.1054 -1.4724
v 0.7064 -0.0717 -1.4934
v 0.7982 -0.0379 -1.5145
v 0.8883 -0.0029 -1.5364
v 0.9756 0.0343 -1.5597
v 1.0594 0.0742 -1.5846
v 1.1394 0.1170 -1.6113
v 1.2156 0.1626 -1.6398
v 1.2883 0.2109 -1.6700
v 1.3581 0.2615 -1.7016
v 1.4254 0.3140 -1.7344
v 1.4907 0.3679 -1.7681
v 1.5547 0.4229 -1.8025
v 1.6175 0.4788 -1.8374
v 1.6797 0.5351 -1.8726
v 1.7414 0.5919 -1.9081
v 1.8027 0.6489 -1.9437
v 1.8658 0.7046 -1.9785
v 1.9434 0.7491 -2.0064
v 0.2594 -0.7705 -0.9429
v 0.2998 -0.7618 -0.9482
v 0.3423 -0.7548 -0.9526
v 0.3698 -0.7364 -0.9642
v 0.3721 -0.6987 -0.9877
v 0.3584 -0.6487 -1.0189
v 0.3445 -0.5987 -1.0502
v 0.3367 -0.5533 -1.0786
v 0.3317 -0.5100 -1.1056
v 0.3257 -0.4659 -1.1332
v 0.3173 -0.4200 -1.1618
v 0.3072 -0.3728 -1.1913
v 0.2970 -0.3256 -1.2208
v 0.2888 -0.2799 -1.2494
v 0.2846 -0.2372 -1.2761
v 0.2864 -0.1992 -1.2998
v 0.2961 -0.1671 -1.3199
v 0.3146 -0.1418 -1.3357
v 0.3424 -0.1235 -1.3471
v 0.3790 -0.1120 -1.3543
v 0.4234 -0.1064 -1.3578
v 0.5116 -0.0700 -1.3806
v 0.6039 -0.0366 -1.4014
v 0.6981 -0.0047 -1.4214
v 0.7922 0.0273 -1.4414
v 0.8845 0.0607 -1.4622
v 0.9738 0.0963 -1.4845
v 1.0594 0.1349 -1.5086
v 1.1408 0.1766 -1.5346
v 1.2181 0.2213 -1.5626
v 1.2917 0.2689 -1.5923
v 1.3622 0.3190 -1.6236
v 1.4299 0.3711 -1.6562
v 1.4957 0.4248 -1.6897
v 1.5598 0.4796 -1.7240
v 1.6228 0.5354 -1.7588
v 1.6851 0.5917 -1.7940
v 1.7468 0.6484 -1.8294
v 1.8084 0.7052 -1.8650
v 1.8815 0.7532 -1.8950
v 1.9726 0.7875 -1.9164
v 0.2694 -0.7170 -0.8623
v 0.3159 -0.7130 -0.8648
v 0.3654 -0.7114 -0.8658
v 0.3960 -0.6952 -0.8759
v 0.3942 -0.6544 -0.9014
v 0.3721 -0.5981 -0.9366
v 0.3508 -0.5424 -0.9714
v 0.3384 -0.4934 -1.0020
v 0.3307 -0.4481 -1.0304
v 0.3224 -0.4023 -1.0590
v 0.3118 -0.3547 -1.0887
v 0.2994 -0.3058 -1.1193
v 0.2869 -0.2568 -1.1499
v 0.2765 -0.2094 -1.1795
v 0.2705 -0.1653 -1.2070
v 0.2709 -0.1262 -1.2315
v 0.2796 -0.0934 -1.2520
v 0.2978 -0.0678 -1.2680
v 0.3259 -0.0498 -1.2792
v 0.3634 -0.0390 -1.2860
v 0.4093 -0.0346 -1.2887
v 0.4994 0.0005 -1.3106
v 0.5938 0.0322 -1.3305
v 0.6903 0.0624 -1.3493
v 0.7867 0.0926 -1.3682
v 0.8812 0.1243 -1.3880
v 0.9725 0.1585 -1.4094
v 1.0597 0.1957 -1.4327
v 1.1425 0.2363 -1.4580
v 1.2210 0.2803 -1.4855
v 1.2955 0.3272 -1.5148
v 1.3666 0.3768 -1.5458
v 1.4348 0.4285 -1.5781
v 1.5009 0.4819 -1.6115
v 1.5652 0.5366 -1.6457
v 1.6284 0.5922 -1.6804
v 1.6908 0.6485 -1.7155
v 1.7526 0.7051 -1.7510
v 1.8187 0.7585 -1.7843
v 1.9063 0.7954 -1.8074
v 2.0099 0.8202 -1.8229
v 0.2798 -0.6633 -0.7819
v 0.3325 -0.6641 -0.7814
v 0.3894 -0.6681 -0.7789
v 0.4230 -0.6543 -0.7875
v 0.4170 -0.6103 -0.8151
v 0.3865 -0.5475 -0.8543
v 0.3577 -0.4860 -0.8927
v 0.3406 -0.4335 -0.9255
v 0.3301 -0.3861 -0.9552
v 0.3197 -0.3387 -0.9848
v 0.3070 -0.2895 -1.0155
v 0.2924 -0.2389 -1.0471
v 0.2777 -0.1882 -1.0788
v 0.2652 -0.1392 -1.1094
v 0.2573 -0.0937 -1.1378
v 0.2564 -0.0535 -1.1630
v 0.2642 -0.0200 -1.1839
v 0.2821 0.0058 -1.2000
v 0.3105 0.0236 -1.2111
v 0.3489 0.0337 -1.2174
v 0.3962 0.0370 -1.2195
v 0.4881 0.0707 -1.2406
v 0.5846 0.1008 -1.2594
v 0.6833 0.1293 -1.2772
v 0.7820 0.1578 -1.2950
v 0.8787 0.1878 -1.3137
v 0.9721 0.2203 -1.3341
v 1.0613 0.2561 -1.3564
v 1.1458 0.2954 -1.3810
v 1.2254 0.3384 -1.4079
v 1.3007 0.3848 -1.4369
v 1.3721 0.4341 -1.4677
v 1.4405 0.4857 -1.4999
v 1.5066 0.5391 -1.5333
v 1.5711 0.5937 -1.5674
v 1.6343 0.6493 -1.6021
v 1.6967 0.7055 -1.6372
v 1.7592 0.7616 -1.6723
v 1.8352 0.8075 -1.7010
v 1.9381 0.8327 -1.7167
v 2.0504 0.8508 -1.7280
v 0.2901 -0.6092 -0.7018
v 0.3486 -0.6144 -0.6986
v 0.4122 -0.6235 -0.6929
v 0.4487 -0.6119 -0.7001
v 0.4388 -0.5649 -0.7295
v 0.4005 -0.4961 -0.7724
v 0.3646 -0.4293 -0.8142
v 0.3432 -0.3735 -0.8491
v 0.3302 -0.3241 -0.8800
v 0.3178 -0.2751 -0.9105
v 0.3030 -0.2244 -0.9422
v 0.2863 -0.1722 -0.9749
v 0.2696 -0.1199 -1.0075
v 0.2551 -0.0694 -1.0391
v 0.2455 -0.0226 -1.0683
v 0.2432 0.0186 -1.0941
v 0.2501 0.0527 -1.1154
v 0.2677 0.0788 -1.1317
v 0.2964 0.0963 -1.1426
v 0.3357 0.1058 -1.1485
v 0.3843 0.1081 -1.1500
v 0.4780 0.1405 -1.1702
v 0.5765 0.1691 -1.1881
v 0.6774 0.1958 -1.2048
v 0.7785 0.2225 -1.2215
v 0.8778 0.2505 -1.2390
v 0.9740 0.2809 -1.2580
v 1.0661 0.3145 -1.2790
v 1.1530 0.3519 -1.3024
v 1.2342 0.3938 -1.3285
v 1.3098 0.4399 -1.3574
v 1.3806 0.4897 -1.3884
v 1.4481 0.5420 -1.4211
v 1.5135 0.5959 -1.4548
v 1.5775 0.6509 -1.4892
v 1.6406 0.7065 -1.5239
v 1.7029 0.7628 -1.5591
v 1.7682 0.8168 -1.5929
v 1.8560 0.8536 -1.6158
v 1.9718 0.8690 -1.6255
v 2.0871 0.8848 -1.6353
v 0.2998 -0.5541 -0.6223
v 0.3629 -0.5627 -0.6169
v 0.4317 -0.5759 -0.6087
v 0.4704 -0.5659 -0.6149
v 0.4574 -0.5165 -0.6457
v 0.4127 -0.4430 -0.6917
v 0.3712 -0.3718 -0.7362
v 0.3462 -0.3133 -0.7728
v 0.3309 -0.2621 -0.8047
v 0.3167 -0.2118 -0.8362
v 0.3000 -0.1596 -0.8688
v 0.2814 -0.1060 -0.9023
v 0.2627 -0.0522 -0.9359
v 0.2464 -0.0003 -0.9683
v 0.2352 0.0477 -0.9983
v 0.2317 0.0899 -1.0247
v 0.2378 0.1246 -1.0464
v 0.2552 0.1509 -1.0628
v 0.2841 0.1682 -1.0736
v 0.3242 0.1771 -1.0792
v 0.3741 0.1785 -1.0800
v 0.4693 0.2096 -1.0995
v 0.5697 0.2367 -1.1164
v 0.6728 0.2619 -1.1322
v 0.7762 0.2867 -1.1477
v 0.8784 0.3126 -1.1638
v 0.9781 0.3403 -1.1812
v 1.0737 0.3711 -1.2004
v 1.1638 0.4062 -1.2223
v 1.2467 0.4467 -1.2477
v 1.3223 0.4929 -1.2765
v 1.3917 0.5437 -1.3082
v 1.4574 0.5974 -1.3418
v 1.5214 0.6524 -1.3762
v 1.5846 0.7080 -1.4109
v 1.6473 0.7639 -1.4459
v 1.7081 0.8213 -1.4817
v 1.7789 0.8711 -1.5128
v 1.8788 0.8987 -1.5301
v 2.0036 0.9072 -1.5354
v 2.1159 0.9253 -1.5467
v 0.3085 -0.4977 -0.5436
v 0.3741 -0.5084 -0.5369
v 0.4460 -0.5238 -0.5272
v 0.4859 -0.5148 -0.5329
v 0.4708 -0.4638 -0.5647
v 0.4222 -0.3872 -0.6126
v 0.3770 -0.3133 -0.6588
v 0.3495 -0.2528 -0.6966
v 0.3324 -0.2003 -0.7294
v 0.3166 -0.1487 -0.7616
v 0.2982 -0.0953 -0.7950
v 0.2779 -0.0403 -0.8294
v 0.2574 0.0148 -0.8638
v 0.2394 0.0680 -0.8971
v 0.2268 0.1171 -0.9278
v 0.2221 0.1602 -0.9546
v 0.2276 0.1954 -0.9767
v 0.2446 0.2219 -0.9932
v 0.2738 0.2390 -1.0039
v 0.3147 0.2473 -1.0091
v 0.3656 0.2479 -1.0095
v 0.4623 0.2779 -1.0282
v 0.5645 0.3037 -1.0443
v 0.6695 0.3273 -1.0591
v 0.7754 0.3503 -1.0735
v 0.8806 0.3739 -1.0882
v 0.9840 0.3987 -1.1037
v 1.0839 0.4263 -1.1210
v 1.1776 0.4587 -1.1412
v 1.2624 0.4977 -1.1656
v 1.3376 0.5442 -1.1946
v 1.4050 0.5965 -1.2273
v 1.4682 0.6521 -1.2620
v 1.5301 0.7087 -1.2974
v 1.5921 0.7652 -1.3327
v 1.6528 0.8227 -1.3687
v 1.7122 0.8812 -1.4052
v 1.7910 0.9249 -1.4325
v 1.9022 0.9438 -1.4443
v 2.0323 0.9483 -1.4471
v 2.1366 0.9725 -1.4622
v 0.3157 -0.4398 -0.4658
v 0.3817 -0.4508 -0.4590
v 0.4540 -0.4665 -0.4491
v 0.4938 -0.4574 -0.4548
v 0.4780 -0.4059 -0.4870
v 0.4282 -0.3284 -0.5354
v 0.3818 -0.2535 -0.5822
v 0.3530 -0.1921 -0.6206
v 0.3348 -0.1387 -0.6540
v 0.3175 -0.0861 -0.6869
v 0.2978 -0.0315 -0.7209
v 0.2758 0.0247 -0.7561
v 0.2538 0.0810 -0.7912
v 0.2344 0.1353 -0.8252
v 0.2205 0.1854 -0.8565
v 0.2148 0.2292 -0.8838
v 0.2196 0.2649 -0.9062
v 0.2365 0.2915 -0.9228
v 0.2659 0.3085 -0.9334
v 0.3073 0.3163 -0.9383
v 0.3593 0.3161 -0.9382
v 0.4573 0.3451 -0.9563
v 0.5610 0.3698 -0.9717
v 0.6679 0.3920 -0.9856
v 0.7760 0.4133 -0.9989
v 0.8843 0.4344 -1.0121
v 0.9917 0.4563 -1.0257
v 1.0961 0.4804 -1.0408
v 1.1938 0.5097 -1.0591
v 1.2806 0.5472 -1.0826
v 1.3551 0.5941 -1.1119
v 1.4200 0.6484 -1.1458
v 1.4801 0.7064 -1.1820
v 1.5396 0.7648 -1.2185
v 1.5998 0.8227 -1.2547
v 1.6542 0.8850 -1.2936
v 1.7155 0.9420 -1.3293
v 1.8036 0.9786 -1.3521
v 1.9245 0.9901 -1.3593
v 2.0553 0.9941 -1.3618
v 2.1468 1.0280 -1.3830
v 0.3218 -0.3802 -0.3891
v 0.3858 -0.3896 -0.3833
v 0.4556 -0.4034 -0.3746
v 0.4940 -0.3934 -0.3809
v 0.4789 -0.3424 -0.4128
v 0.4308 -0.2662 -0.4603
v 0.3856 -0.1923 -0.5065
v 0.3571 -0.1310 -0.5448
v 0.3381 -0.0771 -0.5785
v 0.3199 -0.0237 -0.6119
v 0.2988 0.0318 -0.6465
v 0.2756 0.0890 -0.6823
v 0.2522 0.1462 -0.7181
v 0.2316 0.2014 -0.7526
v 0.2166 0.2524 -0.7844
v 0.2100 0.2968 -0.8121
v 0.2143 0.3329 -0.8347
v 0.2310 0.3596 -0.8514
v 0.2606 0.3765 -0.8619
v 0.3025 0.3839 -0.8666
v 0.3553 0.3830 -0.8660
v 0.4544 0.4112 -0.8836
v 0.5594 0.4348 -0.8984
v 0.6679 0.4557 -0.9115
v 0.7782 0.4753 -0.9237
v 0.8894 0.4941 -0.9355
v 1.0009 0.5128 -0.9471
v 1.1100 0.5333 -0.9599
v 1.2117 0.5594 -0.9763
v 1.3003 0.5955 -0.9988
v 1.3740 0.6431 -1.0285
v 1.4359 0.6996 -1.0639
v 1.4925 0.7602 -1.1017
v 1.5492 0.8207 -1.1395
v 1.6026 0.8836 -1.1788
v 1.6523 0.9495 -1.2200
v 1.7181 1.0030 -1.2534
v 1.8159 1.0321 -1.2716
v 1.9436 1.0384 -1.2756
v 2.0694 1.0462 -1.2804
v 2.1536 1.0856 -1.3051
v 0.3270 -0.3188 -0.3135
v 0.3868 -0.3251 -0.3096
v 0.4517 -0.3353 -0.3032
v 0.4877 -0.3234 -0.3107
v 0.4745 -0.2739 -0.3416
v 0.4307 -0.2011 -0.3871
v 0.3890 -0.1298 -0.4316
v 0.3618 -0.0696 -0.4692
v 0.3427 -0.0157 -0.5029
v 0.3237 0.0382 -0.5366
v 0.3016 0.0944 -0.5718
v 0.2773 0.1524 -0.6080
v 0.2529 0.2104 -0.6442
v 0.2312 0.2664 -0.6792
v 0.2153 0.3179 -0.7114
v 0.2081 0.3628 -0.7395
v 0.2119 0.3993 -0.7623
v 0.2284 0.4261 -0.7790
v 0.2581 0.4428 -0.7894
v 0.3005 0.4499 -0.7939
v 0.3539 0.4484 -0.7930
v 0.4538 0.4758 -0.8101
v 0.5598 0.4985 -0.8243
v 0.6696 0.5184 -0.8367
v 0.7818 0.5364 -0.8479
v 0.8959 0.5529 -0.8582
v 1.0114 0.5684 -0.8679
v 1.1252 0.5852 -0.8784
v 1.2307 0.6083 -0.8928
v 1.3210 0.6430 -0.9145
v 1.3933 0.6914 -0.9448
v 1.4519 0.7504 -0.9816
v 1.5047 0.8137 -1.0212
v 1.5564 0.8779 -1.0613
v 1.6001 0.9482 -1.1052
v 1.6481 1.0152 -1.1471
v 1.7205 1.0636 -1.1774
v 1.8272 1.0857 -1.1912
v 1.9577 1.0898 -1.1937
v 2.0760 1.1032 -1.2021
v 2.1599 1.1427 -1.2268
v 0.3317 -0.2562 -0.2387
v 0.3858 -0.2582 -0.2375
v 0.4440 -0.2633 -0.2343
v 0.4768 -0.2490 -0.2432
v 0.4663 -0.2017 -0.2728
v 0.4287 -0.1337 -0.3153
v 0.3921 -0.0664 -0.3573
v 0.3673 -0.0081 -0.3938
v 0.3485 0.0455 -0.4273
v 0.3290 0.0998 -0.4611
v 0.3063 0.1565 -0.4966
v 0.2811 0.2150 -0.5331
v 0.2559 0.2736 -0.5697
v 0.2334 0.3300 -0.6050
v 0.2169 0.3820 -0.6375
v 0.2091 0.4272 -0.6658
v 0.2126 0.4639 -0.6887
v 0.2289 0.4907 -0.7054
v 0.2587 0.5073 -0.7158
v 0.3013 0.5141 -0.7200
v 0.3552 0.5123 -0.7189
v 0.4557 0.5390 -0.7356
v 0.5624 0.5610 -0.7493
v 0.6733 0.5798 -0.7611
v 0.7871 0.5964 -0.7715
v 0.9039 0.6107 -0.7804
v 1.0232 0.6231 -0.7881
v 1.1413 0.6363 -0.7964
v 1.2504 0.6565 -0.8090
v 1.3418 0.6902 -0.8301
v 1.4125 0.7397 -0.8610
v 1.4675 0.8012 -0.8994
v 1.5163 0.8674 -0.9408
v 1.5576 0.9393 -0.9857
v 1.5937 1.0152 -1.0331
v 1.6429 1.0811 -1.0744
v 1.7230 1.1234 -1.1008
v 1.8370 1.1398 -1.1110
v 1.9654 1.1452 -1.1144
v 2.0819 1.1598 -1.1235
v 2.1656 1.1993 -1.1482
v 0.3364 -0.1925 -0.1646
v 0.3841 -0.1897 -0.1663
v 0.4346 -0.1891 -0.1667
v 0.4637 -0.1721 -0.1773
v 0.4566 -0.1274 -0.2052
v 0.4263 -0.0650 -0.2442
v 0.3958 -0.0025 -0.2833
v 0.3738 0.0535 -0.3183
v 0.3557 0.1065 -0.3514
v 0.3360 0.1608 -0.3853
v 0.3128 0.2178 -0.4209
v 0.2871 0.2766 -0.4577
v 0.2613 0.3355 -0.4945
v 0.2384 0.3922 -0.5299
v 0.2214 0.4444 -0.5626
v 0.2132 0.4898 -0.5909
v 0.2165 0.5266 -0.6139
v 0.2327 0.5534 -0.6307
v 0.2625 0.5699 -0.6410
v 0.3052 0.5765 -0.6451
v 0.3594 0.5744 -0.6438
v 0.4601 0.6007 -0.6602
v 0.5673 0.6220 -0.6735
v 0.6788 0.6401 -0.6848
v 0.7940 0.6553 -0.6943
v 0.9132 0.6675 -0.7020
v 1.0360 0.6770 -0.7079
v 1.1581 0.6870 -0.7141
v 1.2702 0.7046 -0.7251
v 1.3622 0.7375 -0.7457
v 1.4308 0.7884 -0.7775
v 1.4822 0.8523 -0.8175
v 1.5234 0.9241 -0.8623
v 1.5541 1.0039 -0.9121
v 1.5852 1.0833 -0.9618
v 1.6378 1.1463 -1.0012
v 1.7262 1.1821 -1.0235
v 1.8447 1.1948 -1.0315
v 1.9713 1.2014 -1.0356
v 2.0873 1.2160 -1.0447
v 2.1708 1.2554 -1.0693
v 0.3417 -0.1283 -0.0907
v 0.3828 -0.1206 -0.0955
v 0.4257 -0.1143 -0.0995
v 0.4511 -0.0946 -0.1118
v 0.4474 -0.0527 -0.1380
v 0.4246 0.0039 -0.1733
v 0.4003 0.0615 -0.2093
v 0.3814 0.1150 -0.2428
v 0.3643 0.1672 -0.2754
v 0.3446 0.2213 -0.3092
v 0.3212 0.2783 -0.3448
v 0.2953 0.3372 -0.3816
v 0.2693 0.3961 -0.4184
v 0.2461 0.4529 -0.4539
v 0.2289 0.5052 -0.4866
v 0.2206 0.5506 -0.5150
v 0.2237 0.5873 -0.5379
v 0.2398 0.6141 -0.5547
v 0.2695 0.6305 -0.5649
v 0.3123 0.6370 -0.5689
v 0.3665 0.6347 -0.5675
v 0.4672 0.6607 -0.5837
v 0.5744 0.6816 -0.5968
v 0.6864 0.6990 -0.6077
v 0.8026 0.7132 -0.6165
v 0.9238 0.7235 -0.6230
v 1.0497 0.7303 -0.6273
v 1.1751 0.7374 -0.6317
v 1.2894 0.7530 -0.6414
v 1.3814 0.7856 -0.6618
v 1.4476 0.8380 -0.6945
v 1.4944 0.9051 -0.7365
v 1.5256 0.9842 -0.7859
v 1.5472 1.0706 -0.8399
v 1.5760 1.1515 -0.8905
v 1.6343 1.2098 -0.9269
v 1.7305 1.2393 -0.9453
v 1.8506 1.2505 -0.9523
v 1.9767 1.2570 -0.9564
v 2.0923 1.2716 -0.9655
v 2.1755 1.3110 -0.9901
v 0.3480 -0.0639 -0.0170
v 0.3831 -0.0518 -0.0246
v 0.4189 -0.0402 -0.0318
v 0.4410 -0.0182 -0.0456
v 0.4405 0.0212 -0.0702
v 0.4246 0.0723 -0.1021
v 0.4063 0.1252 -0.1352
v 0.3904 0.1763 -0.1671
v 0.3743 0.2275 -0.1991
v 0.3549 0.2813 -0.2328
v 0.3315 0.3381 -0.2682
v 0.3057 0.3967 -0.3049
v 0.2798 0.4555 -0.3416
v 0.2566 0.5121 -0.3770
v 0.2394 0.5642 -0.4095
v 0.2311 0.6095 -0.4378
v 0.2342 0.6461 -0.4607
v 0.2502 0.6728 -0.4774
v 0.2799 0.6891 -0.4876
v 0.3225 0.6955 -0.4916
v 0.3765 0.6932 -0.4901
v 0.4769 0.7190 -0.5063
v 0.5839 0.7398 -0.5192
v 0.6960 0.7567 -0.5298
v 0.8129 0.7699 -0.5381
v 0.9357 0.7787 -0.5435
v 1.0640 0.7832 -0.5464
v 1.1919 0.7880 -0.5494
v 1.3075 0.8022 -0.5582
v 1.3988 0.8350 -0.5787
v 1.4622 0.8890 -0.6125
v 1.5021 0.9611 -0.6575
v 1.5237 1.0471 -0.7113
v 1.5382 1.1385 -0.7684
v 1.5677 1.2185 -0.8184
v 1.6334 1.2708 -0.8510
v 1.7360 1.2949 -0.8661
v 1.8561 1.3057 -0.8728
v 1.9818 1.3122 -0.8769
v 2.0968 1.3268 -0.8861
v 2.1796 1.3661 -0.9106
v 0.3555 0.0005 0.0567
v 0.3855 0.0163 0.0468
v 0.4154 0.0323 0.0368
v 0.4347 0.0563 0.0218
v 0.4370 0.0933 -0.0013
v 0.4271 0.1396 -0.0303
v 0.4140 0.1885 -0.0608
v 0.4008 0.2373 -0.0913
v 0.3858 0.2875 -0.1227
v 0.3668 0.3408 -0.1560
v 0.3438 0.3971 -0.1912
v 0.3183 0.4553 -0.2276
v 0.2927 0.5137 -0.2640
v 0.2699 0.5698 -0.2991
v 0.2530 0.6216 -0.3314
v 0.2449 0.6665 -0.3595
v 0.2480 0.7029 -0.3822
v 0.2640 0.7294 -0.3988
v 0.2935 0.7457 -0.4090
v 0.3358 0.7522 -0.4130
v 0.3894 0.7500 -0.4117
v 0.4892 0.7758 -0.4278
v 0.5958 0.7965 -0.4407
v 0.7075 0.8132 -0.4511
v 0.8247 0.8257 -0.4590
v 0.9485 0.8332 -0.4636
v 1.0785 0.8360 -0.4654
v 1.2080 0.8391 -0.4674
v 1.3238 0.8527 -0.4758
v 1.4135 0.8862 -0.4968
v 1.4730 0.9428 -0.5322
v 1.5054 1.0201 -0.5805
v 1.5186 1.1121 -0.6379
v 1.5288 1.2063 -0.6968
v 1.5619 1.2830 -0.7447
v 1.6362 1.3283 -0.7730
v 1.7417 1.3498 -0.7865
v 1.8615 1.3604 -0.7931
v 1.9866 1.3669 -0.7972
v 2.1009 1.3816 -0.8063
v 2.1832 1.4208 -0.8308
v 0.3645 0.0648 0.1304
v 0.3905 0.0835 0.1187
v 0.4156 0.1029 0.1066
v 0.4328 0.1283 0.0907
v 0.4374 0.1634 0.0688
v 0.4323 0.2058 0.0423
v 0.4234 0.2512 0.0140
v 0.4126 0.2980 -0.0153
v 0.3987 0.3472 -0.0460
v 0.3804 0.3998 -0.0789
v 0.3580 0.4554 -0.1137
v 0.3331 0.5130 -0.1496
v 0.3082 0.5706 -0.1856
v 0.2859 0.6261 -0.2203
v 0.2695 0.6773 -0.2523
v 0.2617 0.7218 -0.2801
v 0.2651 0.7578 -0.3026
v 0.2811 0.7841 -0.3191
v 0.3103 0.8004 -0.3292
v 0.3522 0.8069 -0.3333
v 0.4053 0.8050 -0.3321
v 0.5042 0.8310 -0.3483
v 0.6098 0.8518 -0.3613
v 0.7209 0.8684 -0.3717
v 0.8379 0.8806 -0.3793
v 0.9622 0.8872 -0.3835
v 1.0929 0.8889 -0.3845
v 1.2226 0.8914 -0.3861
v 1.3375 0.9051 -0.3947
v 1.4247 0.9400 -0.4165
v 1.4792 0.9999 -0.4539
v 1.5045 1.0820 -0.5052
v 1.5112 1.1784 -0.5655
v 1.5205 1.2728 -0.6244
v 1.5603 1.3439 -0.6689
v 1.6418 1.3832 -0.6934
v 1.7472 1.4042 -0.7066
v 1.8665 1.4146 -0.7130
v 1.9909 1.4211 -0.7171
v 2.1046 1.4358 -0.7263
v 2.1863 1.4749 -0.7507
v 0.3748 0.1290 0.2042
v 0.3978 0.1498 0.1913
v 0.4196 0.1715 0.1777
v 0.4352 0.1979 0.1612
v 0.4416 0.2314 0.1403
v 0.4402 0.2708 0.1157
v 0.4346 0.3134 0.0890
v 0.4258 0.3585 0.0609
v 0.4130 0.4066 0.0308
v 0.3955 0.4583 -0.0015
v 0.3740 0.5130 -0.0357
v 0.3500 0.5697 -0.0711
v 0.3260 0.6264 -0.1066
v 0.3046 0.6811 -0.1407
v 0.2888 0.7314 -0.1722
v 0.2816 0.7753 -0.1996
v 0.2852 0.8109 -0.2218
v 0.3012 0.8370 -0.2382
v 0.3302 0.8532 -0.2483
v 0.3715 0.8600 -0.2525
v 0.4238 0.8584 -0.2515
v 0.5216 0.8847 -0.2679
v 0.6260 0.9058 -0.2811
v 0.7361 0.9226 -0.2917
v 0.8524 0.9347 -0.2992
v 0.9764 0.9410 -0.3031
v 1.1067 0.9424 -0.3040
v 1.2353 0.9450 -0.3057
v 1.3481 0.9598 -0.3149
v 1.4317 0.9969 -0.3380
v 1.4810 1.0601 -0.3776
v 1.5002 1.1464 -0.4315
v 1.5029 1.2452 -0.4932
v 1.5149 1.3369 -0.5505
v 1.5639 1.4004 -0.5902
v 1.6471 1.4378 -0.6136
v 1.7524 1.4582 -0.6264
v 1.8713 1.4684 -0.6327
v 1.9950 1.4748 -0.6367
v 2.1078 1.4896 -0.6459
v 2.1889 1.5285 -0.6703
v 0.3864 0.1933 0.2780
v 0.4073 0.2153 0.2642
v 0.4267 0.2386 0.2497
v 0.4414 0.2655 0.2329
v 0.4491 0.2977 0.2128
v 0.4505 0.3348 0.1896
v 0.4473 0.3752 0.1643
v 0.4402 0.4188 0.1371
v 0.4286 0.4657 0.1078
v 0.4121 0.5164 0.0761
v 0.3917 0.5701 0.0426
v 0.3689 0.6256 0.0079
v 0.3460 0.6812 -0.0268
v 0.3256 0.7348 -0.0603
v 0.3108 0.7842 -0.0912
v 0.3042 0.8273 -0.1181
v 0.3082 0.8623 -0.1400
v 0.3243 0.8882 -0.1562
v 0.3529 0.9044 -0.1663
v 0.3936 0.9114 -0.1707
v 0.4449 0.9103 -0.1700
v 0.5413 0.9370 -0.1867
v 0.6443 0.9585 -0.2002
v 0.7531 0.9757 -0.2109
v 0.8684 0.9879 -0.2185
v 0.9917 0.9940 -0.2223
v 1.1212 0.9953 -0.2231
v 1.2483 0.9985 -0.2252
v 1.3581 1.0149 -0.2354
v 1.4374 1.0546 -0.2602
v 1.4811 1.1214 -0.3019
v 1.4948 1.2112 -0.3580
v 1.4961 1.3105 -0.4201
v 1.5144 1.3967 -0.4740
v 1.5684 1.4557 -0.5108
v 1.6522 1.4919 -0.5335
v 1.7575 1.5118 -0.5459
v 1.8758 1.5217 -0.5520
v 1.9987 1.5281 -0.5560
v 2.1105 1.5429 -0.5653
v 2.1910 1.5817 -0.5895
v 0.3990 0.2576 0.3518
v 0.4187 0.2804 0.3375
v 0.4366 0.3046 0.3224
v 0.4507 0.3316 0.3055
v 0.4594 0.3628 0.2861
v 0.4628 0.3980 0.2640
v 0.4615 0.4368 0.2398
v 0.4559 0.4789 0.2135
v 0.4454 0.5247 0.1849
v 0.4302 0.5742 0.1540
v 0.4110 0.6266 0.1212
v 0.3896 0.6808 0.0874
v 0.3680 0.7350 0.0534
v 0.3490 0.7874 0.0207
v 0.3352 0.8357 -0.0095
v 0.3295 0.8779 -0.0358
v 0.3340 0.9123 -0.0573
v 0.3500 0.9378 -0.0733
v 0.3783 0.9541 -0.0834
v 0.4182 0.9614 -0.0880
v 0.4684 0.9609 -0.0877
v 0.5631 0.9881 -0.1047
v 0.6645 1.0102 -0.1185
v 0.7717 1.0278 -0.1295
v 0.8859 1.0401 -0.1372
v 1.0084 1.0461 -0.1409
v 1.1368 1.0475 -0.1418
v 1.2619 1.0515 -0.1443
v 1.3682 1.0698 -0.1557
v 1.4425 1.1126 -0.1825
v 1.4805 1.1831 -0.2265
v 1.4898 1.2755 -0.2843
v 1.4924 1.3730 -0.3452
v 1.5174 1.4534 -0.3954
v 1.5728 1.5106 -0.4312
v 1.6572 1.5456 -0.4531
v 1.7623 1.5649 -0.4651
v 1.8801 1.5745 -0.4711
v 2.0020 1.5809 -0.4751
v 2.1128 1.5958 -0.4844
v 2.1926 1.6344 -0.5085
v 0.4127 0.3222 0.4254
v 0.4315 0.3453 0.4109
v 0.4486 0.3698 0.3956
v 0.4624 0.3967 0.3788
v 0.4719 0.4270 0.3598
v 0.4767 0.4609 0.3387
v 0.4769 0.4982 0.3154
v 0.4726 0.5390 0.2899
v 0.4634 0.5836 0.2620
v 0.4495 0.6317 0.2320
v 0.4318 0.6827 0.2001
v 0.4119 0.7354 0.1672
v 0.3920 0.7881 0.1342
v 0.3744 0.8391 0.1024
v 0.3619 0.8861 0.0730
v 0.3571 0.9273 0.0473
v 0.3621 0.9610 0.0262
v 0.3782 0.9862 0.0105
v 0.4061 1.0024 0.0003
v 0.4451 1.0101 -0.0045
v 0.4940 1.0103 -0.0046
v 0.5869 1.0380 -0.0220
v 0.6863 1.0608 -0.0362
v 0.7919 1.0789 -0.0475
v 0.9048 1.0914 -0.0553
v 1.0262 1.0974 -0.0591
v 1.1534 1.0991 -0.0601
v 1.2760 1.1041 -0.0633
v 1.3783 1.1247 -0.0761
v 1.4471 1.1709 -0.1050
v 1.4794 1.2449 -0.1512
v 1.4860 1.3386 -0.2097
v 1.4929 1.4320 -0.2681
v 1.5203 1.5098 -0.3167
v 1.5772 1.5651 -0.3513
v 1.6621 1.5989 -0.3724
v 1.7670 1.6175 -0.3841
v 1.8841 1.6269 -0.3899
v 2.0050 1.6332 -0.3939
v 2.1147 1.6482 -0.4032
v 2.1937 1.6866 -0.4272
v 0.4272 0.3871 0.4988
v 0.4456 0.4102 0.4843
v 0.4622 0.4347 0.4690
v 0.4760 0.4614 0.4523
v 0.4860 0.4909 0.4339
v 0.4919 0.5236 0.4135
v 0.4934 0.5596 0.3909
v 0.4903 0.5992 0.3662
v 0.4824 0.6424 0.3392
v 0.4700 0.6891 0.3101
v 0.4540 0.7385 0.2792
v 0.4358 0.7895 0.2473
v 0.4175 0.8406 0.2153
v 0.4016 0.8900 0.1845
v 0.3905 0.9356 0.1560
v 0.3868 0.9757 0.1310
v 0.3923 1.0086 0.1104
v 0.4086 1.0334 0.0949
v 0.4359 1.0497 0.0847
v 0.4740 1.0578 0.0796
v 0.5215 1.0587 0.0791
v 0.6124 1.0871 0.0613
v 0.7098 1.1107 0.0466
v 0.8134 1.1293 0.0350
v 0.9249 1.1421 0.0270
v 1.0451 1.1481 0.0232
v 1.1707 1.1501 0.0220
v 1.2905 1.1565 0.0180
v 1.3882 1.1797 0.0035
v 1.4512 1.2294 -0.0276
v 1.4784 1.3065 -0.0758
v 1.4847 1.3996 -0.1339
v 1.4941 1.4902 -0.1906
v 1.5231 1.5659 -0.2378
v 1.5814 1.6192 -0.2712
v 1.6669 1.6518 -0.2915
v 1.7716 1.6697 -0.3027
v 1.8879 1.6788 -0.3084
v 2.0077 1.6851 -0.3123
v 2.1162 1.7002 -0.3217
v 2.1943 1.7383 -0.3456
v 0.4424 0.4524 0.5719
v 0.4605 0.4753 0.5575
v 0.4769 0.4997 0.5423
v 0.4908 0.5259 0.5260
v 0.5014 0.5546 0.5080
v 0.5082 0.5863 0.4882
v 0.5108 0.6212 0.4664
v 0.5088 0.6595 0.4425
v 0.5023 0.7013 0.4164
v 0.4915 0.7464 0.3882
v 0.4772 0.7941 0.3584
v 0.4609 0.8433 0.3276
v 0.4446 0.8927 0.2968
v 0.4304 0.9403 0.2670
v 0.4208 0.9845 0.2394
v 0.4182 1.0233 0.2151
v 0.4244 1.0554 0.1951
v 0.4407 1.0798 0.1798
v 0.4676 1.0961 0.1697
v 0.5046 1.1047 0.1643
v 0.5506 1.1064 0.1632
v 0.6393 1.1355 0.1450
v 0.7345 1.1598 0.1298
v 0.8362 1.1791 0.1178
v 0.9461 1.1921 0.1097
v 1.0650 1.1982 0.1059
v 1.1888 1.2006 0.1043
v 1.3052 1.2086 0.0993
v 1.3978 1.2348 0.0830
v 1.4549 1.2882 0.0496
v 1.4780 1.3674 0.0001
v 1.4849 1.4591 -0.0572
v 1.4951 1.5482 -0.1129
v 1.5259 1.6217 -0.1587
v 1.5856 1.6730 -0.1908
v 1.6716 1.7042 -0.2103
v 1.7760 1.7215 -0.2211
v 1.8914 1.7302 -0.2266
v 2.0101 1.7365 -0.2305
v 2.1172 1.7517 -0.2400
v 2.1944 1.7896 -0.2637
v 0.4583 0.5181 0.6448
v 0.4763 0.5408 0.6306
v 0.4926 0.5648 0.6156
v 0.5067 0.5905 0.5995
v 0.5177 0.6185 0.5820
v 0.5253 0.6492 0.5629
v 0.5289 0.6829 0.5418
v 0.5282 0.7199 0.5187
v 0.5231 0.7603 0.4934
v 0.5139 0.8037 0.4663
v 0.5015 0.8496 0.4376
v 0.4872 0.8970 0.4080
v 0.4728 0.9445 0.3783
v 0.4605 0.9903 0.3497
v 0.4525 1.0329 0.3231
v 0.4510 1.0705 0.2996
v 0.4579 1.1017 0.2801
v 0.4743 1.1256 0.2652
v 0.5007 1.1419 0.2550
v 0.5366 1.1510 0.2493
v 0.5810 1.1535 0.2477
v 0.6675 1.1834 0.2290
v 0.7603 1.2085 0.2134
v 0.8599 1.2283 0.2010
v 0.9682 1.2416 0.1927
v 1.0857 1.2478 0.1888
v 1.2073 1.2509 0.1869
v 1.3200 1.2608 0.1807
v 1.4071 1.2901 0.1623
v 1.4584 1.3469 0.1269
v 1.4789 1.4272 0.0767
v 1.4849 1.5186 0.0196
v 1.4960 1.6061 -0.0351
v 1.5286 1.6771 -0.0794
v 1.5897 1.7263 -0.1102
v 1.6762 1.7562 -0.1289
v 1.7802 1.7728 -0.1392
v 1.8947 1.7812 -0.1445
v 2.0121 1.7875 -0.1485
v 2.1178 1.8028 -0.1580
v 2.1941 1.8405 -0.1815
v 0.4748 0.5842 0.7174
v 0.4927 0.6066 0.7034
v 0.5091 0.6302 0.6887
v 0.5233 0.6554 0.6729
v 0.5348 0.6826 0.6559
v 0.5431 0.7124 0.6373
v 0.5477 0.7450 0.6170
v 0.5481 0.7806 0.5947
v 0.5445 0.8195 0.5704
v 0.5371 0.8612 0.5443
v 0.5266 0.9053 0.5168
v 0.5143 0.9507 0.4884
v 0.5020 0.9962 0.4600
v 0.4916 1.0402 0.4325
v 0.4852 1.0811 0.4069
v 0.4850 1.1173 0.3843
v 0.4926 1.1476 0.3654
v 0.5091 1.1710 0.3507
v 0.5349 1.1874 0.3405
v 0.5696 1.1969 0.3345
v 0.6124 1.2003 0.3324
v 0.6965 1.2310 0.3133
v 0.7869 1.2568 0.2971
v 0.8845 1.2772 0.2844
v 0.9912 1.2906 0.2760
v 1.1071 1.2970 0.2720
v 1.2262 1.3009 0.2696
v 1.3347 1.3129 0.2620
v 1.4161 1.3457 0.2416
v 1.4621 1.4054 0.2042
v 1.4796 1.4870 0.1533
v 1.4846 1.5781 0.0964
v 1.4967 1.6637 0.0429
v 1.5313 1.7322 0.0001
v 1.5939 1.7793 -0.0294
v 1.6807 1.8078 -0.0472
v 1.7842 1.8237 -0.0571
v 1.8978 1.8318 -0.0622
v 2.0138 1.8381 -0.0661
v 2.1180 1.8535 -0.0757
v 2.1932 1.8909 -0.0991
v 0.4919 0.6509 0.7897
v 0.5098 0.6729 0.7759
v 0.5262 0.6960 0.7615
v 0.5406 0.7206 0.7461
v 0.5526 0.7471 0.7296
v 0.5615 0.7759 0.7116
v 0.5670 0.8074 0.6919
v 0.5687 0.8417 0.6705
v 0.5666 0.8790 0.6472
v 0.5609 0.9189 0.6222
v 0.5524 0.9611 0.5959
v 0.5422 1.0045 0.5687
v 0.5319 1.0480 0.5416
v 0.5235 1.0900 0.5153
v 0.5188 1.1293 0.4908
v 0.5198 1.1641 0.4690
v 0.5281 1.1934 0.4507
v 0.5446 1.2164 0.4363
v 0.5699 1.2328 0.4261
v 0.6035 1.2428 0.4198
v 0.6445 1.2470 0.4172
v 0.7262 1.2784 0.3976
v 0.8143 1.3050 0.3810
v 0.9097 1.3258 0.3679
v 1.0147 1.3395 0.3594
v 1.1289 1.3460 0.3553
v 1.2454 1.3509 0.3523
v 1.3493 1.3653 0.3433
v 1.4248 1.4015 0.3207
v 1.4658 1.4639 0.2817
v 1.4798 1.5469 0.2298
v 1.4840 1.6375 0.1732
v 1.4975 1.7210 0.1210
v 1.5340 1.7869 0.0798
v 1.5980 1.8318 0.0518
v 1.6852 1.8590 0.0348
v 1.7882 1.8741 0.0253
v 1.9007 1.8820 0.0204
v 2.0152 1.8883 0.0165
v 2.1178 1.9037 0.0068
v 2.1920 1.9409 -0.0164
v 0.5095 0.7181 0.8616
v 0.5273 0.7397 0.8481
v 0.5438 0.7623 0.8340
v 0.5585 0.7863 0.8190
v 0.5709 0.8120 0.8030
v 0.5805 0.8398 0.7856
v 0.5869 0.8701 0.7666
v 0.5898 0.9031 0.7460
v 0.5891 0.9388 0.7237
v 0.5852 0.9770 0.6998
v 0.5786 1.0172 0.6747
v 0.5705 1.0586 0.6489
v 0.5624 1.1000 0.6230
v 0.5559 1.1401 0.5979
v 0.5529 1.1776 0.5745
v 0.5551 1.2111 0.5536
v 0.5641 1.2394 0.5359
v 0.5807 1.2619 0.5218
v 0.6054 1.2783 0.5116
v 0.6377 1.2888 0.5050
v 0.6771 1.2939 0.5018
v 0.7564 1.3259 0.4818
v 0.8420 1.3532 0.4648
v 0.9354 1.3744 0.4515
v 1.0388 1.3881 0.4430
v 1.1512 1.3949 0.4387
v 1.2646 1.4009 0.4350
v 1.3636 1.4179 0.4243
v 1.4332 1.4573 0.3997
v 1.4689 1.5227 0.3589
v 1.4796 1.6071 0.3061
v 1.4833 1.6969 0.2500
v 1.4982 1.7781 0.1993
v 1.5367 1.8413 0.1598
v 1.6021 1.8839 0.1331
v 1.6896 1.9097 0.1170
v 1.7920 1.9242 0.1080
v 1.9033 1.9317 0.1033
v 2.0163 1.9381 0.0993
v 2.1173 1.9536 0.0896
v 2.1903 1.9904 0.0666
v 0.5277 0.7858 0.9333
v 0.5455 0.8069 0.9201
v 0.5620 0.8290 0.9063
v 0.5769 0.8524 0.8917
v 0.5897 0.8773 0.8761
v 0.5999 0.9042 0.8593
v 0.6072 0.9334 0.8410
v 0.6113 0.9650 0.8213
v 0.6121 0.9991 0.8000
v 0.6098 1.0355 0.7772
v 0.6052 1.0738 0.7533
v 0.5992 1.1131 0.7288
v 0.5931 1.1524 0.7042
v 0.5885 1.1907 0.6803
v 0.5872 1.2264 0.6579
v 0.5907 1.2585 0.6379
v 0.6003 1.2858 0.6208
v 0.6170 1.3078 0.6071
v 0.6410 1.3242 0.5969
v 0.6722 1.3351 0.5900
v 0.7099 1.3410 0.5863
v 0.7867 1.3737 0.5659
v 0.8700 1.4015 0.5485
v 0.9615 1.4230 0.5351
v 1.0632 1.4367 0.5265
v 1.1736 1.4437 0.5221
v 1.2837 1.4511 0.5176
v 1.3775 1.4708 0.5052
v 1.4410 1.5137 0.4784
v 1.4713 1.5820 0.4358
v 1.4790 1.6674 0.3824
v 1.4824 1.7562 0.3269
v 1.4989 1.8349 0.2777
v 1.5396 1.8952 0.2400
v 1.6063 1.9357 0.2148
v 1.6939 1.9601 0.1995
v 1.7956 1.9738 0.1909
v 1.9058 1.9811 0.1864
v 2.0171 1.9874 0.1824
v 2.1163 2.0031 0.1726
v 2.1881 2.0396 0.1498
v 0.5464 0.8540 1.0046
v 0.5641 0.8747 0.9917
v 0.5807 0.8962 0.9782
v 0.5958 0.9189 0.9640
v 0.6089 0.9431 0.9489
v 0.6198 0.9691 0.9327
v 0.6279 0.9971 0.9152
v 0.6331 1.0274 0.8963
v 0.6353 1.0599 0.8759
v 0.6348 1.0945 0.8543
v 0.6321 1.1308 0.8316
v 0.6280 1.1681 0.8083
v 0.6240 1.2055 0.7850
v 0.6213 1.2417 0.7623
v 0.6215 1.2758 0.7410
v 0.6262 1.3064 0.7219
v 0.6365 1.3328 0.7054
v 0.6532 1.3543 0.6920
v 0.6767 1.3706 0.6818
v 0.7066 1.3819 0.6747
v 0.7426 1.3887 0.6705
v 0.8171 1.4219 0.6497
v 0.8981 1.4501 0.6321
v 0.9876 1.4718 0.6185
v 1.0877 1.4854 0.6100
v 1.1962 1.4927 0.6055
v 1.3026 1.5015 0.6000
v 1.3909 1.5241 0.5858
v 1.4480 1.5706 0.5568
v 1.4729 1.6417 0.5124
v 1.4779 1.7279 0.4585
v 1.4814 1.8154 0.4039
v 1.4998 1.8914 0.3564
v 1.5426 1.9488 0.3205
v 1.6105 1.9870 0.2966
v 1.6982 2.0101 0.2822
v 1.7992 2.0231 0.2741
v 1.9080 2.0300 0.2697
v 2.0176 2.0364 0.2657
v 2.1150 2.0522 0.2559
v 2.1855 2.0884 0.2333
v 0.5656 0.9226 1.0756
v 0.5833 0.9429 1.0630
v 0.5999 0.9639 1.0498
v 0.6151 0.9860 1.0360
v 0.6286 1.0094 1.0214
v 0.6400 1.0344 1.0058
v 0.6489 1.0613 0.9890
v 0.6552 1.0902 0.9709
v 0.6588 1.1212 0.9516
v 0.6599 1.1541 0.9310
v 0.6590 1.1885 0.9095
v 0.6569 1.2238 0.8874
v 0.6548 1.2592 0.8654
v 0.6539 1.2935 0.8439
v 0.6557 1.3259 0.8237
v 0.6615 1.3552 0.8054
v 0.6724 1.3806 0.7895
v 0.6891 1.4015 0.7764
v 0.7120 1.4178 0.7663
v 0.7407 1.4295 0.7589
v 0.7751 1.4370 0.7542
v 0.8473 1.4706 0.7332
v 0.9260 1.4992 0.7154
v 1.0138 1.5209 0.7018
v 1.1124 1.5343 0.6934
v 1.2186 1.5419 0.6887
v 1.3211 1.5524 0.6822
v 1.4036 1.5781 0.6661
v 1.4542 1.6282 0.6348
v 1.4739 1.7019 0.5887
v 1.4765 1.7886 0.5345
v 1.4803 1.8744 0.4809
v 1.5008 1.9475 0.4352
v 1.5457 2.0019 0.4012
v 1.6148 2.0379 0.3788
v 1.7025 2.0596 0.3652
v 1.8026 2.0719 0.3575
v 1.9101 2.0786 0.3533
v 2.0178 2.0851 0.3493
v 2.1133 2.1009 0.3394
v 2.1825 2.1367 0.3170
v 0.5854 0.9918 1.1463
v 0.6029 1.0116 1.1340
v 0.6195 1.0321 1.1212
v 0.6349 1.0536 1.1078
v 0.6487 1.0762 1.0936
v 0.6606 1.1003 1.0786
v 0.6703 1.1261 1.0625
v 0.6776 1.1537 1.0452
v 0.6824 1.1832 1.0268
v 0.6851 1.2143 1.0073
v 0.6859 1.2469 0.9870
v 0.6856 1.2803 0.9661
v 0.6854 1.3136 0.9453
v 0.6862 1.3462 0.9249
v 0.6895 1.3769 0.9058
v 0.6963 1.4048 0.8883
v 0.7078 1.4292 0.8730
v 0.7245 1.4496 0.8603
v 0.7467 1.4658 0.8502
v 0.7744 1.4779 0.8426
v 0.8072 1.4861 0.8375
v 0.8771 1.5200 0.8163
v 0.9538 1.5487 0.7984
v 1.0399 1.5703 0.7849
v 1.1370 1.5835 0.7767
v 1.2408 1.5915 0.7716
v 1.3392 1.6037 0.7640
v 1.4155 1.6327 0.7459
v 1.4594 1.6865 0.7123
v 1.4742 1.7626 0.6647
v 1.4747 1.8495 0.6104
v 1.4793 1.9333 0.5581
v 1.5019 2.0033 0.5143
v 1.5490 2.0547 0.4822
v 1.6192 2.0884 0.4612
v 1.7068 2.1088 0.4484
v 1.8059 2.1204 0.4411
v 1.9119 2.1268 0.4371
v 2.0177 2.1333 0.4331
v 2.1112 2.1492 0.4231
v 2.1791 2.1847 0.4010
v 0.6056 1.0615 1.2167
v 0.6230 1.0809 1.2047
v 0.6396 1.1009 1.1922
v 0.6551 1.1217 1.1792
v 0.6691 1.1435 1.1655
v 0.6815 1.1667 1.1510
v 0.6919 1.1914 1.1356
v 0.7001 1.2177 1.1191
v 0.7062 1.2457 1.1016
v 0.7102 1.2753 1.0832
v 0.7127 1.3060 1.0640
v 0.7142 1.3375 1.0443
v 0.7156 1.3690 1.0246
v 0.7181 1.3998 1.0054
v 0.7227 1.4288 0.9872
v 0.7306 1.4555 0.9706
v 0.7425 1.4790 0.9559
v 0.7592 1.4988 0.9435
v 0.7808 1.5150 0.9334
v 0.8073 1.5273 0.9257
v 0.8386 1.5361 0.9202
v 0.9064 1.5701 0.8989
v 0.9812 1.5989 0.8810
v 1.0659 1.6201 0.8677
v 1.1614 1.6330 0.8597
v 1.2627 1.6415 0.8544
v 1.3565 1.6557 0.8454
v 1.4263 1.6882 0.8251
v 1.4637 1.7456 0.7893
v 1.4737 1.8237 0.7405
v 1.4727 1.9104 0.6863
v 1.4783 1.9919 0.6354
v 1.5033 2.0587 0.5937
v 1.5525 2.1070 0.5635
v 1.6237 2.1385 0.5438
v 1.7110 2.1576 0.5318
v 1.8091 2.1685 0.5250
v 1.9136 2.1746 0.5212
v 2.0173 2.1812 0.5171
v 2.1088 2.1973 0.5071
v 2.1753 2.2323 0.4852
v 0.6264 1.1317 1.2868
v 0.6436 1.1506 1.2750
v 0.6602 1.1701 1.2629
v 0.6757 1.1902 1.2503
v 0.6900 1.2114 1.2371
v 0.7027 1.2337 1.2231
v 0.7138 1.2573 1.2084
v 0.7229 1.2824 1.1927
v 0.7300 1.3090 1.1761
v 0.7354 1.3369 1.1586
v 0.7393 1.3660 1.1405
v 0.7424 1.3956 1.1219
v 0.7455 1.4253 1.1033
v 0.7494 1.4544 1.0852
v 0.7553 1.4819 1.0680
v 0.7640 1.5073 1.0521
v 0.7765 1.5298 1.0380
v 0.7931 1.5492 1.0260
v 0.8141 1.5652 1.0160
v 0.8395 1.5778 1.0081
v 0.8694 1.5870 1.0023
v 0.9352 1.6211 0.9810
v 1.0083 1.6497 0.9632
v 1.0915 1.6704 0.9502
v 1.1856 1.6829 0.9424
v 1.2841 1.6920 0.9367
v 1.3729 1.7085 0.9264
v 1.4361 1.7446 0.9039
v 1.4669 1.8054 0.8659
v 1.4727 1.8853 0.8159
v 1.4705 1.9713 0.7622
v 1.4776 2.0503 0.7129
v 1.5050 2.1136 0.6733
v 1.5563 2.1588 0.6450
v 1.6282 2.1882 0.6267
v 1.7153 2.2061 0.6155
v 1.8123 2.2163 0.6091
v 1.9150 2.2222 0.6054
v 2.0167 2.2288 0.6013
v 2.1061 2.2449 0.5912
v 2.1711 2.2796 0.5696
v 0.6476 1.2024 1.3566
v 0.6647 1.2209 1.3451
v 0.6811 1.2398 1.3333
v 0.6967 1.2593 1.3210
v 0.7111 1.2797 1.3083
v 0.7243 1.3012 1.2949
v 0.7358 1.3238 1.2808
v 0.7457 1.3477 1.2658
v 0.7538 1.3729 1.2501
v 0.7604 1.3993 1.2335
v 0.7657 1.4267 1.2164
v 0.7703 1.4547 1.1989
v 0.7748 1.4827 1.1815
v 0.7801 1.5101 1.1644
v 0.7871 1.5362 1.1480
v 0.7967 1.5603 1.1330
v 0.8095 1.5820 1.1194
v 0.8260 1.6008 1.1077
v 0.8464 1.6166 1.0978
v 0.8708 1.6295 1.0898
v 0.8994 1.6391 1.0837
v 0.9633 1.6730 1.0625
v 1.0348 1.7012 1.0449
v 1.1168 1.7213 1.0323
v 1.2093 1.7334 1.0248
v 1.3049 1.7432 1.0187
v 1.3884 1.7622 1.0068
v 1.4447 1.8019 0.9820
v 1.4691 1.8661 0.9419
v 1.4710 1.9474 0.8911
v 1.4682 2.0323 0.8380
v 1.4770 2.1083 0.7905
v 1.5071 2.1681 0.7532
v 1.5603 2.2102 0.7268
v 1.6329 2.2375 0.7098
v 1.7195 2.2541 0.6994
v 1.8153 2.2637 0.6934
v 1.9163 2.2693 0.6899
v 2.0158 2.2761 0.6857
v 2.1030 2.2923 0.6756
v 2.1666 2.3265 0.6542
v 0.6694 1.2736 1.4260
v 0.6862 1.2916 1.4148
v 0.7025 1.3100 1.4033
v 0.7181 1.3289 1.3915
v 0.7327 1.3486 1.3792
v 0.7461 1.3692 1.3663
v 0.7581 1.3908 1.3528
v 0.7686 1.4136 1.3386
v 0.7777 1.4375 1.3236
v 0.7853 1.4625 1.3080
v 0.7918 1.4884 1.2918
v 0.7977 1.5147 1.2754
v 0.8036 1.5411 1.2589
v 0.8101 1.5669 1.2428
v 0.8181 1.5916 1.2274
v 0.8284 1.6146 1.2130
v 0.8415 1.6354 1.2000
v 0.8579 1.6537 1.1885
v 0.8778 1.6694 1.1788
v 0.9012 1.6823 1.1707
v 0.9286 1.6922 1.1645
v 0.9908 1.7259 1.1434
v 1.0609 1.7535 1.1262
v 1.1417 1.7728 1.1141
v 1.2327 1.7845 1.1068
v 1.3249 1.7952 1.1001
v 1.4028 1.8168 1.0866
v 1.4521 1.8603 1.0594
v 1.4703 1.9275 1.0174
v 1.4689 2.0098 0.9660
v 1.4659 2.0932 0.9139
v 1.4768 2.1659 0.8685
v 1.5095 2.2221 0.8334
v 1.5645 2.2612 0.8089
v 1.6378 2.2864 0.7932
v 1.7238 2.3019 0.7835
v 1.8183 2.3108 0.7779
v 1.9175 2.3162 0.7746
v 2.0147 2.3231 0.7703
v 2.0996 2.3394 0.7601
v 2.1617 2.3731 0.7390
v 0.6916 1.3453 1.4952
v 0.7082 1.3628 1.4843
v 0.7244 1.3806 1.4731
v 0.7399 1.3990 1.4616
v 0.7545 1.4180 1.4498
v 0.7681 1.4378 1.4374
v 0.7805 1.4585 1.4245
v 0.7917 1.4802 1.4109
v 0.8015 1.5029 1.3967
v 0.8101 1.5265 1.3820
v 0.8177 1.5509 1.3667
v 0.8247 1.5757 1.3512
v 0.8317 1.6005 1.3357
v 0.8394 1.6249 1.3205
v 0.8483 1.6483 1.3059
v 0.8592 1.6701 1.2922
v 0.8726 1.6901 1.2797
v 0.8888 1.7079 1.2686
v 0.9081 1.7234 1.2589
v 0.9306 1.7364 1.2508
v 0.9569 1.7465 1.2445
v 1.0175 1.7797 1.2238
v 1.0863 1.8065 1.2070
v 1.1662 1.8250 1.1955
v 1.2554 1.8363 1.1884
v 1.3440 1.8481 1.1810
v 1.4160 1.8726 1.1657
v 1.4582 1.9198 1.1362
v 1.4706 1.9898 1.0925
v 1.4663 2.0725 1.0408
v 1.4637 2.1539 0.9899
v 1.4770 2.2232 0.9466
v 1.5124 2.2756 0.9139
v 1.5691 2.3117 0.8913
v 1.6427 2.3350 0.8768
v 1.7281 2.3492 0.8679
v 1.8212 2.3576 0.8627
v 1.9185 2.3628 0.8594
v 2.0134 2.3698 0.8550
v 2.0960 2.3861 0.8448
v 2.1565 2.4193 0.8241
v 0.7142 1.4175 1.5640
v 0.7306 1.4345 1.5534
v 0.7466 1.4518 1.5426
v 0.7620 1.4696 1.5315
v 0.7767 1.4879 1.5200
v 0.7904 1.5069 1.5081
v 0.8032 1.5268 1.4958
v 0.8148 1.5474 1.4828
v 0.8252 1.5690 1.4694
v 0.8347 1.5913 1.4554
v 0.8432 1.6143 1.4411
v 0.8513 1.6377 1.4264
v 0.8593 1.6611 1.4118
v 0.8679 1.6840 1.3975
v 0.8776 1.7061 1.3837
v 0.8890 1.7270 1.3706
v 0.9024 1.7463 1.3586
v 0.9185 1.7635 1.3478
v 0.9373 1.7787 1.3383
v 0.9590 1.7917 1.3302
v 0.9844 1.8018 1.3239
v 1.0435 1.8344 1.3035
v 1.1113 1.8604 1.2873
v 1.1901 1.8778 1.2764
v 1.2775 1.8889 1.2695
v 1.3621 1.9019 1.2613
v 1.4278 1.9295 1.2441
v 1.4630 1.9804 1.2123
v 1.4699 2.0528 1.1670
v 1.4634 2.1354 1.1154
v 1.4618 2.2144 1.0661
v 1.4777 2.2799 1.0251
v 1.5157 2.3286 0.9947
v 1.5741 2.3618 0.9739
v 1.6479 2.3832 0.9606
v 1.7324 2.3963 0.9524
v 1.8241 2.4040 0.9476
v 1.9193 2.4090 0.9444
v 2.0117 2.4162 0.9400
v 2.0920 2.4326 0.9297
v 2.1509 2.4653 0.9093
v 0.7374 1.4901 1.6326
v 0.7535 1.5067 1.6223
v 0.7693 1.5235 1.6117
v 0.7845 1.5407 1.6010
v 0.7992 1.5584 1.5899
v 0.8130 1.5766 1.5785
v 0.8260 1.5956 1.5667
v 0.8380 1.6153 1.5544
v 0.8490 1.6357 1.5416
v 0.8591 1.6569 1.5284
v 0.8685 1.6786 1.5148
v 0.8774 1.7006 1.5011
v 0.8864 1.7226 1.4873
v 0.8957 1.7443 1.4738
v 0.9061 1.7653 1.4607
v 0.9176 1.7853 1.4481
v 0.9310 1.8039 1.4365
v 0.9470 1.8206 1.4261
v 0.9654 1.8354 1.4169
v 0.9864 1.8482 1.4088
v 1.0110 1.8583 1.4025
v 1.0688 1.8901 1.3827
v 1.1356 1.9150 1.3671
v 1.2135 1.9315 1.3568
v 1.2987 1.9423 1.3500
v 1.3791 1.9569 1.3409
v 1.4382 1.9877 1.3217
v 1.4664 2.0421 1.2877
v 1.4684 2.1165 1.2412
v 1.4605 2.1985 1.1900
v 1.4603 2.2746 1.1424
v 1.4790 2.3362 1.1039
v 1.5196 2.3811 1.0758
v 1.5793 2.4115 1.0569
v 1.6532 2.4310 1.0447
v 1.7368 2.4431 1.0371
v 1.8269 2.4502 1.0327
v 1.9200 2.4550 1.0296
v 2.0099 2.4623 1.0251
v 2.0878 2.4788 1.0148
v 2.1451 2.5110 0.9947
v 0.7610 1.5632 1.7008
v 0.7768 1.5793 1.6908
v 0.7923 1.5956 1.6806
v 0.8074 1.6123 1.6702
v 0.8220 1.6293 1.6596
v 0.8359 1.6469 1.6486
v 0.8490 1.6650 1.6373
v 0.8613 1.6838 1.6255
v 0.8727 1.7032 1.6134
v 0.8834 1.7232 1.6009
v 0.8935 1.7437 1.5881
v 0.9031 1.7645 1.5751
v 0.9128 1.7852 1.5621
v 0.9229 1.8057 1.5493
v 0.9335 1.8258 1.5368
v 0.9446 1.8454 1.5245
v 0.9582 1.8632 1.5134
v 0.9743 1.8791 1.5035
v 0.9925 1.8933 1.4946
v 1.0129 1.9059 1.4867
v 1.0368 1.9159 1.4805
v 1.0934 1.9467 1.4612
v 1.1594 1.9704 1.4464
v 1.2362 1.9859 1.4368
v 1.3191 1.9967 1.4300
v 1.3947 2.0131 1.4198
v 1.4471 2.0472 1.3985
v 1.4686 2.1049 1.3624
v 1.4663 2.1807 1.3150
v 1.4575 2.2616 1.2645
v 1.4593 2.3343 1.2190
v 1.4810 2.3918 1.1831
v 1.5241 2.4330 1.1573
v 1.5849 2.4607 1.1401
v 1.6587 2.4784 1.1290
v 1.7413 2.4895 1.1221
v 1.8297 2.4961 1.1179
v 1.9206 2.5008 1.1150
v 2.0079 2.5082 1.1103
v 2.0833 2.5248 1.1000
v 2.1389 2.5564 1.0803
v 0.7850 1.6368 1.7688
v 0.8006 1.6524 1.7591
v 0.8158 1.6682 1.7492
v 0.8307 1.6843 1.7391
v 0.8451 1.7007 1.7289
v 0.8590 1.7176 1.7183
v 0.8722 1.7350 1.7075
v 0.8847 1.7529 1.6963
v 0.8965 1.7713 1.6848
v 0.9076 1.7903 1.6729
v 0.9182 1.8096 1.6608
v 0.9285 1.8292 1.6486
v 0.9387 1.8489 1.6363
v 0.9493 1.8682 1.6242
v 0.9586 1.8886 1.6115
v 0.9696 1.9076 1.5996
v 0.9838 1.9242 1.5892
v 1.0003 1.9390 1.5800
v 1.0185 1.9527 1.5714
v 1.0385 1.9648 1.5638
v 1.0618 1.9745 1.5578
v 1.1174 2.0042 1.5392
v 1.1826 2.0267 1.5252
v 1.2583 2.0411 1.5162
v 1.3384 2.0522 1.5093
v 1.4089 2.0706 1.4978
v 1.4545 2.1080 1.4744
v 1.4696 2.1687 1.4364
v 1.4636 2.2455 1.3885
v 1.4548 2.3245 1.3391
v 1.4589 2.3936 1.2959
v 1.4837 2.4468 1.2626
v 1.5291 2.4844 1.2392
v 1.5909 2.5094 1.2235
v 1.6644 2.5256 1.2135
v 1.7458 2.5356 1.2072
v 1.8325 2.5417 1.2034
v 1.9210 2.5463 1.2005
v 2.0056 2.5539 1.1957
v 2.0785 2.5705 1.1854
v 2.1325 2.6015 1.1660
v 0.8095 1.7109 1.8365
v 0.8247 1.7260 1.8270
v 0.8397 1.7413 1.8175
v 0.8543 1.7568 1.8078
v 0.8686 1.7727 1.7979
v 0.8824 1.7889 1.7877
v 0.8956 1.8055 1.7774
v 0.9082 1.8226 1.7667
v 0.9202 1.8401 1.7557
v 0.9317 1.8581 1.7445
v 0.9427 1.8764 1.7331
v 0.9534 1.8949 1.7215
v 0.9642 1.9134 1.7099
v 0.9731 1.9333 1.6975
v 0.9809 1.9541 1.6845
v 0.9924 1.9720 1.6733
v 1.0076 1.9871 1.6639
v 1.0250 2.0006 1.6554
v 1.0434 2.0133 1.6475
v 1.0631 2.0249 1.6402
v 1.0861 2.0341 1.6345
v 1.1407 2.0627 1.6166
v 1.2051 2.0838 1.6034
v 1.2794 2.0974 1.5950
v 1.3565 2.1088 1.5878
v 1.4216 2.1295 1.5749
v 1.4603 2.1702 1.5494
v 1.4695 2.2335 1.5099
v 1.4607 2.3106 1.4618
v 1.4524 2.3872 1.4139
v 1.4593 2.4522 1.3732
v 1.4873 2.5012 1.3426
v 1.5348 2.5352 1.3213
v 1.5973 2.5578 1.3073
v 1.6703 2.5724 1.2982
v 1.7505 2.5815 1.2925
v 1.8352 2.5871 1.2890
v 1.9213 2.5916 1.2861
v 2.0032 2.5994 1.2812
v 2.0735 2.6161 1.2709
v 2.1258 2.6464 1.2519
v 0.8345 1.7854 1.9039
v 0.8493 1.8000 1.8947
v 0.8640 1.8148 1.8855
v 0.8783 1.8298 1.8761
v 0.8924 1.8451 1.8666
v 0.9060 1.8606 1.8568
v 0.9192 1.8765 1.8469
v 0.9319 1.8928 1.8367
v 0.9440 1.9095 1.8263
v 0.9557 1.9266 1.8156
v 0.9670 1.9439 1.8048
v 0.9781 1.9614 1.7939
v 0.9881 1.9798 1.7824
v 0.9929 2.0021 1.7684
v 0.9999 2.0227 1.7556
v 1.0125 2.0390 1.7454
v 1.0295 2.0520 1.7372
v 1.0482 2.0637 1.7299
v 1.0672 2.0752 1.7228
v 1.0869 2.0861 1.7159
v 1.1097 2.0947 1.7106
v 1.1634 2.1220 1.6935
v 1.2269 2.1419 1.6811
v 1.2997 2.1547 1.6731
v 1.3733 2.1668 1.6655
v 1.4326 2.1899 1.6511
v 1.4646 2.2338 1.6236
v 1.4685 2.2992 1.5828
v 1.4577 2.3758 1.5349
v 1.4507 2.4494 1.4889
v 1.4607 2.5102 1.4510
v 1.4917 2.5549 1.4230
v 1.5411 2.5855 1.4039
v 1.6041 2.6057 1.3912
v 1.6765 2.6188 1.3831
v 1.7552 2.6271 1.3779
v 1.8380 2.6322 1.3747
v 1.9215 2.6368 1.3719
v 2.0006 2.6448 1.3669
v 2.0683 2.6614 1.3565
v 2.1189 2.6911 1.3379
v 0.8599 1.8603 1.9710
v 0.8743 1.8745 1.9621
v 0.8886 1.8888 1.9532
v 0.9027 1.9033 1.9441
v 0.9165 1.9179 1.9350
v 0.9299 1.9329 1.9256
v 0.9430 1.9481 1.9161
v 0.9557 1.9637 1.9064
v 0.9679 1.9795 1.8965
v 0.9797 1.9957 1.8864
v 0.9912 2.0122 1.8761
v 1.0024 2.0288 1.8657
v 1.0067 2.0507 1.8520
v 1.0083 2.0747 1.8370
v 1.0154 2.0945 1.8246
v 1.0300 2.1086 1.8158
v 1.0494 2.1190 1.8094
v 1.0701 2.1284 1.8035
v 1.0899 2.1385 1.7972
v 1.1098 2.1485 1.7909
v 1.1327 2.1562 1.7861
v 1.1854 2.1823 1.7698
v 1.2479 2.2009 1.7581
v 1.3188 2.2132 1.7505
v 1.3885 2.2263 1.7423
v 1.4420 2.2518 1.7263
v 1.4675 2.2987 1.6971
v 1.4669 2.3655 1.6553
v 1.4550 2.4409 1.6082
v 1.4499 2.5111 1.5643
v 1.4632 2.5674 1.5292
v 1.4970 2.6079 1.5039
v 1.5480 2.6352 1.4867
v 1.6113 2.6533 1.4755
v 1.6828 2.6650 1.4681
v 1.7600 2.6724 1.4635
v 1.8407 2.6772 1.4605
v 1.9216 2.6817 1.4577
v 1.9978 2.6899 1.4526
v 2.0629 2.7065 1.4422
v 2.1118 2.7356 1.4241
v 0.8857 1.9357 2.0378
v 0.8998 1.9494 2.0293
v 0.9137 1.9632 2.0206
v 0.9274 1.9771 2.0119
v 0.9409 1.9913 2.0031
v 0.9542 2.0056 1.9941
v 0.9671 2.0202 1.9850
v 0.9796 2.0350 1.9757
v 0.9918 2.0502 1.9663
v 1.0037 2.0655 1.9567
v 1.0153 2.0811 1.9470
v 1.0222 2.1003 1.9350
v 1.0202 2.1262 1.9188
v 1.0197 2.1510 1.9033
v 1.0278 2.1693 1.8919
v 1.0452 2.1805 1.8849
v 1.0679 2.1876 1.8804
v 1.0907 2.1946 1.8761
v 1.1114 2.2032 1.8707
v 1.1318 2.2121 1.8651
v 1.1550 2.2187 1.8610
v 1.2067 2.2436 1.8454
v 1.2680 2.2611 1.8345
v 1.3366 2.2730 1.8270
v 1.4021 2.2873 1.8181
v 1.4496 2.3153 1.8006
v 1.4692 2.3647 1.7698
v 1.4649 2.4323 1.7275
v 1.4528 2.5058 1.6816
v 1.4502 2.5721 1.6402
v 1.4668 2.6237 1.6079
v 1.5034 2.6601 1.5852
v 1.5557 2.6844 1.5700
v 1.6189 2.7005 1.5599
v 1.6895 2.7109 1.5534
v 1.7650 2.7175 1.5493
v 1.8434 2.7220 1.5465
v 1.9216 2.7265 1.5437
v 1.9949 2.7349 1.5384
v 2.0574 2.7515 1.5281
v 2.1044 2.7799 1.5103
v 0.9120 2.0115 2.1044
v 0.9256 2.0247 2.0961
v 0.9391 2.0380 2.0878
v 0.9525 2.0515 2.0794
v 0.9657 2.0650 2.0709
v 0.9787 2.0788 2.0624
v 0.9913 2.0927 2.0536
v 1.0037 2.1069 2.0448
v 1.0159 2.1213 2.0358
v 1.0277 2.1359 2.0267
v 1.0376 2.1520 2.0166
v 1.0363 2.1766 2.0012
v 1.0296 2.2054 1.9833
v 1.0281 2.2302 1.9677
v 1.0380 2.2463 1.9577
v 1.0590 2.2539 1.9529
v 1.0853 2.2574 1.9507
v 1.1096 2.2625 1.9475
v 1.1314 2.2695 1.9432
v 1.1527 2.2769 1.9385
v 1.1766 2.2823 1.9352
v 1.2271 2.3060 1.9204
v 1.2869 2.3225 1.9100
v 1.3528 2.3344 1.9026
v 1.4140 2.3499 1.8929
v 1.4557 2.3803 1.8740
v 1.4699 2.4316 1.8419
v 1.4629 2.4992 1.7996
v 1.4514 2.5702 1.7553
v 1.4517 2.6322 1.7166
v 1.4717 2.6791 1.6872
v 1.5107 2.7116 1.6669
v 1.5640 2.7331 1.6535
v 1.6269 2.7473 1.6446
v 1.6963 2.7565 1.6389
v 1.7700 2.7624 1.6352
v 1.8461 2.7666 1.6326
v 1.9215 2.7712 1.6297
v 1.9918 2.7798 1.6243
v 2.0516 2.7963 1.6140
v 2.0969 2.8240 1.5967
v 0.9387 2.0877 2.1707
v 0.9519 2.1005 2.1628
v 0.9650 2.1133 2.1547
v 0.9780 2.1262 2.1467
v 0.9908 2.1392 2.1385
v 1.0035 2.1524 2.1303
v 1.0159 2.1658 2.1219
v 1.0281 2.1793 2.1135
v 1.0400 2.1930 2.1049
v 1.0516 2.2070 2.0962
v 1.0545 2.2276 2.0833
v 1.0465 2.2566 2.0652
v 1.0366 2.2870 2.0462
v 1.0351 2.3110 2.0312
v 1.0477 2.3242 2.0230
v 1.0731 2.3276 2.0208
v 1.1011 2.3290 2.0199
v 1.1267 2.3323 2.0179
v 1.1499 2.3374 2.0147
v 1.1724 2.3432 2.0111
v 1.1974 2.3469 2.0088
v 1.2464 2.3696 1.9946
v 1.3044 2.3854 1.9847
v 1.3674 2.3973 1.9772
v 1.4241 2.4142 1.9667
v 1.4604 2.4466 1.9465
v 1.4701 2.4992 1.9136
v 1.4614 2.5660 1.8718
v 1.4512 2.6338 1.8295
v 1.4547 2.6913 1.7936
v 1.4779 2.7336 1.7671
v 1.5190 2.7624 1.7491
v 1.5730 2.7813 1.7373
v 1.6354 2.7937 1.7296
v 1.7034 2.8019 1.7245
v 1.7752 2.8071 1.7212
v 1.8488 2.8110 1.7187
v 1.9213 2.8158 1.7158
v 1.9885 2.8245 1.7103
v 2.0457 2.8410 1.7000
v 2.0892 2.8679 1.6832
v 0.9658 2.1643 2.2368
v 0.9785 2.1766 2.2291
v 0.9912 2.1889 2.2214
v 1.0038 2.2014 2.2137
v 1.0163 2.2139 2.2058
v 1.0286 2.2265 2.1979
v 1.0407 2.2392 2.1900
v 1.0526 2.2521 2.1819
v 1.0644 2.2652 2.1738
v 1.0722 2.2812 2.1637
v 1.0679 2.3066 2.1479
v 1.0549 2.3384 2.1280
v 1.0432 2.3694 2.1086
v 1.0430 2.3916 2.0948
v 1.0595 2.4010 2.0889
v 1.0873 2.4018 2.0884
v 1.1155 2.4023 2.0881
v 1.1421 2.4040 2.0870
v 1.1668 2.4072 2.0850
v 1.1906 2.4110 2.0827
v 1.2171 2.4128 2.0815
v 1.2644 2.4346 2.0679
v 1.3202 2.4499 2.0583
v 1.3802 2.4620 2.0508
v 1.4326 2.4800 2.0395
v 1.4640 2.5140 2.0183
v 1.4702 2.5672 1.9850
v 1.4607 2.6324 1.9443
v 1.4525 2.6965 1.9042
v 1.4594 2.7492 1.8713
v 1.4856 2.7872 1.8476
v 1.5283 2.8125 1.8318
v 1.5826 2.8290 1.8215
v 1.6443 2.8398 1.8147
v 1.7108 2.8470 1.8102
v 1.7805 2.8517 1.8073
v 1.8515 2.8554 1.8050
v 1.9211 2.8602 1.8019
v 1.9852 2.8692 1.7963
v 2.0397 2.8856 1.7861
v 2.0813 2.9117 1.7698
v 0.9933 2.2414 2.3026
v 1.0056 2.2532 2.2952
v 1.0178 2.2650 2.2878
v 1.0300 2.2769 2.2804
v 1.0421 2.2889 2.2729
v 1.0540 2.3010 2.2653
v 1.0658 2.3131 2.2577
v 1.0774 2.3255 2.2500
v 1.0881 2.3385 2.2419
v 1.0900 2.3582 2.2296
v 1.0802 2.3869 2.2117
v 1.0641 2.4203 2.1908
v 1.0522 2.4506 2.1718
v 1.0547 2.4699 2.1598
v 1.0750 2.4756 2.1562
v 1.1010 2.4769 2.1554
v 1.1287 2.4770 2.1554
v 1.1558 2.4774 2.1551
v 1.1817 2.4788 2.1542
v 1.2072 2.4805 2.1531
v 1.2354 2.4802 2.1534
v 1.2807 2.5014 2.1401
v 1.3343 2.5162 2.1309
v 1.3913 2.5284 2.1232
v 1.4396 2.5473 2.1114
v 1.4670 2.5821 2.0896
v 1.4706 2.6351 2.0566
v 1.4613 2.6980 2.0173
v 1.4556 2.7581 1.9797
v 1.4658 2.8061 1.9497
v 1.4946 2.8398 1.9286
v 1.5386 2.8619 1.9148
v 1.5929 2.8762 1.9059
v 1.6536 2.8857 1.9000
v 1.7184 2.8919 1.8961
v 1.7859 2.8961 1.8935
v 1.8543 2.8997 1.8912
v 1.9207 2.9047 1.8881
v 1.9817 2.9139 1.8824
v 2.0335 2.9300 1.8723
v 2.0733 2.9554 1.8564
v 1.0212 2.3188 2.3681
v 1.0331 2.3301 2.3611
v 1.0448 2.3415 2.3540
v 1.0565 2.3529 2.3469
v 1.0682 2.3643 2.3397
v 1.0797 2.3759 2.3325
v 1.0911 2.3875 2.3252
v 1.1024 2.3992 2.3179
v 1.1103 2.4135 2.3090
v 1.1075 2.4360 2.2949
v 1.0938 2.4668 2.2757
v 1.0764 2.5004 2.2546
v 1.0661 2.5286 2.2370
v 1.0730 2.5437 2.2276
v 1.0915 2.5499 2.2237
v 1.1149 2.5524 2.2222
v 1.1411 2.5527 2.2220
v 1.1681 2.5525 2.2221
v 1.1948 2.5524 2.2222
v 1.2219 2.5520 2.2224
v 1.2522 2.5493 2.2241
v 1.2952 2.5699 2.2112
v 1.3465 2.5843 2.2023
v 1.4007 2.5964 2.1947
v 1.4457 2.6156 2.1827
v 1.4699 2.6506 2.1608
v 1.4721 2.7025 2.1284
v 1.4636 2.7625 2.0909
v 1.4607 2.8183 2.0560
v 1.4739 2.8617 2.0289
v 1.5050 2.8915 2.0103
v 1.5499 2.9107 1.9983
v 1.6038 2.9231 1.9906
v 1.6633 2.9312 1.9855
v 1.7263 2.9366 1.9821
v 1.7915 2.9404 1.9797
v 1.8570 2.9439 1.9776
v 1.9203 2.9491 1.9743
v 1.9781 2.9584 1.9685
v 2.0273 2.9745 1.9585
v 2.0652 2.9990 1.9431
v 1.0496 2.3966 2.4335
v 1.0609 2.4074 2.4267
v 1.0722 2.4183 2.4199
v 1.0835 2.4292 2.4131
v 1.0946 2.4401 2.4063
v 1.1058 2.4511 2.3994
v 1.1168 2.4622 2.3925
v 1.1279 2.4732 2.3856
v 1.1331 2.4887 2.3759
v 1.1267 2.5131 2.3607
v 1.1109 2.5447 2.3410
v 1.0938 2.5771 2.3207
v 1.0871 2.6017 2.3053
v 1.0950 2.6152 2.2969
v 1.1095 2.6236 2.2916
v 1.1295 2.6279 2.2890
v 1.1533 2.6291 2.2882
v 1.1793 2.6288 2.2884
v 1.2063 2.6277 2.2891
v 1.2346 2.6255 2.2904
v 1.2669 2.6203 2.2937
v 1.3077 2.6404 2.2811
v 1.3570 2.6541 2.2726
v 1.4090 2.6657 2.2654
v 1.4515 2.6845 2.2536
v 1.4735 2.7189 2.2321
v 1.4751 2.7690 2.2008
v 1.4681 2.8257 2.1654
v 1.4679 2.8770 2.1333
v 1.4840 2.9161 2.1089
v 1.5168 2.9423 2.0925
v 1.5622 2.9589 2.0821
v 1.6154 2.9695 2.0755
v 1.6735 2.9765 2.0711
v 1.7345 2.9811 2.0682
v 1.7972 2.9846 2.0661
v 1.8597 2.9881 2.0639
v 1.9198 2.9935 2.0605
v 1.9745 3.0030 2.0546
v 2.0209 3.0188 2.0447
v 2.0571 3.0425 2.0299
v 1.0783 2.4748 2.4985
v 1.0891 2.4852 2.4921
v 1.0999 2.4955 2.4856
v 1.1107 2.5059 2.4791
v 1.1215 2.5163 2.4726
v 1.1321 2.5268 2.4661
v 1.1436 2.5366 2.4599
v 1.1554 2.5462 2.4539
v 1.1583 2.5627 2.4436
v 1.1493 2.5881 2.4277
v 1.1327 2.6194 2.4082
v 1.1179 2.6493 2.3895
v 1.1148 2.6703 2.3764
v 1.1191 2.6857 2.3668
v 1.1295 2.6964 2.3601
v 1.1455 2.7027 2.3561
v 1.1662 2.7055 2.3544
v 1.1902 2.7059 2.3542
v 1.2165 2.7044 2.3551
v 1.2455 2.7009 2.3573
v 1.2795 2.6935 2.3619
v 1.3184 2.7128 2.3498
v 1.3662 2.7253 2.3420
v 1.4167 2.7357 2.3355
v 1.4576 2.7535 2.3244
v 1.4785 2.7865 2.3038
v 1.4802 2.8342 2.2740
v 1.4749 2.8872 2.2408
v 1.4774 2.9343 2.2114
v 1.4958 2.9693 2.1896
v 1.5299 2.9922 2.1752
v 1.5753 3.0066 2.1663
v 1.6276 3.0156 2.1606
v 1.6840 3.0215 2.1569
v 1.7429 3.0256 2.1544
v 1.8029 3.0287 2.1524
v 1.8624 3.0323 2.1502
v 1.9192 3.0379 2.1467
v 1.9707 3.0476 2.1407
v 2.0145 3.0631 2.1309
v 2.0488 3.0859 2.1167
v 1.1074 2.5534 2.5634
v 1.1177 2.5632 2.5572
v 1.1280 2.5731 2.5511
v 1.1383 2.5830 2.5449
v 1.1486 2.5929 2.5387
v 1.1590 2.6026 2.5326
v 1.1744 2.6087 2.5288
v 1.1862 2.6174 2.5234
v 1.1869 2.6346 2.5127
v 1.1763 2.6604 2.4965
v 1.1602 2.6904 2.4777
v 1.1490 2.7167 2.4613
v 1.1447 2.7377 2.4482
v 1.1455 2.7549 2.4375
v 1.1519 2.7678 2.4294
v 1.1637 2.7765 2.4240
v 1.1806 2.7813 2.4210
v 1.2016 2.7830 2.4199
v 1.2262 2.7820 2.4205
v 1.2549 2.7778 2.4232
v 1.2900 2.7687 2.4288
v 1.3275 2.7868 2.4176
v 1.3747 2.7974 2.4109
v 1.4247 2.8059 2.4056
v 1.4650 2.8219 2.3956
v 1.4855 2.8529 2.3762
v 1.4878 2.8978 2.3482
v 1.4844 2.9471 2.3174
v 1.4892 2.9901 2.2905
v 1.5094 3.0214 2.2710
v 1.5443 3.0414 2.2584
v 1.5893 3.0537 2.2508
v 1.6404 3.0614 2.2460
v 1.6950 3.0664 2.2428
v 1.7515 3.0699 2.2406
v 1.8088 3.0729 2.2388
v 1.8651 3.0765 2.2365
v 1.9186 3.0824 2.2328
v 1.9669 3.0921 2.2267
v 2.0081 3.1074 2.2172
v 2.0405 3.1293 2.2035
v 1.1368 2.6323 2.6280
v 1.1467 2.6417 2.6222
v 1.1565 2.6510 2.6163
v 1.1663 2.6604 2.6105
v 1.1761 2.6698 2.6046
v 1.1909 2.6753 2.6011
v 1.2097 2.6778 2.5996
v 1.2209 2.6862 2.5944
v 1.2196 2.7040 2.5832
v 1.2079 2.7298 2.5671
v 1.1932 2.7578 2.5496
v 1.1831 2.7824 2.5342
v 1.1767 2.8042 2.5206
v 1.1744 2.8227 2.5090
v 1.1770 2.8376 2.4997
v 1.1846 2.8486 2.4928
v 1.1972 2.8559 2.4883
v 1.2145 2.8595 2.4860
v 1.2363 2.8597 2.4859
v 1.2637 2.8557 2.4884
v 1.2989 2.8457 2.4947
v 1.3359 2.8617 2.4847
v 1.3835 2.8698 2.4796
v 1.4340 2.8755 2.4760
v 1.4744 2.8890 2.4676
v 1.4951 2.9176 2.4498
v 1.4983 2.9595 2.4236
v 1.4965 3.0052 2.3950
v 1.5032 3.0444 2.3705
v 1.5247 3.0724 2.3530
v 1.5598 3.0899 2.3421
v 1.6042 3.1004 2.3355
v 1.6538 3.1069 2.3315
v 1.7064 3.1111 2.3289
v 1.7604 3.1142 2.3269
v 1.8147 3.1170 2.3251
v 1.8678 3.1208 2.3228
v 1.9179 3.1269 2.3189
v 1.9631 3.1368 2.3128
v 2.0016 3.1517 2.3034
v 2.0322 3.1727 2.2903
v 1.1667 2.7116 2.6924
v 1.1760 2.7205 2.6869
v 1.1853 2.7293 2.6813
v 1.1946 2.7382 2.6758
v 1.2067 2.7449 2.6716
v 1.2291 2.7438 2.6723
v 1.2497 2.7440 2.6722
v 1.2594 2.7525 2.6668
v 1.2560 2.7711 2.6553
v 1.2434 2.7967 2.6393
v 1.2298 2.8230 2.6228
v 1.2187 2.8474 2.6075
v 1.2105 2.8696 2.5937
v 1.2058 2.8892 2.5814
v 1.2050 2.9058 2.5711
v 1.2086 2.9190 2.5628
v 1.2169 2.9286 2.5568
v 1.2299 2.9346 2.5531
v 1.2482 2.9366 2.5518
v 1.2730 2.9336 2.5537
v 1.3071 2.9236 2.5600
v 1.3448 2.9368 2.5517
v 1.3937 2.9414 2.5488
v 1.4455 2.9438 2.5473
v 1.4867 2.9544 2.5407
v 1.5079 2.9802 2.5246
v 1.5118 3.0192 2.5002
v 1.5113 3.0616 2.4737
v 1.5194 3.0974 2.4513
v 1.5416 3.1224 2.4357
v 1.5766 3.1377 2.4261
v 1.6198 3.1467 2.4205
v 1.6678 3.1521 2.4172
v 1.7181 3.1557 2.4149
v 1.7695 3.1584 2.4132
v 1.8207 3.1613 2.4114
v 1.8705 3.1653 2.4089
v 1.9172 3.1716 2.4050
v 1.9592 3.1815 2.3988
v 1.9951 3.1961 2.3897
v 2.0239 3.2161 2.3772
v 1.1969 2.7913 2.7566
v 1.2057 2.7996 2.7514
v 1.2145 2.8079 2.7462
v 1.2238 2.8159 2.7412
v 1.2456 2.8143 2.7422
v 1.2730 2.8084 2.7459
v 1.2937 2.8076 2.7463
v 1.3011 2.8170 2.7405
v 1.2951 2.8367 2.7282
v 1.2813 2.8623 2.7122
v 1.2675 2.8878 2.6962
v 1.2557 2.9119 2.6812
v 1.2462 2.9342 2.6672
v 1.2394 2.9545 2.6546
v 1.2359 2.9723 2.6435
v 1.2360 2.9872 2.6341
v 1.2401 2.9991 2.6267
v 1.2488 3.0076 2.6214
v 1.2628 3.0119 2.6187
v 1.2842 3.0106 2.6195
v 1.3160 3.0014 2.6253
v 1.3554 3.0109 2.6193
v 1.4066 3.0115 2.6190
v 1.4602 3.0101 2.6198
v 1.5023 3.0176 2.6152
v 1.5240 3.0407 2.6007
v 1.5285 3.0769 2.5781
v 1.5288 3.1162 2.5535
v 1.5376 3.1491 2.5330
v 1.5600 3.1716 2.5189
v 1.5944 3.1850 2.5105
v 1.6363 3.1926 2.5058
v 1.6822 3.1971 2.5030
v 1.7301 3.2002 2.5011
v 1.7787 3.2027 2.4995
v 1.8267 3.2057 2.4976
v 1.8731 3.2099 2.4950
v 1.9164 3.2164 2.4909
v 1.9553 3.2263 2.4847
v 1.9887 3.2405 2.4759
v 2.0157 3.2595 2.4640
v 1.2274 2.8712 2.8206
v 1.2357 2.8790 2.8157
v 1.2440 2.8869 2.8108
v 1.2612 2.8879 2.8101
v 1.2917 2.8787 2.8159
v 1.3216 2.8701 2.8213
v 1.3407 2.8696 2.8216
v 1.3446 2.8808 2.8146
v 1.3349 2.9023 2.8011
v 1.3201 2.9278 2.7852
v 1.3063 2.9524 2.7698
v 1.2941 2.9759 2.7551
v 1.2836 2.9980 2.7413
v 1.2753 3.0185 2.7285
v 1.2695 3.0371 2.7169
v 1.2667 3.0534 2.7067
v 1.2672 3.0672 2.6981
v 1.2717 3.0779 2.6914
v 1.2814 3.0846 2.6872
v 1.2988 3.0855 2.6867
v 1.3271 3.0780 2.6914
v 1.3692 3.0830 2.6882
v 1.4231 3.0792 2.6906
v 1.4787 3.0739 2.6939
v 1.5217 3.0783 2.6912
v 1.5435 3.0989 2.6783
v 1.5481 3.1326 2.6572
v 1.5487 3.1693 2.6343
v 1.5577 3.1997 2.6153
v 1.5799 3.2200 2.6026
v 1.6132 3.2318 2.5952
v 1.6534 3.2383 2.5912
v 1.6972 3.2421 2.5888
v 1.7425 3.2447 2.5872
v 1.7880 3.2472 2.5856
v 1.8328 3.2502 2.5837
v 1.8757 3.2547 2.5810
v 1.9156 3.2614 2.5768
v 1.9515 3.2712 2.5706
v 1.9823 3.2849 2.5620
v 2.0074 3.3030 2.5508
v 1.2583 2.9515 2.8843
v 1.2661 2.9588 2.8798
v 1.2779 2.9630 2.8771
v 1.3075 2.9537 2.8830
v 1.3433 2.9395 2.8918
v 1.3731 2.9300 2.8977
v 1.3886 2.9314 2.8969
v 1.3873 2.9456 2.8880
v 1.3739 2.9691 2.8733
v 1.3596 2.9933 2.8582
v 1.3461 3.0168 2.8435
v 1.3336 3.0395 2.8293
v 1.3226 3.0612 2.8158
v 1.3133 3.0815 2.8031
v 1.3058 3.1004 2.7913
v 1.3006 3.1176 2.7805
v 1.2981 3.1328 2.7711
v 1.2990 3.1453 2.7632
v 1.3047 3.1542 2.7577
v 1.3179 3.1574 2.7557
v 1.3423 3.1520 2.7591
v 1.3874 3.1523 2.7589
v 1.4440 3.1439 2.7641
v 1.5013 3.1350 2.7697
v 1.5448 3.1365 2.7687
v 1.5664 3.1549 2.7572
v 1.5706 3.1865 2.7375
v 1.5710 3.2210 2.7159
v 1.5797 3.2492 2.6983
v 1.6010 3.2677 2.6867
v 1.6329 3.2781 2.6802
v 1.6712 3.2837 2.6768
v 1.7126 3.2869 2.6747
v 1.7551 3.2893 2.6732
v 1.7974 3.2918 2.6717
v 1.8388 3.2950 2.6697
v 1.8782 3.2997 2.6668
v 1.9148 3.3066 2.6625
v 1.9476 3.3163 2.6564
v 1.9759 3.3295 2.6481
v 1.9993 3.3465 2.6375
v 1.2896 3.0321 2.9479
v 1.2976 3.0383 2.9440
v 1.3224 3.0316 2.9482
v 1.3604 3.0149 2.9586
v 1.3983 2.9983 2.9690
v 1.4253 2.9900 2.9742
v 1.4350 2.9949 2.9712
v 1.4268 3.0134 2.9596
v 1.4133 3.0361 2.9454
v 1.3998 3.0587 2.9313
v 1.3867 3.0810 2.9173
v 1.3744 3.1027 2.9038
v 1.3631 3.1236 2.8907
v 1.3530 3.1436 2.8782
v 1.3445 3.1625 2.8664
v 1.3376 3.1800 2.8555
v 1.3328 3.1960 2.8455
v 1.3307 3.2099 2.8368
v 1.3329 3.2205 2.8302
v 1.3422 3.2257 2.8269
v 1.3626 3.2224 2.8290
v 1.4107 3.2181 2.8317
v 1.4696 3.2055 2.8395
v 1.5281 3.1933 2.8472
v 1.5716 3.1924 2.8477
v 1.5924 3.2089 2.8374
v 1.5958 3.2387 2.8188
v 1.5954 3.2714 2.7984
v 1.6032 3.2978 2.7819
v 1.6233 3.3148 2.7713
v 1.6535 3.3241 2.7654
v 1.6896 3.3290 2.7624
v 1.7283 3.3318 2.7606
v 1.7678 3.3341 2.7592
v 1.8069 3.3366 2.7576
v 1.8448 3.3400 2.7555
v 1.8807 3.3450 2.7524
v 1.9140 3.3520 2.7480
v 1.9438 3.3616 2.7420
v 1.9697 3.3742 2.7341
v 1.9912 3.3901 2.7242
v 1.3211 3.1130 3.0113
v 1.3387 3.1110 3.0125
v 1.3750 3.0946 3.0228
v 1.4175 3.0736 3.0360
v 1.4541 3.0570 3.0463
v 1.4755 3.0520 3.0494
v 1.4768 3.0624 3.0429
v 1.4654 3.0825 3.0303
v 1.4531 3.1033 3.0174
v 1.4405 3.1243 3.0043
v 1.4281 3.1451 2.9912
v 1.4161 3.1657 2.9784
v 1.4049 3.1856 2.9659
v 1.3945 3.2049 2.9539
v 1.3852 3.2234 2.9423
v 1.3772 3.2409 2.9314
v 1.3708 3.2572 2.9212
v 1.3666 3.2718 2.9121
v 1.3661 3.2835 2.9047
v 1.3722 3.2903 2.9005
v 1.3890 3.2888 2.9014
v 1.4394 3.2803 2.9068
v 1.4998 3.2641 2.9169
v 1.5587 3.2490 2.9263
v 1.6016 3.2462 2.9281
v 1.6212 3.2612 2.9187
v 1.6233 3.2895 2.9010
v 1.6217 3.3207 2.8815
v 1.6283 3.3457 2.8659
v 1.6468 3.3615 2.8561
v 1.6749 3.3699 2.8508
v 1.7085 3.3742 2.8481
v 1.7443 3.3768 2.8465
v 1.7806 3.3791 2.8451
v 1.8163 3.3818 2.8434
v 1.8507 3.3854 2.8411
v 1.8831 3.3906 2.8378
v 1.9131 3.3976 2.8334
v 1.9401 3.4070 2.8276
v 1.9635 3.4190 2.8201
v 1.9833 3.4339 2.8108
v 1.3577 3.1906 3.0767
v 1.3894 3.1769 3.0853
v 1.4329 3.1541 3.0996
v 1.4761 3.1316 3.1136
v 1.5080 3.1176 3.1224
v 1.5207 3.1184 3.1219
v 1.5140 3.1340 3.1121
v 1.5040 3.1521 3.1008
v 1.4930 3.1709 3.0891
v 1.4816 3.1900 3.0771
v 1.4701 3.2093 3.0651
v 1.4587 3.2284 3.0531
v 1.4478 3.2472 3.0414
v 1.4375 3.2656 3.0299
v 1.4279 3.2833 3.0188
v 1.4193 3.3004 3.0082
v 1.4118 3.3165 2.9981
v 1.4061 3.3313 2.9888
v 1.4036 3.3436 2.9811
v 1.4073 3.3513 2.9764
v 1.4213 3.3511 2.9765
v 1.4731 3.3390 2.9840
v 1.5341 3.3199 2.9960
v 1.5928 3.3026 3.0068
v 1.6346 3.2982 3.0095
v 1.6526 3.3119 3.0010
v 1.6531 3.3391 2.9840
v 1.6499 3.3690 2.9653
v 1.6547 3.3928 2.9504
v 1.6712 3.4077 2.9411
v 1.6969 3.4156 2.9362
v 1.7278 3.4195 2.9337
v 1.7605 3.4220 2.9321
v 1.7934 3.4244 2.9307
v 1.8256 3.4273 2.9288
v 1.8565 3.4312 2.9264
v 1.8855 3.4366 2.9231
v 1.9123 3.4436 2.9187
v 1.9364 3.4527 2.9130
v 1.9576 3.4640 2.9059
v 1.9756 3.4778 2.8973
v 1.4053 3.2603 3.1471
v 1.4467 3.2382 3.1610
v 1.4932 3.2122 3.1772
v 1.5333 3.1912 3.1903
v 1.5569 3.1826 3.1957
v 1.5581 3.1913 3.1903
v 1.5510 3.2062 3.1810
v 1.5425 3.2222 3.1710
v 1.5331 3.2389 3.1605
v 1.5230 3.2561 3.1498
v 1.5126 3.2736 3.1389
v 1.5021 3.2911 3.1279
v 1.4917 3.3085 3.1170
v 1.4817 3.3257 3.1063
v 1.4722 3.3425 3.0958
v 1.4633 3.3588 3.0856
v 1.4553 3.3744 3.0759
v 1.4488 3.3889 3.0668
v 1.4451 3.4013 3.0591
v 1.4472 3.4092 3.0541
v 1.4591 3.4096 3.0539
v 1.5113 3.3948 3.0631
v 1.5721 3.3734 3.0765
v 1.6298 3.3544 3.0884
v 1.6701 3.3486 3.0920
v 1.6863 3.3613 3.0840
v 1.6848 3.3875 3.0677
v 1.6796 3.4165 3.0495
v 1.6823 3.4395 3.0352
v 1.6964 3.4538 3.0262
v 1.7194 3.4612 3.0216
v 1.7472 3.4651 3.0192
v 1.7767 3.4676 3.0176
v 1.8061 3.4702 3.0160
v 1.8348 3.4734 3.0140
v 1.8621 3.4775 3.0114
v 1.8878 3.4830 3.0080
v 1.9114 3.4899 3.0037
v 1.9328 3.4986 2.9982
v 1.9517 3.5093 2.9916
v 1.9680 3.5219 2.9837
v 1.4610 3.3243 3.2211
v 1.5078 3.2972 3.2380
v 1.5530 3.2712 3.2543
v 1.5859 3.2547 3.2646
v 1.5975 3.2544 3.2647
v 1.5934 3.2661 3.2574
v 1.5878 3.2790 3.2494
v 1.5809 3.2929 3.2407
v 1.5730 3.3075 3.2316
v 1.5644 3.3226 3.2221
v 1.5553 3.3382 3.2124
v 1.5459 3.3539 3.2026
v 1.5364 3.3697 3.1927
v 1.5270 3.3855 3.1829
v 1.5179 3.4010 3.1732
v 1.5092 3.4163 3.1636
v 1.5011 3.4310 3.1544
v 1.4941 3.4449 3.1457
v 1.4898 3.4568 3.1383
v 1.4909 3.4645 3.1335
v 1.5015 3.4650 3.1332
v 1.5532 3.4482 3.1437
v 1.6130 3.4251 3.1581
v 1.6693 3.4047 3.1709
v 1.7079 3.3978 3.1752
v 1.7220 3.4096 3.1678
v 1.7183 3.4351 3.1519
v 1.7107 3.4634 3.1342
v 1.7108 3.4859 3.1201
v 1.7222 3.4998 3.1114
v 1.7421 3.5072 3.1068
v 1.7667 3.5110 3.1044
v 1.7927 3.5138 3.1027
v 1.8186 3.5165 3.1010
v 1.8437 3.5200 3.0988
v 1.8676 3.5243 3.0961
v 1.8900 3.5298 3.0927
v 1.9107 3.5366 3.0884
v 1.9294 3.5449 3.0833
v 1.9461 3.5547 3.0771
v 1.9607 3.5662 3.0700
v 1.5217 3.3850 3.2971
v 1.5694 3.3562 3.3151
v 1.6092 3.3334 3.3293
v 1.6309 3.3245 3.3349
v 1.6315 3.3317 3.3304
v 1.6286 3.3416 3.3242
v 1.6243 3.3525 3.3174
v 1.6190 3.3642 3.3101
v 1.6127 3.3767 3.3023
v 1.6056 3.3898 3.2941
v 1.5979 3.4033 3.2857
v 1.5898 3.4171 3.2771
v 1.5815 3.4311 3.2683
v 1.5731 3.4452 3.2595
v 1.5647 3.4592 3.2507
v 1.5565 3.4732 3.2420
v 1.5486 3.4868 3.2335
v 1.5417 3.4997 3.2254
v 1.5372 3.5108 3.2185
v 1.5377 3.5181 3.2139
v 1.5471 3.5185 3.2137
v 1.5966 3.5009 3.2247
v 1.6539 3.4773 3.2394
v 1.7075 3.4565 3.2524
v 1.7436 3.4490 3.2571
v 1.7558 3.4598 3.2504
v 1.7505 3.4840 3.2352
v 1.7412 3.5113 3.2182
v 1.7392 3.5329 3.2047
v 1.7478 3.5464 3.1962
v 1.7647 3.5537 3.1917
v 1.7859 3.5576 3.1892
v 1.8084 3.5606 3.1874
v 1.8308 3.5636 3.1855
v 1.8524 3.5672 3.1833
v 1.8729 3.5717 3.1805
v 1.8921 3.5771 3.1771
v 1.9099 3.5837 3.1730
v 1.9262 3.5914 3.1681
v 1.9407 3.6004 3.1625
v 1.9536 3.6107 3.1561
v 1.5845 3.4445 3.3739
v 1.6287 3.4174 3.3908
v 1.6588 3.4012 3.4009
v 1.6662 3.4023 3.4003
v 1.6654 3.4095 3.3957
v 1.6635 3.4177 3.3906
v 1.6605 3.4267 3.3850
v 1.6566 3.4364 3.3789
v 1.6518 3.4468 3.3724
v 1.6463 3.4577 3.3656
v 1.6402 3.4691 3.3585
v 1.6336 3.4809 3.3511
v 1.6266 3.4929 3.3436
v 1.6194 3.5051 3.3360
v 1.6121 3.5174 3.3283
v 1.6047 3.5298 3.3206
v 1.5975 3.5420 3.3130
v 1.5910 3.5536 3.3057
v 1.5865 3.5638 3.2993
v 1.5864 3.5706 3.2951
v 1.5943 3.5713 3.2947
v 1.6395 3.5545 3.3052
v 1.6915 3.5324 3.3190
v 1.7401 3.5130 3.3311
v 1.7727 3.5058 3.3356
v 1.7833 3.5153 3.3296
v 1.7778 3.5372 3.3160
v 1.7686 3.5619 3.3005
v 1.7658 3.5817 3.2882
v 1.7726 3.5942 3.2803
v 1.7867 3.6011 3.2760
v 1.8046 3.6051 3.2735
v 1.8237 3.6082 3.2716
v 1.8426 3.6114 3.2696
v 1.8608 3.6152 3.2672
v 1.8780 3.6197 3.2644
v 1.8942 3.6250 3.2611
v 1.9093 3.6312 3.2572
v 1.9231 3.6383 3.2528
v 1.9356 3.6464 3.2477
v 1.9468 3.6555 3.2420
v 1.6462 3.5052 3.4499
v 1.6826 3.4832 3.4636
v 1.6985 3.4768 3.4676
v 1.6993 3.4820 3.4644
v 1.6992 3.4879 3.4607
v 1.6982 3.4944 3.4566
v 1.6963 3.5017 3.4521
v 1.6937 3.5095 3.4472
v 1.6903 3.5178 3.4420
v 1.6863 3.5267 3.4365
v 1.6817 3.5359 3.4307
v 1.6767 3.5456 3.4247
v 1.6712 3.5555 3.4184
v 1.6654 3.5657 3.4121
v 1.6594 3.5761 3.4056
v 1.6533 3.5866 3.3990
v 1.6471 3.5971 3.3925
v 1.6414 3.6072 3.3861
v 1.6372 3.6162 3.3805
v 1.6367 3.6224 3.3766
v 1.6428 3.6235 3.3760
v 1.6819 3.6088 3.3851
v 1.7268 3.5898 3.3970
v 1.7686 3.5731 3.4075
v 1.7967 3.5669 3.4113
v 1.8059 3.5750 3.4063
v 1.8013 3.5938 3.3945
v 1.7934 3.6150 3.3813
v 1.7909 3.6322 3.3705
v 1.7963 3.6433 3.3636
v 1.8079 3.6496 3.3596
v 1.8227 3.6536 3.3572
v 1.8383 3.6569 3.3551
v 1.8539 3.6602 3.3530
v 1.8688 3.6641 3.3506
v 1.8830 3.6684 3.3479
v 1.8963 3.6735 3.3447
v 1.9087 3.6792 3.3412
v 1.9203 3.6856 3.3371
v 1.9308 3.6928 3.3327
v 1.9404 3.7007 3.3277
v 1.7039 3.5694 3.5237
v 1.7279 3.5559 3.5321
v 1.7315 3.5580 3.5308
v 1.7325 3.5621 3.5283
v 1.7328 3.5667 3.5254
v 1.7325 3.5718 3.5222
v 1.7316 3.5774 3.5187
v 1.7300 3.5835 3.5149
v 1.7279 3.5899 3.5109
v 1.7253 3.5968 3.5066
v 1.7222 3.6040 3.5021
v 1.7187 3.6115 3.4974
v 1.7148 3.6194 3.4925
v 1.7106 3.6275 3.4874
v 1.7060 3.6358 3.4822
v 1.7013 3.6443 3.4769
v 1.6964 3.6528 3.4716
v 1.6918 3.6612 3.4664
v 1.6883 3.6687 3.4616
v 1.6876 3.6742 3.4583
v 1.6919 3.6757 3.4573
v 1.7239 3.6640 3.4646
v 1.7603 3.6491 3.4739
v 1.7941 3.6360 3.4821
v 1.8169 3.6314 3.4850
v 1.8249 3.6381 3.4808
v 1.8217 3.6533 3.4713
v 1.8159 3.6705 3.4605
v 1.8142 3.6846 3.4517
v 1.8187 3.6939 3.4459
v 1.8280 3.6996 3.4424
v 1.8398 3.7034 3.4400
v 1.8522 3.7067 3.4379
v 1.8645 3.7101 3.4358
v 1.8764 3.7138 3.4335
v 1.8877 3.7180 3.4309
v 1.8984 3.7226 3.4280
v 1.9084 3.7277 3.4248
v 1.9177 3.7334 3.4213
v 1.9264 3.7395 3.4174
v 1.9344 3.7462 3.4132
v 1.7545 3.6393 3.5940
v 1.7631 3.6367 3.5956
v 1.7646 3.6395 3.5939
v 1.7657 3.6426 3.5919
v 1.7663 3.6461 3.5898
v 1.7665 3.6499 3.5874
v 1.7662 3.6540 3.5848
v 1.7656 3.6584 3.5820
v 1.7645 3.6632 3.5791
v 1.7631 3.6682 3.5759
v 1.7613 3.6735 3.5726
v 1.7592 3.6791 3.5691
v 1.7567 3.6849 3.5655
v 1.7540 3.6909 3.5617
v 1.7510 3.6971 3.5579
v 1.7478 3.7035 3.5539
v 1.7444 3.7100 3.5498
v 1.7412 3.7164 3.5458
v 1.7386 3.7223 3.5421
v 1.7379 3.7268 3.5393
v 1.7408 3.7285 3.5382
v 1.7649 3.7205 3.5433
v 1.7921 3.7101 3.5498
v 1.8174 3.7011 3.5553
v 1.8347 3.6983 3.5571
v 1.8412 3.7036 3.5538
v 1.8398 3.7151 3.5466
v 1.8363 3.7281 3.5385
v 1.8357 3.7389 3.5317
v 1.8396 3.7463 3.5271
v 1.8469 3.7512 3.5241
v 1.8558 3.7547 3.5219
v 1.8653 3.7578 3.5199
v 1.8746 3.7610 3.5179
v 1.8836 3.7645 3.5157
v 1.8922 3.7683 3.5134
v 1.9004 3.7724 3.5108
v 1.9082 3.7768 3.5080
v 1.9155 3.7816 3.5051
v 1.9224 3.7867 3.5019
v 1.9288 3.7922 3.4985
v 1.7949 3.7173 3.6592
v 1.7965 3.7191 3.6580
v 1.7978 3.7212 3.6568
v 1.7988 3.7234 3.6553
v 1.7995 3.7259 3.6538
v 1.8000 3.7285 3.6522
v 1.8003 3.7314 3.6504
v 1.8002 3.7344 3.6485
v 1.8000 3.7377 3.6465
v 1.7994 3.7411 3.6443
v 1.7987 3.7447 3.6421
v 1.7977 3.7485 3.6397
v 1.7965 3.7524 3.6373
v 1.7951 3.7565 3.6347
v 1.7935 3.7607 3.6320
v 1.7917 3.7651 3.6293
v 1.7898 3.7696 3.6265
v 1.7879 3.7741 3.6237
v 1.7864 3.7783 3.6211
v 1.7860 3.7816 3.6190
v 1.7878 3.7833 3.6179
v 1.8040 3.7788 3.6207
v 1.8222 3.7729 3.6244
v 1.8390 3.7680 3.6275
v 1.8509 3.7669 3.6282
v 1.8560 3.7710 3.6256
v 1.8561 3.7789 3.6207
v 1.8549 3.7877 3.6152
v 1.8555 3.7953 3.6105
v 1.8588 3.8007 3.6071
v 1.8642 3.8046 3.6047
v 1.8706 3.8076 3.6028
v 1.8774 3.8104 3.6010
v 1.8840 3.8133 3.5992
v 1.8905 3.8163 3.5973
v 1.8967 3.8196 3.5953
v 1.9026 3.8230 3.5932
v 1.9083 3.8266 3.5909
v 1.9138 3.8304 3.5885
v 1.9189 3.8344 3.5860
v 1.9238 3.8387 3.5834
v 1.8289 3.8004 3.7212
v 1.8300 3.8017 3.7204
v 1.8310 3.8031 3.7195
v 1.8318 3.8046 3.7186
v 1.8325 3.8061 3.7176
v 1.8331 3.8078 3.7166
v 1.8336 3.8096 3.7155
v 1.8339 3.8115 3.7143
v 1.8341 3.8135 3.7130
v 1.8342 3.8155 3.7118
v 1.8341 3.8177 3.7104
v 1.8340 3.8200 3.7090
v 1.8337 3.8223 3.7075
v 1.8333 3.8247 3.7060
v 1.8327 3.8273 3.7044
v 1.8321 3.8299 3.7028
v 1.8314 3.8326 3.7011
v 1.8306 3.8353 3.6994
v 1.8301 3.8378 3.6978
v 1.8300 3.8400 3.6964
v 1.8309 3.8414 3.6956
v 1.8402 3.8400 3.6965
v 1.8503 3.8379 3.6978
v 1.8597 3.8362 3.6988
v 1.8667 3.8365 3.6987
v 1.8704 3.8393 3.6969
v 1.8716 3.8440 3.6940
v 1.8722 3.8491 3.6907
v 1.8735 3.8537 3.6879
v 1.8763 3.8572 3.6857
v 1.8800 3.8600 3.6840
v 1.8842 3.8623 3.6825
v 1.8885 3.8646 3.6811
v 1.8928 3.8669 3.6796
v 1.8970 3.8693 3.6781
v 1.9011 3.8718 3.6766
v 1.9050 3.8744 3.6749
v 1.9088 3.8771 3.6733
v 1.9125 3.8799 3.6715
v 1.9161 3.8828 3.6697
v 1.9195 3.8858 3.6678
v 1.8628 3.8836 3.7832
v 1.8635 3.8843 3.7827
v 1.8641 3.8851 3.7822
v 1.8647 3.8859 3.7817
v 1.8652 3.8868 3.7812
v 1.8657 3.8876 3.7806
v 1.8661 3.8886 3.7801
v 1.8665 3.8895 3.7795
v 1.8669 3.8905 3.7789
v 1.8672 3.8915 3.7782
v 1.8675 3.8926 3.7776
v 1.8677 3.8936 3.7769
v 1.8678 3.8948 3.7762
v 1.8680 3.8959 3.7755
v 1.8681 3.8971 3.7747
v 1.8681 3.8983 3.7740
v 1.8681 3.8996 3.7732
v 1.8681 3.9008 3.7724
v 1.8681 3.9021 3.7716
v 1.8682 3.9032 3.7709
v 1.8687 3.9042 3.7703
v 1.8725 3.9045 3.7701
v 1.8765 3.9048 3.7699
v 1.8803 3.9051 3.7697
v 1.8835 3.9060 3.7691
v 1.8857 3.9076 3.7681
v 1.8872 3.9097 3.7668
v 1.8886 3.9120 3.7654
v 1.8902 3.9141 3.7641
v 1.8921 3.9159 3.7630
v 1.8943 3.9176 3.7619
v 1.8966 3.9191 3.7610
v 1.8989 3.9206 3.7600
v 1.9012 3.9221 3.7591
v 1.9035 3.9237 3.7581
v 1.9057 3.9253 3.7571
v 1.9079 3.9269 3.7561
v 1.9100 3.9286 3.7550
v 1.9121 3.9303 3.7540
v 1.9141 3.9321 3.7529
v 1.9161 3.9338 3.7518
v 1.8963 3.9664 3.8454
v 1.8965 3.9667 3.8452
v 1.8967 3.9670 3.8450
v 1.8968 3.9673 3.8448
v 1.8969 3.9676 3.8446
v 1.8970 3.9680 3.8443
v 1.8970 3.9684 3.8441
v 1.8970 3.9689 3.8438
v 1.8970 3.9693 3.8435
v 1.8969 3.9698 3.8432
v 1.8968 3.9703 3.8429
v 1.8967 3.9709 3.8426
v 1.8965 3.9714 3.8422
v 1.8963 3.9720 3.8418
v 1.8960 3.9726 3.8415
v 1.8958 3.9733 3.8411
v 1.8955 3.9740 3.8406
v 1.8951 3.9746 3.8402
v 1.8948 3.9754 3.8398
v 1.8944 3.9761 3.8393
v 1.8939 3.9769 3.8388
v 1.8953 3.9770 3.8388
v 1.8966 3.9771 3.8387
v 1.8979 3.9772 3.8386
v 1.8992 3.9774 3.8385
v 1.9004 3.9776 3.8383
v 1.9016 3.9779 3.8382
v 1.9028 3.9781 3.8380
v 1.9039 3.9784 3.8379
v 1.9050 3.9787 3.8377
v 1.9060 3.9790 3.8375
v 1.9071 3.9794 3.8372
v 1.9081 3.9798 3.8370
v 1.9090 3.9802 3.8368
v 1.9099 3.9806 3.8365
v 1.9108 3.9811 3.8362
v 1.9117 3.9816 3.8359
v 1.9125 3.9821 3.8356
v 1.9133 3.9826 3.8352
v 1.9141 3.9832 3.8349
v 1.9148 3.9838 3.8345
v 0.3060 -1.2024 -3.0657
v 0.3060 -1.2020 -3.0660
v 0.3060 -1.2016 -3.0663
v 0.3059 -1.2010 -3.0666
v 0.3056 -1.2004 -3.0670
v 0.3051 -1.1996 -3.0675
v 0.3044 -1.1986 -3.0681
v 0.3035 -1.1975 -3.0688
v 0.3023 -1.1962 -3.0696
v 0.3009 -1.1947 -3.0706
v 0.2994 -1.1931 -3.0716
v 0.2977 -1.1914 -3.0727
v 0.2960 -1.1897 -3.0737
v 0.2945 -1.1880 -3.0747
v 0.2932 -1.1866 -3.0756
v 0.2922 -1.1854 -3.0764
v 0.2917 -1.1846 -3.0769
v 0.2917 -1.1841 -3.0772
v 0.2922 -1.1841 -3.0772
v 0.2932 -1.1845 -3.0770
v 0.2947 -1.1852 -3.0765
v 0.2969 -1.1857 -3.0762
v 0.2994 -1.1865 -3.0757
v 0.3020 -1.1873 -3.0752
v 0.3046 -1.1881 -3.0747
v 0.3071 -1.1889 -3.0742
v 0.3094 -1.1895 -3.0738
v 0.3115 -1.1900 -3.0735
v 0.3133 -1.1902 -3.0734
v 0.3149 -1.1903 -3.0733
v 0.3163 -1.1903 -3.0733
v 0.3175 -1.1900 -3.0735
v 0.3186 -1.1897 -3.0737
v 0.3196 -1.1893 -3.0739
v 0.3204 -1.1888 -3.0742
v 0.3212 -1.1883 -3.0746
v 0.3219 -1.1877 -3.0749
v 0.3227 -1.1871 -3.0753
v 0.3234 -1.1865 -3.0757
v 0.3240 -1.1859 -3.0761
v 0.3247 -1.1853 -3.0765
v 0.2041 -1.2507 -2.9217
v 0.2094 -1.2453 -2.9250
v 0.2145 -1.2399 -2.9283
v 0.2194 -1.2344 -2.9318
v 0.2242 -1.2288 -2.9353
v 0.2288 -1.2230 -2.9390
v 0.2331 -1.2169 -2.9427
v 0.2371 -1.2107 -2.9466
v 0.2408 -1.2042 -2.9507
v 0.2443 -1.1976 -2.9548
v 0.2475 -1.1908 -2.9591
v 0.2507 -1.1838 -2.9634
v 0.2538 -1.1769 -2.9677
v 0.2570 -1.1701 -2.9720
v 0.2606 -1.1635 -2.9761
v 0.2645 -1.1572 -2.9800
v 0.2690 -1.1513 -2.9837
v 0.2742 -1.1460 -2.9871
v 0.2800 -1.1411 -2.9901
v 0.2864 -1.1367 -2.9929
v 0.2933 -1.1327 -2.9954
v 0.3096 -1.1206 -3.0029
v 0.3261 -1.1088 -3.0103
v 0.3428 -1.0970 -3.0177
v 0.3595 -1.0853 -3.0250
v 0.3761 -1.0734 -3.0324
v 0.3925 -1.0614 -3.0399
v 0.4085 -1.0492 -3.0475
v 0.4243 -1.0368 -3.0553
v 0.4399 -1.0242 -3.0632
v 0.4551 -1.0113 -3.0712
v 0.4701 -0.9983 -3.0793
v 0.4850 -0.9852 -3.0875
v 0.4997 -0.9719 -3.0958
v 0.5143 -0.9586 -3.1042
v 0.5288 -0.9451 -3.1126
v 0.5432 -0.9317 -3.1210
v 0.5576 -0.9182 -3.1294
v 0.5720 -0.9047 -3.1378
v 0.5864 -0.8912 -3.1463
v 0.6008 -0.8777 -3.1547
v 0.1642 -1.2471 -2.8099
v 0.1717 -1.2396 -2.8146
v 0.1790 -1.2319 -2.8194
v 0.1862 -1.2242 -2.8243
v 0.1932 -1.2162 -2.8292
v 0.1999 -1.2081 -2.8343
v 0.2062 -1.1997 -2.8395
v 0.2122 -1.1911 -2.8450
v 0.2179 -1.1821 -2.8505
v 0.2233 -1.1730 -2.8562
v 0.2284 -1.1636 -2.8621
v 0.2333 -1.1541 -2.8680
v 0.2382 -1.1447 -2.8739
v 0.2433 -1.1353 -2.8798
v 0.2488 -1.1262 -2.8855
v 0.2547 -1.1175 -2.8909
v 0.2613 -1.1093 -2.8960
v 0.2687 -1.1017 -2.9008
v 0.2769 -1.0947 -2.9052
v 0.2858 -1.0883 -2.9092
v 0.2954 -1.0823 -2.9129
v 0.3181 -1.0649 -2.9238
v 0.3412 -1.0476 -2.9346
v 0.3645 -1.0306 -2.9452
v 0.3878 -1.0135 -2.9559
v 0.4109 -0.9963 -2.9667
v 0.4338 -0.9789 -2.9776
v 0.4563 -0.9612 -2.9886
v 0.4785 -0.9433 -2.9998
v 0.5003 -0.9251 -3.0111
v 0.5218 -0.9067 -3.0227
v 0.5431 -0.8880 -3.0343
v 0.5641 -0.8692 -3.0460
v 0.5850 -0.8503 -3.0579
v 0.6057 -0.8313 -3.0698
v 0.6263 -0.8122 -3.0817
v 0.6469 -0.7930 -3.0937
v 0.6674 -0.7738 -3.1057
v 0.6879 -0.7546 -3.1177
v 0.7083 -0.7353 -3.1297
v 0.7288 -0.7161 -3.1417
v 0.1356 -1.2382 -2.7016
v 0.1450 -1.2288 -2.7074
v 0.1542 -1.2193 -2.7134
v 0.1631 -1.2097 -2.7194
v 0.1718 -1.1998 -2.7255
v 0.1802 -1.1897 -2.7319
v 0.1882 -1.1793 -2.7384
v 0.1958 -1.1685 -2.7451
v 0.2029 -1.1575 -2.7520
v 0.2097 -1.1462 -2.7591
v 0.2162 -1.1346 -2.7663
v 0.2224 -1.1229 -2.7736
v 0.2287 -1.1111 -2.7810
v 0.2352 -1.0996 -2.7882
v 0.2420 -1.0883 -2.7952
v 0.2495 -1.0775 -2.8020
v 0.2578 -1.0673 -2.8083
v 0.2670 -1.0579 -2.8142
v 0.2772 -1.0491 -2.8197
v 0.2882 -1.0410 -2.8247
v 0.3001 -1.0336 -2.8294
v 0.3284 -1.0117 -2.8431
v 0.3571 -0.9902 -2.8565
v 0.3860 -0.9688 -2.8699
v 0.4149 -0.9474 -2.8832
v 0.4436 -0.9259 -2.8967
v 0.4719 -0.9041 -2.9103
v 0.4999 -0.8821 -2.9241
v 0.5275 -0.8597 -2.9381
v 0.5547 -0.8370 -2.9523
v 0.5815 -0.8140 -2.9666
v 0.6079 -0.7907 -2.9812
v 0.6341 -0.7673 -2.9958
v 0.6601 -0.7437 -3.0106
v 0.6859 -0.7199 -3.0254
v 0.7116 -0.6961 -3.0403
v 0.7372 -0.6722 -3.0552
v 0.7628 -0.6483 -3.0702
v 0.7883 -0.6243 -3.0851
v 0.8138 -0.6004 -3.1001
v 0.8393 -0.5764 -3.1151
v 0.1134 -1.2275 -2.5943
v 0.1244 -1.2165 -2.6012
v 0.1352 -1.2053 -2.6082
v 0.1458 -1.1939 -2.6153
v 0.1560 -1.1822 -2.6226
v 0.1659 -1.1703 -2.6301
v 0.1753 -1.1580 -2.6377
v 0.1842 -1.1453 -2.6457
v 0.1926 -1.1322 -2.6538
v 0.2005 -1.1188 -2.6622
v 0.2080 -1.1051 -2.6708
v 0.2154 -1.0913 -2.6794
v 0.2227 -1.0774 -2.6881
v 0.2303 -1.0637 -2.6967
v 0.2383 -1.0504 -2.7050
v 0.2471 -1.0376 -2.7129
v 0.2569 -1.0256 -2.7204
v 0.2677 -1.0144 -2.7274
v 0.2797 -1.0041 -2.7339
v 0.2928 -0.9946 -2.7398
v 0.3068 -0.9859 -2.7453
v 0.3402 -0.9602 -2.7614
v 0.3741 -0.9348 -2.7772
v 0.4082 -0.9096 -2.7929
v 0.4423 -0.8845 -2.8086
v 0.4762 -0.8591 -2.8245
v 0.5098 -0.8335 -2.8405
v 0.5428 -0.8075 -2.8567
v 0.5754 -0.7812 -2.8732
v 0.6074 -0.7544 -2.8899
v 0.6390 -0.7273 -2.9068
v 0.6702 -0.6999 -2.9240
v 0.7011 -0.6723 -2.9412
v 0.7317 -0.6444 -2.9586
v 0.7622 -0.6165 -2.9761
v 0.7925 -0.5884 -2.9937
v 0.8227 -0.5602 -3.0113
v 0.8528 -0.5320 -3.0289
v 0.8829 -0.5038 -3.0465
v 0.9130 -0.4755 -3.0642
v 0.9430 -0.4472 -3.0819
v 0.0954 -1.2159 -2.4876
v 0.1080 -1.2033 -2.4955
v 0.1203 -1.1905 -2.5035
v 0.1323 -1.1774 -2.5117
v 0.1440 -1.1641 -2.5200
v 0.1551 -1.1504 -2.5286
v 0.1658 -1.1362 -2.5374
v 0.1758 -1.1217 -2.5465
v 0.1853 -1.1066 -2.5559
v 0.1941 -1.0912 -2.5655
v 0.2026 -1.0754 -2.5754
v 0.2108 -1.0594 -2.5854
v 0.2189 -1.0434 -2.5954
v 0.2274 -1.0276 -2.6052
v 0.2364 -1.0123 -2.6148
v 0.2464 -0.9976 -2.6240
v 0.2574 -0.9839 -2.6326
v 0.2698 -0.9711 -2.6406
v 0.2835 -0.9593 -2.6479
v 0.2985 -0.9485 -2.6547
v 0.3147 -0.9386 -2.6609
v 0.3530 -0.9093 -2.6792
v 0.3919 -0.8805 -2.6972
v 0.4311 -0.8519 -2.7150
v 0.4702 -0.8233 -2.7329
v 0.5091 -0.7945 -2.7509
v 0.5476 -0.7654 -2.7691
v 0.5855 -0.7358 -2.7876
v 0.6228 -0.7058 -2.8064
v 0.6595 -0.6753 -2.8254
v 0.6957 -0.6444 -2.8447
v 0.7314 -0.6131 -2.8642
v 0.7667 -0.5816 -2.8840
v 0.8018 -0.5498 -2.9038
v 0.8366 -0.5179 -2.9238
v 0.8712 -0.4858 -2.9438
v 0.9057 -0.4536 -2.9639
v 0.9401 -0.4214 -2.9841
v 0.9745 -0.3891 -3.0042
v 1.0089 -0.3568 -3.0244
v 1.0432 -0.3245 -3.0446
v 0.0804 -1.2034 -2.3815
v 0.0944 -1.1892 -2.3903
v 0.1082 -1.1748 -2.3993
v 0.1216 -1.1602 -2.4085
v 0.1345 -1.1452 -2.4178
v 0.1469 -1.1298 -2.4275
v 0.1586 -1.1139 -2.4374
v 0.1696 -1.0974 -2.4477
v 0.1800 -1.0805 -2.4583
v 0.1896 -1.0630 -2.4692
v 0.1988 -1.0451 -2.4804
v 0.2076 -1.0270 -2.4917
v 0.2165 -1.0088 -2.5030
v 0.2256 -0.9910 -2.5142
v 0.2355 -0.9736 -2.5251
v 0.2464 -0.9571 -2.5354
v 0.2586 -0.9416 -2.5451
v 0.2724 -0.9272 -2.5540
v 0.2878 -0.9141 -2.5622
v 0.3047 -0.9021 -2.5697
v 0.3230 -0.8912 -2.5765
v 0.3661 -0.8587 -2.5969
v 0.4099 -0.8267 -2.6169
v 0.4540 -0.7949 -2.6367
v 0.4981 -0.7632 -2.6566
v 0.5419 -0.7312 -2.6766
v 0.5852 -0.6988 -2.6968
v 0.6278 -0.6659 -2.7173
v 0.6698 -0.6324 -2.7382
v 0.7110 -0.5985 -2.7595
v 0.7516 -0.5640 -2.7810
v 0.7916 -0.5291 -2.8028
v 0.8312 -0.4939 -2.8248
v 0.8704 -0.4584 -2.8470
v 0.9093 -0.4227 -2.8693
v 0.9480 -0.3868 -2.8917
v 0.9867 -0.3508 -2.9142
v 1.0252 -0.3148 -2.9367
v 1.0636 -0.2787 -2.9593
v 1.1021 -0.2426 -2.9818
v 1.1405 -0.2065 -3.0044
v 0.0676 -1.1895 -2.2762
v 0.0830 -1.1739 -2.2860
v 0.0981 -1.1580 -2.2959
v 0.1127 -1.1418 -2.3060
v 0.1268 -1.1252 -2.3164
v 0.1403 -1.1082 -2.3270
v 0.1530 -1.0905 -2.3381
v 0.1649 -1.0722 -2.3495
v 0.1759 -1.0532 -2.3614
v 0.1862 -1.0337 -2.3736
v 0.1959 -1.0137 -2.3860
v 0.2052 -0.9935 -2.3987
v 0.2145 -0.9732 -2.4114
v 0.2242 -0.9532 -2.4239
v 0.2347 -0.9338 -2.4360
v 0.2464 -0.9154 -2.4475
v 0.2597 -0.8982 -2.4582
v 0.2748 -0.8824 -2.4681
v 0.2918 -0.8680 -2.4771
v 0.3106 -0.8549 -2.4853
v 0.3310 -0.8431 -2.4927
v 0.3788 -0.8076 -2.5149
v 0.4274 -0.7726 -2.5367
v 0.4764 -0.7380 -2.5583
v 0.5254 -0.7034 -2.5800
v 0.5740 -0.6685 -2.6018
v 0.6220 -0.6331 -2.6239
v 0.6693 -0.5971 -2.6464
v 0.7157 -0.5605 -2.6692
v 0.7613 -0.5233 -2.6925
v 0.8061 -0.4855 -2.7161
v 0.8503 -0.4472 -2.7401
v 0.8939 -0.4085 -2.7643
v 0.9371 -0.3694 -2.7887
v 0.9800 -0.3301 -2.8132
v 1.0227 -0.2907 -2.8379
v 1.0652 -0.2511 -2.8626
v 1.1076 -0.2114 -2.8874
v 1.1500 -0.1717 -2.9122
v 1.1923 -0.1320 -2.9370
v 1.2346 -0.0922 -2.9619
v 0.0563 -1.1738 -2.1721
v 0.0730 -1.1568 -2.1827
v 0.0893 -1.1395 -2.1935
v 0.1051 -1.1218 -2.2046
v 0.1203 -1.1036 -2.2159
v 0.1347 -1.0849 -2.2276
v 0.1483 -1.0655 -2.2398
v 0.1609 -1.0453 -2.2524
v 0.1725 -1.0244 -2.2654
v 0.1832 -1.0029 -2.2789
v 0.1932 -0.9807 -2.2927
v 0.2027 -0.9583 -2.3067
v 0.2123 -0.9358 -2.3208
v 0.2223 -0.9137 -2.3346
v 0.2333 -0.8923 -2.3479
v 0.2457 -0.8721 -2.3606
v 0.2599 -0.8532 -2.3724
v 0.2763 -0.8359 -2.3832
v 0.2948 -0.8203 -2.3929
v 0.3154 -0.8063 -2.4017
v 0.3379 -0.7938 -2.4096
v 0.3903 -0.7555 -2.4335
v 0.4437 -0.7179 -2.4569
v 0.4975 -0.6807 -2.4802
v 0.5513 -0.6435 -2.5035
v 0.6046 -0.6059 -2.5269
v 0.6573 -0.5678 -2.5507
v 0.7090 -0.5291 -2.5750
v 0.7598 -0.4895 -2.5997
v 0.8096 -0.4493 -2.6248
v 0.8585 -0.4083 -2.6504
v 0.9067 -0.3668 -2.6763
v 0.9542 -0.3248 -2.7026
v 1.0013 -0.2825 -2.7290
v 1.0480 -0.2398 -2.7557
v 1.0944 -0.1970 -2.7825
v 1.1406 -0.1540 -2.8093
v 1.1867 -0.1109 -2.8363
v 1.2328 -0.0677 -2.8632
v 1.2787 -0.0245 -2.8902
v 1.3247 0.0187 -2.9172
v 0.0461 -1.1555 -2.0696
v 0.0640 -1.1372 -2.0810
v 0.0815 -1.1185 -2.0927
v 0.0983 -1.0994 -2.1046
v 0.1145 -1.0797 -2.1169
v 0.1297 -1.0594 -2.1296
v 0.1439 -1.0382 -2.1428
v 0.1570 -1.0163 -2.1566
v 0.1690 -0.9934 -2.1708
v 0.1799 -0.9698 -2.1856
v 0.1900 -0.9455 -2.2008
v 0.1996 -0.9209 -2.2162
v 0.2092 -0.8962 -2.2316
v 0.2194 -0.8720 -2.2467
v 0.2306 -0.8486 -2.2614
v 0.2435 -0.8264 -2.2752
v 0.2585 -0.8059 -2.2880
v 0.2760 -0.7873 -2.2996
v 0.2960 -0.7706 -2.3101
v 0.3185 -0.7558 -2.3193
v 0.3431 -0.7426 -2.3276
v 0.4000 -0.7019 -2.3530
v 0.4580 -0.6620 -2.3780
v 0.5165 -0.6225 -2.4026
v 0.5750 -0.5830 -2.4273
v 0.6330 -0.5431 -2.4522
v 0.6901 -0.5026 -2.4776
v 0.7463 -0.4613 -2.5034
v 0.8013 -0.4191 -2.5297
v 0.8551 -0.3761 -2.5566
v 0.9080 -0.3323 -2.5840
v 0.9600 -0.2878 -2.6118
v 1.0112 -0.2427 -2.6399
v 1.0619 -0.1973 -2.6683
v 1.1121 -0.1515 -2.6970
v 1.1621 -0.1054 -2.7257
v 1.2118 -0.0592 -2.7546
v 1.2614 -0.0129 -2.7835
v 1.3109 0.0334 -2.8125
v 1.3603 0.0799 -2.8415
v 1.4097 0.1263 -2.8705
v 0.0366 -1.1340 -1.9691
v 0.0555 -1.1144 -1.9813
v 0.0740 -1.0945 -1.9938
v 0.0918 -1.0740 -2.0066
v 0.1087 -1.0529 -2.0198
v 0.1246 -1.0309 -2.0335
v 0.1393 -1.0081 -2.0477
v 0.1528 -0.9843 -2.0626
v 0.1649 -0.9596 -2.0781
v 0.1759 -0.9339 -2.0941
v 0.1859 -0.9075 -2.1106
v 0.1953 -0.8806 -2.1274
v 0.2047 -0.8537 -2.1442
v 0.2147 -0.8273 -2.1607
v 0.2260 -0.8019 -2.1766
v 0.2392 -0.7780 -2.1915
v 0.2549 -0.7559 -2.2053
v 0.2734 -0.7360 -2.2178
v 0.2949 -0.7183 -2.2288
v 0.3191 -0.7027 -2.2385
v 0.3458 -0.6891 -2.2471
v 0.4070 -0.6462 -2.2739
v 0.4695 -0.6043 -2.3000
v 0.5326 -0.5629 -2.3259
v 0.5957 -0.5214 -2.3518
v 0.6582 -0.4796 -2.3780
v 0.7198 -0.4370 -2.4046
v 0.7801 -0.3934 -2.4318
v 0.8392 -0.3489 -2.4596
v 0.8969 -0.3034 -2.4881
v 0.9535 -0.2570 -2.5171
v 1.0091 -0.2098 -2.5465
v 1.0638 -0.1620 -2.5764
v 1.1179 -0.1137 -2.6066
v 1.1715 -0.0650 -2.6370
v 1.2247 -0.0160 -2.6676
v 1.2777 0.0331 -2.6984
v 1.3305 0.0824 -2.7292
v 1.3832 0.1318 -2.7600
v 1.4358 0.1812 -2.7909
v 1.4884 0.2306 -2.8218
v 0.0272 -1.1084 -1.8711
v 0.0472 -1.0877 -1.8841
v 0.0666 -1.0666 -1.8972
v 0.0852 -1.0449 -1.9108
v 0.1027 -1.0223 -1.9249
v 0.1191 -0.9989 -1.9395
v 0.1341 -0.9744 -1.9548
v 0.1477 -0.9488 -1.9708
v 0.1598 -0.9222 -1.9875
v 0.1705 -0.8944 -2.0048
v 0.1802 -0.8659 -2.0227
v 0.1892 -0.8368 -2.0408
v 0.1981 -0.8077 -2.0590
v 0.2078 -0.7792 -2.0768
v 0.2189 -0.7517 -2.0940
v 0.2323 -0.7260 -2.1101
v 0.2485 -0.7024 -2.1248
v 0.2678 -0.6813 -2.1380
v 0.2906 -0.6627 -2.1496
v 0.3166 -0.6466 -2.1597
v 0.3454 -0.6327 -2.1684
v 0.4107 -0.5880 -2.1963
v 0.4776 -0.5445 -2.2235
v 0.5451 -0.5015 -2.2503
v 0.6126 -0.4585 -2.2772
v 0.6795 -0.4150 -2.3044
v 0.7453 -0.3707 -2.3321
v 0.8097 -0.3253 -2.3604
v 0.8726 -0.2788 -2.3895
v 0.9340 -0.2311 -2.4193
v 0.9941 -0.1824 -2.4497
v 1.0530 -0.1329 -2.4807
v 1.1109 -0.0826 -2.5121
v 1.1681 -0.0317 -2.5439
v 1.2247 0.0196 -2.5760
v 1.2810 0.0713 -2.6083
v 1.3369 0.1231 -2.6407
v 1.3927 0.1751 -2.6731
v 1.4483 0.2272 -2.7057
v 1.5038 0.2793 -2.7383
v 1.5593 0.3315 -2.7709
v 0.0177 -1.0780 -1.7762
v 0.0386 -1.0563 -1.7897
v 0.0588 -1.0342 -1.8036
v 0.0781 -1.0113 -1.8178
v 0.0961 -0.9875 -1.8327
v 0.1127 -0.9625 -1.8483
v 0.1278 -0.9364 -1.8646
v 0.1412 -0.9091 -1.8817
v 0.1531 -0.8805 -1.8996
v 0.1633 -0.8508 -1.9181
v 0.1724 -0.8201 -1.9373
v 0.1807 -0.7888 -1.9569
v 0.1890 -0.7575 -1.9764
v 0.1980 -0.7269 -1.9956
v 0.2088 -0.6975 -2.0139
v 0.2220 -0.6700 -2.0311
v 0.2385 -0.6450 -2.0468
v 0.2586 -0.6227 -2.0606
v 0.2826 -0.6034 -2.0727
v 0.3102 -0.5869 -2.0830
v 0.3411 -0.5729 -2.0918
v 0.4104 -0.5269 -2.1205
v 0.4814 -0.4821 -2.1485
v 0.5532 -0.4380 -2.1761
v 0.6249 -0.3939 -2.2037
v 0.6959 -0.3491 -2.2316
v 0.7657 -0.3035 -2.2601
v 0.8339 -0.2566 -2.2894
v 0.9004 -0.2084 -2.3195
v 0.9652 -0.1590 -2.3504
v 1.0285 -0.1084 -2.3820
v 1.0905 -0.0568 -2.4143
v 1.1514 -0.0043 -2.4471
v 1.2114 0.0488 -2.4803
v 1.2707 0.1025 -2.5138
v 1.3296 0.1564 -2.5475
v 1.3882 0.2106 -2.5814
v 1.4466 0.2650 -2.6154
v 1.5048 0.3195 -2.6494
v 1.5629 0.3741 -2.6835
v 1.6210 0.4286 -2.7176
v 0.0078 -1.0419 -1.6848
v 0.0295 -1.0195 -1.6988
v 0.0506 -0.9965 -1.7131
v 0.0704 -0.9727 -1.7280
v 0.0886 -0.9476 -1.7437
v 0.1051 -0.9211 -1.7602
v 0.1199 -0.8934 -1.7776
v 0.1330 -0.8644 -1.7957
v 0.1443 -0.8340 -1.8147
v 0.1539 -0.8023 -1.8345
v 0.1620 -0.7695 -1.8550
v 0.1694 -0.7361 -1.8759
v 0.1767 -0.7026 -1.8968
v 0.1849 -0.6698 -1.9173
v 0.1950 -0.6385 -1.9368
v 0.2079 -0.6094 -1.9551
v 0.2245 -0.5830 -1.9715
v 0.2452 -0.5598 -1.9860
v 0.2703 -0.5399 -1.9985
v 0.2994 -0.5232 -2.0089
v 0.3323 -0.5092 -2.0176
v 0.4053 -0.4623 -2.0470
v 0.4802 -0.4168 -2.0754
v 0.5560 -0.3719 -2.1034
v 0.6317 -0.3271 -2.1314
v 0.7067 -0.2816 -2.1599
v 0.7802 -0.2351 -2.1890
v 0.8519 -0.1871 -2.2189
v 0.9217 -0.1377 -2.2498
v 0.9897 -0.0869 -2.2815
v 1.0558 -0.0348 -2.3141
v 1.1205 0.0186 -2.3474
v 1.1840 0.0728 -2.3813
v 1.2464 0.1278 -2.4157
v 1.3082 0.1834 -2.4504
v 1.3694 0.2393 -2.4854
v 1.4302 0.2955 -2.5205
v 1.4909 0.3520 -2.5558
v 1.5513 0.4085 -2.5911
v 1.6117 0.4651 -2.6265
v 1.6720 0.5218 -2.6619
v 0.0065 -0.9923 -1.6019
v 0.0287 -0.9697 -1.6159
v 0.0501 -0.9467 -1.6304
v 0.0701 -0.9224 -1.6455
v 0.0878 -0.8965 -1.6617
v 0.1033 -0.8689 -1.6789
v 0.1171 -0.8399 -1.6970
v 0.1291 -0.8096 -1.7160
v 0.1391 -0.7778 -1.7359
v 0.1473 -0.7446 -1.7566
v 0.1539 -0.7102 -1.7781
v 0.1595 -0.6750 -1.8001
v 0.1652 -0.6399 -1.8221
v 0.1718 -0.6055 -1.8436
v 0.1806 -0.5727 -1.8640
v 0.1925 -0.5424 -1.8830
v 0.2086 -0.5152 -1.9000
v 0.2293 -0.4915 -1.9148
v 0.2548 -0.4716 -1.9272
v 0.2851 -0.4552 -1.9375
v 0.3194 -0.4419 -1.9457
v 0.3946 -0.3956 -1.9747
v 0.4720 -0.3508 -2.0027
v 0.5505 -0.3068 -2.0302
v 0.6288 -0.2628 -2.0577
v 0.7062 -0.2181 -2.0856
v 0.7821 -0.1722 -2.1143
v 0.8559 -0.1247 -2.1440
v 0.9276 -0.0756 -2.1746
v 0.9972 -0.0249 -2.2063
v 1.0648 0.0274 -2.2390
v 1.1307 0.0809 -2.2724
v 1.1952 0.1355 -2.3065
v 1.2586 0.1909 -2.3412
v 1.3212 0.2469 -2.3762
v 1.3832 0.3034 -2.4115
v 1.4448 0.3602 -2.4470
v 1.5062 0.4172 -2.4826
v 1.5673 0.4744 -2.5183
v 1.6284 0.5316 -2.5541
v 1.6893 0.5889 -2.5899
v 0.0106 -0.9375 -1.5222
v 0.0332 -0.9153 -1.5360
v 0.0551 -0.8926 -1.5502
v 0.0750 -0.8683 -1.5654
v 0.0917 -0.8416 -1.5821
v 0.1058 -0.8128 -1.6000
v 0.1178 -0.7826 -1.6189
v 0.1282 -0.7511 -1.6386
v 0.1366 -0.7180 -1.6593
v 0.1430 -0.6835 -1.6809
v 0.1477 -0.6476 -1.7033
v 0.1513 -0.6109 -1.7262
v 0.1549 -0.5741 -1.7492
v 0.1596 -0.5382 -1.7716
v 0.1666 -0.5042 -1.7929
v 0.1773 -0.4729 -1.8125
v 0.1925 -0.4450 -1.8299
v 0.2129 -0.4211 -1.8448
v 0.2388 -0.4014 -1.8571
v 0.2699 -0.3857 -1.8669
v 0.3055 -0.3734 -1.8746
v 0.3824 -0.3283 -1.9028
v 0.4618 -0.2851 -1.9298
v 0.5422 -0.2427 -1.9563
v 0.6226 -0.2002 -1.9828
v 0.7020 -0.1570 -2.0099
v 0.7796 -0.1124 -2.0377
v 0.8549 -0.0661 -2.0667
v 0.9279 -0.0179 -2.0967
v 0.9985 0.0320 -2.1280
v 1.0668 0.0837 -2.1602
v 1.1333 0.1367 -2.1934
v 1.1983 0.1910 -2.2273
v 1.2620 0.2462 -2.2618
v 1.3248 0.3021 -2.2967
v 1.3869 0.3585 -2.3319
v 1.4486 0.4152 -2.3674
v 1.5100 0.4722 -2.4030
v 1.5712 0.5293 -2.4387
v 1.6323 0.5865 -2.4744
v 1.6932 0.6438 -2.5102
v 0.0152 -0.8826 -1.4425
v 0.0387 -0.8611 -1.4559
v 0.0616 -0.8392 -1.4696
v 0.0816 -0.8150 -1.4848
v 0.0972 -0.7874 -1.5020
v 0.1091 -0.7570 -1.5210
v 0.1190 -0.7251 -1.5409
v 0.1275 -0.6922 -1.5615
v 0.1341 -0.6578 -1.5830
v 0.1386 -0.6218 -1.6055
v 0.1413 -0.5843 -1.6289
v 0.1427 -0.5460 -1.6529
v 0.1441 -0.5076 -1.6768
v 0.1468 -0.4702 -1.7002
v 0.1521 -0.4347 -1.7223
v 0.1614 -0.4024 -1.7426
v 0.1757 -0.3739 -1.7604
v 0.1959 -0.3498 -1.7755
v 0.2220 -0.3303 -1.7876
v 0.2540 -0.3152 -1.7970
v 0.2910 -0.3040 -1.8041
v 0.3697 -0.2603 -1.8314
v 0.4510 -0.2185 -1.8574
v 0.5336 -0.1778 -1.8829
v 0.6162 -0.1370 -1.9084
v 0.6976 -0.0953 -1.9345
v 0.7770 -0.0521 -1.9615
v 0.8540 -0.0070 -1.9896
v 0.9283 0.0401 -2.0191
v 0.9999 0.0893 -2.0498
v 1.0691 0.1403 -2.0817
v 1.1362 0.1929 -2.1145
v 1.2016 0.2468 -2.1482
v 1.2656 0.3018 -2.1826
v 1.3286 0.3575 -2.2174
v 1.3909 0.4138 -2.2526
v 1.4527 0.4705 -2.2880
v 1.5141 0.5274 -2.3236
v 1.5753 0.5845 -2.3592
v 1.6364 0.6417 -2.3950
v 1.6974 0.6990 -2.4308
v 0.0205 -0.8279 -1.3627
v 0.0455 -0.8075 -1.3755
v 0.0701 -0.7868 -1.3884
v 0.0906 -0.7630 -1.4033
v 0.1046 -0.7342 -1.4213
v 0.1136 -0.7017 -1.4416
v 0.1207 -0.6676 -1.4629
v 0.1269 -0.6329 -1.4846
v 0.1317 -0.5971 -1.5070
v 0.1342 -0.5595 -1.5304
v 0.1347 -0.5205 -1.5548
v 0.1339 -0.4804 -1.5799
v 0.1331 -0.4403 -1.6049
v 0.1337 -0.4013 -1.6293
v 0.1371 -0.3645 -1.6523
v 0.1450 -0.3310 -1.6732
v 0.1584 -0.3018 -1.6915
v 0.1782 -0.2775 -1.7067
v 0.2047 -0.2582 -1.7187
v 0.2375 -0.2438 -1.7277
v 0.2760 -0.2337 -1.7340
v 0.3565 -0.1914 -1.7605
v 0.4400 -0.1513 -1.7855
v 0.5248 -0.1122 -1.8099
v 0.6096 -0.0731 -1.8344
v 0.6931 -0.0331 -1.8594
v 0.7745 0.0087 -1.8855
v 0.8531 0.0525 -1.9129
v 0.9287 0.0986 -1.9417
v 1.0015 0.1469 -1.9719
v 1.0715 0.1972 -2.0033
v 1.1393 0.2494 -2.0359
v 1.2051 0.3029 -2.0693
v 1.2695 0.3576 -2.1035
v 1.3327 0.4132 -2.1382
v 1.3951 0.4694 -2.1733
v 1.4570 0.5260 -2.2087
v 1.5185 0.5829 -2.2443
v 1.5798 0.6399 -2.2799
v 1.6409 0.6971 -2.3157
v 1.7019 0.7544 -2.3514
v 0.0267 -0.7734 -1.2829
v 0.0540 -0.7547 -1.2945
v 0.0813 -0.7361 -1.3061
v 0.1027 -0.7130 -1.3206
v 0.1146 -0.6826 -1.3396
v 0.1198 -0.6471 -1.3618
v 0.1232 -0.6103 -1.3848
v 0.1267 -0.5735 -1.4078
v 0.1293 -0.5360 -1.4312
v 0.1298 -0.4969 -1.4556
v 0.1281 -0.4561 -1.4811
v 0.1250 -0.4143 -1.5072
v 0.1219 -0.3725 -1.5334
v 0.1203 -0.3318 -1.5588
v 0.1218 -0.2935 -1.5827
v 0.1282 -0.2589 -1.6043
v 0.1407 -0.2290 -1.6230
v 0.1602 -0.2045 -1.6384
v 0.1870 -0.1854 -1.6502
v 0.2208 -0.1718 -1.6588
v 0.2607 -0.1628 -1.6644
v 0.3431 -0.1219 -1.6900
v 0.4288 -0.0834 -1.7140
v 0.5159 -0.0461 -1.7373
v 0.6030 -0.0088 -1.7606
v 0.6887 0.0296 -1.7846
v 0.7720 0.0699 -1.8098
v 0.8523 0.1124 -1.8363
v 0.9294 0.1574 -1.8645
v 1.0032 0.2048 -1.8941
v 1.0742 0.2545 -1.9251
v 1.1426 0.3061 -1.9574
v 1.2089 0.3593 -1.9906
v 1.2736 0.4137 -2.0247
v 1.3371 0.4691 -2.0593
v 1.3996 0.5252 -2.0943
v 1.4616 0.5817 -2.1296
v 1.5232 0.6386 -2.1651
v 1.5844 0.6956 -2.2008
v 1.6456 0.7528 -2.2365
v 1.7067 0.8100 -2.2722
v 0.0339 -0.7191 -1.2028
v 0.0645 -0.7030 -1.2129
v 0.0956 -0.6873 -1.2227
v 0.1185 -0.6653 -1.2364
v 0.1278 -0.6330 -1.2567
v 0.1279 -0.5936 -1.2813
v 0.1266 -0.5531 -1.3065
v 0.1269 -0.5139 -1.3311
v 0.1271 -0.4746 -1.3556
v 0.1254 -0.4339 -1.3811
v 0.1215 -0.3914 -1.4076
v 0.1161 -0.3478 -1.4348
v 0.1106 -0.3042 -1.4621
v 0.1068 -0.2618 -1.4886
v 0.1065 -0.2221 -1.5134
v 0.1114 -0.1863 -1.5357
v 0.1229 -0.1557 -1.5549
v 0.1421 -0.1309 -1.5704
v 0.1692 -0.1121 -1.5821
v 0.2039 -0.0992 -1.5902
v 0.2453 -0.0913 -1.5951
v 0.3297 -0.0519 -1.6197
v 0.4175 -0.0151 -1.6427
v 0.5070 0.0204 -1.6649
v 0.5964 0.0559 -1.6871
v 0.6843 0.0927 -1.7101
v 0.7697 0.1314 -1.7343
v 0.8517 0.1726 -1.7600
v 0.9302 0.2165 -1.7874
v 1.0052 0.2630 -1.8165
v 1.0771 0.3120 -1.8471
v 1.1462 0.3631 -1.8791
v 1.2130 0.4159 -1.9121
v 1.2780 0.4701 -1.9459
v 1.3417 0.5253 -1.9804
v 1.4044 0.5813 -2.0154
v 1.4665 0.6377 -2.0507
v 1.5281 0.6946 -2.0862
v 1.5894 0.7516 -2.1218
v 1.6505 0.8087 -2.1575
v 1.7164 0.8623 -2.1910
v 0.0421 -0.6652 -1.1226
v 0.0771 -0.6525 -1.1305
v 0.1133 -0.6406 -1.1379
v 0.1383 -0.6202 -1.1507
v 0.1443 -0.5854 -1.1724
v 0.1381 -0.5412 -1.2001
v 0.1310 -0.4963 -1.2281
v 0.1275 -0.4542 -1.2544
v 0.1252 -0.4129 -1.2802
v 0.1213 -0.3705 -1.3067
v 0.1152 -0.3264 -1.3343
v 0.1074 -0.2810 -1.3627
v 0.0996 -0.2355 -1.3911
v 0.0935 -0.1915 -1.4186
v 0.0913 -0.1503 -1.4443
v 0.0946 -0.1134 -1.4674
v 0.1052 -0.0820 -1.4870
v 0.1241 -0.0569 -1.5027
v 0.1515 -0.0384 -1.5142
v 0.1872 -0.0262 -1.5219
v 0.2301 -0.0195 -1.5260
v 0.3164 0.0184 -1.5498
v 0.4065 0.0535 -1.5717
v 0.4983 0.0872 -1.5927
v 0.5901 0.1210 -1.6138
v 0.6802 0.1560 -1.6357
v 0.7675 0.1932 -1.6589
v 0.8513 0.2331 -1.6839
v 0.9313 0.2758 -1.7106
v 1.0075 0.3215 -1.7391
v 1.0802 0.3698 -1.7693
v 1.1500 0.4204 -1.8009
v 1.2173 0.4728 -1.8337
v 1.2826 0.5268 -1.8674
v 1.3466 0.5818 -1.9018
v 1.4095 0.6376 -1.9367
v 1.4716 0.6940 -1.9719
v 1.5333 0.7508 -2.0074
v 1.5946 0.8078 -2.0430
v 1.6577 0.8634 -2.0778
v 1.7353 0.9080 -2.1056
v 0.0513 -0.6116 -1.0421
v 0.0917 -0.6029 -1.0475
v 0.1342 -0.5959 -1.0519
v 0.1617 -0.5775 -1.0634
v 0.1640 -0.5398 -1.0870
v 0.1503 -0.4898 -1.1182
v 0.1364 -0.4398 -1.1495
v 0.1286 -0.3944 -1.1779
v 0.1237 -0.3511 -1.2049
v 0.1176 -0.3070 -1.2324
v 0.1092 -0.2611 -1.2611
v 0.0991 -0.2140 -1.2906
v 0.0889 -0.1667 -1.3201
v 0.0807 -0.1210 -1.3487
v 0.0765 -0.0783 -1.3754
v 0.0784 -0.0403 -1.3991
v 0.0880 -0.0082 -1.4192
v 0.1065 0.0171 -1.4350
v 0.1343 0.0354 -1.4464
v 0.1709 0.0469 -1.4536
v 0.2153 0.0524 -1.4571
v 0.3035 0.0889 -1.4799
v 0.3958 0.1223 -1.5007
v 0.4900 0.1542 -1.5207
v 0.5841 0.1862 -1.5406
v 0.6764 0.2196 -1.5615
v 0.7658 0.2552 -1.5838
v 0.8513 0.2938 -1.6078
v 0.9327 0.3354 -1.6339
v 1.0100 0.3802 -1.6619
v 1.0837 0.4278 -1.6916
v 1.1541 0.4779 -1.7229
v 1.2219 0.5300 -1.7555
v 1.2876 0.5837 -1.7890
v 1.3517 0.6385 -1.8233
v 1.4148 0.6942 -1.8581
v 1.4770 0.7506 -1.8933
v 1.5387 0.8073 -1.9287
v 1.6003 0.8641 -1.9642
v 1.6734 0.9121 -1.9943
v 1.7645 0.9464 -2.0157
v 0.0613 -0.5581 -0.9616
v 0.1078 -0.5541 -0.9641
v 0.1574 -0.5525 -0.9651
v 0.1879 -0.5363 -0.9752
v 0.1861 -0.4955 -1.0007
v 0.1640 -0.4392 -1.0359
v 0.1427 -0.3835 -1.0707
v 0.1303 -0.3345 -1.1013
v 0.1226 -0.2892 -1.1296
v 0.1143 -0.2434 -1.1583
v 0.1037 -0.1958 -1.1880
v 0.0913 -0.1469 -1.2185
v 0.0789 -0.0979 -1.2491
v 0.0685 -0.0505 -1.2788
v 0.0624 -0.0064 -1.3063
v 0.0628 0.0327 -1.3308
v 0.0715 0.0655 -1.3513
v 0.0897 0.0911 -1.3673
v 0.1178 0.1091 -1.3785
v 0.1554 0.1199 -1.3853
v 0.2012 0.1243 -1.3880
v 0.2913 0.1594 -1.4099
v 0.3858 0.1911 -1.4298
v 0.4822 0.2213 -1.4486
v 0.5786 0.2515 -1.4675
v 0.6731 0.2832 -1.4873
v 0.7644 0.3174 -1.5087
v 0.8516 0.3546 -1.5319
v 0.9344 0.3952 -1.5573
v 1.0129 0.4391 -1.5848
v 1.0874 0.4861 -1.6141
v 1.1585 0.5357 -1.6451
v 1.2267 0.5874 -1.6774
v 1.2928 0.6408 -1.7108
v 1.3572 0.6955 -1.7449
v 1.4203 0.7511 -1.7797
v 1.4827 0.8073 -1.8148
v 1.5445 0.8640 -1.8502
v 1.6106 0.9174 -1.8836
v 1.6983 0.9543 -1.9066
v 1.8018 0.9791 -1.9221
v 0.0717 -0.5044 -0.8812
v 0.1244 -0.5052 -0.8807
v 0.1813 -0.5092 -0.8782
v 0.2150 -0.4954 -0.8868
v 0.2090 -0.4514 -0.9143
v 0.1784 -0.3886 -0.9536
v 0.1496 -0.3271 -0.9920
v 0.1325 -0.2746 -1.0248
v 0.1220 -0.2272 -1.0544
v 0.1116 -0.1798 -1.0841
v 0.0989 -0.1306 -1.1148
v 0.0843 -0.0800 -1.1464
v 0.0696 -0.0293 -1.1781
v 0.0571 0.0197 -1.2087
v 0.0493 0.0652 -1.2371
v 0.0483 0.1054 -1.2623
v 0.0561 0.1389 -1.2832
v 0.0740 0.1647 -1.2993
v 0.1024 0.1825 -1.3104
v 0.1408 0.1926 -1.3167
v 0.1881 0.1959 -1.3188
v 0.2800 0.2296 -1.3399
v 0.3765 0.2597 -1.3587
v 0.4753 0.2882 -1.3765
v 0.5739 0.3167 -1.3943
v 0.6707 0.3467 -1.4130
v 0.7641 0.3792 -1.4334
v 0.8532 0.4150 -1.4557
v 0.9377 0.4543 -1.4803
v 1.0174 0.4973 -1.5072
v 1.0926 0.5437 -1.5361
v 1.1640 0.5930 -1.5670
v 1.2324 0.6446 -1.5992
v 1.2985 0.6980 -1.6326
v 1.3630 0.7526 -1.6667
v 1.4262 0.8082 -1.7014
v 1.4886 0.8644 -1.7365
v 1.5511 0.9205 -1.7716
v 1.6271 0.9663 -1.8002
v 1.7300 0.9916 -1.8160
v 1.8424 1.0097 -1.8273
v 0.0821 -0.4503 -0.8011
v 0.1405 -0.4555 -0.7978
v 0.2041 -0.4646 -0.7921
v 0.2406 -0.4530 -0.7994
v 0.2308 -0.4060 -0.8288
v 0.1924 -0.3372 -0.8717
v 0.1565 -0.2704 -0.9135
v 0.1351 -0.2146 -0.9484
v 0.1221 -0.1652 -0.9792
v 0.1097 -0.1162 -1.0098
v 0.0949 -0.0655 -1.0415
v 0.0782 -0.0133 -1.0741
v 0.0615 0.0389 -1.1068
v 0.0470 0.0894 -1.1384
v 0.0374 0.1362 -1.1676
v 0.0351 0.1775 -1.1934
v 0.0421 0.2116 -1.2147
v 0.0597 0.2376 -1.2310
v 0.0883 0.2552 -1.2419
v 0.1276 0.2647 -1.2478
v 0.1763 0.2670 -1.2493
v 0.2699 0.2993 -1.2695
v 0.3684 0.3280 -1.2874
v 0.4693 0.3547 -1.3041
v 0.5704 0.3814 -1.3208
v 0.6697 0.4094 -1.3383
v 0.7660 0.4398 -1.3573
v 0.8580 0.4734 -1.3782
v 0.9449 0.5108 -1.4017
v 1.0261 0.5527 -1.4278
v 1.1017 0.5988 -1.4566
v 1.1725 0.6486 -1.4877
v 1.2400 0.7009 -1.5204
v 1.3054 0.7548 -1.5541
v 1.3694 0.8097 -1.5884
v 1.4325 0.8654 -1.6232
v 1.4948 0.9217 -1.6584
v 1.5601 0.9757 -1.6921
v 1.6479 1.0125 -1.7151
v 1.7637 1.0279 -1.7248
v 1.8790 1.0437 -1.7346
v 0.0918 -0.3952 -0.7216
v 0.1548 -0.4039 -0.7162
v 0.2236 -0.4170 -0.7080
v 0.2623 -0.4071 -0.7142
v 0.2493 -0.3577 -0.7450
v 0.2046 -0.2841 -0.7910
v 0.1631 -0.2129 -0.8355
v 0.1381 -0.1544 -0.8721
v 0.1228 -0.1033 -0.9040
v 0.1086 -0.0529 -0.9355
v 0.0920 -0.0007 -0.9680
v 0.0733 0.0529 -1.0016
v 0.0546 0.1067 -1.0352
v 0.0383 0.1586 -1.0676
v 0.0271 0.2066 -1.0976
v 0.0236 0.2488 -1.1240
v 0.0298 0.2835 -1.1457
v 0.0471 0.3097 -1.1621
v 0.0760 0.3271 -1.1729
v 0.1161 0.3360 -1.1784
v 0.1660 0.3374 -1.1793
v 0.2612 0.3685 -1.1988
v 0.3616 0.3956 -1.2157
v 0.4647 0.4208 -1.2315
v 0.5682 0.4456 -1.2470
v 0.6704 0.4714 -1.2631
v 0.7700 0.4992 -1.2805
v 0.8656 0.5300 -1.2997
v 0.9557 0.5651 -1.3216
v 1.0386 0.6056 -1.3469
v 1.1142 0.6518 -1.3758
v 1.1837 0.7026 -1.4075
v 1.2494 0.7562 -1.4411
v 1.3133 0.8113 -1.4755
v 1.3765 0.8669 -1.5102
v 1.4392 0.9228 -1.5452
v 1.5000 0.9802 -1.5810
v 1.5709 1.0300 -1.6121
v 1.6707 1.0576 -1.6294
v 1.7955 1.0661 -1.6347
v 1.9078 1.0842 -1.6460
v 0.1004 -0.3388 -0.6428
v 0.1660 -0.3495 -0.6362
v 0.2380 -0.3650 -0.6265
v 0.2778 -0.3559 -0.6322
v 0.2627 -0.3050 -0.6640
v 0.2141 -0.2284 -0.7119
v 0.1689 -0.1544 -0.7581
v 0.1414 -0.0939 -0.7959
v 0.1243 -0.0414 -0.8287
v 0.1085 0.0101 -0.8609
v 0.0902 0.0636 -0.8943
v 0.0698 0.1186 -0.9287
v 0.0493 0.1737 -0.9631
v 0.0314 0.2269 -0.9963
v 0.0187 0.2760 -1.0270
v 0.0140 0.3190 -1.0539
v 0.0195 0.3543 -1.0760
v 0.0366 0.3807 -1.0925
v 0.0658 0.3979 -1.1032
v 0.1066 0.4062 -1.1084
v 0.1575 0.4067 -1.1087
v 0.2543 0.4367 -1.1275
v 0.3564 0.4626 -1.1436
v 0.4615 0.4862 -1.1584
v 0.5673 0.5092 -1.1728
v 0.6725 0.5327 -1.1875
v 0.7759 0.5576 -1.2030
v 0.8758 0.5852 -1.2203
v 0.9695 0.6175 -1.2405
v 1.0543 0.6566 -1.2649
v 1.1295 0.7030 -1.2939
v 1.1969 0.7554 -1.3266
v 1.2601 0.8110 -1.3613
v 1.3220 0.8676 -1.3967
v 1.3840 0.9241 -1.4320
v 1.4447 0.9816 -1.4679
v 1.5041 1.0401 -1.5045
v 1.5829 1.0838 -1.5318
v 1.6941 1.1027 -1.5436
v 1.8242 1.1072 -1.5464
v 1.9285 1.1314 -1.5615
v 0.1077 -0.2809 -0.5651
v 0.1736 -0.2919 -0.5583
v 0.2459 -0.3076 -0.5484
v 0.2857 -0.2985 -0.5541
v 0.2699 -0.2470 -0.5863
v 0.2201 -0.1695 -0.6347
v 0.1737 -0.0946 -0.6815
v 0.1449 -0.0332 -0.7199
v 0.1267 0.0202 -0.7533
v 0.1095 0.0728 -0.7861
v 0.0897 0.1274 -0.8202
v 0.0678 0.1836 -0.8554
v 0.0457 0.2399 -0.8905
v 0.0263 0.2942 -0.9244
v 0.0124 0.3443 -0.9557
v 0.0067 0.3880 -0.9831
v 0.0115 0.4238 -1.0055
v 0.0284 0.4504 -1.0221
v 0.0578 0.4674 -1.0327
v 0.0993 0.4752 -1.0376
v 0.1512 0.4750 -1.0374
v 0.2492 0.5040 -1.0556
v 0.3529 0.5287 -1.0710
v 0.4598 0.5509 -1.0849
v 0.5680 0.5722 -1.0982
v 0.6762 0.5933 -1.1114
v 0.7836 0.6152 -1.1250
v 0.8880 0.6393 -1.1401
v 0.9857 0.6686 -1.1584
v 1.0725 0.7061 -1.1819
v 1.1470 0.7530 -1.2112
v 1.2119 0.8073 -1.2451
v 1.2720 0.8653 -1.2813
v 1.3315 0.9237 -1.3178
v 1.3917 0.9816 -1.3540
v 1.4461 1.0439 -1.3929
v 1.5074 1.1009 -1.4286
v 1.5955 1.1375 -1.4514
v 1.7164 1.1490 -1.4586
v 1.8472 1.1530 -1.4611
v 1.9388 1.1869 -1.4823
v 0.1137 -0.2213 -0.4884
v 0.1777 -0.2307 -0.4826
v 0.2475 -0.2445 -0.4739
v 0.2860 -0.2345 -0.4802
v 0.2708 -0.1835 -0.5120
v 0.2228 -0.1073 -0.5596
v 0.1776 -0.0334 -0.6058
v 0.1490 0.0279 -0.6441
v 0.1301 0.0818 -0.6778
v 0.1118 0.1352 -0.7111
v 0.0908 0.1907 -0.7458
v 0.0675 0.2478 -0.7816
v 0.0442 0.3051 -0.8173
v 0.0235 0.3603 -0.8518
v 0.0085 0.4112 -0.8837
v 0.0020 0.4557 -0.9114
v 0.0063 0.4918 -0.9340
v 0.0229 0.5185 -0.9507
v 0.0525 0.5354 -0.9612
v 0.0945 0.5428 -0.9659
v 0.1473 0.5419 -0.9653
v 0.2463 0.5700 -0.9829
v 0.3513 0.5937 -0.9976
v 0.4598 0.6146 -1.0107
v 0.5701 0.6342 -1.0230
v 0.6813 0.6530 -1.0347
v 0.7928 0.6717 -1.0464
v 0.9019 0.6922 -1.0592
v 1.0036 0.7183 -1.0756
v 1.0923 0.7544 -1.0981
v 1.1659 0.8020 -1.1278
v 1.2278 0.8585 -1.1631
v 1.2844 0.9191 -1.2010
v 1.3411 0.9796 -1.2388
v 1.3945 1.0425 -1.2781
v 1.4442 1.1084 -1.3193
v 1.5101 1.1619 -1.3527
v 1.6078 1.1910 -1.3709
v 1.7355 1.1973 -1.3748
v 1.8613 1.2051 -1.3797
v 1.9456 1.2445 -1.4043
v 0.1189 -0.1600 -0.4128
v 0.1787 -0.1662 -0.4089
v 0.2436 -0.1764 -0.4025
v 0.2796 -0.1645 -0.4100
v 0.2664 -0.1150 -0.4409
v 0.2226 -0.0422 -0.4864
v 0.1809 0.0291 -0.5309
v 0.1537 0.0893 -0.5685
v 0.1346 0.1432 -0.6022
v 0.1156 0.1971 -0.6359
v 0.0936 0.2533 -0.6710
v 0.0692 0.3113 -0.7073
v 0.0448 0.3693 -0.7435
v 0.0231 0.4253 -0.7785
v 0.0072 0.4768 -0.8107
v 0.0000 0.5217 -0.8388
v 0.0038 0.5582 -0.8615
v 0.0203 0.5850 -0.8783
v 0.0500 0.6017 -0.8887
v 0.0924 0.6088 -0.8931
v 0.1458 0.6073 -0.8922
v 0.2457 0.6347 -0.9094
v 0.3518 0.6574 -0.9236
v 0.4616 0.6772 -0.9359
v 0.5737 0.6953 -0.9472
v 0.6879 0.7118 -0.9575
v 0.8033 0.7273 -0.9672
v 0.9171 0.7441 -0.9777
v 1.0226 0.7671 -0.9921
v 1.1129 0.8019 -1.0138
v 1.1852 0.8503 -1.0441
v 1.2438 0.9093 -1.0809
v 1.2967 0.9726 -1.1205
v 1.3483 1.0368 -1.1606
v 1.3920 1.1071 -1.2045
v 1.4400 1.1741 -1.2464
v 1.5124 1.2225 -1.2766
v 1.6191 1.2446 -1.2905
v 1.7496 1.2487 -1.2930
v 1.8679 1.2620 -1.3014
v 1.9518 1.3016 -1.3261
v 0.1236 -0.0973 -0.3380
v 0.1777 -0.0993 -0.3368
v 0.2359 -0.1044 -0.3336
v 0.2687 -0.0901 -0.3425
v 0.2582 -0.0428 -0.3721
v 0.2207 0.0252 -0.4146
v 0.1841 0.0925 -0.4566
v 0.1592 0.1508 -0.4930
v 0.1404 0.2044 -0.5265
v 0.1209 0.2587 -0.5604
v 0.0982 0.3153 -0.5958
v 0.0730 0.3739 -0.6324
v 0.0478 0.4324 -0.6690
v 0.0254 0.4889 -0.7043
v 0.0088 0.5409 -0.7368
v 0.0010 0.5861 -0.7651
v 0.0045 0.6228 -0.7880
v 0.0209 0.6496 -0.8047
v 0.0506 0.6662 -0.8151
v 0.0933 0.6730 -0.8193
v 0.1471 0.6711 -0.8182
v 0.2476 0.6979 -0.8349
v 0.3543 0.7199 -0.8486
v 0.4652 0.7387 -0.8604
v 0.5790 0.7553 -0.8707
v 0.6958 0.7696 -0.8797
v 0.8151 0.7820 -0.8874
v 0.9332 0.7952 -0.8957
v 1.0423 0.8154 -0.9083
v 1.1338 0.8490 -0.9293
v 1.2044 0.8986 -0.9603
v 1.2594 0.9600 -0.9987
v 1.3082 1.0262 -1.0401
v 1.3495 1.0982 -1.0850
v 1.3857 1.1740 -1.1324
v 1.4348 1.2400 -1.1737
v 1.5149 1.2823 -1.2001
v 1.6289 1.2987 -1.2103
v 1.7574 1.3041 -1.2137
v 1.8738 1.3187 -1.2228
v 1.9575 1.3582 -1.2475
v 0.1283 -0.0336 -0.2638
v 0.1760 -0.0308 -0.2656
v 0.2266 -0.0302 -0.2660
v 0.2557 -0.0132 -0.2766
v 0.2485 0.0315 -0.3045
v 0.2182 0.0938 -0.3435
v 0.1877 0.1564 -0.3826
v 0.1657 0.2124 -0.4176
v 0.1476 0.2654 -0.4507
v 0.1279 0.3197 -0.4846
v 0.1047 0.3766 -0.5202
v 0.0790 0.4354 -0.5570
v 0.0533 0.4943 -0.5938
v 0.0303 0.5511 -0.6292
v 0.0133 0.6033 -0.6618
v 0.0052 0.6487 -0.6902
v 0.0084 0.6855 -0.7132
v 0.0246 0.7123 -0.7300
v 0.0544 0.7288 -0.7403
v 0.0972 0.7354 -0.7444
v 0.1513 0.7332 -0.7430
v 0.2520 0.7595 -0.7595
v 0.3592 0.7809 -0.7728
v 0.4708 0.7989 -0.7841
v 0.5859 0.8142 -0.7936
v 0.7051 0.8264 -0.8013
v 0.8279 0.8359 -0.8072
v 0.9500 0.8459 -0.8134
v 1.0621 0.8635 -0.8244
v 1.1541 0.8964 -0.8450
v 1.2227 0.9472 -0.8768
v 1.2741 1.0112 -0.9167
v 1.3153 1.0830 -0.9616
v 1.3460 1.1627 -1.0114
v 1.3771 1.2422 -1.0611
v 1.4298 1.3052 -1.1004
v 1.5181 1.3410 -1.1228
v 1.6366 1.3537 -1.1308
v 1.7632 1.3603 -1.1348
v 1.8792 1.3749 -1.1440
v 1.9627 1.4143 -1.1686
v 0.1336 0.0305 -0.1900
v 0.1747 0.0383 -0.1948
v 0.2176 0.0446 -0.1988
v 0.2431 0.0643 -0.2111
v 0.2394 0.1062 -0.2373
v 0.2165 0.1627 -0.2726
v 0.1923 0.2203 -0.3086
v 0.1734 0.2739 -0.3421
v 0.1562 0.3261 -0.3747
v 0.1365 0.3802 -0.4085
v 0.1131 0.4372 -0.4441
v 0.0872 0.4960 -0.4809
v 0.0612 0.5550 -0.5177
v 0.0380 0.6118 -0.5532
v 0.0208 0.6641 -0.5859
v 0.0125 0.7095 -0.6143
v 0.0156 0.7462 -0.6372
v 0.0317 0.7730 -0.6539
v 0.0614 0.7894 -0.6642
v 0.1042 0.7958 -0.6682
v 0.1584 0.7936 -0.6668
v 0.2591 0.8196 -0.6830
v 0.3664 0.8405 -0.6961
v 0.4783 0.8579 -0.7070
v 0.5945 0.8720 -0.7158
v 0.7157 0.8824 -0.7223
v 0.8416 0.8892 -0.7265
v 0.9670 0.8963 -0.7310
v 1.0813 0.9119 -0.7407
v 1.1733 0.9445 -0.7611
v 1.2395 0.9968 -0.7938
v 1.2863 1.0640 -0.8358
v 1.3175 1.1431 -0.8852
v 1.3391 1.2295 -0.9392
v 1.3679 1.3104 -0.9897
v 1.4262 1.3687 -1.0262
v 1.5224 1.3982 -1.0446
v 1.6425 1.4094 -1.0516
v 1.7686 1.4159 -1.0557
v 1.8842 1.4305 -1.0648
v 1.9674 1.4699 -1.0894
v 0.1399 0.0950 -0.1163
v 0.1750 0.1071 -0.1239
v 0.2108 0.1187 -0.1311
v 0.2330 0.1407 -0.1449
v 0.2325 0.1801 -0.1695
v 0.2166 0.2311 -0.2014
v 0.1982 0.2841 -0.2345
v 0.1824 0.3351 -0.2664
v 0.1662 0.3864 -0.2984
v 0.1468 0.4402 -0.3320
v 0.1235 0.4970 -0.3675
v 0.0976 0.5556 -0.4042
v 0.0717 0.6144 -0.4409
v 0.0485 0.6710 -0.4763
v 0.0313 0.7231 -0.5088
v 0.0230 0.7684 -0.5371
v 0.0261 0.8050 -0.5600
v 0.0422 0.8317 -0.5766
v 0.0718 0.8480 -0.5869
v 0.1144 0.8544 -0.5909
v 0.1684 0.8521 -0.5894
v 0.2688 0.8779 -0.6056
v 0.3759 0.8987 -0.6185
v 0.4879 0.9156 -0.6291
v 0.6048 0.9288 -0.6374
v 0.7276 0.9376 -0.6428
v 0.8559 0.9421 -0.6456
v 0.9838 0.9469 -0.6486
v 1.0995 0.9611 -0.6575
v 1.1907 0.9939 -0.6780
v 1.2542 1.0479 -0.7118
v 1.2940 1.1200 -0.7568
v 1.3156 1.2060 -0.8105
v 1.3302 1.2973 -0.8676
v 1.3596 1.3774 -0.9176
v 1.4253 1.4297 -0.9503
v 1.5279 1.4538 -0.9654
v 1.6481 1.4646 -0.9721
v 1.7737 1.4711 -0.9762
v 1.8888 1.4857 -0.9854
v 1.9715 1.5250 -1.0099
v 0.1475 0.1594 -0.0426
v 0.1774 0.1752 -0.0525
v 0.2073 0.1912 -0.0625
v 0.2267 0.2152 -0.0775
v 0.2290 0.2522 -0.1006
v 0.2191 0.2985 -0.1296
v 0.2059 0.3473 -0.1601
v 0.1927 0.3962 -0.1906
v 0.1777 0.4464 -0.2220
v 0.1587 0.4997 -0.2553
v 0.1357 0.5560 -0.2904
v 0.1103 0.6142 -0.3268
v 0.0847 0.6725 -0.3633
v 0.0618 0.7287 -0.3984
v 0.0449 0.7804 -0.4307
v 0.0368 0.8254 -0.4588
v 0.0399 0.8618 -0.4815
v 0.0559 0.8883 -0.4981
v 0.0854 0.9046 -0.5083
v 0.1277 0.9110 -0.5123
v 0.1814 0.9088 -0.5109
v 0.2812 0.9347 -0.5271
v 0.3877 0.9554 -0.5400
v 0.4994 0.9720 -0.5504
v 0.6166 0.9846 -0.5583
v 0.7405 0.9921 -0.5629
v 0.8704 0.9948 -0.5647
v 0.9999 0.9980 -0.5667
v 1.1157 1.0116 -0.5751
v 1.2054 1.0451 -0.5961
v 1.2649 1.1017 -0.6315
v 1.2973 1.1790 -0.6798
v 1.3105 1.2710 -0.7372
v 1.3208 1.3651 -0.7961
v 1.3539 1.4419 -0.8440
v 1.4282 1.4872 -0.8723
v 1.5336 1.5087 -0.8858
v 1.6534 1.5193 -0.8924
v 1.7785 1.5258 -0.8964
v 1.8928 1.5405 -0.9056
v 1.9751 1.5796 -0.9301
v 0.1564 0.2237 0.0311
v 0.1824 0.2424 0.0194
v 0.2076 0.2617 0.0074
v 0.2247 0.2872 -0.0085
v 0.2293 0.3223 -0.0305
v 0.2243 0.3647 -0.0570
v 0.2153 0.4101 -0.0853
v 0.2045 0.4569 -0.1146
v 0.1906 0.5061 -0.1453
v 0.1723 0.5586 -0.1782
v 0.1499 0.6143 -0.2129
v 0.1251 0.6718 -0.2489
v 0.1001 0.7295 -0.2849
v 0.0779 0.7850 -0.3196
v 0.0614 0.8362 -0.3516
v 0.0536 0.8806 -0.3794
v 0.0570 0.9167 -0.4019
v 0.0730 0.9430 -0.4183
v 0.1022 0.9593 -0.4285
v 0.1441 0.9658 -0.4326
v 0.1972 0.9639 -0.4314
v 0.2961 0.9899 -0.4476
v 0.4017 1.0107 -0.4606
v 0.5129 1.0273 -0.4710
v 0.6298 1.0395 -0.4786
v 0.7541 1.0461 -0.4828
v 0.8848 1.0478 -0.4838
v 1.0145 1.0503 -0.4854
v 1.1294 1.0640 -0.4939
v 1.2166 1.0989 -0.5157
v 1.2712 1.1588 -0.5532
v 1.2965 1.2409 -0.6045
v 1.3031 1.3373 -0.6647
v 1.3124 1.4317 -0.7237
v 1.3523 1.5028 -0.7681
v 1.4337 1.5421 -0.7927
v 1.5391 1.5631 -0.8058
v 1.6584 1.5735 -0.8123
v 1.7829 1.5800 -0.8164
v 1.8965 1.5947 -0.8256
v 1.9783 1.6338 -0.8500
v 0.1667 0.2879 0.1049
v 0.1897 0.3087 0.0920
v 0.2115 0.3304 0.0784
v 0.2271 0.3568 0.0619
v 0.2335 0.3903 0.0410
v 0.2321 0.4297 0.0164
v 0.2265 0.4723 -0.0103
v 0.2177 0.5174 -0.0384
v 0.2049 0.5655 -0.0685
v 0.1874 0.6172 -0.1008
v 0.1659 0.6719 -0.1350
v 0.1420 0.7286 -0.1704
v 0.1179 0.7853 -0.2058
v 0.0965 0.8400 -0.2400
v 0.0807 0.8903 -0.2715
v 0.0735 0.9342 -0.2989
v 0.0771 0.9698 -0.3211
v 0.0931 0.9959 -0.3374
v 0.1221 1.0121 -0.3476
v 0.1634 1.0189 -0.3518
v 0.2157 1.0173 -0.3508
v 0.3135 1.0435 -0.3672
v 0.4180 1.0647 -0.3804
v 0.5280 1.0815 -0.3909
v 0.6443 1.0936 -0.3985
v 0.7683 1.0998 -0.4024
v 0.8986 1.1012 -0.4033
v 1.0272 1.1039 -0.4049
v 1.1400 1.1187 -0.4142
v 1.2236 1.1557 -0.4373
v 1.2729 1.2190 -0.4768
v 1.2921 1.3053 -0.5308
v 1.2948 1.4041 -0.5925
v 1.3069 1.4958 -0.6498
v 1.3558 1.5593 -0.6895
v 1.4390 1.5967 -0.7129
v 1.5443 1.6171 -0.7256
v 1.6632 1.6273 -0.7320
v 1.7869 1.6337 -0.7360
v 1.8997 1.6485 -0.7452
v 1.9808 1.6874 -0.7695
v 0.1783 0.3522 0.1787
v 0.1993 0.3742 0.1650
v 0.2187 0.3975 0.1504
v 0.2333 0.4244 0.1336
v 0.2410 0.4566 0.1135
v 0.2424 0.4936 0.0903
v 0.2393 0.5341 0.0650
v 0.2321 0.5776 0.0379
v 0.2205 0.6246 0.0085
v 0.2041 0.6753 -0.0231
v 0.1836 0.7289 -0.0567
v 0.1608 0.7845 -0.0914
v 0.1379 0.8401 -0.1261
v 0.1175 0.8937 -0.1596
v 0.1027 0.9431 -0.1905
v 0.0962 0.9862 -0.2174
v 0.1002 1.0212 -0.2393
v 0.1162 1.0471 -0.2555
v 0.1448 1.0633 -0.2656
v 0.1855 1.0703 -0.2700
v 0.2368 1.0692 -0.2693
v 0.3332 1.0959 -0.2860
v 0.4362 1.1174 -0.2994
v 0.5450 1.1346 -0.3102
v 0.6604 1.1467 -0.3178
v 0.7836 1.1528 -0.3216
v 0.9132 1.1542 -0.3224
v 1.0402 1.1574 -0.3244
v 1.1500 1.1738 -0.3346
v 1.2293 1.2135 -0.3595
v 1.2731 1.2803 -0.4012
v 1.2868 1.3701 -0.4573
v 1.2880 1.4694 -0.5194
v 1.3063 1.5556 -0.5733
v 1.3603 1.6146 -0.6101
v 1.4441 1.6508 -0.6327
v 1.5494 1.6707 -0.6452
v 1.6677 1.6806 -0.6513
v 1.7906 1.6870 -0.6553
v 1.9024 1.7018 -0.6646
v 1.9829 1.7406 -0.6888
v 0.1910 0.4165 0.2525
v 0.2106 0.4393 0.2382
v 0.2285 0.4634 0.2232
v 0.2426 0.4905 0.2063
v 0.2513 0.5217 0.1868
v 0.2547 0.5569 0.1647
v 0.2535 0.5957 0.1405
v 0.2478 0.6378 0.1142
v 0.2373 0.6836 0.0856
v 0.2221 0.7330 0.0547
v 0.2030 0.7855 0.0219
v 0.1815 0.8397 -0.0119
v 0.1599 0.8939 -0.0458
v 0.1409 0.9463 -0.0786
v 0.1272 0.9946 -0.1087
v 0.1214 1.0368 -0.1351
v 0.1259 1.0712 -0.1566
v 0.1420 1.0967 -0.1726
v 0.1702 1.1129 -0.1827
v 0.2101 1.1203 -0.1873
v 0.2603 1.1198 -0.1870
v 0.3550 1.1469 -0.2039
v 0.4564 1.1691 -0.2178
v 0.5636 1.1867 -0.2288
v 0.6778 1.1990 -0.2365
v 0.8003 1.2050 -0.2402
v 0.9287 1.2064 -0.2411
v 1.0538 1.2104 -0.2436
v 1.1601 1.2287 -0.2550
v 1.2345 1.2715 -0.2818
v 1.2724 1.3420 -0.3258
v 1.2817 1.4344 -0.3835
v 1.2843 1.5319 -0.4445
v 1.3093 1.6123 -0.4947
v 1.3648 1.6695 -0.5305
v 1.4492 1.7045 -0.5524
v 1.5543 1.7238 -0.5644
v 1.6720 1.7334 -0.5704
v 1.7940 1.7398 -0.5744
v 1.9047 1.7547 -0.5837
v 1.9845 1.7932 -0.6078
v 0.2046 0.4811 0.3261
v 0.2235 0.5042 0.3116
v 0.2405 0.5287 0.2963
v 0.2544 0.5556 0.2795
v 0.2638 0.5859 0.2606
v 0.2686 0.6198 0.2394
v 0.2689 0.6571 0.2161
v 0.2645 0.6979 0.1906
v 0.2553 0.7425 0.1627
v 0.2414 0.7906 0.1327
v 0.2238 0.8416 0.1008
v 0.2039 0.8943 0.0679
v 0.1839 0.9470 0.0349
v 0.1663 0.9980 0.0031
v 0.1538 1.0450 -0.0263
v 0.1490 1.0862 -0.0520
v 0.1540 1.1199 -0.0731
v 0.1702 1.1450 -0.0888
v 0.1980 1.1613 -0.0990
v 0.2370 1.1690 -0.1038
v 0.2859 1.1692 -0.1039
v 0.3788 1.1969 -0.1212
v 0.4783 1.2197 -0.1355
v 0.5838 1.2378 -0.1468
v 0.6967 1.2503 -0.1546
v 0.8181 1.2563 -0.1584
v 0.9453 1.2579 -0.1594
v 1.0679 1.2630 -0.1625
v 1.1702 1.2836 -0.1754
v 1.2390 1.3298 -0.2042
v 1.2713 1.4038 -0.2505
v 1.2780 1.4975 -0.3090
v 1.2848 1.5909 -0.3674
v 1.3123 1.6687 -0.4160
v 1.3691 1.7240 -0.4506
v 1.4541 1.7578 -0.4717
v 1.5590 1.7764 -0.4833
v 1.6760 1.7857 -0.4892
v 1.7970 1.7921 -0.4931
v 1.9066 1.8071 -0.5025
v 1.9856 1.8455 -0.5265
v 0.2191 0.5460 0.3995
v 0.2375 0.5691 0.3850
v 0.2541 0.5936 0.3697
v 0.2679 0.6203 0.3530
v 0.2779 0.6498 0.3346
v 0.2838 0.6825 0.3142
v 0.2853 0.7185 0.2917
v 0.2822 0.7581 0.2669
v 0.2743 0.8013 0.2399
v 0.2619 0.8479 0.2108
v 0.2459 0.8974 0.1799
v 0.2277 0.9484 0.1480
v 0.2095 0.9995 0.1161
v 0.1935 1.0489 0.0852
v 0.1824 1.0945 0.0567
v 0.1787 1.1346 0.0317
v 0.1842 1.1675 0.0111
v 0.2005 1.1923 -0.0044
v 0.2279 1.2086 -0.0146
v 0.2659 1.2167 -0.0196
v 0.3134 1.2176 -0.0202
v 0.4043 1.2460 -0.0380
v 0.5017 1.2695 -0.0527
v 0.6054 1.2882 -0.0643
v 0.7168 1.3010 -0.0723
v 0.8371 1.3070 -0.0761
v 0.9626 1.3089 -0.0773
v 1.0824 1.3154 -0.0813
v 1.1801 1.3386 -0.0958
v 1.2431 1.3883 -0.1269
v 1.2703 1.4654 -0.1751
v 1.2766 1.5585 -0.2332
v 1.2860 1.6491 -0.2898
v 1.3151 1.7248 -0.3371
v 1.3733 1.7781 -0.3705
v 1.4588 1.8107 -0.3908
v 1.5635 1.8286 -0.4020
v 1.6798 1.8376 -0.4077
v 1.7997 1.8440 -0.4116
v 1.9081 1.8590 -0.4210
v 1.9862 1.8972 -0.4449
v 0.2343 0.6112 0.4726
v 0.2525 0.6342 0.4583
v 0.2689 0.6585 0.4431
v 0.2827 0.6848 0.4267
v 0.2933 0.7135 0.4087
v 0.3001 0.7452 0.3889
v 0.3027 0.7800 0.3671
v 0.3008 0.8183 0.3432
v 0.2942 0.8602 0.3171
v 0.2834 0.9053 0.2889
v 0.2691 0.9530 0.2591
v 0.2529 1.0022 0.2283
v 0.2365 1.0516 0.1975
v 0.2223 1.0992 0.1677
v 0.2127 1.1434 0.1401
v 0.2101 1.1822 0.1158
v 0.2163 1.2143 0.0958
v 0.2326 1.2387 0.0806
v 0.2595 1.2550 0.0704
v 0.2965 1.2636 0.0650
v 0.3425 1.2653 0.0640
v 0.4313 1.2944 0.0457
v 0.5264 1.3187 0.0306
v 0.6281 1.3380 0.0185
v 0.7380 1.3510 0.0104
v 0.8569 1.3571 0.0066
v 0.9807 1.3595 0.0051
v 1.0971 1.3675 0.0000
v 1.1897 1.3937 -0.0163
v 1.2468 1.4471 -0.0496
v 1.2699 1.5263 -0.0992
v 1.2769 1.6180 -0.1564
v 1.2870 1.7071 -0.2122
v 1.3178 1.7805 -0.2580
v 1.3775 1.8319 -0.2901
v 1.4635 1.8631 -0.3096
v 1.5679 1.8804 -0.3204
v 1.6834 1.8891 -0.3259
v 1.8020 1.8954 -0.3298
v 1.9091 1.9106 -0.3393
v 1.9863 1.9485 -0.3630
v 0.2502 0.6770 0.5455
v 0.2682 0.6997 0.5313
v 0.2845 0.7237 0.5163
v 0.2986 0.7494 0.5002
v 0.3097 0.7774 0.4827
v 0.3172 0.8081 0.4636
v 0.3208 0.8418 0.4425
v 0.3201 0.8788 0.4194
v 0.3150 0.9192 0.3942
v 0.3058 0.9626 0.3670
v 0.2934 1.0085 0.3383
v 0.2791 1.0559 0.3087
v 0.2647 1.1034 0.2791
v 0.2524 1.1492 0.2504
v 0.2444 1.1918 0.2238
v 0.2429 1.2293 0.2003
v 0.2498 1.2606 0.1808
v 0.2662 1.2845 0.1659
v 0.2926 1.3008 0.1557
v 0.3285 1.3098 0.1500
v 0.3729 1.3124 0.1484
v 0.4594 1.3423 0.1298
v 0.5522 1.3674 0.1141
v 0.6519 1.3872 0.1017
v 0.7601 1.4004 0.0934
v 0.8776 1.4067 0.0895
v 0.9992 1.4097 0.0876
v 1.1119 1.4196 0.0814
v 1.1991 1.4490 0.0631
v 1.2503 1.5058 0.0276
v 1.2708 1.5861 -0.0226
v 1.2768 1.6775 -0.0797
v 1.2879 1.7649 -0.1343
v 1.3205 1.8360 -0.1787
v 1.3817 1.8852 -0.2095
v 1.4681 1.9151 -0.2282
v 1.5721 1.9317 -0.2385
v 1.6867 1.9401 -0.2438
v 1.8040 1.9464 -0.2478
v 1.9097 1.9617 -0.2573
v 1.9860 1.9994 -0.2808
v 0.2667 0.7431 0.6181
v 0.2846 0.7655 0.6041
v 0.3010 0.7891 0.5894
v 0.3152 0.8143 0.5737
v 0.3268 0.8415 0.5566
v 0.3350 0.8713 0.5380
v 0.3396 0.9038 0.5177
v 0.3401 0.9395 0.4954
v 0.3364 0.9784 0.4711
v 0.3290 1.0201 0.4450
v 0.3185 1.0642 0.4175
v 0.3063 1.1096 0.3891
v 0.2939 1.1551 0.3607
v 0.2835 1.1991 0.3332
v 0.2772 1.2400 0.3076
v 0.2769 1.2762 0.2850
v 0.2845 1.3065 0.2661
v 0.3010 1.3299 0.2514
v 0.3268 1.3463 0.2412
v 0.3615 1.3558 0.2353
v 0.4043 1.3592 0.2331
v 0.4884 1.3899 0.2140
v 0.5789 1.4157 0.1978
v 0.6764 1.4361 0.1851
v 0.7831 1.4495 0.1767
v 0.8990 1.4559 0.1727
v 1.0182 1.4598 0.1703
v 1.1267 1.4718 0.1628
v 1.2080 1.5046 0.1423
v 1.2541 1.5643 0.1050
v 1.2715 1.6459 0.0540
v 1.2765 1.7369 -0.0029
v 1.2887 1.8225 -0.0564
v 1.3232 1.8911 -0.0992
v 1.3858 1.9382 -0.1286
v 1.4727 1.9667 -0.1465
v 1.5762 1.9826 -0.1564
v 1.6898 1.9907 -0.1615
v 1.8057 1.9970 -0.1654
v 1.9099 2.0123 -0.1750
v 1.9852 2.0498 -0.1984
v 0.2838 0.8098 0.6904
v 0.3017 0.8318 0.6766
v 0.3181 0.8549 0.6622
v 0.3325 0.8795 0.6468
v 0.3445 0.9060 0.6303
v 0.3535 0.9348 0.6123
v 0.3589 0.9662 0.5926
v 0.3606 1.0006 0.5712
v 0.3585 1.0379 0.5479
v 0.3528 1.0778 0.5229
v 0.3443 1.1200 0.4966
v 0.3341 1.1634 0.4694
v 0.3238 1.2068 0.4423
v 0.3154 1.2489 0.4160
v 0.3107 1.2881 0.3915
v 0.3117 1.3230 0.3697
v 0.3200 1.3523 0.3514
v 0.3366 1.3753 0.3370
v 0.3618 1.3917 0.3268
v 0.3954 1.4017 0.3205
v 0.4364 1.4059 0.3179
v 0.5182 1.4373 0.2983
v 0.6062 1.4639 0.2817
v 0.7017 1.4847 0.2686
v 0.8066 1.4983 0.2601
v 0.9209 1.5049 0.2560
v 1.0373 1.5097 0.2530
v 1.1412 1.5242 0.2440
v 1.2167 1.5603 0.2214
v 1.2577 1.6228 0.1824
v 1.2718 1.7058 0.1305
v 1.2760 1.7964 0.0739
v 1.2894 1.8799 0.0217
v 1.3259 1.9458 -0.0195
v 1.3899 1.9907 -0.0475
v 1.4771 2.0179 -0.0645
v 1.5801 2.0330 -0.0740
v 1.6926 2.0409 -0.0789
v 1.8071 2.0472 -0.0828
v 1.9098 2.0626 -0.0925
v 1.9839 2.0998 -0.1157
v 0.3014 0.8770 0.7623
v 0.3193 0.8986 0.7489
v 0.3357 0.9212 0.7347
v 0.3504 0.9451 0.7198
v 0.3628 0.9709 0.7037
v 0.3724 0.9987 0.6863
v 0.3788 1.0290 0.6673
v 0.3817 1.0620 0.6467
v 0.3810 1.0977 0.6244
v 0.3771 1.1359 0.6006
v 0.3705 1.1761 0.5754
v 0.3624 1.2175 0.5496
v 0.3543 1.2589 0.5237
v 0.3478 1.2990 0.4986
v 0.3448 1.3365 0.4752
v 0.3470 1.3700 0.4543
v 0.3560 1.3983 0.4366
v 0.3726 1.4208 0.4225
v 0.3973 1.4372 0.4123
v 0.4297 1.4476 0.4058
v 0.4690 1.4528 0.4026
v 0.5483 1.4848 0.3825
v 0.6339 1.5121 0.3655
v 0.7274 1.5333 0.3522
v 0.8307 1.5470 0.3437
v 0.9431 1.5538 0.3394
v 1.0565 1.5598 0.3357
v 1.1555 1.5768 0.3251
v 1.2251 1.6162 0.3004
v 1.2608 1.6816 0.2596
v 1.2716 1.7660 0.2068
v 1.2752 1.8558 0.1507
v 1.2901 1.9370 0.1000
v 1.3287 2.0002 0.0605
v 1.3940 2.0428 0.0338
v 1.4815 2.0686 0.0177
v 1.5839 2.0831 0.0087
v 1.6953 2.0906 0.0040
v 1.8082 2.0970 0.0000
v 1.9092 2.1125 -0.0097
v 1.9822 2.1493 -0.0327
v 0.3196 0.9447 0.8340
v 0.3374 0.9658 0.8208
v 0.3539 0.9879 0.8070
v 0.3688 1.0113 0.7924
v 0.3816 1.0362 0.7768
v 0.3918 1.0631 0.7600
v 0.3991 1.0923 0.7418
v 0.4032 1.1239 0.7220
v 0.4040 1.1580 0.7007
v 0.4018 1.1944 0.6779
v 0.3971 1.2326 0.6540
v 0.3911 1.2720 0.6295
v 0.3850 1.3113 0.6049
v 0.3805 1.3495 0.5810
v 0.3791 1.3853 0.5587
v 0.3826 1.4174 0.5386
v 0.3922 1.4447 0.5215
v 0.4089 1.4667 0.5078
v 0.4330 1.4830 0.4976
v 0.4641 1.4940 0.4908
v 0.5018 1.4999 0.4870
v 0.5787 1.5326 0.4666
v 0.6619 1.5604 0.4492
v 0.7534 1.5819 0.4358
v 0.8551 1.5956 0.4272
v 0.9656 1.6026 0.4229
v 1.0756 1.6100 0.4183
v 1.1694 1.6297 0.4059
v 1.2329 1.6726 0.3791
v 1.2632 1.7408 0.3365
v 1.2709 1.8263 0.2831
v 1.2743 1.9151 0.2276
v 1.2909 1.9938 0.1784
v 1.3315 2.0541 0.1407
v 1.3982 2.0945 0.1155
v 1.4859 2.1190 0.1002
v 1.5875 2.1327 0.0916
v 1.6977 2.1400 0.0871
v 1.8090 2.1463 0.0831
v 1.9082 2.1619 0.0734
v 1.9800 2.1985 0.0505
v 0.3383 1.0128 0.9053
v 0.3560 1.0335 0.8924
v 0.3726 1.0551 0.8789
v 0.3877 1.0778 0.8647
v 0.4009 1.1020 0.8496
v 0.4117 1.1280 0.8334
v 0.4198 1.1560 0.8159
v 0.4250 1.1862 0.7970
v 0.4272 1.2188 0.7767
v 0.4267 1.2534 0.7550
v 0.4240 1.2897 0.7323
v 0.4200 1.3270 0.7090
v 0.4159 1.3643 0.6857
v 0.4132 1.4006 0.6630
v 0.4135 1.4347 0.6418
v 0.4181 1.4653 0.6226
v 0.4284 1.4917 0.6061
v 0.4451 1.5132 0.5927
v 0.4686 1.5295 0.5825
v 0.4985 1.5408 0.5754
v 0.5345 1.5476 0.5712
v 0.6090 1.5808 0.5505
v 0.6900 1.6090 0.5328
v 0.7795 1.6307 0.5193
v 0.8797 1.6443 0.5107
v 0.9881 1.6516 0.5062
v 1.0945 1.6604 0.5007
v 1.1829 1.6830 0.4866
v 1.2399 1.7295 0.4575
v 1.2649 1.8006 0.4131
v 1.2698 1.8868 0.3592
v 1.2733 1.9743 0.3046
v 1.2917 2.0503 0.2571
v 1.3345 2.1077 0.2212
v 1.4024 2.1459 0.1974
v 1.4902 2.1689 0.1829
v 1.5911 2.1820 0.1748
v 1.6999 2.1889 0.1704
v 1.8095 2.1953 0.1664
v 1.9069 2.2110 0.1566
v 1.9774 2.2472 0.1340
v 0.3576 1.0815 0.9764
v 0.3752 1.1018 0.9637
v 0.3918 1.1228 0.9506
v 0.4070 1.1449 0.9368
v 0.4205 1.1683 0.9221
v 0.4319 1.1933 0.9065
v 0.4409 1.2202 0.8897
v 0.4471 1.2491 0.8716
v 0.4507 1.2801 0.8523
v 0.4518 1.3130 0.8317
v 0.4509 1.3474 0.8102
v 0.4488 1.3827 0.7882
v 0.4467 1.4180 0.7661
v 0.4458 1.4524 0.7446
v 0.4476 1.4848 0.7244
v 0.4534 1.5141 0.7061
v 0.4643 1.5394 0.6902
v 0.4810 1.5604 0.6771
v 0.5039 1.5767 0.6670
v 0.5327 1.5884 0.6596
v 0.5670 1.5959 0.6550
v 0.6392 1.6295 0.6340
v 0.7180 1.6581 0.6161
v 0.8057 1.6797 0.6026
v 0.9043 1.6932 0.5941
v 1.0105 1.7008 0.5894
v 1.1131 1.7112 0.5829
v 1.1956 1.7370 0.5668
v 1.2461 1.7871 0.5355
v 1.2658 1.8608 0.4894
v 1.2684 1.9475 0.4352
v 1.2722 2.0333 0.3816
v 1.2927 2.1064 0.3359
v 1.3376 2.1608 0.3019
v 1.4067 2.1968 0.2795
v 1.4944 2.2185 0.2659
v 1.5945 2.2308 0.2582
v 1.7020 2.2375 0.2540
v 1.8097 2.2439 0.2500
v 1.9052 2.2598 0.2401
v 1.9744 2.2956 0.2177
v 0.3773 1.1507 1.0471
v 0.3948 1.1705 1.0347
v 0.4114 1.1910 1.0219
v 0.4268 1.2125 1.0085
v 0.4406 1.2351 0.9943
v 0.4525 1.2592 0.9793
v 0.4622 1.2850 0.9632
v 0.4695 1.3126 0.9459
v 0.4744 1.3420 0.9275
v 0.4770 1.3732 0.9080
v 0.4778 1.4058 0.8877
v 0.4776 1.4391 0.8668
v 0.4773 1.4725 0.8460
v 0.4781 1.5051 0.8257
v 0.4814 1.5358 0.8065
v 0.4883 1.5637 0.7890
v 0.4997 1.5881 0.7738
v 0.5164 1.6085 0.7610
v 0.5387 1.6247 0.7509
v 0.5663 1.6368 0.7433
v 0.5991 1.6450 0.7382
v 0.6690 1.6789 0.7170
v 0.7457 1.7076 0.6991
v 0.8319 1.7291 0.6856
v 0.9289 1.7424 0.6774
v 1.0327 1.7504 0.6724
v 1.1311 1.7626 0.6647
v 1.2074 1.7916 0.6466
v 1.2513 1.8454 0.6130
v 1.2661 1.9214 0.5655
v 1.2666 2.0083 0.5112
v 1.2712 2.0922 0.4588
v 1.2938 2.1622 0.4150
v 1.3409 2.2135 0.3829
v 1.4111 2.2473 0.3619
v 1.4987 2.2677 0.3491
v 1.5978 2.2793 0.3419
v 1.7038 2.2857 0.3379
v 1.8096 2.2922 0.3338
v 1.9031 2.3081 0.3238
v 1.9710 2.3436 0.3017
v 0.3976 1.2204 1.1175
v 0.4150 1.2398 1.1054
v 0.4315 1.2597 1.0929
v 0.4470 1.2805 1.0799
v 0.4611 1.3024 1.0662
v 0.4734 1.3256 1.0517
v 0.4838 1.3503 1.0363
v 0.4921 1.3766 1.0199
v 0.4981 1.4046 1.0024
v 0.5022 1.4342 0.9839
v 0.5046 1.4649 0.9647
v 0.5061 1.4964 0.9450
v 0.5075 1.5279 0.9253
v 0.5100 1.5586 0.9061
v 0.5146 1.5877 0.8879
v 0.5225 1.6144 0.8713
v 0.5344 1.6378 0.8566
v 0.5511 1.6577 0.8442
v 0.5728 1.6738 0.8341
v 0.5993 1.6862 0.8264
v 0.6306 1.6949 0.8209
v 0.6983 1.7290 0.7996
v 0.7732 1.7577 0.7817
v 0.8578 1.7790 0.7684
v 0.9533 1.7919 0.7604
v 1.0546 1.8004 0.7551
v 1.1484 1.8146 0.7462
v 1.2183 1.8471 0.7259
v 1.2556 1.9045 0.6900
v 1.2657 1.9826 0.6412
v 1.2646 2.0693 0.5870
v 1.2702 2.1508 0.5361
v 1.2953 2.2175 0.4944
v 1.3444 2.2658 0.4642
v 1.4156 2.2974 0.4445
v 1.5029 2.3165 0.4326
v 1.6011 2.3274 0.4257
v 1.7055 2.3335 0.4219
v 1.8093 2.3401 0.4178
v 1.9007 2.3561 0.4078
v 1.9672 2.3912 0.3859
v 0.4183 1.2906 1.1875
v 0.4356 1.3095 1.1757
v 0.4521 1.3289 1.1636
v 0.4676 1.3491 1.1510
v 0.4819 1.3703 1.1378
v 0.4947 1.3926 1.1238
v 0.5057 1.4162 1.1091
v 0.5148 1.4413 1.0934
v 0.5219 1.4679 1.0768
v 0.5273 1.4958 1.0593
v 0.5312 1.5248 1.0412
v 0.5343 1.5545 1.0226
v 0.5374 1.5842 1.0041
v 0.5413 1.6133 0.9859
v 0.5472 1.6408 0.9687
v 0.5560 1.6662 0.9529
v 0.5684 1.6887 0.9388
v 0.5850 1.7081 0.9267
v 0.6060 1.7241 0.9167
v 0.6315 1.7367 0.9088
v 0.6613 1.7459 0.9030
v 0.7271 1.7800 0.8817
v 0.8002 1.8086 0.8639
v 0.8834 1.8293 0.8509
v 0.9775 1.8418 0.8431
v 1.0760 1.8509 0.8374
v 1.1649 1.8674 0.8271
v 1.2281 1.9035 0.8046
v 1.2588 1.9643 0.7666
v 1.2646 2.0442 0.7166
v 1.2624 2.1302 0.6629
v 1.2695 2.2091 0.6136
v 1.2970 2.2725 0.5740
v 1.3482 2.3177 0.5457
v 1.4201 2.3471 0.5274
v 1.5072 2.3649 0.5162
v 1.6042 2.3752 0.5098
v 1.7070 2.3810 0.5062
v 1.8086 2.3877 0.5020
v 1.8980 2.4038 0.4919
v 1.9631 2.4385 0.4703
v 0.4395 1.3613 1.2573
v 0.4566 1.3797 1.2458
v 0.4730 1.3986 1.2340
v 0.4886 1.4182 1.2218
v 0.5031 1.4386 1.2090
v 0.5162 1.4600 1.1956
v 0.5277 1.4827 1.1815
v 0.5376 1.5066 1.1665
v 0.5458 1.5318 1.1508
v 0.5523 1.5582 1.1343
v 0.5576 1.5856 1.1171
v 0.5622 1.6136 1.0997
v 0.5667 1.6416 1.0822
v 0.5720 1.6690 1.0651
v 0.5790 1.6950 1.0488
v 0.5886 1.7192 1.0337
v 0.6014 1.7409 1.0201
v 0.6179 1.7597 1.0084
v 0.6384 1.7755 0.9985
v 0.6628 1.7883 0.9905
v 0.6914 1.7980 0.9845
v 0.7552 1.8319 0.9632
v 0.8267 1.8601 0.9456
v 0.9088 1.8802 0.9331
v 1.0013 1.8923 0.9255
v 1.0968 1.9021 0.9194
v 1.1804 1.9211 0.9075
v 1.2367 1.9608 0.8827
v 1.2610 2.0250 0.8426
v 1.2629 2.1063 0.7918
v 1.2601 2.1912 0.7387
v 1.2689 2.2672 0.6913
v 1.2990 2.3270 0.6539
v 1.3522 2.3691 0.6276
v 1.4248 2.3964 0.6105
v 1.5114 2.4130 0.6001
v 1.6073 2.4226 0.5941
v 1.7083 2.4282 0.5906
v 1.8078 2.4350 0.5864
v 1.8949 2.4512 0.5763
v 1.9585 2.4854 0.5549
v 0.4613 1.4325 1.3267
v 0.4781 1.4505 1.3155
v 0.4945 1.4688 1.3041
v 0.5100 1.4878 1.2922
v 0.5246 1.5075 1.2799
v 0.5380 1.5281 1.2670
v 0.5500 1.5497 1.2535
v 0.5605 1.5725 1.2393
v 0.5696 1.5964 1.2243
v 0.5772 1.6214 1.2087
v 0.5837 1.6473 1.1926
v 0.5896 1.6736 1.1761
v 0.5955 1.7000 1.1596
v 0.6020 1.7258 1.1435
v 0.6101 1.7505 1.1281
v 0.6203 1.7735 1.1137
v 0.6335 1.7943 1.1007
v 0.6498 1.8126 1.0893
v 0.6697 1.8282 1.0795
v 0.6931 1.8412 1.0714
v 0.7205 1.8511 1.0652
v 0.7827 1.8848 1.0442
v 0.8528 1.9124 1.0269
v 0.9337 1.9317 1.0148
v 1.0246 1.9434 1.0075
v 1.1168 1.9541 1.0008
v 1.1947 1.9757 0.9873
v 1.2440 2.0192 0.9602
v 1.2622 2.0864 0.9181
v 1.2608 2.1687 0.8668
v 1.2578 2.2520 0.8147
v 1.2687 2.3248 0.7692
v 1.3014 2.3810 0.7341
v 1.3565 2.4201 0.7096
v 1.4297 2.4453 0.6939
v 1.5157 2.4607 0.6842
v 1.6102 2.4697 0.6787
v 1.7094 2.4751 0.6753
v 1.8066 2.4820 0.6710
v 1.8915 2.4982 0.6608
v 1.9536 2.5320 0.6397
v 0.4835 1.5042 1.3959
v 0.5001 1.5217 1.3850
v 0.5163 1.5395 1.3738
v 0.5318 1.5579 1.3624
v 0.5464 1.5769 1.3505
v 0.5600 1.5967 1.3381
v 0.5725 1.6174 1.3252
v 0.5836 1.6391 1.3116
v 0.5934 1.6618 1.2974
v 0.6020 1.6854 1.2827
v 0.6096 1.7098 1.2674
v 0.6166 1.7346 1.2519
v 0.6237 1.7594 1.2364
v 0.6313 1.7838 1.2212
v 0.6402 1.8071 1.2066
v 0.6511 1.8290 1.1929
v 0.6645 1.8490 1.1804
v 0.6807 1.8668 1.1693
v 0.7000 1.8823 1.1597
v 0.7225 1.8952 1.1516
v 0.7488 1.9053 1.1452
v 0.8094 1.9385 1.1245
v 0.8783 1.9654 1.1077
v 0.9581 1.9839 1.0962
v 1.0473 1.9952 1.0891
v 1.1360 2.0070 1.0817
v 1.2079 2.0315 1.0664
v 1.2501 2.0787 1.0369
v 1.2625 2.1487 0.9932
v 1.2582 2.2314 0.9415
v 1.2557 2.3128 0.8907
v 1.2689 2.3821 0.8474
v 1.3043 2.4345 0.8146
v 1.3611 2.4706 0.7920
v 1.4347 2.4939 0.7775
v 1.5200 2.5081 0.7686
v 1.6132 2.5164 0.7634
v 1.7104 2.5216 0.7601
v 1.8053 2.5286 0.7558
v 1.8879 2.5450 0.7455
v 1.9484 2.5782 0.7248
v 0.5061 1.5764 1.4647
v 0.5226 1.5934 1.4541
v 0.5385 1.6107 1.4433
v 0.5539 1.6285 1.4322
v 0.5686 1.6468 1.4207
v 0.5824 1.6658 1.4088
v 0.5951 1.6856 1.3965
v 0.6067 1.7063 1.3836
v 0.6172 1.7278 1.3701
v 0.6266 1.7502 1.3561
v 0.6351 1.7732 1.3418
v 0.6432 1.7966 1.3272
v 0.6513 1.8199 1.3126
v 0.6598 1.8429 1.2982
v 0.6696 1.8650 1.2844
v 0.6809 1.8859 1.2714
v 0.6944 1.9052 1.2593
v 0.7104 1.9224 1.2485
v 0.7292 1.9376 1.2390
v 0.7509 1.9505 1.2309
v 0.7763 1.9607 1.2246
v 0.8354 1.9933 1.2042
v 0.9032 2.0192 1.1880
v 0.9821 2.0367 1.1771
v 1.0694 2.0478 1.1702
v 1.1541 2.0608 1.1620
v 1.2197 2.0884 1.1448
v 1.2549 2.1392 1.1130
v 1.2618 2.2117 1.0678
v 1.2554 2.2943 1.0161
v 1.2537 2.3733 0.9668
v 1.2697 2.4388 0.9258
v 1.3077 2.4875 0.8954
v 1.3660 2.5207 0.8747
v 1.4398 2.5420 0.8613
v 1.5243 2.5552 0.8531
v 1.6160 2.5629 0.8483
v 1.7112 2.5679 0.8452
v 1.8037 2.5751 0.8407
v 1.8839 2.5915 0.8304
v 1.9429 2.6242 0.8100
v 0.5293 1.6490 1.5333
v 0.5454 1.6656 1.5230
v 0.5612 1.6824 1.5125
v 0.5765 1.6996 1.5017
v 0.5911 1.7172 1.4907
v 0.6049 1.7355 1.4792
v 0.6179 1.7545 1.4674
v 0.6299 1.7742 1.4551
v 0.6409 1.7946 1.4423
v 0.6510 1.8158 1.4291
v 0.6604 1.8375 1.4156
v 0.6693 1.8595 1.4018
v 0.6783 1.8815 1.3880
v 0.6877 1.9032 1.3745
v 0.6980 1.9241 1.3614
v 0.7095 1.9442 1.3489
v 0.7230 1.9628 1.3372
v 0.7389 1.9795 1.3268
v 0.7574 1.9943 1.3176
v 0.7784 2.0071 1.3096
v 0.8029 2.0172 1.3032
v 0.8607 2.0490 1.2834
v 0.9275 2.0739 1.2678
v 1.0054 2.0903 1.2575
v 1.0907 2.1012 1.2507
v 1.1710 2.1158 1.2416
v 1.2301 2.1466 1.2224
v 1.2584 2.2009 1.1884
v 1.2603 2.2754 1.1419
v 1.2524 2.3574 1.0907
v 1.2522 2.4334 1.0431
v 1.2710 2.4951 1.0046
v 1.3115 2.5400 0.9766
v 1.3712 2.5703 0.9576
v 1.4451 2.5899 0.9454
v 1.5287 2.6019 0.9378
v 1.6189 2.6091 0.9334
v 1.7119 2.6139 0.9304
v 1.8018 2.6212 0.9258
v 1.8797 2.6377 0.9155
v 1.9370 2.6699 0.8954
v 0.5529 1.7221 1.6016
v 0.5687 1.7382 1.5915
v 0.5843 1.7545 1.5813
v 0.5994 1.7711 1.5709
v 0.6139 1.7882 1.5603
v 0.6278 1.8057 1.5493
v 0.6409 1.8239 1.5380
v 0.6532 1.8427 1.5262
v 0.6647 1.8621 1.5141
v 0.6753 1.8821 1.5016
v 0.6854 1.9026 1.4888
v 0.6951 1.9233 1.4758
v 0.7047 1.9441 1.4628
v 0.7148 1.9646 1.4500
v 0.7254 1.9847 1.4375
v 0.7365 2.0043 1.4252
v 0.7502 2.0221 1.4141
v 0.7663 2.0379 1.4042
v 0.7844 2.0522 1.3953
v 0.8048 2.0648 1.3874
v 0.8287 2.0747 1.3812
v 0.8853 2.1056 1.3619
v 0.9513 2.1293 1.3471
v 1.0282 2.1448 1.3375
v 1.1110 2.1556 1.3307
v 1.1866 2.1720 1.3205
v 1.2390 2.2060 1.2992
v 1.2605 2.2637 1.2631
v 1.2582 2.3396 1.2157
v 1.2494 2.4204 1.1652
v 1.2512 2.4932 1.1197
v 1.2729 2.5507 1.0838
v 1.3160 2.5919 1.0580
v 1.3769 2.6196 1.0408
v 1.4506 2.6373 1.0297
v 1.5332 2.6484 1.0228
v 1.6217 2.6550 1.0187
v 1.7125 2.6597 1.0157
v 1.7998 2.6671 1.0111
v 1.8752 2.6837 1.0007
v 1.9309 2.7153 0.9810
v 0.5770 1.7957 1.6695
v 0.5925 1.8113 1.6598
v 0.6077 1.8271 1.6499
v 0.6226 1.8432 1.6398
v 0.6370 1.8596 1.6296
v 0.6509 1.8765 1.6190
v 0.6641 1.8939 1.6082
v 0.6766 1.9118 1.5970
v 0.6884 1.9302 1.5855
v 0.6995 1.9492 1.5736
v 0.7101 1.9685 1.5615
v 0.7204 1.9881 1.5493
v 0.7306 2.0077 1.5370
v 0.7412 2.0271 1.5249
v 0.7505 2.0474 1.5122
v 0.7616 2.0665 1.5003
v 0.7758 2.0831 1.4899
v 0.7923 2.0979 1.4807
v 0.8104 2.1115 1.4722
v 0.8304 2.1237 1.4646
v 0.8537 2.1333 1.4585
v 0.9093 2.1631 1.4399
v 0.9745 2.1856 1.4259
v 1.0502 2.2000 1.4169
v 1.1303 2.2111 1.4100
v 1.2008 2.2294 1.3985
v 1.2464 2.2669 1.3751
v 1.2615 2.3276 1.3372
v 1.2556 2.4044 1.2892
v 1.2467 2.4834 1.2398
v 1.2508 2.5525 1.1967
v 1.2756 2.6057 1.1634
v 1.3210 2.6433 1.1399
v 1.3829 2.6683 1.1242
v 1.4563 2.6845 1.1142
v 1.5378 2.6945 1.1079
v 1.6244 2.7006 1.1041
v 1.7129 2.7052 1.1012
v 1.7976 2.7128 1.0964
v 1.8704 2.7294 1.0861
v 1.9244 2.7604 1.0667
v 0.6015 1.8698 1.7372
v 0.6166 1.8849 1.7277
v 0.6316 1.9002 1.7182
v 0.6462 1.9157 1.7085
v 0.6605 1.9316 1.6986
v 0.6743 1.9478 1.6885
v 0.6875 1.9644 1.6781
v 0.7001 1.9814 1.6674
v 0.7122 1.9990 1.6564
v 0.7236 2.0170 1.6452
v 0.7346 2.0353 1.6338
v 0.7454 2.0538 1.6222
v 0.7561 2.0723 1.6106
v 0.7650 2.0922 1.5982
v 0.7728 2.1130 1.5852
v 0.7843 2.1309 1.5740
v 0.7996 2.1460 1.5646
v 0.8169 2.1595 1.5561
v 0.8353 2.1722 1.5482
v 0.8550 2.1838 1.5410
v 0.8780 2.1930 1.5352
v 0.9326 2.2216 1.5174
v 0.9970 2.2427 1.5041
v 1.0714 2.2563 1.4957
v 1.1485 2.2677 1.4885
v 1.2135 2.2884 1.4756
v 1.2522 2.3291 1.4501
v 1.2614 2.3924 1.4106
v 1.2526 2.4694 1.3625
v 1.2444 2.5461 1.3146
v 1.2513 2.6111 1.2739
v 1.2792 2.6601 1.2433
v 1.3267 2.6941 1.2221
v 1.3892 2.7167 1.2080
v 1.4623 2.7313 1.1989
v 1.5424 2.7404 1.1932
v 1.6272 2.7460 1.1897
v 1.7133 2.7505 1.1868
v 1.7951 2.7583 1.1820
v 1.8655 2.7749 1.1716
v 1.9178 2.8053 1.1526
v 0.6264 1.9442 1.8046
v 0.6412 1.9589 1.7954
v 0.6559 1.9737 1.7862
v 0.6702 1.9887 1.7768
v 0.6843 2.0040 1.7673
v 0.6979 2.0195 1.7576
v 0.7111 2.0354 1.7476
v 0.7238 2.0517 1.7374
v 0.7359 2.0684 1.7270
v 0.7476 2.0855 1.7164
v 0.7589 2.1028 1.7055
v 0.7700 2.1203 1.6946
v 0.7800 2.1387 1.6831
v 0.7848 2.1610 1.6692
v 0.7918 2.1816 1.6563
v 0.8044 2.1979 1.6461
v 0.8214 2.2109 1.6379
v 0.8401 2.2226 1.6306
v 0.8591 2.2341 1.6235
v 0.8788 2.2450 1.6167
v 0.9017 2.2536 1.6113
v 0.9553 2.2809 1.5942
v 1.0188 2.3008 1.5818
v 1.0916 2.3136 1.5738
v 1.1652 2.3257 1.5662
v 1.2245 2.3488 1.5518
v 1.2565 2.3927 1.5244
v 1.2604 2.4581 1.4835
v 1.2496 2.5347 1.4357
v 1.2427 2.6083 1.3896
v 1.2526 2.6691 1.3517
v 1.2836 2.7138 1.3237
v 1.3330 2.7444 1.3046
v 1.3960 2.7646 1.2920
v 1.4684 2.7777 1.2838
v 1.5471 2.7860 1.2786
v 1.6299 2.7911 1.2754
v 1.7135 2.7957 1.2726
v 1.7925 2.8036 1.2676
v 1.8603 2.8203 1.2572
v 1.9108 2.8500 1.2386
v 0.6518 2.0192 1.8717
v 0.6663 2.0334 1.8628
v 0.6805 2.0477 1.8539
v 0.6946 2.0621 1.8449
v 0.7084 2.0768 1.8357
v 0.7219 2.0918 1.8264
v 0.7349 2.1070 1.8168
v 0.7476 2.1226 1.8071
v 0.7598 2.1384 1.7972
v 0.7716 2.1546 1.7871
v 0.7831 2.1710 1.7768
v 0.7943 2.1877 1.7664
v 0.7986 2.2096 1.7527
v 0.8002 2.2336 1.7377
v 0.8073 2.2534 1.7253
v 0.8219 2.2675 1.7166
v 0.8414 2.2779 1.7101
v 0.8621 2.2873 1.7042
v 0.8818 2.2974 1.6979
v 0.9017 2.3074 1.6916
v 0.9246 2.3151 1.6868
v 0.9773 2.3412 1.6705
v 1.0399 2.3598 1.6589
v 1.1107 2.3721 1.6512
v 1.1805 2.3851 1.6430
v 1.2339 2.4107 1.6271
v 1.2594 2.4576 1.5978
v 1.2588 2.5244 1.5560
v 1.2469 2.5998 1.5089
v 1.2418 2.6700 1.4650
v 1.2551 2.7262 1.4299
v 1.2890 2.7667 1.4046
v 1.3400 2.7941 1.3875
v 1.4032 2.8122 1.3762
v 1.4748 2.8239 1.3689
v 1.5519 2.8313 1.3642
v 1.6326 2.8361 1.3613
v 1.7136 2.8406 1.3584
v 1.7897 2.8488 1.3533
v 1.8549 2.8654 1.3429
v 1.9037 2.8945 1.3248
v 0.6777 2.0946 1.9386
v 0.6917 2.1083 1.9300
v 0.7056 2.1221 1.9214
v 0.7193 2.1360 1.9126
v 0.7328 2.1502 1.9038
v 0.7461 2.1645 1.8949
v 0.7590 2.1791 1.8857
v 0.7715 2.1939 1.8765
v 0.7837 2.2090 1.8670
v 0.7956 2.2244 1.8574
v 0.8072 2.2400 1.8477
v 0.8141 2.2591 1.8357
v 0.8122 2.2851 1.8195
v 0.8116 2.3099 1.8040
v 0.8197 2.3282 1.7926
v 0.8371 2.3393 1.7856
v 0.8598 2.3465 1.7812
v 0.8826 2.3535 1.7768
v 0.9033 2.3621 1.7714
v 0.9237 2.3710 1.7658
v 0.9469 2.3776 1.7617
v 0.9986 2.4025 1.7461
v 1.0599 2.4200 1.7352
v 1.1285 2.4319 1.7277
v 1.1941 2.4461 1.7189
v 1.2415 2.4742 1.7013
v 1.2611 2.5236 1.6705
v 1.2568 2.5912 1.6282
v 1.2447 2.6647 1.5823
v 1.2421 2.7310 1.5409
v 1.2587 2.7826 1.5086
v 1.2953 2.8190 1.4859
v 1.3476 2.8433 1.4707
v 1.4108 2.8593 1.4607
v 1.4814 2.8698 1.4541
v 1.5569 2.8764 1.4500
v 1.6353 2.8808 1.4472
v 1.7135 2.8854 1.4444
v 1.7868 2.8938 1.4391
v 1.8493 2.9104 1.4288
v 1.8963 2.9387 1.4110
v 0.7039 2.1704 2.0051
v 0.7175 2.1836 1.9969
v 0.7311 2.1969 1.9885
v 0.7444 2.2103 1.9801
v 0.7576 2.2239 1.9717
v 0.7706 2.2377 1.9631
v 0.7833 2.2516 1.9543
v 0.7957 2.2658 1.9455
v 0.8078 2.2802 1.9365
v 0.8196 2.2948 1.9274
v 0.8296 2.3108 1.9173
v 0.8282 2.3355 1.9019
v 0.8216 2.3643 1.8840
v 0.8200 2.3891 1.8685
v 0.8299 2.4051 1.8584
v 0.8509 2.4128 1.8536
v 0.8772 2.4163 1.8514
v 0.9015 2.4214 1.8482
v 0.9233 2.4284 1.8439
v 0.9446 2.4358 1.8393
v 0.9685 2.4412 1.8359
v 1.0190 2.4648 1.8211
v 1.0788 2.4814 1.8108
v 1.1448 2.4933 1.8034
v 1.2059 2.5088 1.7937
v 1.2476 2.5392 1.7747
v 1.2618 2.5905 1.7426
v 1.2548 2.6581 1.7004
v 1.2433 2.7291 1.6560
v 1.2437 2.7911 1.6173
v 1.2636 2.8380 1.5879
v 1.3026 2.8705 1.5676
v 1.3559 2.8920 1.5542
v 1.4189 2.9061 1.5454
v 1.4882 2.9154 1.5396
v 1.5619 2.9213 1.5359
v 1.6380 2.9254 1.5333
v 1.7134 2.9301 1.5304
v 1.7837 2.9387 1.5250
v 1.8435 2.9552 1.5147
v 1.8888 2.9828 1.4974
v 0.7306 2.2466 2.0714
v 0.7438 2.2593 2.0635
v 0.7569 2.2722 2.0555
v 0.7699 2.2851 2.0474
v 0.7827 2.2981 2.0392
v 0.7954 2.3113 2.0310
v 0.8078 2.3247 2.0227
v 0.8200 2.3382 2.0142
v 0.8320 2.3519 2.0056
v 0.8435 2.3659 1.9969
v 0.8464 2.3865 1.9840
v 0.8384 2.4155 1.9659
v 0.8285 2.4459 1.9469
v 0.8270 2.4699 1.9319
v 0.8396 2.4830 1.9237
v 0.8651 2.4865 1.9215
v 0.8931 2.4879 1.9206
v 0.9187 2.4912 1.9186
v 0.9419 2.4963 1.9154
v 0.9643 2.5021 1.9118
v 0.9893 2.5058 1.9095
v 1.0383 2.5285 1.8953
v 1.0963 2.5443 1.8854
v 1.1593 2.5562 1.8780
v 1.2160 2.5731 1.8674
v 1.2523 2.6055 1.8472
v 1.2620 2.6581 1.8143
v 1.2533 2.7249 1.7726
v 1.2432 2.7927 1.7302
v 1.2467 2.8501 1.6943
v 1.2699 2.8925 1.6678
v 1.3109 2.9213 1.6498
v 1.3649 2.9402 1.6380
v 1.4273 2.9526 1.6303
v 1.4953 2.9607 1.6252
v 1.5671 2.9660 1.6219
v 1.6407 2.9699 1.6195
v 1.7133 2.9746 1.6165
v 1.7805 2.9834 1.6110
v 1.8376 2.9999 1.6007
v 1.8811 3.0268 1.5839
v 0.7577 2.3232 2.1375
v 0.7705 2.3355 2.1298
v 0.7831 2.3478 2.1221
v 0.7957 2.3602 2.1144
v 0.8082 2.3727 2.1066
v 0.8205 2.3854 2.0987
v 0.8326 2.3981 2.0907
v 0.8445 2.4110 2.0826
v 0.8563 2.4241 2.0745
v 0.8641 2.4401 2.0645
v 0.8598 2.4654 2.0486
v 0.8469 2.4973 2.0287
v 0.8352 2.5283 2.0094
v 0.8349 2.5505 1.9955
v 0.8515 2.5599 1.9896
v 0.8792 2.5607 1.9891
v 0.9074 2.5612 1.9888
v 0.9341 2.5629 1.9878
v 0.9587 2.5661 1.9857
v 0.9825 2.5699 1.9834
v 1.0090 2.5717 1.9822
v 1.0563 2.5935 1.9686
v 1.1122 2.6088 1.9590
v 1.1722 2.6209 1.9515
v 1.2245 2.6389 1.9402
v 1.2559 2.6729 1.9190
v 1.2621 2.7261 1.8858
v 1.2526 2.7913 1.8450
v 1.2445 2.8554 1.8049
v 1.2513 2.9081 1.7720
v 1.2775 2.9461 1.7483
v 1.3202 2.9714 1.7325
v 1.3745 2.9879 1.7222
v 1.4362 2.9987 1.7154
v 1.5027 3.0059 1.7109
v 1.5724 3.0106 1.7080
v 1.6435 3.0143 1.7057
v 1.7130 3.0191 1.7026
v 1.7771 3.0281 1.6970
v 1.8316 3.0444 1.6868
v 1.8732 3.0706 1.6705
v 0.7852 2.4003 2.2033
v 0.7975 2.4120 2.1959
v 0.8098 2.4239 2.1885
v 0.8219 2.4358 2.1811
v 0.8340 2.4478 2.1736
v 0.8459 2.4598 2.1661
v 0.8577 2.4720 2.1585
v 0.8693 2.4843 2.1508
v 0.8800 2.4974 2.1426
v 0.8820 2.5171 2.1303
v 0.8721 2.5458 2.1124
v 0.8560 2.5792 2.0915
v 0.8441 2.6095 2.0725
v 0.8466 2.6288 2.0605
v 0.8669 2.6345 2.0569
v 0.8929 2.6358 2.0561
v 0.9206 2.6359 2.0561
v 0.9478 2.6363 2.0558
v 0.9736 2.6377 2.0549
v 0.9991 2.6394 2.0538
v 1.0274 2.6391 2.0541
v 1.0726 2.6602 2.0408
v 1.1262 2.6751 2.0316
v 1.1832 2.6873 2.0239
v 1.2315 2.7062 2.0122
v 1.2589 2.7410 1.9904
v 1.2625 2.7940 1.9573
v 1.2532 2.8569 1.9180
v 1.2475 2.9169 1.8804
v 1.2577 2.9650 1.8504
v 1.2865 2.9987 1.8294
v 1.3306 3.0208 1.8155
v 1.3848 3.0351 1.8066
v 1.4455 3.0445 1.8007
v 1.5104 3.0508 1.7968
v 1.5779 3.0550 1.7942
v 1.6462 3.0585 1.7920
v 1.7126 3.0636 1.7888
v 1.7736 3.0727 1.7831
v 1.8254 3.0889 1.7730
v 1.8652 3.1143 1.7571
v 0.8132 2.4777 2.2689
v 0.8250 2.4890 2.2618
v 0.8368 2.5003 2.2547
v 0.8485 2.5117 2.2476
v 0.8601 2.5232 2.2404
v 0.8716 2.5347 2.2332
v 0.8830 2.5464 2.2259
v 0.8943 2.5581 2.2186
v 0.9022 2.5724 2.2097
v 0.8994 2.5949 2.1956
v 0.8858 2.6256 2.1764
v 0.8683 2.6593 2.1554
v 0.8580 2.6875 2.1377
v 0.8649 2.7026 2.1283
v 0.8834 2.7088 2.1244
v 0.9068 2.7113 2.1229
v 0.9330 2.7116 2.1227
v 0.9600 2.7113 2.1229
v 0.9868 2.7113 2.1229
v 1.0138 2.7109 2.1231
v 1.0441 2.7082 2.1248
v 1.0871 2.7288 2.1119
v 1.1385 2.7431 2.1030
v 1.1927 2.7553 2.0954
v 1.2376 2.7745 2.0834
v 1.2618 2.8095 2.0615
v 1.2640 2.8614 2.0291
v 1.2555 2.9214 1.9916
v 1.2526 2.9771 1.9568
v 1.2659 3.0206 1.9296
v 1.2969 3.0504 1.9110
v 1.3418 3.0696 1.8990
v 1.3958 3.0820 1.8913
v 1.4552 3.0901 1.8862
v 1.5183 3.0955 1.8828
v 1.5834 3.0993 1.8805
v 1.6489 3.1028 1.8783
v 1.7122 3.1080 1.8750
v 1.7700 3.1173 1.8692
v 1.8192 3.1333 1.8592
v 1.8572 3.1579 1.8438
v 0.8415 2.5555 2.3342
v 0.8528 2.5663 2.3274
v 0.8641 2.5772 2.3206
v 0.8754 2.5881 2.3138
v 0.8866 2.5990 2.3070
v 0.8977 2.6100 2.3001
v 0.9087 2.6211 2.2932
v 0.9198 2.6321 2.2863
v 0.9250 2.6476 2.2766
v 0.9186 2.6720 2.2614
v 0.9028 2.7036 2.2417
v 0.8857 2.7360 2.2214
v 0.8791 2.7606 2.2060
v 0.8869 2.7741 2.1976
v 0.9014 2.7825 2.1923
v 0.9214 2.7867 2.1897
v 0.9453 2.7880 2.1889
v 0.9712 2.7877 2.1891
v 0.9982 2.7866 2.1898
v 1.0265 2.7844 2.1912
v 1.0588 2.7792 2.1944
v 1.0997 2.7993 2.1818
v 1.1490 2.8130 2.1733
v 1.2009 2.8245 2.1661
v 1.2434 2.8434 2.1543
v 1.2655 2.8778 2.1328
v 1.2670 2.9279 2.1015
v 1.2600 2.9845 2.0661
v 1.2599 3.0359 2.0340
v 1.2759 3.0750 2.0096
v 1.3087 3.1012 1.9932
v 1.3541 3.1178 1.9828
v 1.4073 3.1284 1.9762
v 1.4654 3.1354 1.9718
v 1.5264 3.1400 1.9689
v 1.5891 3.1435 1.9668
v 1.6516 3.1470 1.9646
v 1.7117 3.1524 1.9612
v 1.7664 3.1619 1.9553
v 1.8128 3.1777 1.9454
v 1.8490 3.2014 1.9306
v 0.8702 2.6337 2.3993
v 0.8810 2.6440 2.3928
v 0.8919 2.6544 2.3863
v 0.9026 2.6648 2.3798
v 0.9134 2.6752 2.3733
v 0.9240 2.6857 2.3668
v 0.9356 2.6955 2.3606
v 0.9474 2.7051 2.3546
v 0.9502 2.7216 2.3444
v 0.9412 2.7470 2.3284
v 0.9246 2.7783 2.3089
v 0.9098 2.8082 2.2902
v 0.9067 2.8292 2.2771
v 0.9110 2.8446 2.2675
v 0.9214 2.8553 2.2608
v 0.9375 2.8616 2.2569
v 0.9582 2.8644 2.2551
v 0.9821 2.8647 2.2549
v 1.0084 2.8633 2.2558
v 1.0374 2.8598 2.2580
v 1.0714 2.8524 2.2626
v 1.1103 2.8717 2.2505
v 1.1581 2.8842 2.2427
v 1.2087 2.8946 2.2362
v 1.2495 2.9124 2.2251
v 1.2704 2.9454 2.2045
v 1.2721 2.9931 2.1747
v 1.2668 3.0461 2.1415
v 1.2693 3.0932 2.1121
v 1.2877 3.1282 2.0903
v 1.3218 3.1511 2.0759
v 1.3672 3.1655 2.0670
v 1.4195 3.1745 2.0613
v 1.4759 3.1804 2.0576
v 1.5348 3.1844 2.0551
v 1.5948 3.1876 2.0531
v 1.6543 3.1912 2.0509
v 1.7111 3.1968 2.0474
v 1.7626 3.2064 2.0414
v 1.8064 3.2220 2.0316
v 1.8407 3.2448 2.0174
v 0.8993 2.7123 2.4641
v 0.9096 2.7221 2.4580
v 0.9200 2.7320 2.4518
v 0.9303 2.7419 2.4456
v 0.9405 2.7518 2.4394
v 0.9510 2.7615 2.4333
v 0.9663 2.7676 2.4296
v 0.9781 2.7763 2.4241
v 0.9788 2.7935 2.4134
v 0.9682 2.8193 2.3972
v 0.9521 2.8493 2.3785
v 0.9409 2.8756 2.3620
v 0.9367 2.8966 2.3489
v 0.9375 2.9138 2.3382
v 0.9438 2.9267 2.3301
v 0.9557 2.9353 2.3247
v 0.9725 2.9402 2.3217
v 0.9935 2.9419 2.3206
v 1.0181 2.9409 2.3213
v 1.0468 2.9367 2.3239
v 1.0819 2.9276 2.3295
v 1.1194 2.9457 2.3183
v 1.1666 2.9563 2.3116
v 1.2167 2.9648 2.3063
v 1.2569 2.9808 2.2963
v 1.2774 3.0118 2.2770
v 1.2797 3.0567 2.2489
v 1.2763 3.1060 2.2181
v 1.2811 3.1490 2.1912
v 1.3013 3.1802 2.1717
v 1.3362 3.2003 2.1591
v 1.3812 3.2126 2.1515
v 1.4323 3.2203 2.1467
v 1.4869 3.2253 2.1436
v 1.5435 3.2288 2.1414
v 1.6007 3.2317 2.1395
v 1.6571 3.2354 2.1372
v 1.7105 3.2413 2.1336
v 1.7589 3.2510 2.1275
v 1.8000 3.2663 2.1179
v 1.8325 3.2882 2.1042
v 0.9288 2.7912 2.5287
v 0.9386 2.8006 2.5229
v 0.9484 2.8099 2.5170
v 0.9582 2.8193 2.5112
v 0.9680 2.8287 2.5053
v 0.9828 2.8342 2.5018
v 1.0016 2.8367 2.5003
v 1.0128 2.8450 2.4951
v 1.0115 2.8629 2.4840
v 0.9998 2.8887 2.4678
v 0.9851 2.9167 2.4503
v 0.9750 2.9413 2.4350
v 0.9686 2.9631 2.4213
v 0.9663 2.9816 2.4097
v 0.9689 2.9965 2.4004
v 0.9765 3.0075 2.3935
v 0.9892 3.0148 2.3890
v 1.0064 3.0184 2.3867
v 1.0283 3.0186 2.3866
v 1.0556 3.0146 2.3891
v 1.0908 3.0045 2.3954
v 1.1279 3.0206 2.3854
v 1.1754 3.0287 2.3803
v 1.2259 3.0344 2.3767
v 1.2663 3.0479 2.3683
v 1.2871 3.0764 2.3505
v 1.2902 3.1184 2.3243
v 1.2884 3.1641 2.2957
v 1.2951 3.2033 2.2712
v 1.3166 3.2313 2.2537
v 1.3518 3.2488 2.2428
v 1.3961 3.2593 2.2362
v 1.4457 3.2657 2.2322
v 1.4983 3.2700 2.2296
v 1.5523 3.2730 2.2276
v 1.6066 3.2759 2.2258
v 1.6597 3.2797 2.2235
v 1.7098 3.2858 2.2197
v 1.7550 3.2957 2.2135
v 1.7935 3.3106 2.2042
v 1.8241 3.3316 2.1911
v 0.9586 2.8705 2.5931
v 0.9679 2.8793 2.5876
v 0.9772 2.8882 2.5821
v 0.9865 2.8971 2.5765
v 0.9986 2.9038 2.5723
v 1.0210 2.9027 2.5730
v 1.0416 2.9029 2.5729
v 1.0513 2.9114 2.5676
v 1.0479 2.9300 2.5560
v 1.0353 2.9556 2.5400
v 1.0217 2.9819 2.5235
v 1.0106 3.0063 2.5083
v 1.0024 3.0285 2.4944
v 0.9977 3.0481 2.4821
v 0.9969 3.0647 2.4718
v 1.0005 3.0779 2.4635
v 1.0088 3.0875 2.4575
v 1.0219 3.0935 2.4538
v 1.0401 3.0955 2.4525
v 1.0649 3.0925 2.4544
v 1.0990 3.0825 2.4607
v 1.1367 3.0957 2.4524
v 1.1856 3.1003 2.4495
v 1.2374 3.1027 2.4480
v 1.2786 3.1133 2.4414
v 1.2998 3.1391 2.4253
v 1.3038 3.1781 2.4009
v 1.3033 3.2204 2.3745
v 1.3113 3.2563 2.3520
v 1.3335 3.2813 2.3364
v 1.3685 3.2966 2.3268
v 1.4118 3.3056 2.3213
v 1.4597 3.3110 2.3179
v 1.5100 3.3145 2.3156
v 1.5614 3.3173 2.3139
v 1.6126 3.3202 2.3121
v 1.6624 3.3242 2.3096
v 1.7091 3.3305 2.3057
v 1.7511 3.3404 2.2995
v 1.7870 3.3550 2.2904
v 1.8158 3.3750 2.2779
v 0.9888 2.9501 2.6573
v 0.9976 2.9585 2.6521
v 1.0064 2.9668 2.6469
v 1.0157 2.9747 2.6419
v 1.0375 2.9732 2.6429
v 1.0649 2.9673 2.6466
v 1.0856 2.9665 2.6471
v 1.0931 2.9759 2.6412
v 1.0870 2.9956 2.6289
v 1.0732 3.0212 2.6129
v 1.0595 3.0467 2.5969
v 1.0476 3.0708 2.5819
v 1.0381 3.0931 2.5679
v 1.0314 3.1134 2.5553
v 1.0278 3.1311 2.5442
v 1.0279 3.1461 2.5348
v 1.0320 3.1580 2.5274
v 1.0407 3.1664 2.5221
v 1.0548 3.1708 2.5194
v 1.0761 3.1695 2.5202
v 1.1079 3.1603 2.5260
v 1.1474 3.1698 2.5200
v 1.1985 3.1704 2.5197
v 1.2521 3.1690 2.5205
v 1.2943 3.1765 2.5159
v 1.3159 3.1996 2.5014
v 1.3204 3.2357 2.4788
v 1.3207 3.2751 2.4542
v 1.3295 3.3080 2.4337
v 1.3520 3.3305 2.4196
v 1.3863 3.3439 2.4112
v 1.4282 3.3515 2.4065
v 1.4742 3.3560 2.4037
v 1.5221 3.3591 2.4018
v 1.5706 3.3616 2.4002
v 1.6187 3.3645 2.3983
v 1.6650 3.3688 2.3957
v 1.7084 3.3753 2.3916
v 1.7473 3.3852 2.3854
v 1.7806 3.3994 2.3766
v 1.8076 3.4184 2.3647
v 1.0194 3.0301 2.7213
v 1.0276 3.0379 2.7164
v 1.0359 3.0458 2.7115
v 1.0531 3.0468 2.7109
v 1.0836 3.0376 2.7166
v 1.1135 3.0289 2.7220
v 1.1326 3.0285 2.7223
v 1.1365 3.0397 2.7153
v 1.1268 3.0612 2.7018
v 1.1120 3.0867 2.6859
v 1.0982 3.1113 2.6705
v 1.0860 3.1348 2.6558
v 1.0755 3.1569 2.6420
v 1.0672 3.1774 2.6292
v 1.0615 3.1960 2.6176
v 1.0586 3.2123 2.6074
v 1.0591 3.2261 2.5988
v 1.0636 3.2368 2.5921
v 1.0734 3.2435 2.5880
v 1.0907 3.2444 2.5874
v 1.1191 3.2369 2.5921
v 1.1612 3.2419 2.5889
v 1.2150 3.2381 2.5913
v 1.2706 3.2328 2.5946
v 1.3136 3.2372 2.5919
v 1.3354 3.2577 2.5790
v 1.3400 3.2915 2.5580
v 1.3407 3.3282 2.5350
v 1.3497 3.3586 2.5160
v 1.3718 3.3789 2.5033
v 1.4051 3.3907 2.4960
v 1.4453 3.3972 2.4919
v 1.4891 3.4009 2.4895
v 1.5344 3.4036 2.4879
v 1.5799 3.4061 2.4864
v 1.6247 3.4091 2.4845
v 1.6676 3.4135 2.4817
v 1.7076 3.4203 2.4775
v 1.7434 3.4301 2.4713
v 1.7742 3.4438 2.4627
v 1.7993 3.4618 2.4515
v 1.0503 3.1104 2.7850
v 1.0580 3.1177 2.7805
v 1.0698 3.1219 2.7779
v 1.0994 3.1126 2.7837
v 1.1352 3.0984 2.7925
v 1.1650 3.0889 2.7985
v 1.1805 3.0903 2.7976
v 1.1793 3.1045 2.7887
v 1.1658 3.1280 2.7741
v 1.1515 3.1521 2.7590
v 1.1380 3.1757 2.7442
v 1.1256 3.1984 2.7301
v 1.1145 3.2200 2.7165
v 1.1052 3.2404 2.7038
v 1.0977 3.2593 2.6920
v 1.0926 3.2765 2.6812
v 1.0901 3.2917 2.6718
v 1.0909 3.3042 2.6639
v 1.0966 3.3131 2.6584
v 1.1098 3.3163 2.6564
v 1.1342 3.3109 2.6598
v 1.1793 3.3112 2.6596
v 1.2359 3.3028 2.6648
v 1.2932 3.2939 2.6704
v 1.3368 3.2954 2.6694
v 1.3583 3.3138 2.6580
v 1.3625 3.3454 2.6382
v 1.3629 3.3799 2.6167
v 1.3716 3.4081 2.5990
v 1.3929 3.4266 2.5875
v 1.4248 3.4370 2.5809
v 1.4632 3.4426 2.5775
v 1.5045 3.4458 2.5755
v 1.5470 3.4482 2.5740
v 1.5893 3.4507 2.5724
v 1.6307 3.4539 2.5704
v 1.6702 3.4586 2.5675
v 1.7067 3.4654 2.5632
v 1.7395 3.4752 2.5571
v 1.7678 3.4884 2.5488
v 1.7912 3.5054 2.5382
v 1.0815 3.1910 2.8486
v 1.0895 3.1972 2.8447
v 1.1143 3.1905 2.8489
v 1.1523 3.1738 2.8594
v 1.1902 3.1572 2.8697
v 1.2172 3.1489 2.8749
v 1.2270 3.1537 2.8719
v 1.2188 3.1723 2.8603
v 1.2052 3.1950 2.8461
v 1.1917 3.2176 2.8320
v 1.1786 3.2399 2.8181
v 1.1663 3.2616 2.8045
v 1.1550 3.2825 2.7914
v 1.1450 3.3025 2.7789
v 1.1364 3.3214 2.7672
v 1.1295 3.3389 2.7562
v 1.1247 3.3549 2.7462
v 1.1227 3.3688 2.7375
v 1.1249 3.3794 2.7309
v 1.1342 3.3846 2.7277
v 1.1546 3.3813 2.7297
v 1.2027 3.3770 2.7324
v 1.2615 3.3644 2.7403
v 1.3200 3.3522 2.7479
v 1.3635 3.3513 2.7484
v 1.3843 3.3678 2.7381
v 1.3877 3.3976 2.7195
v 1.3873 3.4303 2.6991
v 1.3951 3.4567 2.6826
v 1.4153 3.4737 2.6720
v 1.4455 3.4830 2.6661
v 1.4816 3.4879 2.6631
v 1.5203 3.4907 2.6614
v 1.5597 3.4929 2.6599
v 1.5988 3.4955 2.6584
v 1.6367 3.4989 2.6562
v 1.6726 3.5039 2.6531
v 1.7059 3.5109 2.6488
v 1.7357 3.5205 2.6428
v 1.7616 3.5331 2.6349
v 1.7832 3.5490 2.6249
v 1.1130 3.2719 2.9120
v 1.1306 3.2699 2.9133
v 1.1669 3.2535 2.9235
v 1.2094 3.2324 2.9367
v 1.2460 3.2159 2.9470
v 1.2675 3.2109 2.9501
v 1.2687 3.2213 2.9436
v 1.2573 3.2414 2.9311
v 1.2450 3.2622 2.9181
v 1.2324 3.2832 2.9050
v 1.2200 3.3040 2.8919
v 1.2080 3.3245 2.8791
v 1.1968 3.3445 2.8666
v 1.1864 3.3638 2.8546
v 1.1772 3.3823 2.8431
v 1.1692 3.3998 2.8321
v 1.1627 3.4160 2.8219
v 1.1585 3.4306 2.8128
v 1.1580 3.4424 2.8055
v 1.1641 3.4491 2.8013
v 1.1809 3.4477 2.8022
v 1.2313 3.4391 2.8075
v 1.2917 3.4230 2.8176
v 1.3506 3.4079 2.8270
v 1.3935 3.4051 2.8288
v 1.4132 3.4201 2.8194
v 1.4152 3.4484 2.8017
v 1.4136 3.4796 2.7822
v 1.4202 3.5045 2.7666
v 1.4387 3.5203 2.7568
v 1.4669 3.5288 2.7515
v 1.5004 3.5331 2.7488
v 1.5363 3.5357 2.7472
v 1.5725 3.5379 2.7458
v 1.6082 3.5406 2.7441
v 1.6426 3.5443 2.7418
v 1.6751 3.5495 2.7386
v 1.7050 3.5565 2.7342
v 1.7320 3.5659 2.7283
v 1.7555 3.5779 2.7208
v 1.7753 3.5928 2.7115
v 1.1496 3.3495 2.9775
v 1.1813 3.3358 2.9860
v 1.2248 3.3130 3.0003
v 1.2680 3.2904 3.0144
v 1.3000 3.2765 3.0231
v 1.3126 3.2773 3.0226
v 1.3059 3.2929 3.0128
v 1.2959 3.3110 3.0015
v 1.2850 3.3298 2.9898
v 1.2736 3.3489 2.9778
v 1.2620 3.3682 2.9658
v 1.2507 3.3873 2.9538
v 1.2397 3.4061 2.9421
v 1.2294 3.4244 2.9306
v 1.2198 3.4422 2.9195
v 1.2112 3.4593 2.9089
v 1.2037 3.4754 2.8988
v 1.1980 3.4902 2.8895
v 1.1955 3.5025 2.8818
v 1.1993 3.5102 2.8771
v 1.2132 3.5100 2.8772
v 1.2650 3.4979 2.8847
v 1.3261 3.4788 2.8967
v 1.3847 3.4615 2.9075
v 1.4265 3.4571 2.9103
v 1.4446 3.4708 2.9017
v 1.4450 3.4980 2.8847
v 1.4418 3.5279 2.8660
v 1.4466 3.5517 2.8511
v 1.4631 3.5666 2.8418
v 1.4889 3.5744 2.8369
v 1.5197 3.5784 2.8344
v 1.5524 3.5809 2.8329
v 1.5853 3.5833 2.8314
v 1.6175 3.5862 2.8296
v 1.6484 3.5901 2.8271
v 1.6774 3.5955 2.8238
v 1.7042 3.6025 2.8194
v 1.7283 3.6116 2.8137
v 1.7495 3.6229 2.8066
v 1.7675 3.6367 2.7980
v 1.1972 3.4192 3.0478
v 1.2386 3.3971 3.0617
v 1.2851 3.3711 3.0779
v 1.3252 3.3501 3.0911
v 1.3489 3.3415 3.0964
v 1.3500 3.3501 3.0910
v 1.3429 3.3651 3.0817
v 1.3344 3.3811 3.0717
v 1.3250 3.3978 3.0612
v 1.3149 3.4150 3.0505
v 1.3045 3.4325 3.0396
v 1.2940 3.4500 3.0286
v 1.2837 3.4674 3.0177
v 1.2737 3.4846 3.0070
v 1.2641 3.5014 2.9965
v 1.2553 3.5176 2.9863
v 1.2473 3.5333 2.9766
v 1.2407 3.5478 2.9675
v 1.2370 3.5601 2.9598
v 1.2391 3.5681 2.9548
v 1.2510 3.5685 2.9546
v 1.3032 3.5537 2.9638
v 1.3640 3.5323 2.9772
v 1.4217 3.5133 2.9891
v 1.4620 3.5075 2.9927
v 1.4783 3.5202 2.9848
v 1.4767 3.5464 2.9684
v 1.4715 3.5754 2.9502
v 1.4742 3.5984 2.9359
v 1.4883 3.6127 2.9270
v 1.5113 3.6201 2.9223
v 1.5391 3.6240 2.9199
v 1.5686 3.6265 2.9183
v 1.5980 3.6291 2.9167
v 1.6267 3.6322 2.9147
v 1.6540 3.6364 2.9121
v 1.6797 3.6418 2.9087
v 1.7034 3.6488 2.9044
v 1.7248 3.6575 2.8989
v 1.7437 3.6682 2.8923
v 1.7599 3.6808 2.8844
v 1.2529 3.4832 3.1218
v 1.2997 3.4561 3.1387
v 1.3449 3.4301 3.1550
v 1.3779 3.4136 3.1653
v 1.3894 3.4133 3.1655
v 1.3853 3.4250 3.1582
v 1.3797 3.4379 3.1501
v 1.3728 3.4517 3.1415
v 1.3649 3.4663 3.1323
v 1.3563 3.4815 3.1229
v 1.3472 3.4971 3.1131
v 1.3378 3.5128 3.1033
v 1.3283 3.5286 3.0934
v 1.3190 3.5444 3.0836
v 1.3098 3.5599 3.0739
v 1.3011 3.5752 3.0643
v 1.2930 3.5899 3.0551
v 1.2861 3.6038 3.0464
v 1.2817 3.6157 3.0390
v 1.2829 3.6234 3.0342
v 1.2935 3.6239 3.0339
v 1.3451 3.6071 3.0444
v 1.4049 3.5840 3.0588
v 1.4612 3.5636 3.0716
v 1.4998 3.5567 3.0759
v 1.5140 3.5685 3.0685
v 1.5102 3.5939 3.0526
v 1.5026 3.6223 3.0349
v 1.5028 3.6448 3.0208
v 1.5141 3.6587 3.0121
v 1.5341 3.6661 3.0075
v 1.5586 3.6699 3.0051
v 1.5846 3.6726 3.0034
v 1.6105 3.6754 3.0017
v 1.6356 3.6788 2.9996
v 1.6595 3.6832 2.9968
v 1.6819 3.6887 2.9934
v 1.7026 3.6955 2.9892
v 1.7213 3.7038 2.9840
v 1.7380 3.7136 2.9778
v 1.7526 3.7251 2.9707
v 1.3136 3.5439 3.1979
v 1.3613 3.5151 3.2158
v 1.4011 3.4923 3.2300
v 1.4229 3.4834 3.2356
v 1.4234 3.4906 3.2311
v 1.4205 3.5005 3.2249
v 1.4163 3.5114 3.2181
v 1.4109 3.5231 3.2108
v 1.4046 3.5356 3.2030
v 1.3975 3.5487 3.1948
v 1.3898 3.5622 3.1864
v 1.3817 3.5760 3.1778
v 1.3734 3.5900 3.1690
v 1.3650 3.6041 3.1602
v 1.3566 3.6181 3.1514
v 1.3484 3.6320 3.1427
v 1.3406 3.6457 3.1342
v 1.3337 3.6586 3.1262
v 1.3291 3.6697 3.1192
v 1.3296 3.6770 3.1147
v 1.3391 3.6774 3.1144
v 1.3886 3.6597 3.1254
v 1.4458 3.6362 3.1402
v 1.4994 3.6154 3.1532
v 1.5355 3.6079 3.1578
v 1.5478 3.6187 3.1511
v 1.5424 3.6429 3.1359
v 1.5331 3.6701 3.1189
v 1.5311 3.6918 3.1054
v 1.5398 3.7053 3.0970
v 1.5567 3.7125 3.0924
v 1.5778 3.7165 3.0900
v 1.6003 3.7194 3.0881
v 1.6227 3.7225 3.0862
v 1.6443 3.7261 3.0840
v 1.6648 3.7306 3.0812
v 1.6841 3.7360 3.0778
v 1.7018 3.7426 3.0737
v 1.7181 3.7503 3.0688
v 1.7326 3.7593 3.0632
v 1.7455 3.7696 3.0568
v 1.3764 3.6034 3.2746
v 1.4206 3.5763 3.2915
v 1.4507 3.5601 3.3017
v 1.4581 3.5611 3.3010
v 1.4573 3.5684 3.2964
v 1.4554 3.5766 3.2913
v 1.4525 3.5856 3.2857
v 1.4485 3.5953 3.2796
v 1.4437 3.6057 3.2732
v 1.4382 3.6166 3.2663
v 1.4321 3.6280 3.2592
v 1.4255 3.6398 3.2519
v 1.4185 3.6518 3.2443
v 1.4113 3.6640 3.2367
v 1.4040 3.6763 3.2290
v 1.3966 3.6887 3.2213
v 1.3895 3.7009 3.2137
v 1.3830 3.7125 3.2064
v 1.3784 3.7227 3.2000
v 1.3783 3.7295 3.1958
v 1.3862 3.7302 3.1954
v 1.4314 3.7133 3.2059
v 1.4835 3.6913 3.2197
v 1.5320 3.6718 3.2318
v 1.5646 3.6647 3.2363
v 1.5753 3.6742 3.2304
v 1.5698 3.6961 3.2167
v 1.5605 3.7208 3.2012
v 1.5578 3.7406 3.1889
v 1.5645 3.7531 3.1811
v 1.5787 3.7599 3.1768
v 1.5966 3.7640 3.1743
v 1.6156 3.7671 3.1723
v 1.6345 3.7703 3.1703
v 1.6527 3.7741 3.1679
v 1.6700 3.7786 3.1651
v 1.6862 3.7839 3.1618
v 1.7012 3.7901 3.1579
v 1.7150 3.7972 3.1535
v 1.7275 3.8053 3.1484
v 1.7388 3.8144 3.1427
v 1.4382 3.6641 3.3506
v 1.4745 3.6421 3.3643
v 1.4904 3.6357 3.3683
v 1.4913 3.6409 3.3651
v 1.4911 3.6468 3.3614
v 1.4901 3.6533 3.3573
v 1.4882 3.6605 3.3528
v 1.4856 3.6684 3.3479
v 1.4822 3.6767 3.3427
v 1.4782 3.6856 3.3372
v 1.4736 3.6948 3.3314
v 1.4686 3.7045 3.3254
v 1.4631 3.7144 3.3192
v 1.4574 3.7246 3.3128
v 1.4513 3.7350 3.3063
v 1.4452 3.7455 3.2997
v 1.4390 3.7560 3.2932
v 1.4333 3.7661 3.2869
v 1.4291 3.7751 3.2812
v 1.4286 3.7813 3.2774
v 1.4347 3.7824 3.2767
v 1.4739 3.7677 3.2858
v 1.5187 3.7487 3.2977
v 1.5605 3.7320 3.3082
v 1.5886 3.7258 3.3120
v 1.5979 3.7339 3.3070
v 1.5933 3.7527 3.2953
v 1.5853 3.7739 3.2820
v 1.5828 3.7911 3.2712
v 1.5882 3.8022 3.2643
v 1.5999 3.8085 3.2604
v 1.6146 3.8125 3.2579
v 1.6303 3.8157 3.2558
v 1.6458 3.8191 3.2537
v 1.6607 3.8229 3.2513
v 1.6749 3.8273 3.2486
v 1.6882 3.8324 3.2455
v 1.7007 3.8381 3.2419
v 1.7122 3.8445 3.2379
v 1.7227 3.8517 3.2334
v 1.7323 3.8596 3.2285
v 1.4959 3.7283 3.4245
v 1.5198 3.7148 3.4329
v 1.5235 3.7169 3.4315
v 1.5244 3.7210 3.4290
v 1.5248 3.7256 3.4261
v 1.5244 3.7307 3.4229
v 1.5235 3.7363 3.4194
v 1.5219 3.7423 3.4157
v 1.5198 3.7488 3.4116
v 1.5172 3.7557 3.4073
v 1.5141 3.7629 3.4028
v 1.5106 3.7704 3.3981
v 1.5067 3.7783 3.3932
v 1.5025 3.7864 3.3881
v 1.4979 3.7947 3.3830
v 1.4932 3.8031 3.3777
v 1.4884 3.8117 3.3723
v 1.4838 3.8201 3.3671
v 1.4802 3.8276 3.3624
v 1.4795 3.8331 3.3590
v 1.4839 3.8346 3.3580
v 1.5158 3.8229 3.3653
v 1.5522 3.8080 3.3747
v 1.5860 3.7949 3.3828
v 1.6089 3.7903 3.3857
v 1.6168 3.7970 3.3815
v 1.6137 3.8121 3.3720
v 1.6078 3.8294 3.3613
v 1.6061 3.8435 3.3525
v 1.6106 3.8528 3.3466
v 1.6200 3.8585 3.3431
v 1.6317 3.8623 3.3407
v 1.6441 3.8656 3.3387
v 1.6565 3.8689 3.3365
v 1.6683 3.8727 3.3342
v 1.6796 3.8768 3.3316
v 1.6903 3.8815 3.3287
v 1.7003 3.8866 3.3255
v 1.7096 3.8923 3.3220
v 1.7183 3.8984 3.3181
v 1.7263 3.9051 3.3139
v 1.5464 3.7982 3.4947
v 1.5550 3.7956 3.4963
v 1.5565 3.7984 3.4946
v 1.5576 3.8015 3.4926
v 1.5582 3.8050 3.4905
v 1.5584 3.8088 3.4881
v 1.5582 3.8129 3.4855
v 1.5575 3.8173 3.4827
v 1.5564 3.8221 3.4798
v 1.5550 3.8271 3.4766
v 1.5532 3.8324 3.4733
v 1.5511 3.8379 3.4699
v 1.5487 3.8437 3.4662
v 1.5459 3.8498 3.4625
v 1.5429 3.8560 3.4586
v 1.5397 3.8624 3.4546
v 1.5364 3.8689 3.4505
v 1.5331 3.8753 3.4465
v 1.5305 3.8812 3.4428
v 1.5298 3.8857 3.4400
v 1.5327 3.8874 3.4389
v 1.5568 3.8794 3.4440
v 1.5840 3.8690 3.4505
v 1.6093 3.8600 3.4561
v 1.6266 3.8572 3.4578
v 1.6332 3.8625 3.4545
v 1.6317 3.8740 3.4473
v 1.6282 3.8870 3.4392
v 1.6277 3.8978 3.4325
v 1.6315 3.9052 3.4278
v 1.6388 3.9100 3.4248
v 1.6477 3.9136 3.4226
v 1.6572 3.9167 3.4206
v 1.6665 3.9199 3.4186
v 1.6755 3.9234 3.4164
v 1.6842 3.9272 3.4141
v 1.6924 3.9313 3.4115
v 1.7001 3.9357 3.4088
v 1.7074 3.9405 3.4058
v 1.7143 3.9456 3.4026
v 1.7207 3.9511 3.3992
v 1.5869 3.8762 3.5599
v 1.5884 3.8780 3.5588
v 1.5897 3.8801 3.5575
v 1.5907 3.8823 3.5561
v 1.5915 3.8848 3.5545
v 1.5920 3.8874 3.5529
v 1.5922 3.8903 3.5511
v 1.5922 3.8933 3.5492
v 1.5919 3.8966 3.5472
v 1.5914 3.9000 3.5450
v 1.5906 3.9036 3.5428
v 1.5896 3.9073 3.5404
v 1.5884 3.9113 3.5380
v 1.5870 3.9154 3.5354
v 1.5854 3.9196 3.5328
v 1.5837 3.9240 3.5300
v 1.5818 3.9285 3.5272
v 1.5799 3.9330 3.5244
v 1.5783 3.9372 3.5218
v 1.5779 3.9405 3.5197
v 1.5797 3.9422 3.5187
v 1.5960 3.9377 3.5215
v 1.6141 3.9318 3.5251
v 1.6310 3.9269 3.5282
v 1.6428 3.9258 3.5289
v 1.6480 3.9299 3.5264
v 1.6480 3.9378 3.5214
v 1.6468 3.9466 3.5159
v 1.6474 3.9542 3.5112
v 1.6507 3.9596 3.5078
v 1.6561 3.9634 3.5054
v 1.6626 3.9665 3.5035
v 1.6693 3.9693 3.5017
v 1.6759 3.9722 3.4999
v 1.6824 3.9752 3.4980
v 1.6886 3.9784 3.4960
v 1.6946 3.9819 3.4939
v 1.7002 3.9855 3.4916
v 1.7057 3.9893 3.4892
v 1.7108 3.9933 3.4867
v 1.7157 3.9975 3.4841
v 1.6208 3.9593 3.6219
v 1.6219 3.9606 3.6211
v 1.6229 3.9620 3.6202
v 1.6237 3.9635 3.6193
v 1.6245 3.9650 3.6183
v 1.6250 3.9667 3.6173
v 1.6255 3.9685 3.6162
v 1.6258 3.9704 3.6150
v 1.6260 3.9723 3.6138
v 1.6261 3.9744 3.6125
v 1.6261 3.9766 3.6111
v 1.6259 3.9788 3.6097
v 1.6256 3.9812 3.6082
v 1.6252 3.9836 3.6067
v 1.6247 3.9862 3.6051
v 1.6240 3.9888 3.6035
v 1.6233 3.9914 3.6018
v 1.6226 3.9941 3.6001
v 1.6220 3.9967 3.5985
v 1.6219 3.9989 3.5972
v 1.6229 4.0003 3.5963
v 1.6321 3.9988 3.5972
v 1.6422 3.9967 3.5985
v 1.6516 3.9951 3.5995
v 1.6586 3.9954 3.5994
v 1.6623 3.9982 3.5976
v 1.6635 4.0029 3.5947
v 1.6641 4.0080 3.5915
v 1.6655 4.0126 3.5886
v 1.6682 4.0161 3.5864
v 1.6719 4.0189 3.5847
v 1.6761 4.0212 3.5832
v 1.6804 4.0235 3.5818
v 1.6848 4.0258 3.5803
v 1.6889 4.0282 3.5788
v 1.6930 4.0307 3.5773
v 1.6970 4.0333 3.5757
v 1.7008 4.0360 3.5740
v 1.7044 4.0388 3.5722
v 1.7080 4.0417 3.5704
v 1.7114 4.0447 3.5686
v 1.6547 4.0425 3.6839
v 1.6554 4.0432 3.6834
v 1.6560 4.0440 3.6829
v 1.6566 4.0448 3.6824
v 1.6571 4.0456 3.6819
v 1.6576 4.0465 3.6813
v 1.6581 4.0474 3.6808
v 1.6585 4.0484 3.6802
v 1.6588 4.0494 3.6796
v 1.6591 4.0504 3.6789
v 1.6594 4.0514 3.6783
v 1.6596 4.0525 3.6776
v 1.6598 4.0536 3.6769
v 1.6599 4.0548 3.6762
v 1.6600 4.0560 3.6754
v 1.6600 4.0572 3.6747
v 1.6600 4.0585 3.6739
v 1.6600 4.0597 3.6731
v 1.6600 4.0610 3.6723
v 1.6602 4.0621 3.6716
v 1.6606 4.0630 3.6710
v 1.6644 4.0634 3.6708
v 1.6684 4.0637 3.6706
v 1.6722 4.0640 3.6704
v 1.6754 4.0649 3.6699
v 1.6776 4.0665 3.6689
v 1.6792 4.0686 3.6675
v 1.6805 4.0709 3.6661
v 1.6821 4.0730 3.6648
v 1.6840 4.0748 3.6637
v 1.6862 4.0764 3.6627
v 1.6885 4.0780 3.6617
v 1.6908 4.0795 3.6607
v 1.6931 4.0810 3.6598
v 1.6954 4.0826 3.6588
v 1.6976 4.0842 3.6578
v 1.6998 4.0858 3.6568
v 1.7019 4.0875 3.6557
v 1.7040 4.0892 3.6547
v 1.7060 4.0909 3.6536
v 1.7080 4.0927 3.6525
v 1.6882 4.1253 3.7461
v 1.6884 4.1255 3.7459
v 1.6886 4.1258 3.7457
v 1.6887 4.1262 3.7455
v 1.6888 4.1265 3.7453
v 1.6889 4.1269 3.7451
v 1.6889 4.1273 3.7448
v 1.6889 4.1278 3.7445
v 1.6889 4.1282 3.7442
v 1.6888 4.1287 3.7439
v 1.6887 4.1292 3.7436
v 1.6886 4.1298 3.7433
v 1.6884 4.1303 3.7429
v 1.6882 4.1309 3.7426
v 1.6880 4.1315 3.7422
v 1.6877 4.1322 3.7418
v 1.6874 4.1328 3.7414
v 1.6871 4.1335 3.7409
v 1.6867 4.1342 3.7405
v 1.6863 4.1350 3.7400
v 1.6859 4.1357 3.7395
v 1.6872 4.1359 3.7395
v 1.6885 4.1360 3.7394
v 1.6898 4.1361 3.7393
v 1.6911 4.1363 3.7392
v 1.6923 4.1365 3.7391
v 1.6935 4.1367 3.7389
v 1.6947 4.1370 3.7388
v 1.6958 4.1373 3.7386
v 1.6969 4.1376 3.7384
v 1.6980 4.1379 3.7382
v 1.6990 4.1383 3.7380
v 1.7000 4.1387 3.7377
v 1.7009 4.1391 3.7375
v 1.7019 4.1395 3.7372
v 1.7028 4.1400 3.7369
v 1.7036 4.1404 3.7366
v 1.7044 4.1410 3.7363
v 1.7052 4.1415 3.7359
v 1.7060 4.1421 3.7356
v 1.7067 4.1427 3.7352
f 1 42 43
f 1 43 2
f 3691 3733 3732
f 3691 3692 3733
f 2 43 44
f 2 44 3
f 3692 3734 3733
f 3692 3693 3734
f 3 44 45
f 3 45 4
f 3693 3735 3734
f 3693 3694 3735
f 4 45 46
f 4 46 5
f 3694 3736 3735
f 3694 3695 3736
f 5 46 47
f 5 47 6
f 3695 3737 3736
f 3695 3696 3737
f 6 47 48
f 6 48 7
f 3696 3738 3737
f 3696 3697 3738
f 7 48 49
f 7 49 8
f 3697 3739 3738
f 3697 3698 3739
f 8 49 50
f 8 50 9
f 3698 3740 3739
f 3698 3699 3740
f 9 50 51
f 9 51 10
f 3699 3741 3740
f 3699 3700 3741
f 10 51 52
f 10 52 11
f 3700 3742 3741
f 3700 3701 3742
f 11 52 53
f 11 53 12
f 3701 3743 3742
f 3701 3702 3743
f 12 53 54
f 12 54 13
f 3702 3744 3743
f 3702 3703 3744
f 13 54 55
f 13 55 14
f 3703 3745 3744
f 3703 3704 3745
f 14 55 56
f 14 56 15
f 3704 3746 3745
f 3704 3705 3746
f 15 56 57
f 15 57 16
f 3705 3747 3746
f 3705 3706 3747
f 16 57 58
f 16 58 17
f 3706 3748 3747
f 3706 3707 3748
f 17 58 59
f 17 59 18
f 3707 3749 3748
f 3707 3708 3749
f 18 59 60
f 18 60 19
f 3708 3750 3749
f 3708 3709 3750
f 19 60 61
f 19 61 20
f 3709 3751 3750
f 3709 3710 3751
f 20 61 62
f 20 62 21
f 3710 3752 3751
f 3710 3711 3752
f 21 62 63
f 21 63 22
f 3711 3753 3752
f 3711 3712 3753
f 22 63 64
f 22 64 23
f 3712 3754 3753
f 3712 3713 3754
f 23 64 65
f 23 65 24
f 3713 3755 3754
f 3713 3714 3755
f 24 65 66
f 24 66 25
f 3714 3756 3755
f 3714 3715 3756
f 25 66 67
f 25 67 26
f 3715 3757 3756
f 3715 3716 3757
f 26 67 68
f 26 68 27
f 3716 3758 3757
f 3716 3717 3758
f 27 68 69
f 27 69 28
f 3717 3759 3758
f 3717 3718 3759
f 28 69 70
f 28 70 29
f 3718 3760 3759
f 3718 3719 3760
f 29 70 71
f 29 71 30
f 3719 3761 3760
f 3719 3720 3761
f 30 71 72
f 30 72 31
f 3720 3762 3761
f 3720 3721 3762
f 31 72 73
f 31 73 32
f 3721 3763 3762
f 3721 3722 3763
f 32 73 74
f 32 74 33
f 3722 3764 3763
f 3722 3723 3764
f 33 74 75
f 33 75 34
f 3723 3765 3764
f 3723 3724 3765
f 34 75 76
f 34 76 35
f 3724 3766 3765
f 3724 3725 3766
f 35 76 77
f 35 77 36
f 3725 3767 3766
f 3725 3726 3767
f 36 77 78
f 36 78 37
f 3726 3768 3767
f 3726 3727 3768
f 37 78 79
f 37 79 38
f 3727 3769 3768
f 3727 3728 3769
f 38 79 80
f 38 80 39
f 3728 3770 3769
f 3728 3729 3770
f 39 80 81
f 39 81 40
f 3729 3771 3770
f 3729 3730 3771
f 40 81 82
f 40 82 41
f 3730 3772 3771
f 3730 3731 3772
f 42 83 84
f 42 84 43
f 3732 3774 3773
f 3732 3733 3774
f 43 84 85
f 43 85 44
f 3733 3775 3774
f 3733 3734 3775
f 44 85 86
f 44 86 45
f 3734 3776 3775
f 3734 3735 3776
f 45 86 87
f 45 87 46
f 3735 3777 3776
f 3735 3736 3777
f 46 87 88
f 46 88 47
f 3736 3778 3777
f 3736 3737 3778
f 47 88 89
f 47 89 48
f 3737 3779 3778
f 3737 3738 3779
f 48 89 90
f 48 90 49
f 3738 3780 3779
f 3738 3739 3780
f 49 90 91
f 49 91 50
f 3739 3781 3780
f 3739 3740 3781
f 50 91 92
f 50 92 51
f 3740 3782 3781
f 3740 3741 3782
f 51 92 93
f 51 93 52
f 3741 3783 3782
f 3741 3742 3783
f 52 93 94
f 52 94 53
f 3742 3784 3783
f 3742 3743 3784
f 53 94 95
f 53 95 54
f 3743 3785 3784
f 3743 3744 3785
f 54 95 96
f 54 96 55
f 3744 3786 3785
f 3744 3745 3786
f 55 96 97
f 55 97 56
f 3745 3787 3786
f 3745 3746 3787
f 56 97 98
f 56 98 57
f 3746 3788 3787
f 3746 3747 3788
f 57 98 99
f 57 99 58
f 3747 3789 3788
f 3747 3748 3789
f 58 99 100
f 58 100 59
f 3748 3790 3789
f 3748 3749 3790
f 59 100 101
f 59 101 60
f 3749 3791 3790
f 3749 3750 3791
f 60 101 102
f 60 102 61
f 3750 3792 3791
f 3750 3751 3792
f 61 102 103
f 61 103 62
f 3751 3793 3792
f 3751 3752 3793
f 62 103 104
f 62 104 63
f 3752 3794 3793
f 3752 3753 3794
f 63 104 105
f 63 105 64
f 3753 3795 3794
f 3753 3754 3795
f 64 105 106
f 64 106 65
f 3754 3796 3795
f 3754 3755 3796
f 65 106 107
f 65 107 66
f 3755 3797 3796
f 3755 3756 3797
f 66 107 108
f 66 108 67
f 3756 3798 3797
f 3756 3757 3798
f 67 108 109
f 67 109 68
f 3757 3799 3798
f 3757 3758 3799
f 68 109 110
f 68 110 69
f 3758 3800 3799
f 3758 3759 3800
f 69 110 111
f 69 111 70
f 3759 3801 3800
f 3759 3760 3801
f 70 111 112
f 70 112 71
f 3760 3802 3801
f 3760 3761 3802
f 71 112 113
f 71 113 72
f 3761 3803 3802
f 3761 3762 3803
f 72 113 114
f 72 114 73
f 3762 3804 3803
f 3762 3763 3804
f 73 114 115
f 73 115 74
f 3763 3805 3804
f 3763 3764 3805
f 74 115 116
f 74 116 75
f 3764 3806 3805
f 3764 3765 3806
f 75 116 117
f 75 117 76
f 3765 3807 3806
f 3765 3766 3807
f 76 117 118
f 76 118 77
f 3766 3808 3807
f 3766 3767 3808
f 77 118 119
f 77 119 78
f 3767 3809 3808
f 3767 3768 3809
f 78 119 120
f 78 120 79
f 3768 3810 3809
f 3768 3769 3810
f 79 120 121
f 79 121 80
f 3769 3811 3810
f 3769 3770 3811
f 80 121 122
f 80 122 81
f 3770 3812 3811
f 3770 3771 3812
f 81 122 123
f 81 123 82
f 3771 3813 3812
f 3771 3772 3813
f 83 124 125
f 83 125 84
f 3773 3815 3814
f 3773 3774 3815
f 84 125 126
f 84 126 85
f 3774 3816 3815
f 3774 3775 3816
f 85 126 127
f 85 127 86
f 3775 3817 3816
f 3775 3776 3817
f 86 127 128
f 86 128 87
f 3776 3818 3817
f 3776 3777 3818
f 87 128 129
f 87 129 88
f 3777 3819 3818
f 3777 3778 3819
f 88 129 130
f 88 130 89
f 3778 3820 3819
f 3778 3779 3820
f 89 130 131
f 89 131 90
f 3779 3821 3820
f 3779 3780 3821
f 90 131 132
f 90 132 91
f 3780 3822 3821
f 3780 3781 3822
f 91 132 133
f 91 133 92
f 3781 3823 3822
f 3781 3782 3823
f 92 133 134
f 92 134 93
f 3782 3824 3823
f 3782 3783 3824
f 93 134 135
f 93 135 94
f 3783 3825 3824
f 3783 3784 3825
f 94 135 136
f 94 136 95
f 3784 3826 3825
f 3784 3785 3826
f 95 136 137
f 95 137 96
f 3785 3827 3826
f 3785 3786 3827
f 96 137 138
f 96 138 97
f 3786 3828 3827
f 3786 3787 3828
f 97 138 139
f 97 139 98
f 3787 3829 3828
f 3787 3788 3829
f 98 139 140
f 98 140 99
f 3788 3830 3829
f 3788 3789 3830
f 99 140 141
f 99 141 100
f 3789 3831 3830
f 3789 3790 3831
f 100 141 142
f 100 142 101
f 3790 3832 3831
f 3790 3791 3832
f 101 142 143
f 101 143 102
f 3791 3833 3832
f 3791 3792 3833
f 102 143 144
f 102 144 103
f 3792 3834 3833
f 3792 3793 3834
f 103 144 145
f 103 145 104
f 3793 3835 3834
f 3793 3794 3835
f 104 145 146
f 104 146 105
f 3794 3836 3835
f 3794 3795 3836
f 105 146 147
f 105 147 106
f 3795 3837 3836
f 3795 3796 3837
f 106 147 148
f 106 148 107
f 3796 3838 3837
f 3796 3797 3838
f 107 148 149
f 107 149 108
f 3797 3839 3838
f 3797 3798 3839
f 108 149 150
f 108 150 109
f 3798 3840 3839
f 3798 3799 3840
f 109 150 151
f 109 151 110
f 3799 3841 3840
f 3799 3800 3841
f 110 151 152
f 110 152 111
f 3800 3842 3841
f 3800 3801 3842
f 111 152 153
f 111 153 112
f 3801 3843 3842
f 3801 3802 3843
f 112 153 154
f 112 154 113
f 3802 3844 3843
f 3802 3803 3844
f 113 154 155
f 113 155 114
f 3803 3845 3844
f 3803 3804 3845
f 114 155 156
f 114 156 115
f 3804 3846 3845
f 3804 3805 3846
f 115 156 157
f 115 157 116
f 3805 3847 3846
f 3805 3806 3847
f 116 157 158
f 116 158 117
f 3806 3848 3847
f 3806 3807 3848
f 117 158 159
f 117 159 118
f 3807 3849 3848
f 3807 3808 3849
f 118 159 160
f 118 160 119
f 3808 3850 3849
f 3808 3809 3850
f 119 160 161
f 119 161 120
f 3809 3851 3850
f 3809 3810 3851
f 120 161 162
f 120 162 121
f 3810 3852 3851
f 3810 3811 3852
f 121 162 163
f 121 163 122
f 3811 3853 3852
f 3811 3812 3853
f 122 163 164
f 122 164 123
f 3812 3854 3853
f 3812 3813 3854
f 124 165 166
f 124 166 125
f 3814 3856 3855
f 3814 3815 3856
f 125 166 167
f 125 167 126
f 3815 3857 3856
f 3815 3816 3857
f 126 167 168
f 126 168 127
f 3816 3858 3857
f 3816 3817 3858
f 127 168 169
f 127 169 128
f 3817 3859 3858
f 3817 3818 3859
f 128 169 170
f 128 170 129
f 3818 3860 3859
f 3818 3819 3860
f 129 170 171
f 129 171 130
f 3819 3861 3860
f 3819 3820 3861
f 130 171 172
f 130 172 131
f 3820 3862 3861
f 3820 3821 3862
f 131 172 173
f 131 173 132
f 3821 3863 3862
f 3821 3822 3863
f 132 173 174
f 132 174 133
f 3822 3864 3863
f 3822 3823 3864
f 133 174 175
f 133 175 134
f 3823 3865 3864
f 3823 3824 3865
f 134 175 176
f 134 176 135
f 3824 3866 3865
f 3824 3825 3866
f 135 176 177
f 135 177 136
f 3825 3867 3866
f 3825 3826 3867
f 136 177 178
f 136 178 137
f 3826 3868 3867
f 3826 3827 3868
f 137 178 179
f 137 179 138
f 3827 3869 3868
f 3827 3828 3869
f 138 179 180
f 138 180 139
f 3828 3870 3869
f 3828 3829 3870
f 139 180 181
f 139 181 140
f 3829 3871 3870
f 3829 3830 3871
f 140 181 182
f 140 182 141
f 3830 3872 3871
f 3830 3831 3872
f 141 182 183
f 141 183 142
f 3831 3873 3872
f 3831 3832 3873
f 142 183 184
f 142 184 143
f 3832 3874 3873
f 3832 3833 3874
f 143 184 185
f 143 185 144
f 3833 3875 3874
f 3833 3834 3875
f 144 185 186
f 144 186 145
f 3834 3876 3875
f 3834 3835 3876
f 145 186 187
f 145 187 146
f 3835 3877 3876
f 3835 3836 3877
f 146 187 188
f 146 188 147
f 3836 3878 3877
f 3836 3837 3878
f 147 188 189
f 147 189 148
f 3837 3879 3878
f 3837 3838 3879
f 148 189 190
f 148 190 149
f 3838 3880 3879
f 3838 3839 3880
f 149 190 191
f 149 191 150
f 3839 3881 3880
f 3839 3840 3881
f 150 191 192
f 150 192 151
f 3840 3882 3881
f 3840 3841 3882
f 151 192 193
f 151 193 152
f 3841 3883 3882
f 3841 3842 3883
f 152 193 194
f 152 194 153
f 3842 3884 3883
f 3842 3843 3884
f 153 194 195
f 153 195 154
f 3843 3885 3884
f 3843 3844 3885
f 154 195 196
f 154 196 155
f 3844 3886 3885
f 3844 3845 3886
f 155 196 197
f 155 197 156
f 3845 3887 3886
f 3845 3846 3887
f 156 197 198
f 156 198 157
f 3846 3888 3887
f 3846 3847 3888
f 157 198 199
f 157 199 158
f 3847 3889 3888
f 3847 3848 3889
f 158 199 200
f 158 200 159
f 3848 3890 3889
f 3848 3849 3890
f 159 200 201
f 159 201 160
f 3849 3891 3890
f 3849 3850 3891
f 160 201 202
f 160 202 161
f 3850 3892 3891
f 3850 3851 3892
f 161 202 203
f 161 203 162
f 3851 3893 3892
f 3851 3852 3893
f 162 203 204
f 162 204 163
f 3852 3894 3893
f 3852 3853 3894
f 163 204 205
f 163 205 164
f 3853 3895 3894
f 3853 3854 3895
f 165 206 207
f 165 207 166
f 3855 3897 3896
f 3855 3856 3897
f 166 207 208
f 166 208 167
f 3856 3898 3897
f 3856 3857 3898
f 167 208 209
f 167 209 168
f 3857 3899 3898
f 3857 3858 3899
f 168 209 210
f 168 210 169
f 3858 3900 3899
f 3858 3859 3900
f 169 210 211
f 169 211 170
f 3859 3901 3900
f 3859 3860 3901
f 170 211 212
f 170 212 171
f 3860 3902 3901
f 3860 3861 3902
f 171 212 213
f 171 213 172
f 3861 3903 3902
f 3861 3862 3903
f 172 213 214
f 172 214 173
f 3862 3904 3903
f 3862 3863 3904
f 173 214 215
f 173 215 174
f 3863 3905 3904
f 3863 3864 3905
f 174 215 216
f 174 216 175
f 3864 3906 3905
f 3864 3865 3906
f 175 216 217
f 175 217 176
f 3865 3907 3906
f 3865 3866 3907
f 176 217 218
f 176 218 177
f 3866 3908 3907
f 3866 3867 3908
f 177 218 219
f 177 219 178
f 3867 3909 3908
f 3867 3868 3909
f 178 219 220
f 178 220 179
f 3868 3910 3909
f 3868 3869 3910
f 179 220 221
f 179 221 180
f 3869 3911 3910
f 3869 3870 3911
f 180 221 222
f 180 222 181
f 3870 3912 3911
f 3870 3871 3912
f 181 222 223
f 181 223 182
f 3871 3913 3912
f 3871 3872 3913
f 182 223 224
f 182 224 183
f 3872 3914 3913
f 3872 3873 3914
f 183 224 225
f 183 225 184
f 3873 3915 3914
f 3873 3874 3915
f 184 225 226
f 184 226 185
f 3874 3916 3915
f 3874 3875 3916
f 185 226 227
f 185 227 186
f 3875 3917 3916
f 3875 3876 3917
f 186 227 228
f 186 228 187
f 3876 3918 3917
f 3876 3877 3918
f 187 228 229
f 187 229 188
f 3877 3919 3918
f 3877 3878 3919
f 188 229 230
f 188 230 189
f 3878 3920 3919
f 3878 3879 3920
f 189 230 231
f 189 231 190
f 3879 3921 3920
f 3879 3880 3921
f 190 231 232
f 190 232 191
f 3880 3922 3921
f 3880 3881 3922
f 191 232 233
f 191 233 192
f 3881 3923 3922
f 3881 3882 3923
f 192 233 234
f 192 234 193
f 3882 3924 3923
f 3882 3883 3924
f 193 234 235
f 193 235 194
f 3883 3925 3924
f 3883 3884 3925
f 194 235 236
f 194 236 195
f 3884 3926 3925
f 3884 3885 3926
f 195 236 237
f 195 237 196
f 3885 3927 3926
f 3885 3886 3927
f 196 237 238
f 196 238 197
f 3886 3928 3927
f 3886 3887 3928
f 197 238 239
f 197 239 198
f 3887 3929 3928
f 3887 3888 3929
f 198 239 240
f 198 240 199
f 3888 3930 3929
f 3888 3889 3930
f 199 240 241
f 199 241 200
f 3889 3931 3930
f 3889 3890 3931
f 200 241 242
f 200 242 201
f 3890 3932 3931
f 3890 3891 3932
f 201 242 243
f 201 243 202
f 3891 3933 3932
f 3891 3892 3933
f 202 243 244
f 202 244 203
f 3892 3934 3933
f 3892 3893 3934
f 203 244 245
f 203 245 204
f 3893 3935 3934
f 3893 3894 3935
f 204 245 246
f 204 246 205
f 3894 3936 3935
f 3894 3895 3936
f 206 247 248
f 206 248 207
f 3896 3938 3937
f 3896 3897 3938
f 207 248 249
f 207 249 208
f 3897 3939 3938
f 3897 3898 3939
f 208 249 250
f 208 250 209
f 3898 3940 3939
f 3898 3899 3940
f 209 250 251
f 209 251 210
f 3899 3941 3940
f 3899 3900 3941
f 210 251 252
f 210 252 211
f 3900 3942 3941
f 3900 3901 3942
f 211 252 253
f 211 253 212
f 3901 3943 3942
f 3901 3902 3943
f 212 253 254
f 212 254 213
f 3902 3944 3943
f 3902 3903 3944
f 213 254 255
f 213 255 214
f 3903 3945 3944
f 3903 3904 3945
f 214 255 256
f 214 256 215
f 3904 3946 3945
f 3904 3905 3946
f 215 256 257
f 215 257 216
f 3905 3947 3946
f 3905 3906 3947
f 216 257 258
f 216 258 217
f 3906 3948 3947
f 3906 3907 3948
f 217 258 259
f 217 259 218
f 3907 3949 3948
f 3907 3908 3949
f 218 259 260
f 218 260 219
f 3908 3950 3949
f 3908 3909 3950
f 219 260 261
f 219 261 220
f 3909 3951 3950
f 3909 3910 3951
f 220 261 262
f 220 262 221
f 3910 3952 3951
f 3910 3911 3952
f 221 262 263
f 221 263 222
f 3911 3953 3952
f 3911 3912 3953
f 222 263 264
f 222 264 223
f 3912 3954 3953
f 3912 3913 3954
f 223 264 265
f 223 265 224
f 3913 3955 3954
f 3913 3914 3955
f 224 265 266
f 224 266 225
f 3914 3956 3955
f 3914 3915 3956
f 225 266 267
f 225 267 226
f 3915 3957 3956
f 3915 3916 3957
f 226 267 268
f 226 268 227
f 3916 3958 3957
f 3916 3917 3958
f 227 268 269
f 227 269 228
f 3917 3959 3958
f 3917 3918 3959
f 228 269 270
f 228 270 229
f 3918 3960 3959
f 3918 3919 3960
f 229 270 271
f 229 271 230
f 3919 3961 3960
f 3919 3920 3961
f 230 271 272
f 230 272 231
f 3920 3962 3961
f 3920 3921 3962
f 231 272 273
f 231 273 232
f 3921 3963 3962
f 3921 3922 3963
f 232 273 274
f 232 274 233
f 3922 3964 3963
f 3922 3923 3964
f 233 274 275
f 233 275 234
f 3923 3965 3964
f 3923 3924 3965
f 234 275 276
f 234 276 235
f 3924 3966 3965
f 3924 3925 3966
f 235 276 277
f 235 277 236
f 3925 3967 3966
f 3925 3926 3967
f 236 277 278
f 236 278 237
f 3926 3968 3967
f 3926 3927 3968
f 237 278 279
f 237 279 238
f 3927 3969 3968
f 3927 3928 3969
f 238 279 280
f 238 280 239
f 3928 3970 3969
f 3928 3929 3970
f 239 280 281
f 239 281 240
f 3929 3971 3970
f 3929 3930 3971
f 240 281 282
f 240 282 241
f 3930 3972 3971
f 3930 3931 3972
f 241 282 283
f 241 283 242
f 3931 3973 3972
f 3931 3932 3973
f 242 283 284
f 242 284 243
f 3932 3974 3973
f 3932 3933 3974
f 243 284 285
f 243 285 244
f 3933 3975 3974
f 3933 3934 3975
f 244 285 286
f 244 286 245
f 3934 3976 3975
f 3934 3935 3976
f 245 286 287
f 245 287 246
f 3935 3977 3976
f 3935 3936 3977
f 247 288 289
f 247 289 248
f 3937 3979 3978
f 3937 3938 3979
f 248 289 290
f 248 290 249
f 3938 3980 3979
f 3938 3939 3980
f 249 290 291
f 249 291 250
f 3939 3981 3980
f 3939 3940 3981
f 250 291 292
f 250 292 251
f 3940 3982 3981
f 3940 3941 3982
f 251 292 293
f 251 293 252
f 3941 3983 3982
f 3941 3942 3983
f 252 293 294
f 252 294 253
f 3942 3984 3983
f 3942 3943 3984
f 253 294 295
f 253 295 254
f 3943 3985 3984
f 3943 3944 3985
f 254 295 296
f 254 296 255
f 3944 3986 3985
f 3944 3945 3986
f 255 296 297
f 255 297 256
f 3945 3987 3986
f 3945 3946 3987
f 256 297 298
f 256 298 257
f 3946 3988 3987
f 3946 3947 3988
f 257 298 299
f 257 299 258
f 3947 3989 3988
f 3947 3948 3989
f 258 299 300
f 258 300 259
f 3948 3990 3989
f 3948 3949 3990
f 259 300 301
f 259 301 260
f 3949 3991 3990
f 3949 3950 3991
f 260 301 302
f 260 302 261
f 3950 3992 3991
f 3950 3951 3992
f 261 302 303
f 261 303 262
f 3951 3993 3992
f 3951 3952 3993
f 262 303 304
f 262 304 263
f 3952 3994 3993
f 3952 3953 3994
f 263 304 305
f 263 305 264
f 3953 3995 3994
f 3953 3954 3995
f 264 305 306
f 264 306 265
f 3954 3996 3995
f 3954 3955 3996
f 265 306 307
f 265 307 266
f 3955 3997 3996
f 3955 3956 3997
f 266 307 308
f 266 308 267
f 3956 3998 3997
f 3956 3957 3998
f 267 308 309
f 267 309 268
f 3957 3999 3998
f 3957 3958 3999
f 268 309 310
f 268 310 269
f 3958 4000 3999
f 3958 3959 4000
f 269 310 311
f 269 311 270
f 3959 4001 4000
f 3959 3960 4001
f 270 311 312
f 270 312 271
f 3960 4002 4001
f 3960 3961 4002
f 271 312 313
f 271 313 272
f 3961 4003 4002
f 3961 3962 4003
f 272 313 314
f 272 314 273
f 3962 4004 4003
f 3962 3963 4004
f 273 314 315
f 273 315 274
f 3963 4005 4004
f 3963 3964 4005
f 274 315 316
f 274 316 275
f 3964 4006 4005
f 3964 3965 4006
f 275 316 317
f 275 317 276
f 3965 4007 4006
f 3965 3966 4007
f 276 317 318
f 276 318 277
f 3966 4008 4007
f 3966 3967 4008
f 277 318 319
f 277 319 278
f 3967 4009 4008
f 3967 3968 4009
f 278 319 320
f 278 320 279
f 3968 4010 4009
f 3968 3969 4010
f 279 320 321
f 279 321 280
f 3969 4011 4010
f 3969 3970 4011
f 280 321 322
f 280 322 281
f 3970 4012 4011
f 3970 3971 4012
f 281 322 323
f 281 323 282
f 3971 4013 4012
f 3971 3972 4013
f 282 323 324
f 282 324 283
f 3972 4014 4013
f 3972 3973 4014
f 283 324 325
f 283 325 284
f 3973 4015 4014
f 3973 3974 4015
f 284 325 326
f 284 326 285
f 3974 4016 4015
f 3974 3975 4016
f 285 326 327
f 285 327 286
f 3975 4017 4016
f 3975 3976 4017
f 286 327 328
f 286 328 287
f 3976 4018 4017
f 3976 3977 4018
f 288 329 330
f 288 330 289
f 3978 4020 4019
f 3978 3979 4020
f 289 330 331
f 289 331 290
f 3979 4021 4020
f 3979 3980 4021
f 290 331 332
f 290 332 291
f 3980 4022 4021
f 3980 3981 4022
f 291 332 333
f 291 333 292
f 3981 4023 4022
f 3981 3982 4023
f 292 333 334
f 292 334 293
f 3982 4024 4023
f 3982 3983 4024
f 293 334 335
f 293 335 294
f 3983 4025 4024
f 3983 3984 4025
f 294 335 336
f 294 336 295
f 3984 4026 4025
f 3984 3985 4026
f 295 336 337
f 295 337 296
f 3985 4027 4026
f 3985 3986 4027
f 296 337 338
f 296 338 297
f 3986 4028 4027
f 3986 3987 4028
f 297 338 339
f 297 339 298
f 3987 4029 4028
f 3987 3988 4029
f 298 339 340
f 298 340 299
f 3988 4030 4029
f 3988 3989 4030
f 299 340 341
f 299 341 300
f 3989 4031 4030
f 3989 3990 4031
f 300 341 342
f 300 342 301
f 3990 4032 4031
f 3990 3991 4032
f 301 342 343
f 301 343 302
f 3991 4033 4032
f 3991 3992 4033
f 302 343 344
f 302 344 303
f 3992 4034 4033
f 3992 3993 4034
f 303 344 345
f 303 345 304
f 3993 4035 4034
f 3993 3994 4035
f 304 345 346
f 304 346 305
f 3994 4036 4035
f 3994 3995 4036
f 305 346 347
f 305 347 306
f 3995 4037 4036
f 3995 3996 4037
f 306 347 348
f 306 348 307
f 3996 4038 4037
f 3996 3997 4038
f 307 348 349
f 307 349 308
f 3997 4039 4038
f 3997 3998 4039
f 308 349 350
f 308 350 309
f 3998 4040 4039
f 3998 3999 4040
f 309 350 351
f 309 351 310
f 3999 4041 4040
f 3999 4000 4041
f 310 351 352
f 310 352 311
f 4000 4042 4041
f 4000 4001 4042
f 311 352 353
f 311 353 312
f 4001 4043 4042
f 4001 4002 4043
f 312 353 354
f 312 354 313
f 4002 4044 4043
f 4002 4003 4044
f 313 354 355
f 313 355 314
f 4003 4045 4044
f 4003 4004 4045
f 314 355 356
f 314 356 315
f 4004 4046 4045
f 4004 4005 4046
f 315 356 357
f 315 357 316
f 4005 4047 4046
f 4005 4006 4047
f 316 357 358
f 316 358 317
f 4006 4048 4047
f 4006 4007 4048
f 317 358 359
f 317 359 318
f 4007 4049 4048
f 4007 4008 4049
f 318 359 360
f 318 360 319
f 4008 4050 4049
f 4008 4009 4050
f 319 360 361
f 319 361 320
f 4009 4051 4050
f 4009 4010 4051
f 320 361 362
f 320 362 321
f 4010 4052 4051
f 4010 4011 4052
f 321 362 363
f 321 363 322
f 4011 4053 4052
f 4011 4012 4053
f 322 363 364
f 322 364 323
f 4012 4054 4053
f 4012 4013 4054
f 323 364 365
f 323 365 324
f 4013 4055 4054
f 4013 4014 4055
f 324 365 366
f 324 366 325
f 4014 4056 4055
f 4014 4015 4056
f 325 366 367
f 325 367 326
f 4015 4057 4056
f 4015 4016 4057
f 326 367 368
f 326 368 327
f 4016 4058 4057
f 4016 4017 4058
f 327 368 369
f 327 369 328
f 4017 4059 4058
f 4017 4018 4059
f 329 370 371
f 329 371 330
f 4019 4061 4060
f 4019 4020 4061
f 330 371 372
f 330 372 331
f 4020 4062 4061
f 4020 4021 4062
f 331 372 373
f 331 373 332
f 4021 4063 4062
f 4021 4022 4063
f 332 373 374
f 332 374 333
f 4022 4064 4063
f 4022 4023 4064
f 333 374 375
f 333 375 334
f 4023 4065 4064
f 4023 4024 4065
f 334 375 376
f 334 376 335
f 4024 4066 4065
f 4024 4025 4066
f 335 376 377
f 335 377 336
f 4025 4067 4066
f 4025 4026 4067
f 336 377 378
f 336 378 337
f 4026 4068 4067
f 4026 4027 4068
f 337 378 379
f 337 379 338
f 4027 4069 4068
f 4027 4028 4069
f 338 379 380
f 338 380 339
f 4028 4070 4069
f 4028 4029 4070
f 339 380 381
f 339 381 340
f 4029 4071 4070
f 4029 4030 4071
f 340 381 382
f 340 382 341
f 4030 4072 4071
f 4030 4031 4072
f 341 382 383
f 341 383 342
f 4031 4073 4072
f 4031 4032 4073
f 342 383 384
f 342 384 343
f 4032 4074 4073
f 4032 4033 4074
f 343 384 385
f 343 385 344
f 4033 4075 4074
f 4033 4034 4075
f 344 385 386
f 344 386 345
f 4034 4076 4075
f 4034 4035 4076
f 345 386 387
f 345 387 346
f 4035 4077 4076
f 4035 4036 4077
f 346 387 388
f 346 388 347
f 4036 4078 4077
f 4036 4037 4078
f 347 388 389
f 347 389 348
f 4037 4079 4078
f 4037 4038 4079
f 348 389 390
f 348 390 349
f 4038 4080 4079
f 4038 4039 4080
f 349 390 391
f 349 391 350
f 4039 4081 4080
f 4039 4040 4081
f 350 391 392
f 350 392 351
f 4040 4082 4081
f 4040 4041 4082
f 351 392 393
f 351 393 352
f 4041 4083 4082
f 4041 4042 4083
f 352 393 394
f 352 394 353
f 4042 4084 4083
f 4042 4043 4084
f 353 394 395
f 353 395 354
f 4043 4085 4084
f 4043 4044 4085
f 354 395 396
f 354 396 355
f 4044 4086 4085
f 4044 4045 4086
f 355 396 397
f 355 397 356
f 4045 4087 4086
f 4045 4046 4087
f 356 397 398
f 356 398 357
f 4046 4088 4087
f 4046 4047 4088
f 357 398 399
f 357 399 358
f 4047 4089 4088
f 4047 4048 4089
f 358 399 400
f 358 400 359
f 4048 4090 4089
f 4048 4049 4090
f 359 400 401
f 359 401 360
f 4049 4091 4090
f 4049 4050 4091
f 360 401 402
f 360 402 361
f 4050 4092 4091
f 4050 4051 4092
f 361 402 403
f 361 403 362
f 4051 4093 4092
f 4051 4052 4093
f 362 403 404
f 362 404 363
f 4052 4094 4093
f 4052 4053 4094
f 363 404 405
f 363 405 364
f 4053 4095 4094
f 4053 4054 4095
f 364 405 406
f 364 406 365
f 4054 4096 4095
f 4054 4055 4096
f 365 406 407
f 365 407 366
f 4055 4097 4096
f 4055 4056 4097
f 366 407 408
f 366 408 367
f 4056 4098 4097
f 4056 4057 4098
f 367 408 409
f 367 409 368
f 4057 4099 4098
f 4057 4058 4099
f 368 409 410
f 368 410 369
f 4058 4100 4099
f 4058 4059 4100
f 370 411 412
f 370 412 371
f 4060 4102 4101
f 4060 4061 4102
f 371 412 413
f 371 413 372
f 4061 4103 4102
f 4061 4062 4103
f 372 413 414
f 372 414 373
f 4062 4104 4103
f 4062 4063 4104
f 373 414 415
f 373 415 374
f 4063 4105 4104
f 4063 4064 4105
f 374 415 416
f 374 416 375
f 4064 4106 4105
f 4064 4065 4106
f 375 416 417
f 375 417 376
f 4065 4107 4106
f 4065 4066 4107
f 376 417 418
f 376 418 377
f 4066 4108 4107
f 4066 4067 4108
f 377 418 419
f 377 419 378
f 4067 4109 4108
f 4067 4068 4109
f 378 419 420
f 378 420 379
f 4068 4110 4109
f 4068 4069 4110
f 379 420 421
f 379 421 380
f 4069 4111 4110
f 4069 4070 4111
f 380 421 422
f 380 422 381
f 4070 4112 4111
f 4070 4071 4112
f 381 422 423
f 381 423 382
f 4071 4113 4112
f 4071 4072 4113
f 382 423 424
f 382 424 383
f 4072 4114 4113
f 4072 4073 4114
f 383 424 425
f 383 425 384
f 4073 4115 4114
f 4073 4074 4115
f 384 425 426
f 384 426 385
f 4074 4116 4115
f 4074 4075 4116
f 385 426 427
f 385 427 386
f 4075 4117 4116
f 4075 4076 4117
f 386 427 428
f 386 428 387
f 4076 4118 4117
f 4076 4077 4118
f 387 428 429
f 387 429 388
f 4077 4119 4118
f 4077 4078 4119
f 388 429 430
f 388 430 389
f 4078 4120 4119
f 4078 4079 4120
f 389 430 431
f 389 431 390
f 4079 4121 4120
f 4079 4080 4121
f 390 431 432
f 390 432 391
f 4080 4122 4121
f 4080 4081 4122
f 391 432 433
f 391 433 392
f 4081 4123 4122
f 4081 4082 4123
f 392 433 434
f 392 434 393
f 4082 4124 4123
f 4082 4083 4124
f 393 434 435
f 393 435 394
f 4083 4125 4124
f 4083 4084 4125
f 394 435 436
f 394 436 395
f 4084 4126 4125
f 4084 4085 4126
f 395 436 437
f 395 437 396
f 4085 4127 4126
f 4085 4086 4127
f 396 437 438
f 396 438 397
f 4086 4128 4127
f 4086 4087 4128
f 397 438 439
f 397 439 398
f 4087 4129 4128
f 4087 4088 4129
f 398 439 440
f 398 440 399
f 4088 4130 4129
f 4088 4089 4130
f 399 440 441
f 399 441 400
f 4089 4131 4130
f 4089 4090 4131
f 400 441 442
f 400 442 401
f 4090 4132 4131
f 4090 4091 4132
f 401 442 443
f 401 443 402
f 4091 4133 4132
f 4091 4092 4133
f 402 443 444
f 402 444 403
f 4092 4134 4133
f 4092 4093 4134
f 403 444 445
f 403 445 404
f 4093 4135 4134
f 4093 4094 4135
f 404 445 446
f 404 446 405
f 4094 4136 4135
f 4094 4095 4136
f 405 446 447
f 405 447 406
f 4095 4137 4136
f 4095 4096 4137
f 406 447 448
f 406 448 407
f 4096 4138 4137
f 4096 4097 4138
f 407 448 449
f 407 449 408
f 4097 4139 4138
f 4097 4098 4139
f 408 449 450
f 408 450 409
f 4098 4140 4139
f 4098 4099 4140
f 409 450 451
f 409 451 410
f 4099 4141 4140
f 4099 4100 4141
f 411 452 453
f 411 453 412
f 4101 4143 4142
f 4101 4102 4143
f 412 453 454
f 412 454 413
f 4102 4144 4143
f 4102 4103 4144
f 413 454 455
f 413 455 414
f 4103 4145 4144
f 4103 4104 4145
f 414 455 456
f 414 456 415
f 4104 4146 4145
f 4104 4105 4146
f 415 456 457
f 415 457 416
f 4105 4147 4146
f 4105 4106 4147
f 416 457 458
f 416 458 417
f 4106 4148 4147
f 4106 4107 4148
f 417 458 459
f 417 459 418
f 4107 4149 4148
f 4107 4108 4149
f 418 459 460
f 418 460 419
f 4108 4150 4149
f 4108 4109 4150
f 419 460 461
f 419 461 420
f 4109 4151 4150
f 4109 4110 4151
f 420 461 462
f 420 462 421
f 4110 4152 4151
f 4110 4111 4152
f 421 462 463
f 421 463 422
f 4111 4153 4152
f 4111 4112 4153
f 422 463 464
f 422 464 423
f 4112 4154 4153
f 4112 4113 4154
f 423 464 465
f 423 465 424
f 4113 4155 4154
f 4113 4114 4155
f 424 465 466
f 424 466 425
f 4114 4156 4155
f 4114 4115 4156
f 425 466 467
f 425 467 426
f 4115 4157 4156
f 4115 4116 4157
f 426 467 468
f 426 468 427
f 4116 4158 4157
f 4116 4117 4158
f 427 468 469
f 427 469 428
f 4117 4159 4158
f 4117 4118 4159
f 428 469 470
f 428 470 429
f 4118 4160 4159
f 4118 4119 4160
f 429 470 471
f 429 471 430
f 4119 4161 4160
f 4119 4120 4161
f 430 471 472
f 430 472 431
f 4120 4162 4161
f 4120 4121 4162
f 431 472 473
f 431 473 432
f 4121 4163 4162
f 4121 4122 4163
f 432 473 474
f 432 474 433
f 4122 4164 4163
f 4122 4123 4164
f 433 474 475
f 433 475 434
f 4123 4165 4164
f 4123 4124 4165
f 434 475 476
f 434 476 435
f 4124 4166 4165
f 4124 4125 4166
f 435 476 477
f 435 477 436
f 4125 4167 4166
f 4125 4126 4167
f 436 477 478
f 436 478 437
f 4126 4168 4167
f 4126 4127 4168
f 437 478 479
f 437 479 438
f 4127 4169 4168
f 4127 4128 4169
f 438 479 480
f 438 480 439
f 4128 4170 4169
f 4128 4129 4170
f 439 480 481
f 439 481 440
f 4129 4171 4170
f 4129 4130 4171
f 440 481 482
f 440 482 441
f 4130 4172 4171
f 4130 4131 4172
f 441 482 483
f 441 483 442
f 4131 4173 4172
f 4131 4132 4173
f 442 483 484
f 442 484 443
f 4132 4174 4173
f 4132 4133 4174
f 443 484 485
f 443 485 444
f 4133 4175 4174
f 4133 4134 4175
f 444 485 486
f 444 486 445
f 4134 4176 4175
f 4134 4135 4176
f 445 486 487
f 445 487 446
f 4135 4177 4176
f 4135 4136 4177
f 446 487 488
f 446 488 447
f 4136 4178 4177
f 4136 4137 4178
f 447 488 489
f 447 489 448
f 4137 4179 4178
f 4137 4138 4179
f 448 489 490
f 448 490 449
f 4138 4180 4179
f 4138 4139 4180
f 449 490 491
f 449 491 450
f 4139 4181 4180
f 4139 4140 4181
f 450 491 492
f 450 492 451
f 4140 4182 4181
f 4140 4141 4182
f 452 493 494
f 452 494 453
f 4142 4184 4183
f 4142 4143 4184
f 453 494 495
f 453 495 454
f 4143 4185 4184
f 4143 4144 4185
f 454 495 496
f 454 496 455
f 4144 4186 4185
f 4144 4145 4186
f 455 496 497
f 455 497 456
f 4145 4187 4186
f 4145 4146 4187
f 456 497 498
f 456 498 457
f 4146 4188 4187
f 4146 4147 4188
f 457 498 499
f 457 499 458
f 4147 4189 4188
f 4147 4148 4189
f 458 499 500
f 458 500 459
f 4148 4190 4189
f 4148 4149 4190
f 459 500 501
f 459 501 460
f 4149 4191 4190
f 4149 4150 4191
f 460 501 502
f 460 502 461
f 4150 4192 4191
f 4150 4151 4192
f 461 502 503
f 461 503 462
f 4151 4193 4192
f 4151 4152 4193
f 462 503 504
f 462 504 463
f 4152 4194 4193
f 4152 4153 4194
f 463 504 505
f 463 505 464
f 4153 4195 4194
f 4153 4154 4195
f 464 505 506
f 464 506 465
f 4154 4196 4195
f 4154 4155 4196
f 465 506 507
f 465 507 466
f 4155 4197 4196
f 4155 4156 4197
f 466 507 508
f 466 508 467
f 4156 4198 4197
f 4156 4157 4198
f 467 508 509
f 467 509 468
f 4157 4199 4198
f 4157 4158 4199
f 468 509 510
f 468 510 469
f 4158 4200 4199
f 4158 4159 4200
f 469 510 511
f 469 511 470
f 4159 4201 4200
f 4159 4160 4201
f 470 511 512
f 470 512 471
f 4160 4202 4201
f 4160 4161 4202
f 471 512 513
f 471 513 472
f 4161 4203 4202
f 4161 4162 4203
f 472 513 514
f 472 514 473
f 4162 4204 4203
f 4162 4163 4204
f 473 514 515
f 473 515 474
f 4163 4205 4204
f 4163 4164 4205
f 474 515 516
f 474 516 475
f 4164 4206 4205
f 4164 4165 4206
f 475 516 517
f 475 517 476
f 4165 4207 4206
f 4165 4166 4207
f 476 517 518
f 476 518 477
f 4166 4208 4207
f 4166 4167 4208
f 477 518 519
f 477 519 478
f 4167 4209 4208
f 4167 4168 4209
f 478 519 520
f 478 520 479
f 4168 4210 4209
f 4168 4169 4210
f 479 520 521
f 479 521 480
f 4169 4211 4210
f 4169 4170 4211
f 480 521 522
f 480 522 481
f 4170 4212 4211
f 4170 4171 4212
f 481 522 523
f 481 523 482
f 4171 4213 4212
f 4171 4172 4213
f 482 523 524
f 482 524 483
f 4172 4214 4213
f 4172 4173 4214
f 483 524 525
f 483 525 484
f 4173 4215 4214
f 4173 4174 4215
f 484 525 526
f 484 526 485
f 4174 4216 4215
f 4174 4175 4216
f 485 526 527
f 485 527 486
f 4175 4217 4216
f 4175 4176 4217
f 486 527 528
f 486 528 487
f 4176 4218 4217
f 4176 4177 4218
f 487 528 529
f 487 529 488
f 4177 4219 4218
f 4177 4178 4219
f 488 529 530
f 488 530 489
f 4178 4220 4219
f 4178 4179 4220
f 489 530 531
f 489 531 490
f 4179 4221 4220
f 4179 4180 4221
f 490 531 532
f 490 532 491
f 4180 4222 4221
f 4180 4181 4222
f 491 532 533
f 491 533 492
f 4181 4223 4222
f 4181 4182 4223
f 493 534 535
f 493 535 494
f 4183 4225 4224
f 4183 4184 4225
f 494 535 536
f 494 536 495
f 4184 4226 4225
f 4184 4185 4226
f 495 536 537
f 495 537 496
f 4185 4227 4226
f 4185 4186 4227
f 496 537 538
f 496 538 497
f 4186 4228 4227
f 4186 4187 4228
f 497 538 539
f 497 539 498
f 4187 4229 4228
f 4187 4188 4229
f 498 539 540
f 498 540 499
f 4188 4230 4229
f 4188 4189 4230
f 499 540 541
f 499 541 500
f 4189 4231 4230
f 4189 4190 4231
f 500 541 542
f 500 542 501
f 4190 4232 4231
f 4190 4191 4232
f 501 542 543
f 501 543 502
f 4191 4233 4232
f 4191 4192 4233
f 502 543 544
f 502 544 503
f 4192 4234 4233
f 4192 4193 4234
f 503 544 545
f 503 545 504
f 4193 4235 4234
f 4193 4194 4235
f 504 545 546
f 504 546 505
f 4194 4236 4235
f 4194 4195 4236
f 505 546 547
f 505 547 506
f 4195 4237 4236
f 4195 4196 4237
f 506 547 548
f 506 548 507
f 4196 4238 4237
f 4196 4197 4238
f 507 548 549
f 507 549 508
f 4197 4239 4238
f 4197 4198 4239
f 508 549 550
f 508 550 509
f 4198 4240 4239
f 4198 4199 4240
f 509 550 551
f 509 551 510
f 4199 4241 4240
f 4199 4200 4241
f 510 551 552
f 510 552 511
f 4200 4242 4241
f 4200 4201 4242
f 511 552 553
f 511 553 512
f 4201 4243 4242
f 4201 4202 4243
f 512 553 554
f 512 554 513
f 4202 4244 4243
f 4202 4203 4244
f 513 554 555
f 513 555 514
f 4203 4245 4244
f 4203 4204 4245
f 514 555 556
f 514 556 515
f 4204 4246 4245
f 4204 4205 4246
f 515 556 557
f 515 557 516
f 4205 4247 4246
f 4205 4206 4247
f 516 557 558
f 516 558 517
f 4206 4248 4247
f 4206 4207 4248
f 517 558 559
f 517 559 518
f 4207 4249 4248
f 4207 4208 4249
f 518 559 560
f 518 560 519
f 4208 4250 4249
f 4208 4209 4250
f 519 560 561
f 519 561 520
f 4209 4251 4250
f 4209 4210 4251
f 520 561 562
f 520 562 521
f 4210 4252 4251
f 4210 4211 4252
f 521 562 563
f 521 563 522
f 4211 4253 4252
f 4211 4212 4253
f 522 563 564
f 522 564 523
f 4212 4254 4253
f 4212 4213 4254
f 523 564 565
f 523 565 524
f 4213 4255 4254
f 4213 4214 4255
f 524 565 566
f 524 566 525
f 4214 4256 4255
f 4214 4215 4256
f 525 566 567
f 525 567 526
f 4215 4257 4256
f 4215 4216 4257
f 526 567 568
f 526 568 527
f 4216 4258 4257
f 4216 4217 4258
f 527 568 569
f 527 569 528
f 4217 4259 4258
f 4217 4218 4259
f 528 569 570
f 528 570 529
f 4218 4260 4259
f 4218 4219 4260
f 529 570 571
f 529 571 530
f 4219 4261 4260
f 4219 4220 4261
f 530 571 572
f 530 572 531
f 4220 4262 4261
f 4220 4221 4262
f 531 572 573
f 531 573 532
f 4221 4263 4262
f 4221 4222 4263
f 532 573 574
f 532 574 533
f 4222 4264 4263
f 4222 4223 4264
f 534 575 576
f 534 576 535
f 4224 4266 4265
f 4224 4225 4266
f 535 576 577
f 535 577 536
f 4225 4267 4266
f 4225 4226 4267
f 536 577 578
f 536 578 537
f 4226 4268 4267
f 4226 4227 4268
f 537 578 579
f 537 579 538
f 4227 4269 4268
f 4227 4228 4269
f 538 579 580
f 538 580 539
f 4228 4270 4269
f 4228 4229 4270
f 539 580 581
f 539 581 540
f 4229 4271 4270
f 4229 4230 4271
f 540 581 582
f 540 582 541
f 4230 4272 4271
f 4230 4231 4272
f 541 582 583
f 541 583 542
f 4231 4273 4272
f 4231 4232 4273
f 542 583 584
f 542 584 543
f 4232 4274 4273
f 4232 4233 4274
f 543 584 585
f 543 585 544
f 4233 4275 4274
f 4233 4234 4275
f 544 585 586
f 544 586 545
f 4234 4276 4275
f 4234 4235 4276
f 545 586 587
f 545 587 546
f 4235 4277 4276
f 4235 4236 4277
f 546 587 588
f 546 588 547
f 4236 4278 4277
f 4236 4237 4278
f 547 588 589
f 547 589 548
f 4237 4279 4278
f 4237 4238 4279
f 548 589 590
f 548 590 549
f 4238 4280 4279
f 4238 4239 4280
f 549 590 591
f 549 591 550
f 4239 4281 4280
f 4239 4240 4281
f 550 591 592
f 550 592 551
f 4240 4282 4281
f 4240 4241 4282
f 551 592 593
f 551 593 552
f 4241 4283 4282
f 4241 4242 4283
f 552 593 594
f 552 594 553
f 4242 4284 4283
f 4242 4243 4284
f 553 594 595
f 553 595 554
f 4243 4285 4284
f 4243 4244 4285
f 554 595 596
f 554 596 555
f 4244 4286 4285
f 4244 4245 4286
f 555 596 597
f 555 597 556
f 4245 4287 4286
f 4245 4246 4287
f 556 597 598
f 556 598 557
f 4246 4288 4287
f 4246 4247 4288
f 557 598 599
f 557 599 558
f 4247 4289 4288
f 4247 4248 4289
f 558 599 600
f 558 600 559
f 4248 4290 4289
f 4248 4249 4290
f 559 600 601
f 559 601 560
f 4249 4291 4290
f 4249 4250 4291
f 560 601 602
f 560 602 561
f 4250 4292 4291
f 4250 4251 4292
f 561 602 603
f 561 603 562
f 4251 4293 4292
f 4251 4252 4293
f 562 603 604
f 562 604 563
f 4252 4294 4293
f 4252 4253 4294
f 563 604 605
f 563 605 564
f 4253 4295 4294
f 4253 4254 4295
f 564 605 606
f 564 606 565
f 4254 4296 4295
f 4254 4255 4296
f 565 606 607
f 565 607 566
f 4255 4297 4296
f 4255 4256 4297
f 566 607 608
f 566 608 567
f 4256 4298 4297
f 4256 4257 4298
f 567 608 609
f 567 609 568
f 4257 4299 4298
f 4257 4258 4299
f 568 609 610
f 568 610 569
f 4258 4300 4299
f 4258 4259 4300
f 569 610 611
f 569 611 570
f 4259 4301 4300
f 4259 4260 4301
f 570 611 612
f 570 612 571
f 4260 4302 4301
f 4260 4261 4302
f 571 612 613
f 571 613 572
f 4261 4303 4302
f 4261 4262 4303
f 572 613 614
f 572 614 573
f 4262 4304 4303
f 4262 4263 4304
f 573 614 615
f 573 615 574
f 4263 4305 4304
f 4263 4264 4305
f 575 616 617
f 575 617 576
f 4265 4307 4306
f 4265 4266 4307
f 576 617 618
f 576 618 577
f 4266 4308 4307
f 4266 4267 4308
f 577 618 619
f 577 619 578
f 4267 4309 4308
f 4267 4268 4309
f 578 619 620
f 578 620 579
f 4268 4310 4309
f 4268 4269 4310
f 579 620 621
f 579 621 580
f 4269 4311 4310
f 4269 4270 4311
f 580 621 622
f 580 622 581
f 4270 4312 4311
f 4270 4271 4312
f 581 622 623
f 581 623 582
f 4271 4313 4312
f 4271 4272 4313
f 582 623 624
f 582 624 583
f 4272 4314 4313
f 4272 4273 4314
f 583 624 625
f 583 625 584
f 4273 4315 4314
f 4273 4274 4315
f 584 625 626
f 584 626 585
f 4274 4316 4315
f 4274 4275 4316
f 585 626 627
f 585 627 586
f 4275 4317 4316
f 4275 4276 4317
f 586 627 628
f 586 628 587
f 4276 4318 4317
f 4276 4277 4318
f 587 628 629
f 587 629 588
f 4277 4319 4318
f 4277 4278 4319
f 588 629 630
f 588 630 589
f 4278 4320 4319
f 4278 4279 4320
f 589 630 631
f 589 631 590
f 4279 4321 4320
f 4279 4280 4321
f 590 631 632
f 590 632 591
f 4280 4322 4321
f 4280 4281 4322
f 591 632 633
f 591 633 592
f 4281 4323 4322
f 4281 4282 4323
f 592 633 634
f 592 634 593
f 4282 4324 4323
f 4282 4283 4324
f 593 634 635
f 593 635 594
f 4283 4325 4324
f 4283 4284 4325
f 594 635 636
f 594 636 595
f 4284 4326 4325
f 4284 4285 4326
f 595 636 637
f 595 637 596
f 4285 4327 4326
f 4285 4286 4327
f 596 637 638
f 596 638 597
f 4286 4328 4327
f 4286 4287 4328
f 597 638 639
f 597 639 598
f 4287 4329 4328
f 4287 4288 4329
f 598 639 640
f 598 640 599
f 4288 4330 4329
f 4288 4289 4330
f 599 640 641
f 599 641 600
f 4289 4331 4330
f 4289 4290 4331
f 600 641 642
f 600 642 601
f 4290 4332 4331
f 4290 4291 4332
f 601 642 643
f 601 643 602
f 4291 4333 4332
f 4291 4292 4333
f 602 643 644
f 602 644 603
f 4292 4334 4333
f 4292 4293 4334
f 603 644 645
f 603 645 604
f 4293 4335 4334
f 4293 4294 4335
f 604 645 646
f 604 646 605
f 4294 4336 4335
f 4294 4295 4336
f 605 646 647
f 605 647 606
f 4295 4337 4336
f 4295 4296 4337
f 606 647 648
f 606 648 607
f 4296 4338 4337
f 4296 4297 4338
f 607 648 649
f 607 649 608
f 4297 4339 4338
f 4297 4298 4339
f 608 649 650
f 608 650 609
f 4298 4340 4339
f 4298 4299 4340
f 609 650 651
f 609 651 610
f 4299 4341 4340
f 4299 4300 4341
f 610 651 652
f 610 652 611
f 4300 4342 4341
f 4300 4301 4342
f 611 652 653
f 611 653 612
f 4301 4343 4342
f 4301 4302 4343
f 612 653 654
f 612 654 613
f 4302 4344 4343
f 4302 4303 4344
f 613 654 655
f 613 655 614
f 4303 4345 4344
f 4303 4304 4345
f 614 655 656
f 614 656 615
f 4304 4346 4345
f 4304 4305 4346
f 616 657 658
f 616 658 617
f 4306 4348 4347
f 4306 4307 4348
f 617 658 659
f 617 659 618
f 4307 4349 4348
f 4307 4308 4349
f 618 659 660
f 618 660 619
f 4308 4350 4349
f 4308 4309 4350
f 619 660 661
f 619 661 620
f 4309 4351 4350
f 4309 4310 4351
f 620 661 662
f 620 662 621
f 4310 4352 4351
f 4310 4311 4352
f 621 662 663
f 621 663 622
f 4311 4353 4352
f 4311 4312 4353
f 622 663 664
f 622 664 623
f 4312 4354 4353
f 4312 4313 4354
f 623 664 665
f 623 665 624
f 4313 4355 4354
f 4313 4314 4355
f 624 665 666
f 624 666 625
f 4314 4356 4355
f 4314 4315 4356
f 625 666 667
f 625 667 626
f 4315 4357 4356
f 4315 4316 4357
f 626 667 668
f 626 668 627
f 4316 4358 4357
f 4316 4317 4358
f 627 668 669
f 627 669 628
f 4317 4359 4358
f 4317 4318 4359
f 628 669 670
f 628 670 629
f 4318 4360 4359
f 4318 4319 4360
f 629 670 671
f 629 671 630
f 4319 4361 4360
f 4319 4320 4361
f 630 671 672
f 630 672 631
f 4320 4362 4361
f 4320 4321 4362
f 631 672 673
f 631 673 632
f 4321 4363 4362
f 4321 4322 4363
f 632 673 674
f 632 674 633
f 4322 4364 4363
f 4322 4323 4364
f 633 674 675
f 633 675 634
f 4323 4365 4364
f 4323 4324 4365
f 634 675 676
f 634 676 635
f 4324 4366 4365
f 4324 4325 4366
f 635 676 677
f 635 677 636
f 4325 4367 4366
f 4325 4326 4367
f 636 677 678
f 636 678 637
f 4326 4368 4367
f 4326 4327 4368
f 637 678 679
f 637 679 638
f 4327 4369 4368
f 4327 4328 4369
f 638 679 680
f 638 680 639
f 4328 4370 4369
f 4328 4329 4370
f 639 680 681
f 639 681 640
f 4329 4371 4370
f 4329 4330 4371
f 640 681 682
f 640 682 641
f 4330 4372 4371
f 4330 4331 4372
f 641 682 683
f 641 683 642
f 4331 4373 4372
f 4331 4332 4373
f 642 683 684
f 642 684 643
f 4332 4374 4373
f 4332 4333 4374
f 643 684 685
f 643 685 644
f 4333 4375 4374
f 4333 4334 4375
f 644 685 686
f 644 686 645
f 4334 4376 4375
f 4334 4335 4376
f 645 686 687
f 645 687 646
f 4335 4377 4376
f 4335 4336 4377
f 646 687 688
f 646 688 647
f 4336 4378 4377
f 4336 4337 4378
f 647 688 689
f 647 689 648
f 4337 4379 4378
f 4337 4338 4379
f 648 689 690
f 648 690 649
f 4338 4380 4379
f 4338 4339 4380
f 649 690 691
f 649 691 650
f 4339 4381 4380
f 4339 4340 4381
f 650 691 692
f 650 692 651
f 4340 4382 4381
f 4340 4341 4382
f 651 692 693
f 651 693 652
f 4341 4383 4382
f 4341 4342 4383
f 652 693 694
f 652 694 653
f 4342 4384 4383
f 4342 4343 4384
f 653 694 695
f 653 695 654
f 4343 4385 4384
f 4343 4344 4385
f 654 695 696
f 654 696 655
f 4344 4386 4385
f 4344 4345 4386
f 655 696 697
f 655 697 656
f 4345 4387 4386
f 4345 4346 4387
f 657 698 699
f 657 699 658
f 4347 4389 4388
f 4347 4348 4389
f 658 699 700
f 658 700 659
f 4348 4390 4389
f 4348 4349 4390
f 659 700 701
f 659 701 660
f 4349 4391 4390
f 4349 4350 4391
f 660 701 702
f 660 702 661
f 4350 4392 4391
f 4350 4351 4392
f 661 702 703
f 661 703 662
f 4351 4393 4392
f 4351 4352 4393
f 662 703 704
f 662 704 663
f 4352 4394 4393
f 4352 4353 4394
f 663 704 705
f 663 705 664
f 4353 4395 4394
f 4353 4354 4395
f 664 705 706
f 664 706 665
f 4354 4396 4395
f 4354 4355 4396
f 665 706 707
f 665 707 666
f 4355 4397 4396
f 4355 4356 4397
f 666 707 708
f 666 708 667
f 4356 4398 4397
f 4356 4357 4398
f 667 708 709
f 667 709 668
f 4357 4399 4398
f 4357 4358 4399
f 668 709 710
f 668 710 669
f 4358 4400 4399
f 4358 4359 4400
f 669 710 711
f 669 711 670
f 4359 4401 4400
f 4359 4360 4401
f 670 711 712
f 670 712 671
f 4360 4402 4401
f 4360 4361 4402
f 671 712 713
f 671 713 672
f 4361 4403 4402
f 4361 4362 4403
f 672 713 714
f 672 714 673
f 4362 4404 4403
f 4362 4363 4404
f 673 714 715
f 673 715 674
f 4363 4405 4404
f 4363 4364 4405
f 674 715 716
f 674 716 675
f 4364 4406 4405
f 4364 4365 4406
f 675 716 717
f 675 717 676
f 4365 4407 4406
f 4365 4366 4407
f 676 717 718
f 676 718 677
f 4366 4408 4407
f 4366 4367 4408
f 677 718 719
f 677 719 678
f 4367 4409 4408
f 4367 4368 4409
f 678 719 720
f 678 720 679
f 4368 4410 4409
f 4368 4369 4410
f 679 720 721
f 679 721 680
f 4369 4411 4410
f 4369 4370 4411
f 680 721 722
f 680 722 681
f 4370 4412 4411
f 4370 4371 4412
f 681 722 723
f 681 723 682
f 4371 4413 4412
f 4371 4372 4413
f 682 723 724
f 682 724 683
f 4372 4414 4413
f 4372 4373 4414
f 683 724 725
f 683 725 684
f 4373 4415 4414
f 4373 4374 4415
f 684 725 726
f 684 726 685
f 4374 4416 4415
f 4374 4375 4416
f 685 726 727
f 685 727 686
f 4375 4417 4416
f 4375 4376 4417
f 686 727 728
f 686 728 687
f 4376 4418 4417
f 4376 4377 4418
f 687 728 729
f 687 729 688
f 4377 4419 4418
f 4377 4378 4419
f 688 729 730
f 688 730 689
f 4378 4420 4419
f 4378 4379 4420
f 689 730 731
f 689 731 690
f 4379 4421 4420
f 4379 4380 4421
f 690 731 732
f 690 732 691
f 4380 4422 4421
f 4380 4381 4422
f 691 732 733
f 691 733 692
f 4381 4423 4422
f 4381 4382 4423
f 692 733 734
f 692 734 693
f 4382 4424 4423
f 4382 4383 4424
f 693 734 735
f 693 735 694
f 4383 4425 4424
f 4383 4384 4425
f 694 735 736
f 694 736 695
f 4384 4426 4425
f 4384 4385 4426
f 695 736 737
f 695 737 696
f 4385 4427 4426
f 4385 4386 4427
f 696 737 738
f 696 738 697
f 4386 4428 4427
f 4386 4387 4428
f 698 739 740
f 698 740 699
f 4388 4430 4429
f 4388 4389 4430
f 699 740 741
f 699 741 700
f 4389 4431 4430
f 4389 4390 4431
f 700 741 742
f 700 742 701
f 4390 4432 4431
f 4390 4391 4432
f 701 742 743
f 701 743 702
f 4391 4433 4432
f 4391 4392 4433
f 702 743 744
f 702 744 703
f 4392 4434 4433
f 4392 4393 4434
f 703 744 745
f 703 745 704
f 4393 4435 4434
f 4393 4394 4435
f 704 745 746
f 704 746 705
f 4394 4436 4435
f 4394 4395 4436
f 705 746 747
f 705 747 706
f 4395 4437 4436
f 4395 4396 4437
f 706 747 748
f 706 748 707
f 4396 4438 4437
f 4396 4397 4438
f 707 748 749
f 707 749 708
f 4397 4439 4438
f 4397 4398 4439
f 708 749 750
f 708 750 709
f 4398 4440 4439
f 4398 4399 4440
f 709 750 751
f 709 751 710
f 4399 4441 4440
f 4399 4400 4441
f 710 751 752
f 710 752 711
f 4400 4442 4441
f 4400 4401 4442
f 711 752 753
f 711 753 712
f 4401 4443 4442
f 4401 4402 4443
f 712 753 754
f 712 754 713
f 4402 4444 4443
f 4402 4403 4444
f 713 754 755
f 713 755 714
f 4403 4445 4444
f 4403 4404 4445
f 714 755 756
f 714 756 715
f 4404 4446 4445
f 4404 4405 4446
f 715 756 757
f 715 757 716
f 4405 4447 4446
f 4405 4406 4447
f 716 757 758
f 716 758 717
f 4406 4448 4447
f 4406 4407 4448
f 717 758 759
f 717 759 718
f 4407 4449 4448
f 4407 4408 4449
f 718 759 760
f 718 760 719
f 4408 4450 4449
f 4408 4409 4450
f 719 760 761
f 719 761 720
f 4409 4451 4450
f 4409 4410 4451
f 720 761 762
f 720 762 721
f 4410 4452 4451
f 4410 4411 4452
f 721 762 763
f 721 763 722
f 4411 4453 4452
f 4411 4412 4453
f 722 763 764
f 722 764 723
f 4412 4454 4453
f 4412 4413 4454
f 723 764 765
f 723 765 724
f 4413 4455 4454
f 4413 4414 4455
f 724 765 766
f 724 766 725
f 4414 4456 4455
f 4414 4415 4456
f 725 766 767
f 725 767 726
f 4415 4457 4456
f 4415 4416 4457
f 726 767 768
f 726 768 727
f 4416 4458 4457
f 4416 4417 4458
f 727 768 769
f 727 769 728
f 4417 4459 4458
f 4417 4418 4459
f 728 769 770
f 728 770 729
f 4418 4460 4459
f 4418 4419 4460
f 729 770 771
f 729 771 730
f 4419 4461 4460
f 4419 4420 4461
f 730 771 772
f 730 772 731
f 4420 4462 4461
f 4420 4421 4462
f 731 772 773
f 731 773 732
f 4421 4463 4462
f 4421 4422 4463
f 732 773 774
f 732 774 733
f 4422 4464 4463
f 4422 4423 4464
f 733 774 775
f 733 775 734
f 4423 4465 4464
f 4423 4424 4465
f 734 775 776
f 734 776 735
f 4424 4466 4465
f 4424 4425 4466
f 735 776 777
f 735 777 736
f 4425 4467 4466
f 4425 4426 4467
f 736 777 778
f 736 778 737
f 4426 4468 4467
f 4426 4427 4468
f 737 778 779
f 737 779 738
f 4427 4469 4468
f 4427 4428 4469
f 739 780 781
f 739 781 740
f 4429 4471 4470
f 4429 4430 4471
f 740 781 782
f 740 782 741
f 4430 4472 4471
f 4430 4431 4472
f 741 782 783
f 741 783 742
f 4431 4473 4472
f 4431 4432 4473
f 742 783 784
f 742 784 743
f 4432 4474 4473
f 4432 4433 4474
f 743 784 785
f 743 785 744
f 4433 4475 4474
f 4433 4434 4475
f 744 785 786
f 744 786 745
f 4434 4476 4475
f 4434 4435 4476
f 745 786 787
f 745 787 746
f 4435 4477 4476
f 4435 4436 4477
f 746 787 788
f 746 788 747
f 4436 4478 4477
f 4436 4437 4478
f 747 788 789
f 747 789 748
f 4437 4479 4478
f 4437 4438 4479
f 748 789 790
f 748 790 749
f 4438 4480 4479
f 4438 4439 4480
f 749 790 791
f 749 791 750
f 4439 4481 4480
f 4439 4440 4481
f 750 791 792
f 750 792 751
f 4440 4482 4481
f 4440 4441 4482
f 751 792 793
f 751 793 752
f 4441 4483 4482
f 4441 4442 4483
f 752 793 794
f 752 794 753
f 4442 4484 4483
f 4442 4443 4484
f 753 794 795
f 753 795 754
f 4443 4485 4484
f 4443 4444 4485
f 754 795 796
f 754 796 755
f 4444 4486 4485
f 4444 4445 4486
f 755 796 797
f 755 797 756
f 4445 4487 4486
f 4445 4446 4487
f 756 797 798
f 756 798 757
f 4446 4488 4487
f 4446 4447 4488
f 757 798 799
f 757 799 758
f 4447 4489 4488
f 4447 4448 4489
f 758 799 800
f 758 800 759
f 4448 4490 4489
f 4448 4449 4490
f 759 800 801
f 759 801 760
f 4449 4491 4490
f 4449 4450 4491
f 760 801 802
f 760 802 761
f 4450 4492 4491
f 4450 4451 4492
f 761 802 803
f 761 803 762
f 4451 4493 4492
f 4451 4452 4493
f 762 803 804
f 762 804 763
f 4452 4494 4493
f 4452 4453 4494
f 763 804 805
f 763 805 764
f 4453 4495 4494
f 4453 4454 4495
f 764 805 806
f 764 806 765
f 4454 4496 4495
f 4454 4455 4496
f 765 806 807
f 765 807 766
f 4455 4497 4496
f 4455 4456 4497
f 766 807 808
f 766 808 767
f 4456 4498 4497
f 4456 4457 4498
f 767 808 809
f 767 809 768
f 4457 4499 4498
f 4457 4458 4499
f 768 809 810
f 768 810 769
f 4458 4500 4499
f 4458 4459 4500
f 769 810 811
f 769 811 770
f 4459 4501 4500
f 4459 4460 4501
f 770 811 812
f 770 812 771
f 4460 4502 4501
f 4460 4461 4502
f 771 812 813
f 771 813 772
f 4461 4503 4502
f 4461 4462 4503
f 772 813 814
f 772 814 773
f 4462 4504 4503
f 4462 4463 4504
f 773 814 815
f 773 815 774
f 4463 4505 4504
f 4463 4464 4505
f 774 815 816
f 774 816 775
f 4464 4506 4505
f 4464 4465 4506
f 775 816 817
f 775 817 776
f 4465 4507 4506
f 4465 4466 4507
f 776 817 818
f 776 818 777
f 4466 4508 4507
f 4466 4467 4508
f 777 818 819
f 777 819 778
f 4467 4509 4508
f 4467 4468 4509
f 778 819 820
f 778 820 779
f 4468 4510 4509
f 4468 4469 4510
f 780 821 822
f 780 822 781
f 4470 4512 4511
f 4470 4471 4512
f 781 822 823
f 781 823 782
f 4471 4513 4512
f 4471 4472 4513
f 782 823 824
f 782 824 783
f 4472 4514 4513
f 4472 4473 4514
f 783 824 825
f 783 825 784
f 4473 4515 4514
f 4473 4474 4515
f 784 825 826
f 784 826 785
f 4474 4516 4515
f 4474 4475 4516
f 785 826 827
f 785 827 786
f 4475 4517 4516
f 4475 4476 4517
f 786 827 828
f 786 828 787
f 4476 4518 4517
f 4476 4477 4518
f 787 828 829
f 787 829 788
f 4477 4519 4518
f 4477 4478 4519
f 788 829 830
f 788 830 789
f 4478 4520 4519
f 4478 4479 4520
f 789 830 831
f 789 831 790
f 4479 4521 4520
f 4479 4480 4521
f 790 831 832
f 790 832 791
f 4480 4522 4521
f 4480 4481 4522
f 791 832 833
f 791 833 792
f 4481 4523 4522
f 4481 4482 4523
f 792 833 834
f 792 834 793
f 4482 4524 4523
f 4482 4483 4524
f 793 834 835
f 793 835 794
f 4483 4525 4524
f 4483 4484 4525
f 794 835 836
f 794 836 795
f 4484 4526 4525
f 4484 4485 4526
f 795 836 837
f 795 837 796
f 4485 4527 4526
f 4485 4486 4527
f 796 837 838
f 796 838 797
f 4486 4528 4527
f 4486 4487 4528
f 797 838 839
f 797 839 798
f 4487 4529 4528
f 4487 4488 4529
f 798 839 840
f 798 840 799
f 4488 4530 4529
f 4488 4489 4530
f 799 840 841
f 799 841 800
f 4489 4531 4530
f 4489 4490 4531
f 800 841 842
f 800 842 801
f 4490 4532 4531
f 4490 4491 4532
f 801 842 843
f 801 843 802
f 4491 4533 4532
f 4491 4492 4533
f 802 843 844
f 802 844 803
f 4492 4534 4533
f 4492 4493 4534
f 803 844 845
f 803 845 804
f 4493 4535 4534
f 4493 4494 4535
f 804 845 846
f 804 846 805
f 4494 4536 4535
f 4494 4495 4536
f 805 846 847
f 805 847 806
f 4495 4537 4536
f 4495 4496 4537
f 806 847 848
f 806 848 807
f 4496 4538 4537
f 4496 4497 4538
f 807 848 849
f 807 849 808
f 4497 4539 4538
f 4497 4498 4539
f 808 849 850
f 808 850 809
f 4498 4540 4539
f 4498 4499 4540
f 809 850 851
f 809 851 810
f 4499 4541 4540
f 4499 4500 4541
f 810 851 852
f 810 852 811
f 4500 4542 4541
f 4500 4501 4542
f 811 852 853
f 811 853 812
f 4501 4543 4542
f 4501 4502 4543
f 812 853 854
f 812 854 813
f 4502 4544 4543
f 4502 4503 4544
f 813 854 855
f 813 855 814
f 4503 4545 4544
f 4503 4504 4545
f 814 855 856
f 814 856 815
f 4504 4546 4545
f 4504 4505 4546
f 815 856 857
f 815 857 816
f 4505 4547 4546
f 4505 4506 4547
f 816 857 858
f 816 858 817
f 4506 4548 4547
f 4506 4507 4548
f 817 858 859
f 817 859 818
f 4507 4549 4548
f 4507 4508 4549
f 818 859 860
f 818 860 819
f 4508 4550 4549
f 4508 4509 4550
f 819 860 861
f 819 861 820
f 4509 4551 4550
f 4509 4510 4551
f 821 862 863
f 821 863 822
f 4511 4553 4552
f 4511 4512 4553
f 822 863 864
f 822 864 823
f 4512 4554 4553
f 4512 4513 4554
f 823 864 865
f 823 865 824
f 4513 4555 4554
f 4513 4514 4555
f 824 865 866
f 824 866 825
f 4514 4556 4555
f 4514 4515 4556
f 825 866 867
f 825 867 826
f 4515 4557 4556
f 4515 4516 4557
f 826 867 868
f 826 868 827
f 4516 4558 4557
f 4516 4517 4558
f 827 868 869
f 827 869 828
f 4517 4559 4558
f 4517 4518 4559
f 828 869 870
f 828 870 829
f 4518 4560 4559
f 4518 4519 4560
f 829 870 871
f 829 871 830
f 4519 4561 4560
f 4519 4520 4561
f 830 871 872
f 830 872 831
f 4520 4562 4561
f 4520 4521 4562
f 831 872 873
f 831 873 832
f 4521 4563 4562
f 4521 4522 4563
f 832 873 874
f 832 874 833
f 4522 4564 4563
f 4522 4523 4564
f 833 874 875
f 833 875 834
f 4523 4565 4564
f 4523 4524 4565
f 834 875 876
f 834 876 835
f 4524 4566 4565
f 4524 4525 4566
f 835 876 877
f 835 877 836
f 4525 4567 4566
f 4525 4526 4567
f 836 877 878
f 836 878 837
f 4526 4568 4567
f 4526 4527 4568
f 837 878 879
f 837 879 838
f 4527 4569 4568
f 4527 4528 4569
f 838 879 880
f 838 880 839
f 4528 4570 4569
f 4528 4529 4570
f 839 880 881
f 839 881 840
f 4529 4571 4570
f 4529 4530 4571
f 840 881 882
f 840 882 841
f 4530 4572 4571
f 4530 4531 4572
f 841 882 883
f 841 883 842
f 4531 4573 4572
f 4531 4532 4573
f 842 883 884
f 842 884 843
f 4532 4574 4573
f 4532 4533 4574
f 843 884 885
f 843 885 844
f 4533 4575 4574
f 4533 4534 4575
f 844 885 886
f 844 886 845
f 4534 4576 4575
f 4534 4535 4576
f 845 886 887
f 845 887 846
f 4535 4577 4576
f 4535 4536 4577
f 846 887 888
f 846 888 847
f 4536 4578 4577
f 4536 4537 4578
f 847 888 889
f 847 889 848
f 4537 4579 4578
f 4537 4538 4579
f 848 889 890
f 848 890 849
f 4538 4580 4579
f 4538 4539 4580
f 849 890 891
f 849 891 850
f 4539 4581 4580
f 4539 4540 4581
f 850 891 892
f 850 892 851
f 4540 4582 4581
f 4540 4541 4582
f 851 892 893
f 851 893 852
f 4541 4583 4582
f 4541 4542 4583
f 852 893 894
f 852 894 853
f 4542 4584 4583
f 4542 4543 4584
f 853 894 895
f 853 895 854
f 4543 4585 4584
f 4543 4544 4585
f 854 895 896
f 854 896 855
f 4544 4586 4585
f 4544 4545 4586
f 855 896 897
f 855 897 856
f 4545 4587 4586
f 4545 4546 4587
f 856 897 898
f 856 898 857
f 4546 4588 4587
f 4546 4547 4588
f 857 898 899
f 857 899 858
f 4547 4589 4588
f 4547 4548 4589
f 858 899 900
f 858 900 859
f 4548 4590 4589
f 4548 4549 4590
f 859 900 901
f 859 901 860
f 4549 4591 4590
f 4549 4550 4591
f 860 901 902
f 860 902 861
f 4550 4592 4591
f 4550 4551 4592
f 862 903 904
f 862 904 863
f 4552 4594 4593
f 4552 4553 4594
f 863 904 905
f 863 905 864
f 4553 4595 4594
f 4553 4554 4595
f 864 905 906
f 864 906 865
f 4554 4596 4595
f 4554 4555 4596
f 865 906 907
f 865 907 866
f 4555 4597 4596
f 4555 4556 4597
f 866 907 908
f 866 908 867
f 4556 4598 4597
f 4556 4557 4598
f 867 908 909
f 867 909 868
f 4557 4599 4598
f 4557 4558 4599
f 868 909 910
f 868 910 869
f 4558 4600 4599
f 4558 4559 4600
f 869 910 911
f 869 911 870
f 4559 4601 4600
f 4559 4560 4601
f 870 911 912
f 870 912 871
f 4560 4602 4601
f 4560 4561 4602
f 871 912 913
f 871 913 872
f 4561 4603 4602
f 4561 4562 4603
f 872 913 914
f 872 914 873
f 4562 4604 4603
f 4562 4563 4604
f 873 914 915
f 873 915 874
f 4563 4605 4604
f 4563 4564 4605
f 874 915 916
f 874 916 875
f 4564 4606 4605
f 4564 4565 4606
f 875 916 917
f 875 917 876
f 4565 4607 4606
f 4565 4566 4607
f 876 917 918
f 876 918 877
f 4566 4608 4607
f 4566 4567 4608
f 877 918 919
f 877 919 878
f 4567 4609 4608
f 4567 4568 4609
f 878 919 920
f 878 920 879
f 4568 4610 4609
f 4568 4569 4610
f 879 920 921
f 879 921 880
f 4569 4611 4610
f 4569 4570 4611
f 880 921 922
f 880 922 881
f 4570 4612 4611
f 4570 4571 4612
f 881 922 923
f 881 923 882
f 4571 4613 4612
f 4571 4572 4613
f 882 923 924
f 882 924 883
f 4572 4614 4613
f 4572 4573 4614
f 883 924 925
f 883 925 884
f 4573 4615 4614
f 4573 4574 4615
f 884 925 926
f 884 926 885
f 4574 4616 4615
f 4574 4575 4616
f 885 926 927
f 885 927 886
f 4575 4617 4616
f 4575 4576 4617
f 886 927 928
f 886 928 887
f 4576 4618 4617
f 4576 4577 4618
f 887 928 929
f 887 929 888
f 4577 4619 4618
f 4577 4578 4619
f 888 929 930
f 888 930 889
f 4578 4620 4619
f 4578 4579 4620
f 889 930 931
f 889 931 890
f 4579 4621 4620
f 4579 4580 4621
f 890 931 932
f 890 932 891
f 4580 4622 4621
f 4580 4581 4622
f 891 932 933
f 891 933 892
f 4581 4623 4622
f 4581 4582 4623
f 892 933 934
f 892 934 893
f 4582 4624 4623
f 4582 4583 4624
f 893 934 935
f 893 935 894
f 4583 4625 4624
f 4583 4584 4625
f 894 935 936
f 894 936 895
f 4584 4626 4625
f 4584 4585 4626
f 895 936 937
f 895 937 896
f 4585 4627 4626
f 4585 4586 4627
f 896 937 938
f 896 938 897
f 4586 4628 4627
f 4586 4587 4628
f 897 938 939
f 897 939 898
f 4587 4629 4628
f 4587 4588 4629
f 898 939 940
f 898 940 899
f 4588 4630 4629
f 4588 4589 4630
f 899 940 941
f 899 941 900
f 4589 4631 4630
f 4589 4590 4631
f 900 941 942
f 900 942 901
f 4590 4632 4631
f 4590 4591 4632
f 901 942 943
f 901 943 902
f 4591 4633 4632
f 4591 4592 4633
f 903 944 945
f 903 945 904
f 4593 4635 4634
f 4593 4594 4635
f 904 945 946
f 904 946 905
f 4594 4636 4635
f 4594 4595 4636
f 905 946 947
f 905 947 906
f 4595 4637 4636
f 4595 4596 4637
f 906 947 948
f 906 948 907
f 4596 4638 4637
f 4596 4597 4638
f 907 948 949
f 907 949 908
f 4597 4639 4638
f 4597 4598 4639
f 908 949 950
f 908 950 909
f 4598 4640 4639
f 4598 4599 4640
f 909 950 951
f 909 951 910
f 4599 4641 4640
f 4599 4600 4641
f 910 951 952
f 910 952 911
f 4600 4642 4641
f 4600 4601 4642
f 911 952 953
f 911 953 912
f 4601 4643 4642
f 4601 4602 4643
f 912 953 954
f 912 954 913
f 4602 4644 4643
f 4602 4603 4644
f 913 954 955
f 913 955 914
f 4603 4645 4644
f 4603 4604 4645
f 914 955 956
f 914 956 915
f 4604 4646 4645
f 4604 4605 4646
f 915 956 957
f 915 957 916
f 4605 4647 4646
f 4605 4606 4647
f 916 957 958
f 916 958 917
f 4606 4648 4647
f 4606 4607 4648
f 917 958 959
f 917 959 918
f 4607 4649 4648
f 4607 4608 4649
f 918 959 960
f 918 960 919
f 4608 4650 4649
f 4608 4609 4650
f 919 960 961
f 919 961 920
f 4609 4651 4650
f 4609 4610 4651
f 920 961 962
f 920 962 921
f 4610 4652 4651
f 4610 4611 4652
f 921 962 963
f 921 963 922
f 4611 4653 4652
f 4611 4612 4653
f 922 963 964
f 922 964 923
f 4612 4654 4653
f 4612 4613 4654
f 923 964 965
f 923 965 924
f 4613 4655 4654
f 4613 4614 4655
f 924 965 966
f 924 966 925
f 4614 4656 4655
f 4614 4615 4656
f 925 966 967
f 925 967 926
f 4615 4657 4656
f 4615 4616 4657
f 926 967 968
f 926 968 927
f 4616 4658 4657
f 4616 4617 4658
f 927 968 969
f 927 969 928
f 4617 4659 4658
f 4617 4618 4659
f 928 969 970
f 928 970 929
f 4618 4660 4659
f 4618 4619 4660
f 929 970 971
f 929 971 930
f 4619 4661 4660
f 4619 4620 4661
f 930 971 972
f 930 972 931
f 4620 4662 4661
f 4620 4621 4662
f 931 972 973
f 931 973 932
f 4621 4663 4662
f 4621 4622 4663
f 932 973 974
f 932 974 933
f 4622 4664 4663
f 4622 4623 4664
f 933 974 975
f 933 975 934
f 4623 4665 4664
f 4623 4624 4665
f 934 975 976
f 934 976 935
f 4624 4666 4665
f 4624 4625 4666
f 935 976 977
f 935 977 936
f 4625 4667 4666
f 4625 4626 4667
f 936 977 978
f 936 978 937
f 4626 4668 4667
f 4626 4627 4668
f 937 978 979
f 937 979 938
f 4627 4669 4668
f 4627 4628 4669
f 938 979 980
f 938 980 939
f 4628 4670 4669
f 4628 4629 4670
f 939 980 981
f 939 981 940
f 4629 4671 4670
f 4629 4630 4671
f 940 981 982
f 940 982 941
f 4630 4672 4671
f 4630 4631 4672
f 941 982 983
f 941 983 942
f 4631 4673 4672
f 4631 4632 4673
f 942 983 984
f 942 984 943
f 4632 4674 4673
f 4632 4633 4674
f 944 985 986
f 944 986 945
f 4634 4676 4675
f 4634 4635 4676
f 945 986 987
f 945 987 946
f 4635 4677 4676
f 4635 4636 4677
f 946 987 988
f 946 988 947
f 4636 4678 4677
f 4636 4637 4678
f 947 988 989
f 947 989 948
f 4637 4679 4678
f 4637 4638 4679
f 948 989 990
f 948 990 949
f 4638 4680 4679
f 4638 4639 4680
f 949 990 991
f 949 991 950
f 4639 4681 4680
f 4639 4640 4681
f 950 991 992
f 950 992 951
f 4640 4682 4681
f 4640 4641 4682
f 951 992 993
f 951 993 952
f 4641 4683 4682
f 4641 4642 4683
f 952 993 994
f 952 994 953
f 4642 4684 4683
f 4642 4643 4684
f 953 994 995
f 953 995 954
f 4643 4685 4684
f 4643 4644 4685
f 954 995 996
f 954 996 955
f 4644 4686 4685
f 4644 4645 4686
f 955 996 997
f 955 997 956
f 4645 4687 4686
f 4645 4646 4687
f 956 997 998
f 956 998 957
f 4646 4688 4687
f 4646 4647 4688
f 957 998 999
f 957 999 958
f 4647 4689 4688
f 4647 4648 4689
f 958 999 1000
f 958 1000 959
f 4648 4690 4689
f 4648 4649 4690
f 959 1000 1001
f 959 1001 960
f 4649 4691 4690
f 4649 4650 4691
f 960 1001 1002
f 960 1002 961
f 4650 4692 4691
f 4650 4651 4692
f 961 1002 1003
f 961 1003 962
f 4651 4693 4692
f 4651 4652 4693
f 962 1003 1004
f 962 1004 963
f 4652 4694 4693
f 4652 4653 4694
f 963 1004 1005
f 963 1005 964
f 4653 4695 4694
f 4653 4654 4695
f 964 1005 1006
f 964 1006 965
f 4654 4696 4695
f 4654 4655 4696
f 965 1006 1007
f 965 1007 966
f 4655 4697 4696
f 4655 4656 4697
f 966 1007 1008
f 966 1008 967
f 4656 4698 4697
f 4656 4657 4698
f 967 1008 1009
f 967 1009 968
f 4657 4699 4698
f 4657 4658 4699
f 968 1009 1010
f 968 1010 969
f 4658 4700 4699
f 4658 4659 4700
f 969 1010 1011
f 969 1011 970
f 4659 4701 4700
f 4659 4660 4701
f 970 1011 1012
f 970 1012 971
f 4660 4702 4701
f 4660 4661 4702
f 971 1012 1013
f 971 1013 972
f 4661 4703 4702
f 4661 4662 4703
f 972 1013 1014
f 972 1014 973
f 4662 4704 4703
f 4662 4663 4704
f 973 1014 1015
f 973 1015 974
f 4663 4705 4704
f 4663 4664 4705
f 974 1015 1016
f 974 1016 975
f 4664 4706 4705
f 4664 4665 4706
f 975 1016 1017
f 975 1017 976
f 4665 4707 4706
f 4665 4666 4707
f 976 1017 1018
f 976 1018 977
f 4666 4708 4707
f 4666 4667 4708
f 977 1018 1019
f 977 1019 978
f 4667 4709 4708
f 4667 4668 4709
f 978 1019 1020
f 978 1020 979
f 4668 4710 4709
f 4668 4669 4710
f 979 1020 1021
f 979 1021 980
f 4669 4711 4710
f 4669 4670 4711
f 980 1021 1022
f 980 1022 981
f 4670 4712 4711
f 4670 4671 4712
f 981 1022 1023
f 981 1023 982
f 4671 4713 4712
f 4671 4672 4713
f 982 1023 1024
f 982 1024 983
f 4672 4714 4713
f 4672 4673 4714
f 983 1024 1025
f 983 1025 984
f 4673 4715 4714
f 4673 4674 4715
f 985 1026 1027
f 985 1027 986
f 4675 4717 4716
f 4675 4676 4717
f 986 1027 1028
f 986 1028 987
f 4676 4718 4717
f 4676 4677 4718
f 987 1028 1029
f 987 1029 988
f 4677 4719 4718
f 4677 4678 4719
f 988 1029 1030
f 988 1030 989
f 4678 4720 4719
f 4678 4679 4720
f 989 1030 1031
f 989 1031 990
f 4679 4721 4720
f 4679 4680 4721
f 990 1031 1032
f 990 1032 991
f 4680 4722 4721
f 4680 4681 4722
f 991 1032 1033
f 991 1033 992
f 4681 4723 4722
f 4681 4682 4723
f 992 1033 1034
f 992 1034 993
f 4682 4724 4723
f 4682 4683 4724
f 993 1034 1035
f 993 1035 994
f 4683 4725 4724
f 4683 4684 4725
f 994 1035 1036
f 994 1036 995
f 4684 4726 4725
f 4684 4685 4726
f 995 1036 1037
f 995 1037 996
f 4685 4727 4726
f 4685 4686 4727
f 996 1037 1038
f 996 1038 997
f 4686 4728 4727
f 4686 4687 4728
f 997 1038 1039
f 997 1039 998
f 4687 4729 4728
f 4687 4688 4729
f 998 1039 1040
f 998 1040 999
f 4688 4730 4729
f 4688 4689 4730
f 999 1040 1041
f 999 1041 1000
f 4689 4731 4730
f 4689 4690 4731
f 1000 1041 1042
f 1000 1042 1001
f 4690 4732 4731
f 4690 4691 4732
f 1001 1042 1043
f 1001 1043 1002
f 4691 4733 4732
f 4691 4692 4733
f 1002 1043 1044
f 1002 1044 1003
f 4692 4734 4733
f 4692 4693 4734
f 1003 1044 1045
f 1003 1045 1004
f 4693 4735 4734
f 4693 4694 4735
f 1004 1045 1046
f 1004 1046 1005
f 4694 4736 4735
f 4694 4695 4736
f 1005 1046 1047
f 1005 1047 1006
f 4695 4737 4736
f 4695 4696 4737
f 1006 1047 1048
f 1006 1048 1007
f 4696 4738 4737
f 4696 4697 4738
f 1007 1048 1049
f 1007 1049 1008
f 4697 4739 4738
f 4697 4698 4739
f 1008 1049 1050
f 1008 1050 1009
f 4698 4740 4739
f 4698 4699 4740
f 1009 1050 1051
f 1009 1051 1010
f 4699 4741 4740
f 4699 4700 4741
f 1010 1051 1052
f 1010 1052 1011
f 4700 4742 4741
f 4700 4701 4742
f 1011 1052 1053
f 1011 1053 1012
f 4701 4743 4742
f 4701 4702 4743
f 1012 1053 1054
f 1012 1054 1013
f 4702 4744 4743
f 4702 4703 4744
f 1013 1054 1055
f 1013 1055 1014
f 4703 4745 4744
f 4703 4704 4745
f 1014 1055 1056
f 1014 1056 1015
f 4704 4746 4745
f 4704 4705 4746
f 1015 1056 1057
f 1015 1057 1016
f 4705 4747 4746
f 4705 4706 4747
f 1016 1057 1058
f 1016 1058 1017
f 4706 4748 4747
f 4706 4707 4748
f 1017 1058 1059
f 1017 1059 1018
f 4707 4749 4748
f 4707 4708 4749
f 1018 1059 1060
f 1018 1060 1019
f 4708 4750 4749
f 4708 4709 4750
f 1019 1060 1061
f 1019 1061 1020
f 4709 4751 4750
f 4709 4710 4751
f 1020 1061 1062
f 1020 1062 1021
f 4710 4752 4751
f 4710 4711 4752
f 1021 1062 1063
f 1021 1063 1022
f 4711 4753 4752
f 4711 4712 4753
f 1022 1063 1064
f 1022 1064 1023
f 4712 4754 4753
f 4712 4713 4754
f 1023 1064 1065
f 1023 1065 1024
f 4713 4755 4754
f 4713 4714 4755
f 1024 1065 1066
f 1024 1066 1025
f 4714 4756 4755
f 4714 4715 4756
f 1026 1067 1068
f 1026 1068 1027
f 4716 4758 4757
f 4716 4717 4758
f 1027 1068 1069
f 1027 1069 1028
f 4717 4759 4758
f 4717 4718 4759
f 1028 1069 1070
f 1028 1070 1029
f 4718 4760 4759
f 4718 4719 4760
f 1029 1070 1071
f 1029 1071 1030
f 4719 4761 4760
f 4719 4720 4761
f 1030 1071 1072
f 1030 1072 1031
f 4720 4762 4761
f 4720 4721 4762
f 1031 1072 1073
f 1031 1073 1032
f 4721 4763 4762
f 4721 4722 4763
f 1032 1073 1074
f 1032 1074 1033
f 4722 4764 4763
f 4722 4723 4764
f 1033 1074 1075
f 1033 1075 1034
f 4723 4765 4764
f 4723 4724 4765
f 1034 1075 1076
f 1034 1076 1035
f 4724 4766 4765
f 4724 4725 4766
f 1035 1076 1077
f 1035 1077 1036
f 4725 4767 4766
f 4725 4726 4767
f 1036 1077 1078
f 1036 1078 1037
f 4726 4768 4767
f 4726 4727 4768
f 1037 1078 1079
f 1037 1079 1038
f 4727 4769 4768
f 4727 4728 4769
f 1038 1079 1080
f 1038 1080 1039
f 4728 4770 4769
f 4728 4729 4770
f 1039 1080 1081
f 1039 1081 1040
f 4729 4771 4770
f 4729 4730 4771
f 1040 1081 1082
f 1040 1082 1041
f 4730 4772 4771
f 4730 4731 4772
f 1041 1082 1083
f 1041 1083 1042
f 4731 4773 4772
f 4731 4732 4773
f 1042 1083 1084
f 1042 1084 1043
f 4732 4774 4773
f 4732 4733 4774
f 1043 1084 1085
f 1043 1085 1044
f 4733 4775 4774
f 4733 4734 4775
f 1044 1085 1086
f 1044 1086 1045
f 4734 4776 4775
f 4734 4735 4776
f 1045 1086 1087
f 1045 1087 1046
f 4735 4777 4776
f 4735 4736 4777
f 1046 1087 1088
f 1046 1088 1047
f 4736 4778 4777
f 4736 4737 4778
f 1047 1088 1089
f 1047 1089 1048
f 4737 4779 4778
f 4737 4738 4779
f 1048 1089 1090
f 1048 1090 1049
f 4738 4780 4779
f 4738 4739 4780
f 1049 1090 1091
f 1049 1091 1050
f 4739 4781 4780
f 4739 4740 4781
f 1050 1091 1092
f 1050 1092 1051
f 4740 4782 4781
f 4740 4741 4782
f 1051 1092 1093
f 1051 1093 1052
f 4741 4783 4782
f 4741 4742 4783
f 1052 1093 1094
f 1052 1094 1053
f 4742 4784 4783
f 4742 4743 4784
f 1053 1094 1095
f 1053 1095 1054
f 4743 4785 4784
f 4743 4744 4785
f 1054 1095 1096
f 1054 1096 1055
f 4744 4786 4785
f 4744 4745 4786
f 1055 1096 1097
f 1055 1097 1056
f 4745 4787 4786
f 4745 4746 4787
f 1056 1097 1098
f 1056 1098 1057
f 4746 4788 4787
f 4746 4747 4788
f 1057 1098 1099
f 1057 1099 1058
f 4747 4789 4788
f 4747 4748 4789
f 1058 1099 1100
f 1058 1100 1059
f 4748 4790 4789
f 4748 4749 4790
f 1059 1100 1101
f 1059 1101 1060
f 4749 4791 4790
f 4749 4750 4791
f 1060 1101 1102
f 1060 1102 1061
f 4750 4792 4791
f 4750 4751 4792
f 1061 1102 1103
f 1061 1103 1062
f 4751 4793 4792
f 4751 4752 4793
f 1062 1103 1104
f 1062 1104 1063
f 4752 4794 4793
f 4752 4753 4794
f 1063 1104 1105
f 1063 1105 1064
f 4753 4795 4794
f 4753 4754 4795
f 1064 1105 1106
f 1064 1106 1065
f 4754 4796 4795
f 4754 4755 4796
f 1065 1106 1107
f 1065 1107 1066
f 4755 4797 4796
f 4755 4756 4797
f 1067 1108 1109
f 1067 1109 1068
f 4757 4799 4798
f 4757 4758 4799
f 1068 1109 1110
f 1068 1110 1069
f 4758 4800 4799
f 4758 4759 4800
f 1069 1110 1111
f 1069 1111 1070
f 4759 4801 4800
f 4759 4760 4801
f 1070 1111 1112
f 1070 1112 1071
f 4760 4802 4801
f 4760 4761 4802
f 1071 1112 1113
f 1071 1113 1072
f 4761 4803 4802
f 4761 4762 4803
f 1072 1113 1114
f 1072 1114 1073
f 4762 4804 4803
f 4762 4763 4804
f 1073 1114 1115
f 1073 1115 1074
f 4763 4805 4804
f 4763 4764 4805
f 1074 1115 1116
f 1074 1116 1075
f 4764 4806 4805
f 4764 4765 4806
f 1075 1116 1117
f 1075 1117 1076
f 4765 4807 4806
f 4765 4766 4807
f 1076 1117 1118
f 1076 1118 1077
f 4766 4808 4807
f 4766 4767 4808
f 1077 1118 1119
f 1077 1119 1078
f 4767 4809 4808
f 4767 4768 4809
f 1078 1119 1120
f 1078 1120 1079
f 4768 4810 4809
f 4768 4769 4810
f 1079 1120 1121
f 1079 1121 1080
f 4769 4811 4810
f 4769 4770 4811
f 1080 1121 1122
f 1080 1122 1081
f 4770 4812 4811
f 4770 4771 4812
f 1081 1122 1123
f 1081 1123 1082
f 4771 4813 4812
f 4771 4772 4813
f 1082 1123 1124
f 1082 1124 1083
f 4772 4814 4813
f 4772 4773 4814
f 1083 1124 1125
f 1083 1125 1084
f 4773 4815 4814
f 4773 4774 4815
f 1084 1125 1126
f 1084 1126 1085
f 4774 4816 4815
f 4774 4775 4816
f 1085 1126 1127
f 1085 1127 1086
f 4775 4817 4816
f 4775 4776 4817
f 1086 1127 1128
f 1086 1128 1087
f 4776 4818 4817
f 4776 4777 4818
f 1087 1128 1129
f 1087 1129 1088
f 4777 4819 4818
f 4777 4778 4819
f 1088 1129 1130
f 1088 1130 1089
f 4778 4820 4819
f 4778 4779 4820
f 1089 1130 1131
f 1089 1131 1090
f 4779 4821 4820
f 4779 4780 4821
f 1090 1131 1132
f 1090 1132 1091
f 4780 4822 4821
f 4780 4781 4822
f 1091 1132 1133
f 1091 1133 1092
f 4781 4823 4822
f 4781 4782 4823
f 1092 1133 1134
f 1092 1134 1093
f 4782 4824 4823
f 4782 4783 4824
f 1093 1134 1135
f 1093 1135 1094
f 4783 4825 4824
f 4783 4784 4825
f 1094 1135 1136
f 1094 1136 1095
f 4784 4826 4825
f 4784 4785 4826
f 1095 1136 1137
f 1095 1137 1096
f 4785 4827 4826
f 4785 4786 4827
f 1096 1137 1138
f 1096 1138 1097
f 4786 4828 4827
f 4786 4787 4828
f 1097 1138 1139
f 1097 1139 1098
f 4787 4829 4828
f 4787 4788 4829
f 1098 1139 1140
f 1098 1140 1099
f 4788 4830 4829
f 4788 4789 4830
f 1099 1140 1141
f 1099 1141 1100
f 4789 4831 4830
f 4789 4790 4831
f 1100 1141 1142
f 1100 1142 1101
f 4790 4832 4831
f 4790 4791 4832
f 1101 1142 1143
f 1101 1143 1102
f 4791 4833 4832
f 4791 4792 4833
f 1102 1143 1144
f 1102 1144 1103
f 4792 4834 4833
f 4792 4793 4834
f 1103 1144 1145
f 1103 1145 1104
f 4793 4835 4834
f 4793 4794 4835
f 1104 1145 1146
f 1104 1146 1105
f 4794 4836 4835
f 4794 4795 4836
f 1105 1146 1147
f 1105 1147 1106
f 4795 4837 4836
f 4795 4796 4837
f 1106 1147 1148
f 1106 1148 1107
f 4796 4838 4837
f 4796 4797 4838
f 1108 1149 1150
f 1108 1150 1109
f 4798 4840 4839
f 4798 4799 4840
f 1109 1150 1151
f 1109 1151 1110
f 4799 4841 4840
f 4799 4800 4841
f 1110 1151 1152
f 1110 1152 1111
f 4800 4842 4841
f 4800 4801 4842
f 1111 1152 1153
f 1111 1153 1112
f 4801 4843 4842
f 4801 4802 4843
f 1112 1153 1154
f 1112 1154 1113
f 4802 4844 4843
f 4802 4803 4844
f 1113 1154 1155
f 1113 1155 1114
f 4803 4845 4844
f 4803 4804 4845
f 1114 1155 1156
f 1114 1156 1115
f 4804 4846 4845
f 4804 4805 4846
f 1115 1156 1157
f 1115 1157 1116
f 4805 4847 4846
f 4805 4806 4847
f 1116 1157 1158
f 1116 1158 1117
f 4806 4848 4847
f 4806 4807 4848
f 1117 1158 1159
f 1117 1159 1118
f 4807 4849 4848
f 4807 4808 4849
f 1118 1159 1160
f 1118 1160 1119
f 4808 4850 4849
f 4808 4809 4850
f 1119 1160 1161
f 1119 1161 1120
f 4809 4851 4850
f 4809 4810 4851
f 1120 1161 1162
f 1120 1162 1121
f 4810 4852 4851
f 4810 4811 4852
f 1121 1162 1163
f 1121 1163 1122
f 4811 4853 4852
f 4811 4812 4853
f 1122 1163 1164
f 1122 1164 1123
f 4812 4854 4853
f 4812 4813 4854
f 1123 1164 1165
f 1123 1165 1124
f 4813 4855 4854
f 4813 4814 4855
f 1124 1165 1166
f 1124 1166 1125
f 4814 4856 4855
f 4814 4815 4856
f 1125 1166 1167
f 1125 1167 1126
f 4815 4857 4856
f 4815 4816 4857
f 1126 1167 1168
f 1126 1168 1127
f 4816 4858 4857
f 4816 4817 4858
f 1127 1168 1169
f 1127 1169 1128
f 4817 4859 4858
f 4817 4818 4859
f 1128 1169 1170
f 1128 1170 1129
f 4818 4860 4859
f 4818 4819 4860
f 1129 1170 1171
f 1129 1171 1130
f 4819 4861 4860
f 4819 4820 4861
f 1130 1171 1172
f 1130 1172 1131
f 4820 4862 4861
f 4820 4821 4862
f 1131 1172 1173
f 1131 1173 1132
f 4821 4863 4862
f 4821 4822 4863
f 1132 1173 1174
f 1132 1174 1133
f 4822 4864 4863
f 4822 4823 4864
f 1133 1174 1175
f 1133 1175 1134
f 4823 4865 4864
f 4823 4824 4865
f 1134 1175 1176
f 1134 1176 1135
f 4824 4866 4865
f 4824 4825 4866
f 1135 1176 1177
f 1135 1177 1136
f 4825 4867 4866
f 4825 4826 4867
f 1136 1177 1178
f 1136 1178 1137
f 4826 4868 4867
f 4826 4827 4868
f 1137 1178 1179
f 1137 1179 1138
f 4827 4869 4868
f 4827 4828 4869
f 1138 1179 1180
f 1138 1180 1139
f 4828 4870 4869
f 4828 4829 4870
f 1139 1180 1181
f 1139 1181 1140
f 4829 4871 4870
f 4829 4830 4871
f 1140 1181 1182
f 1140 1182 1141
f 4830 4872 4871
f 4830 4831 4872
f 1141 1182 1183
f 1141 1183 1142
f 4831 4873 4872
f 4831 4832 4873
f 1142 1183 1184
f 1142 1184 1143
f 4832 4874 4873
f 4832 4833 4874
f 1143 1184 1185
f 1143 1185 1144
f 4833 4875 4874
f 4833 4834 4875
f 1144 1185 1186
f 1144 1186 1145
f 4834 4876 4875
f 4834 4835 4876
f 1145 1186 1187
f 1145 1187 1146
f 4835 4877 4876
f 4835 4836 4877
f 1146 1187 1188
f 1146 1188 1147
f 4836 4878 4877
f 4836 4837 4878
f 1147 1188 1189
f 1147 1189 1148
f 4837 4879 4878
f 4837 4838 4879
f 1149 1190 1191
f 1149 1191 1150
f 4839 4881 4880
f 4839 4840 4881
f 1150 1191 1192
f 1150 1192 1151
f 4840 4882 4881
f 4840 4841 4882
f 1151 1192 1193
f 1151 1193 1152
f 4841 4883 4882
f 4841 4842 4883
f 1152 1193 1194
f 1152 1194 1153
f 4842 4884 4883
f 4842 4843 4884
f 1153 1194 1195
f 1153 1195 1154
f 4843 4885 4884
f 4843 4844 4885
f 1154 1195 1196
f 1154 1196 1155
f 4844 4886 4885
f 4844 4845 4886
f 1155 1196 1197
f 1155 1197 1156
f 4845 4887 4886
f 4845 4846 4887
f 1156 1197 1198
f 1156 1198 1157
f 4846 4888 4887
f 4846 4847 4888
f 1157 1198 1199
f 1157 1199 1158
f 4847 4889 4888
f 4847 4848 4889
f 1158 1199 1200
f 1158 1200 1159
f 4848 4890 4889
f 4848 4849 4890
f 1159 1200 1201
f 1159 1201 1160
f 4849 4891 4890
f 4849 4850 4891
f 1160 1201 1202
f 1160 1202 1161
f 4850 4892 4891
f 4850 4851 4892
f 1161 1202 1203
f 1161 1203 1162
f 4851 4893 4892
f 4851 4852 4893
f 1162 1203 1204
f 1162 1204 1163
f 4852 4894 4893
f 4852 4853 4894
f 1163 1204 1205
f 1163 1205 1164
f 4853 4895 4894
f 4853 4854 4895
f 1164 1205 1206
f 1164 1206 1165
f 4854 4896 4895
f 4854 4855 4896
f 1165 1206 1207
f 1165 1207 1166
f 4855 4897 4896
f 4855 4856 4897
f 1166 1207 1208
f 1166 1208 1167
f 4856 4898 4897
f 4856 4857 4898
f 1167 1208 1209
f 1167 1209 1168
f 4857 4899 4898
f 4857 4858 4899
f 1168 1209 1210
f 1168 1210 1169
f 4858 4900 4899
f 4858 4859 4900
f 1169 1210 1211
f 1169 1211 1170
f 4859 4901 4900
f 4859 4860 4901
f 1170 1211 1212
f 1170 1212 1171
f 4860 4902 4901
f 4860 4861 4902
f 1171 1212 1213
f 1171 1213 1172
f 4861 4903 4902
f 4861 4862 4903
f 1172 1213 1214
f 1172 1214 1173
f 4862 4904 4903
f 4862 4863 4904
f 1173 1214 1215
f 1173 1215 1174
f 4863 4905 4904
f 4863 4864 4905
f 1174 1215 1216
f 1174 1216 1175
f 4864 4906 4905
f 4864 4865 4906
f 1175 1216 1217
f 1175 1217 1176
f 4865 4907 4906
f 4865 4866 4907
f 1176 1217 1218
f 1176 1218 1177
f 4866 4908 4907
f 4866 4867 4908
f 1177 1218 1219
f 1177 1219 1178
f 4867 4909 4908
f 4867 4868 4909
f 1178 1219 1220
f 1178 1220 1179
f 4868 4910 4909
f 4868 4869 4910
f 1179 1220 1221
f 1179 1221 1180
f 4869 4911 4910
f 4869 4870 4911
f 1180 1221 1222
f 1180 1222 1181
f 4870 4912 4911
f 4870 4871 4912
f 1181 1222 1223
f 1181 1223 1182
f 4871 4913 4912
f 4871 4872 4913
f 1182 1223 1224
f 1182 1224 1183
f 4872 4914 4913
f 4872 4873 4914
f 1183 1224 1225
f 1183 1225 1184
f 4873 4915 4914
f 4873 4874 4915
f 1184 1225 1226
f 1184 1226 1185
f 4874 4916 4915
f 4874 4875 4916
f 1185 1226 1227
f 1185 1227 1186
f 4875 4917 4916
f 4875 4876 4917
f 1186 1227 1228
f 1186 1228 1187
f 4876 4918 4917
f 4876 4877 4918
f 1187 1228 1229
f 1187 1229 1188
f 4877 4919 4918
f 4877 4878 4919
f 1188 1229 1230
f 1188 1230 1189
f 4878 4920 4919
f 4878 4879 4920
f 1190 1231 1232
f 1190 1232 1191
f 4880 4922 4921
f 4880 4881 4922
f 1191 1232 1233
f 1191 1233 1192
f 4881 4923 4922
f 4881 4882 4923
f 1192 1233 1234
f 1192 1234 1193
f 4882 4924 4923
f 4882 4883 4924
f 1193 1234 1235
f 1193 1235 1194
f 4883 4925 4924
f 4883 4884 4925
f 1194 1235 1236
f 1194 1236 1195
f 4884 4926 4925
f 4884 4885 4926
f 1195 1236 1237
f 1195 1237 1196
f 4885 4927 4926
f 4885 4886 4927
f 1196 1237 1238
f 1196 1238 1197
f 4886 4928 4927
f 4886 4887 4928
f 1197 1238 1239
f 1197 1239 1198
f 4887 4929 4928
f 4887 4888 4929
f 1198 1239 1240
f 1198 1240 1199
f 4888 4930 4929
f 4888 4889 4930
f 1199 1240 1241
f 1199 1241 1200
f 4889 4931 4930
f 4889 4890 4931
f 1200 1241 1242
f 1200 1242 1201
f 4890 4932 4931
f 4890 4891 4932
f 1201 1242 1243
f 1201 1243 1202
f 4891 4933 4932
f 4891 4892 4933
f 1202 1243 1244
f 1202 1244 1203
f 4892 4934 4933
f 4892 4893 4934
f 1203 1244 1245
f 1203 1245 1204
f 4893 4935 4934
f 4893 4894 4935
f 1204 1245 1246
f 1204 1246 1205
f 4894 4936 4935
f 4894 4895 4936
f 1205 1246 1247
f 1205 1247 1206
f 4895 4937 4936
f 4895 4896 4937
f 1206 1247 1248
f 1206 1248 1207
f 4896 4938 4937
f 4896 4897 4938
f 1207 1248 1249
f 1207 1249 1208
f 4897 4939 4938
f 4897 4898 4939
f 1208 1249 1250
f 1208 1250 1209
f 4898 4940 4939
f 4898 4899 4940
f 1209 1250 1251
f 1209 1251 1210
f 4899 4941 4940
f 4899 4900 4941
f 1210 1251 1252
f 1210 1252 1211
f 4900 4942 4941
f 4900 4901 4942
f 1211 1252 1253
f 1211 1253 1212
f 4901 4943 4942
f 4901 4902 4943
f 1212 1253 1254
f 1212 1254 1213
f 4902 4944 4943
f 4902 4903 4944
f 1213 1254 1255
f 1213 1255 1214
f 4903 4945 4944
f 4903 4904 4945
f 1214 1255 1256
f 1214 1256 1215
f 4904 4946 4945
f 4904 4905 4946
f 1215 1256 1257
f 1215 1257 1216
f 4905 4947 4946
f 4905 4906 4947
f 1216 1257 1258
f 1216 1258 1217
f 4906 4948 4947
f 4906 4907 4948
f 1217 1258 1259
f 1217 1259 1218
f 4907 4949 4948
f 4907 4908 4949
f 1218 1259 1260
f 1218 1260 1219
f 4908 4950 4949
f 4908 4909 4950
f 1219 1260 1261
f 1219 1261 1220
f 4909 4951 4950
f 4909 4910 4951
f 1220 1261 1262
f 1220 1262 1221
f 4910 4952 4951
f 4910 4911 4952
f 1221 1262 1263
f 1221 1263 1222
f 4911 4953 4952
f 4911 4912 4953
f 1222 1263 1264
f 1222 1264 1223
f 4912 4954 4953
f 4912 4913 4954
f 1223 1264 1265
f 1223 1265 1224
f 4913 4955 4954
f 4913 4914 4955
f 1224 1265 1266
f 1224 1266 1225
f 4914 4956 4955
f 4914 4915 4956
f 1225 1266 1267
f 1225 1267 1226
f 4915 4957 4956
f 4915 4916 4957
f 1226 1267 1268
f 1226 1268 1227
f 4916 4958 4957
f 4916 4917 4958
f 1227 1268 1269
f 1227 1269 1228
f 4917 4959 4958
f 4917 4918 4959
f 1228 1269 1270
f 1228 1270 1229
f 4918 4960 4959
f 4918 4919 4960
f 1229 1270 1271
f 1229 1271 1230
f 4919 4961 4960
f 4919 4920 4961
f 1231 1272 1273
f 1231 1273 1232
f 4921 4963 4962
f 4921 4922 4963
f 1232 1273 1274
f 1232 1274 1233
f 4922 4964 4963
f 4922 4923 4964
f 1233 1274 1275
f 1233 1275 1234
f 4923 4965 4964
f 4923 4924 4965
f 1234 1275 1276
f 1234 1276 1235
f 4924 4966 4965
f 4924 4925 4966
f 1235 1276 1277
f 1235 1277 1236
f 4925 4967 4966
f 4925 4926 4967
f 1236 1277 1278
f 1236 1278 1237
f 4926 4968 4967
f 4926 4927 4968
f 1237 1278 1279
f 1237 1279 1238
f 4927 4969 4968
f 4927 4928 4969
f 1238 1279 1280
f 1238 1280 1239
f 4928 4970 4969
f 4928 4929 4970
f 1239 1280 1281
f 1239 1281 1240
f 4929 4971 4970
f 4929 4930 4971
f 1240 1281 1282
f 1240 1282 1241
f 4930 4972 4971
f 4930 4931 4972
f 1241 1282 1283
f 1241 1283 1242
f 4931 4973 4972
f 4931 4932 4973
f 1242 1283 1284
f 1242 1284 1243
f 4932 4974 4973
f 4932 4933 4974
f 1243 1284 1285
f 1243 1285 1244
f 4933 4975 4974
f 4933 4934 4975
f 1244 1285 1286
f 1244 1286 1245
f 4934 4976 4975
f 4934 4935 4976
f 1245 1286 1287
f 1245 1287 1246
f 4935 4977 4976
f 4935 4936 4977
f 1246 1287 1288
f 1246 1288 1247
f 4936 4978 4977
f 4936 4937 4978
f 1247 1288 1289
f 1247 1289 1248
f 4937 4979 4978
f 4937 4938 4979
f 1248 1289 1290
f 1248 1290 1249
f 4938 4980 4979
f 4938 4939 4980
f 1249 1290 1291
f 1249 1291 1250
f 4939 4981 4980
f 4939 4940 4981
f 1250 1291 1292
f 1250 1292 1251
f 4940 4982 4981
f 4940 4941 4982
f 1251 1292 1293
f 1251 1293 1252
f 4941 4983 4982
f 4941 4942 4983
f 1252 1293 1294
f 1252 1294 1253
f 4942 4984 4983
f 4942 4943 4984
f 1253 1294 1295
f 1253 1295 1254
f 4943 4985 4984
f 4943 4944 4985
f 1254 1295 1296
f 1254 1296 1255
f 4944 4986 4985
f 4944 4945 4986
f 1255 1296 1297
f 1255 1297 1256
f 4945 4987 4986
f 4945 4946 4987
f 1256 1297 1298
f 1256 1298 1257
f 4946 4988 4987
f 4946 4947 4988
f 1257 1298 1299
f 1257 1299 1258
f 4947 4989 4988
f 4947 4948 4989
f 1258 1299 1300
f 1258 1300 1259
f 4948 4990 4989
f 4948 4949 4990
f 1259 1300 1301
f 1259 1301 1260
f 4949 4991 4990
f 4949 4950 4991
f 1260 1301 1302
f 1260 1302 1261
f 4950 4992 4991
f 4950 4951 4992
f 1261 1302 1303
f 1261 1303 1262
f 4951 4993 4992
f 4951 4952 4993
f 1262 1303 1304
f 1262 1304 1263
f 4952 4994 4993
f 4952 4953 4994
f 1263 1304 1305
f 1263 1305 1264
f 4953 4995 4994
f 4953 4954 4995
f 1264 1305 1306
f 1264 1306 1265
f 4954 4996 4995
f 4954 4955 4996
f 1265 1306 1307
f 1265 1307 1266
f 4955 4997 4996
f 4955 4956 4997
f 1266 1307 1308
f 1266 1308 1267
f 4956 4998 4997
f 4956 4957 4998
f 1267 1308 1309
f 1267 1309 1268
f 4957 4999 4998
f 4957 4958 4999
f 1268 1309 1310
f 1268 1310 1269
f 4958 5000 4999
f 4958 4959 5000
f 1269 1310 1311
f 1269 1311 1270
f 4959 5001 5000
f 4959 4960 5001
f 1270 1311 1312
f 1270 1312 1271
f 4960 5002 5001
f 4960 4961 5002
f 1272 1313 1314
f 1272 1314 1273
f 4962 5004 5003
f 4962 4963 5004
f 1273 1314 1315
f 1273 1315 1274
f 4963 5005 5004
f 4963 4964 5005
f 1274 1315 1316
f 1274 1316 1275
f 4964 5006 5005
f 4964 4965 5006
f 1275 1316 1317
f 1275 1317 1276
f 4965 5007 5006
f 4965 4966 5007
f 1276 1317 1318
f 1276 1318 1277
f 4966 5008 5007
f 4966 4967 5008
f 1277 1318 1319
f 1277 1319 1278
f 4967 5009 5008
f 4967 4968 5009
f 1278 1319 1320
f 1278 1320 1279
f 4968 5010 5009
f 4968 4969 5010
f 1279 1320 1321
f 1279 1321 1280
f 4969 5011 5010
f 4969 4970 5011
f 1280 1321 1322
f 1280 1322 1281
f 4970 5012 5011
f 4970 4971 5012
f 1281 1322 1323
f 1281 1323 1282
f 4971 5013 5012
f 4971 4972 5013
f 1282 1323 1324
f 1282 1324 1283
f 4972 5014 5013
f 4972 4973 5014
f 1283 1324 1325
f 1283 1325 1284
f 4973 5015 5014
f 4973 4974 5015
f 1284 1325 1326
f 1284 1326 1285
f 4974 5016 5015
f 4974 4975 5016
f 1285 1326 1327
f 1285 1327 1286
f 4975 5017 5016
f 4975 4976 5017
f 1286 1327 1328
f 1286 1328 1287
f 4976 5018 5017
f 4976 4977 5018
f 1287 1328 1329
f 1287 1329 1288
f 4977 5019 5018
f 4977 4978 5019
f 1288 1329 1330
f 1288 1330 1289
f 4978 5020 5019
f 4978 4979 5020
f 1289 1330 1331
f 1289 1331 1290
f 4979 5021 5020
f 4979 4980 5021
f 1290 1331 1332
f 1290 1332 1291
f 4980 5022 5021
f 4980 4981 5022
f 1291 1332 1333
f 1291 1333 1292
f 4981 5023 5022
f 4981 4982 5023
f 1292 1333 1334
f 1292 1334 1293
f 4982 5024 5023
f 4982 4983 5024
f 1293 1334 1335
f 1293 1335 1294
f 4983 5025 5024
f 4983 4984 5025
f 1294 1335 1336
f 1294 1336 1295
f 4984 5026 5025
f 4984 4985 5026
f 1295 1336 1337
f 1295 1337 1296
f 4985 5027 5026
f 4985 4986 5027
f 1296 1337 1338
f 1296 1338 1297
f 4986 5028 5027
f 4986 4987 5028
f 1297 1338 1339
f 1297 1339 1298
f 4987 5029 5028
f 4987 4988 5029
f 1298 1339 1340
f 1298 1340 1299
f 4988 5030 5029
f 4988 4989 5030
f 1299 1340 1341
f 1299 1341 1300
f 4989 5031 5030
f 4989 4990 5031
f 1300 1341 1342
f 1300 1342 1301
f 4990 5032 5031
f 4990 4991 5032
f 1301 1342 1343
f 1301 1343 1302
f 4991 5033 5032
f 4991 4992 5033
f 1302 1343 1344
f 1302 1344 1303
f 4992 5034 5033
f 4992 4993 5034
f 1303 1344 1345
f 1303 1345 1304
f 4993 5035 5034
f 4993 4994 5035
f 1304 1345 1346
f 1304 1346 1305
f 4994 5036 5035
f 4994 4995 5036
f 1305 1346 1347
f 1305 1347 1306
f 4995 5037 5036
f 4995 4996 5037
f 1306 1347 1348
f 1306 1348 1307
f 4996 5038 5037
f 4996 4997 5038
f 1307 1348 1349
f 1307 1349 1308
f 4997 5039 5038
f 4997 4998 5039
f 1308 1349 1350
f 1308 1350 1309
f 4998 5040 5039
f 4998 4999 5040
f 1309 1350 1351
f 1309 1351 1310
f 4999 5041 5040
f 4999 5000 5041
f 1310 1351 1352
f 1310 1352 1311
f 5000 5042 5041
f 5000 5001 5042
f 1311 1352 1353
f 1311 1353 1312
f 5001 5043 5042
f 5001 5002 5043
f 1313 1354 1355
f 1313 1355 1314
f 5003 5045 5044
f 5003 5004 5045
f 1314 1355 1356
f 1314 1356 1315
f 5004 5046 5045
f 5004 5005 5046
f 1315 1356 1357
f 1315 1357 1316
f 5005 5047 5046
f 5005 5006 5047
f 1316 1357 1358
f 1316 1358 1317
f 5006 5048 5047
f 5006 5007 5048
f 1317 1358 1359
f 1317 1359 1318
f 5007 5049 5048
f 5007 5008 5049
f 1318 1359 1360
f 1318 1360 1319
f 5008 5050 5049
f 5008 5009 5050
f 1319 1360 1361
f 1319 1361 1320
f 5009 5051 5050
f 5009 5010 5051
f 1320 1361 1362
f 1320 1362 1321
f 5010 5052 5051
f 5010 5011 5052
f 1321 1362 1363
f 1321 1363 1322
f 5011 5053 5052
f 5011 5012 5053
f 1322 1363 1364
f 1322 1364 1323
f 5012 5054 5053
f 5012 5013 5054
f 1323 1364 1365
f 1323 1365 1324
f 5013 5055 5054
f 5013 5014 5055
f 1324 1365 1366
f 1324 1366 1325
f 5014 5056 5055
f 5014 5015 5056
f 1325 1366 1367
f 1325 1367 1326
f 5015 5057 5056
f 5015 5016 5057
f 1326 1367 1368
f 1326 1368 1327
f 5016 5058 5057
f 5016 5017 5058
f 1327 1368 1369
f 1327 1369 1328
f 5017 5059 5058
f 5017 5018 5059
f 1328 1369 1370
f 1328 1370 1329
f 5018 5060 5059
f 5018 5019 5060
f 1329 1370 1371
f 1329 1371 1330
f 5019 5061 5060
f 5019 5020 5061
f 1330 1371 1372
f 1330 1372 1331
f 5020 5062 5061
f 5020 5021 5062
f 1331 1372 1373
f 1331 1373 1332
f 5021 5063 5062
f 5021 5022 5063
f 1332 1373 1374
f 1332 1374 1333
f 5022 5064 5063
f 5022 5023 5064
f 1333 1374 1375
f 1333 1375 1334
f 5023 5065 5064
f 5023 5024 5065
f 1334 1375 1376
f 1334 1376 1335
f 5024 5066 5065
f 5024 5025 5066
f 1335 1376 1377
f 1335 1377 1336
f 5025 5067 5066
f 5025 5026 5067
f 1336 1377 1378
f 1336 1378 1337
f 5026 5068 5067
f 5026 5027 5068
f 1337 1378 1379
f 1337 1379 1338
f 5027 5069 5068
f 5027 5028 5069
f 1338 1379 1380
f 1338 1380 1339
f 5028 5070 5069
f 5028 5029 5070
f 1339 1380 1381
f 1339 1381 1340
f 5029 5071 5070
f 5029 5030 5071
f 1340 1381 1382
f 1340 1382 1341
f 5030 5072 5071
f 5030 5031 5072
f 1341 1382 1383
f 1341 1383 1342
f 5031 5073 5072
f 5031 5032 5073
f 1342 1383 1384
f 1342 1384 1343
f 5032 5074 5073
f 5032 5033 5074
f 1343 1384 1385
f 1343 1385 1344
f 5033 5075 5074
f 5033 5034 5075
f 1344 1385 1386
f 1344 1386 1345
f 5034 5076 5075
f 5034 5035 5076
f 1345 1386 1387
f 1345 1387 1346
f 5035 5077 5076
f 5035 5036 5077
f 1346 1387 1388
f 1346 1388 1347
f 5036 5078 5077
f 5036 5037 5078
f 1347 1388 1389
f 1347 1389 1348
f 5037 5079 5078
f 5037 5038 5079
f 1348 1389 1390
f 1348 1390 1349
f 5038 5080 5079
f 5038 5039 5080
f 1349 1390 1391
f 1349 1391 1350
f 5039 5081 5080
f 5039 5040 5081
f 1350 1391 1392
f 1350 1392 1351
f 5040 5082 5081
f 5040 5041 5082
f 1351 1392 1393
f 1351 1393 1352
f 5041 5083 5082
f 5041 5042 5083
f 1352 1393 1394
f 1352 1394 1353
f 5042 5084 5083
f 5042 5043 5084
f 1354 1395 1396
f 1354 1396 1355
f 5044 5086 5085
f 5044 5045 5086
f 1355 1396 1397
f 1355 1397 1356
f 5045 5087 5086
f 5045 5046 5087
f 1356 1397 1398
f 1356 1398 1357
f 5046 5088 5087
f 5046 5047 5088
f 1357 1398 1399
f 1357 1399 1358
f 5047 5089 5088
f 5047 5048 5089
f 1358 1399 1400
f 1358 1400 1359
f 5048 5090 5089
f 5048 5049 5090
f 1359 1400 1401
f 1359 1401 1360
f 5049 5091 5090
f 5049 5050 5091
f 1360 1401 1402
f 1360 1402 1361
f 5050 5092 5091
f 5050 5051 5092
f 1361 1402 1403
f 1361 1403 1362
f 5051 5093 5092
f 5051 5052 5093
f 1362 1403 1404
f 1362 1404 1363
f 5052 5094 5093
f 5052 5053 5094
f 1363 1404 1405
f 1363 1405 1364
f 5053 5095 5094
f 5053 5054 5095
f 1364 1405 1406
f 1364 1406 1365
f 5054 5096 5095
f 5054 5055 5096
f 1365 1406 1407
f 1365 1407 1366
f 5055 5097 5096
f 5055 5056 5097
f 1366 1407 1408
f 1366 1408 1367
f 5056 5098 5097
f 5056 5057 5098
f 1367 1408 1409
f 1367 1409 1368
f 5057 5099 5098
f 5057 5058 5099
f 1368 1409 1410
f 1368 1410 1369
f 5058 5100 5099
f 5058 5059 5100
f 1369 1410 1411
f 1369 1411 1370
f 5059 5101 5100
f 5059 5060 5101
f 1370 1411 1412
f 1370 1412 1371
f 5060 5102 5101
f 5060 5061 5102
f 1371 1412 1413
f 1371 1413 1372
f 5061 5103 5102
f 5061 5062 5103
f 1372 1413 1414
f 1372 1414 1373
f 5062 5104 5103
f 5062 5063 5104
f 1373 1414 1415
f 1373 1415 1374
f 5063 5105 5104
f 5063 5064 5105
f 1374 1415 1416
f 1374 1416 1375
f 5064 5106 5105
f 5064 5065 5106
f 1375 1416 1417
f 1375 1417 1376
f 5065 5107 5106
f 5065 5066 5107
f 1376 1417 1418
f 1376 1418 1377
f 5066 5108 5107
f 5066 5067 5108
f 1377 1418 1419
f 1377 1419 1378
f 5067 5109 5108
f 5067 5068 5109
f 1378 1419 1420
f 1378 1420 1379
f 5068 5110 5109
f 5068 5069 5110
f 1379 1420 1421
f 1379 1421 1380
f 5069 5111 5110
f 5069 5070 5111
f 1380 1421 1422
f 1380 1422 1381
f 5070 5112 5111
f 5070 5071 5112
f 1381 1422 1423
f 1381 1423 1382
f 5071 5113 5112
f 5071 5072 5113
f 1382 1423 1424
f 1382 1424 1383
f 5072 5114 5113
f 5072 5073 5114
f 1383 1424 1425
f 1383 1425 1384
f 5073 5115 5114
f 5073 5074 5115
f 1384 1425 1426
f 1384 1426 1385
f 5074 5116 5115
f 5074 5075 5116
f 1385 1426 1427
f 1385 1427 1386
f 5075 5117 5116
f 5075 5076 5117
f 1386 1427 1428
f 1386 1428 1387
f 5076 5118 5117
f 5076 5077 5118
f 1387 1428 1429
f 1387 1429 1388
f 5077 5119 5118
f 5077 5078 5119
f 1388 1429 1430
f 1388 1430 1389
f 5078 5120 5119
f 5078 5079 5120
f 1389 1430 1431
f 1389 1431 1390
f 5079 5121 5120
f 5079 5080 5121
f 1390 1431 1432
f 1390 1432 1391
f 5080 5122 5121
f 5080 5081 5122
f 1391 1432 1433
f 1391 1433 1392
f 5081 5123 5122
f 5081 5082 5123
f 1392 1433 1434
f 1392 1434 1393
f 5082 5124 5123
f 5082 5083 5124
f 1393 1434 1435
f 1393 1435 1394
f 5083 5125 5124
f 5083 5084 5125
f 1395 1436 1437
f 1395 1437 1396
f 5085 5127 5126
f 5085 5086 5127
f 1396 1437 1438
f 1396 1438 1397
f 5086 5128 5127
f 5086 5087 5128
f 1397 1438 1439
f 1397 1439 1398
f 5087 5129 5128
f 5087 5088 5129
f 1398 1439 1440
f 1398 1440 1399
f 5088 5130 5129
f 5088 5089 5130
f 1399 1440 1441
f 1399 1441 1400
f 5089 5131 5130
f 5089 5090 5131
f 1400 1441 1442
f 1400 1442 1401
f 5090 5132 5131
f 5090 5091 5132
f 1401 1442 1443
f 1401 1443 1402
f 5091 5133 5132
f 5091 5092 5133
f 1402 1443 1444
f 1402 1444 1403
f 5092 5134 5133
f 5092 5093 5134
f 1403 1444 1445
f 1403 1445 1404
f 5093 5135 5134
f 5093 5094 5135
f 1404 1445 1446
f 1404 1446 1405
f 5094 5136 5135
f 5094 5095 5136
f 1405 1446 1447
f 1405 1447 1406
f 5095 5137 5136
f 5095 5096 5137
f 1406 1447 1448
f 1406 1448 1407
f 5096 5138 5137
f 5096 5097 5138
f 1407 1448 1449
f 1407 1449 1408
f 5097 5139 5138
f 5097 5098 5139
f 1408 1449 1450
f 1408 1450 1409
f 5098 5140 5139
f 5098 5099 5140
f 1409 1450 1451
f 1409 1451 1410
f 5099 5141 5140
f 5099 5100 5141
f 1410 1451 1452
f 1410 1452 1411
f 5100 5142 5141
f 5100 5101 5142
f 1411 1452 1453
f 1411 1453 1412
f 5101 5143 5142
f 5101 5102 5143
f 1412 1453 1454
f 1412 1454 1413
f 5102 5144 5143
f 5102 5103 5144
f 1413 1454 1455
f 1413 1455 1414
f 5103 5145 5144
f 5103 5104 5145
f 1414 1455 1456
f 1414 1456 1415
f 5104 5146 5145
f 5104 5105 5146
f 1415 1456 1457
f 1415 1457 1416
f 5105 5147 5146
f 5105 5106 5147
f 1416 1457 1458
f 1416 1458 1417
f 5106 5148 5147
f 5106 5107 5148
f 1417 1458 1459
f 1417 1459 1418
f 5107 5149 5148
f 5107 5108 5149
f 1418 1459 1460
f 1418 1460 1419
f 5108 5150 5149
f 5108 5109 5150
f 1419 1460 1461
f 1419 1461 1420
f 5109 5151 5150
f 5109 5110 5151
f 1420 1461 1462
f 1420 1462 1421
f 5110 5152 5151
f 5110 5111 5152
f 1421 1462 1463
f 1421 1463 1422
f 5111 5153 5152
f 5111 5112 5153
f 1422 1463 1464
f 1422 1464 1423
f 5112 5154 5153
f 5112 5113 5154
f 1423 1464 1465
f 1423 1465 1424
f 5113 5155 5154
f 5113 5114 5155
f 1424 1465 1466
f 1424 1466 1425
f 5114 5156 5155
f 5114 5115 5156
f 1425 1466 1467
f 1425 1467 1426
f 5115 5157 5156
f 5115 5116 5157
f 1426 1467 1468
f 1426 1468 1427
f 5116 5158 5157
f 5116 5117 5158
f 1427 1468 1469
f 1427 1469 1428
f 5117 5159 5158
f 5117 5118 5159
f 1428 1469 1470
f 1428 1470 1429
f 5118 5160 5159
f 5118 5119 5160
f 1429 1470 1471
f 1429 1471 1430
f 5119 5161 5160
f 5119 5120 5161
f 1430 1471 1472
f 1430 1472 1431
f 5120 5162 5161
f 5120 5121 5162
f 1431 1472 1473
f 1431 1473 1432
f 5121 5163 5162
f 5121 5122 5163
f 1432 1473 1474
f 1432 1474 1433
f 5122 5164 5163
f 5122 5123 5164
f 1433 1474 1475
f 1433 1475 1434
f 5123 5165 5164
f 5123 5124 5165
f 1434 1475 1476
f 1434 1476 1435
f 5124 5166 5165
f 5124 5125 5166
f 1436 1477 1478
f 1436 1478 1437
f 5126 5168 5167
f 5126 5127 5168
f 1437 1478 1479
f 1437 1479 1438
f 5127 5169 5168
f 5127 5128 5169
f 1438 1479 1480
f 1438 1480 1439
f 5128 5170 5169
f 5128 5129 5170
f 1439 1480 1481
f 1439 1481 1440
f 5129 5171 5170
f 5129 5130 5171
f 1440 1481 1482
f 1440 1482 1441
f 5130 5172 5171
f 5130 5131 5172
f 1441 1482 1483
f 1441 1483 1442
f 5131 5173 5172
f 5131 5132 5173
f 1442 1483 1484
f 1442 1484 1443
f 5132 5174 5173
f 5132 5133 5174
f 1443 1484 1485
f 1443 1485 1444
f 5133 5175 5174
f 5133 5134 5175
f 1444 1485 1486
f 1444 1486 1445
f 5134 5176 5175
f 5134 5135 5176
f 1445 1486 1487
f 1445 1487 1446
f 5135 5177 5176
f 5135 5136 5177
f 1446 1487 1488
f 1446 1488 1447
f 5136 5178 5177
f 5136 5137 5178
f 1447 1488 1489
f 1447 1489 1448
f 5137 5179 5178
f 5137 5138 5179
f 1448 1489 1490
f 1448 1490 1449
f 5138 5180 5179
f 5138 5139 5180
f 1449 1490 1491
f 1449 1491 1450
f 5139 5181 5180
f 5139 5140 5181
f 1450 1491 1492
f 1450 1492 1451
f 5140 5182 5181
f 5140 5141 5182
f 1451 1492 1493
f 1451 1493 1452
f 5141 5183 5182
f 5141 5142 5183
f 1452 1493 1494
f 1452 1494 1453
f 5142 5184 5183
f 5142 5143 5184
f 1453 1494 1495
f 1453 1495 1454
f 5143 5185 5184
f 5143 5144 5185
f 1454 1495 1496
f 1454 1496 1455
f 5144 5186 5185
f 5144 5145 5186
f 1455 1496 1497
f 1455 1497 1456
f 5145 5187 5186
f 5145 5146 5187
f 1456 1497 1498
f 1456 1498 1457
f 5146 5188 5187
f 5146 5147 5188
f 1457 1498 1499
f 1457 1499 1458
f 5147 5189 5188
f 5147 5148 5189
f 1458 1499 1500
f 1458 1500 1459
f 5148 5190 5189
f 5148 5149 5190
f 1459 1500 1501
f 1459 1501 1460
f 5149 5191 5190
f 5149 5150 5191
f 1460 1501 1502
f 1460 1502 1461
f 5150 5192 5191
f 5150 5151 5192
f 1461 1502 1503
f 1461 1503 1462
f 5151 5193 5192
f 5151 5152 5193
f 1462 1503 1504
f 1462 1504 1463
f 5152 5194 5193
f 5152 5153 5194
f 1463 1504 1505
f 1463 1505 1464
f 5153 5195 5194
f 5153 5154 5195
f 1464 1505 1506
f 1464 1506 1465
f 5154 5196 5195
f 5154 5155 5196
f 1465 1506 1507
f 1465 1507 1466
f 5155 5197 5196
f 5155 5156 5197
f 1466 1507 1508
f 1466 1508 1467
f 5156 5198 5197
f 5156 5157 5198
f 1467 1508 1509
f 1467 1509 1468
f 5157 5199 5198
f 5157 5158 5199
f 1468 1509 1510
f 1468 1510 1469
f 5158 5200 5199
f 5158 5159 5200
f 1469 1510 1511
f 1469 1511 1470
f 5159 5201 5200
f 5159 5160 5201
f 1470 1511 1512
f 1470 1512 1471
f 5160 5202 5201
f 5160 5161 5202
f 1471 1512 1513
f 1471 1513 1472
f 5161 5203 5202
f 5161 5162 5203
f 1472 1513 1514
f 1472 1514 1473
f 5162 5204 5203
f 5162 5163 5204
f 1473 1514 1515
f 1473 1515 1474
f 5163 5205 5204
f 5163 5164 5205
f 1474 1515 1516
f 1474 1516 1475
f 5164 5206 5205
f 5164 5165 5206
f 1475 1516 1517
f 1475 1517 1476
f 5165 5207 5206
f 5165 5166 5207
f 1477 1518 1519
f 1477 1519 1478
f 5167 5209 5208
f 5167 5168 5209
f 1478 1519 1520
f 1478 1520 1479
f 5168 5210 5209
f 5168 5169 5210
f 1479 1520 1521
f 1479 1521 1480
f 5169 5211 5210
f 5169 5170 5211
f 1480 1521 1522
f 1480 1522 1481
f 5170 5212 5211
f 5170 5171 5212
f 1481 1522 1523
f 1481 1523 1482
f 5171 5213 5212
f 5171 5172 5213
f 1482 1523 1524
f 1482 1524 1483
f 5172 5214 5213
f 5172 5173 5214
f 1483 1524 1525
f 1483 1525 1484
f 5173 5215 5214
f 5173 5174 5215
f 1484 1525 1526
f 1484 1526 1485
f 5174 5216 5215
f 5174 5175 5216
f 1485 1526 1527
f 1485 1527 1486
f 5175 5217 5216
f 5175 5176 5217
f 1486 1527 1528
f 1486 1528 1487
f 5176 5218 5217
f 5176 5177 5218
f 1487 1528 1529
f 1487 1529 1488
f 5177 5219 5218
f 5177 5178 5219
f 1488 1529 1530
f 1488 1530 1489
f 5178 5220 5219
f 5178 5179 5220
f 1489 1530 1531
f 1489 1531 1490
f 5179 5221 5220
f 5179 5180 5221
f 1490 1531 1532
f 1490 1532 1491
f 5180 5222 5221
f 5180 5181 5222
f 1491 1532 1533
f 1491 1533 1492
f 5181 5223 5222
f 5181 5182 5223
f 1492 1533 1534
f 1492 1534 1493
f 5182 5224 5223
f 5182 5183 5224
f 1493 1534 1535
f 1493 1535 1494
f 5183 5225 5224
f 5183 5184 5225
f 1494 1535 1536
f 1494 1536 1495
f 5184 5226 5225
f 5184 5185 5226
f 1495 1536 1537
f 1495 1537 1496
f 5185 5227 5226
f 5185 5186 5227
f 1496 1537 1538
f 1496 1538 1497
f 5186 5228 5227
f 5186 5187 5228
f 1497 1538 1539
f 1497 1539 1498
f 5187 5229 5228
f 5187 5188 5229
f 1498 1539 1540
f 1498 1540 1499
f 5188 5230 5229
f 5188 5189 5230
f 1499 1540 1541
f 1499 1541 1500
f 5189 5231 5230
f 5189 5190 5231
f 1500 1541 1542
f 1500 1542 1501
f 5190 5232 5231
f 5190 5191 5232
f 1501 1542 1543
f 1501 1543 1502
f 5191 5233 5232
f 5191 5192 5233
f 1502 1543 1544
f 1502 1544 1503
f 5192 5234 5233
f 5192 5193 5234
f 1503 1544 1545
f 1503 1545 1504
f 5193 5235 5234
f 5193 5194 5235
f 1504 1545 1546
f 1504 1546 1505
f 5194 5236 5235
f 5194 5195 5236
f 1505 1546 1547
f 1505 1547 1506
f 5195 5237 5236
f 5195 5196 5237
f 1506 1547 1548
f 1506 1548 1507
f 5196 5238 5237
f 5196 5197 5238
f 1507 1548 1549
f 1507 1549 1508
f 5197 5239 5238
f 5197 5198 5239
f 1508 1549 1550
f 1508 1550 1509
f 5198 5240 5239
f 5198 5199 5240
f 1509 1550 1551
f 1509 1551 1510
f 5199 5241 5240
f 5199 5200 5241
f 1510 1551 1552
f 1510 1552 1511
f 5200 5242 5241
f 5200 5201 5242
f 1511 1552 1553
f 1511 1553 1512
f 5201 5243 5242
f 5201 5202 5243
f 1512 1553 1554
f 1512 1554 1513
f 5202 5244 5243
f 5202 5203 5244
f 1513 1554 1555
f 1513 1555 1514
f 5203 5245 5244
f 5203 5204 5245
f 1514 1555 1556
f 1514 1556 1515
f 5204 5246 5245
f 5204 5205 5246
f 1515 1556 1557
f 1515 1557 1516
f 5205 5247 5246
f 5205 5206 5247
f 1516 1557 1558
f 1516 1558 1517
f 5206 5248 5247
f 5206 5207 5248
f 1518 1559 1560
f 1518 1560 1519
f 5208 5250 5249
f 5208 5209 5250
f 1519 1560 1561
f 1519 1561 1520
f 5209 5251 5250
f 5209 5210 5251
f 1520 1561 1562
f 1520 1562 1521
f 5210 5252 5251
f 5210 5211 5252
f 1521 1562 1563
f 1521 1563 1522
f 5211 5253 5252
f 5211 5212 5253
f 1522 1563 1564
f 1522 1564 1523
f 5212 5254 5253
f 5212 5213 5254
f 1523 1564 1565
f 1523 1565 1524
f 5213 5255 5254
f 5213 5214 5255
f 1524 1565 1566
f 1524 1566 1525
f 5214 5256 5255
f 5214 5215 5256
f 1525 1566 1567
f 1525 1567 1526
f 5215 5257 5256
f 5215 5216 5257
f 1526 1567 1568
f 1526 1568 1527
f 5216 5258 5257
f 5216 5217 5258
f 1527 1568 1569
f 1527 1569 1528
f 5217 5259 5258
f 5217 5218 5259
f 1528 1569 1570
f 1528 1570 1529
f 5218 5260 5259
f 5218 5219 5260
f 1529 1570 1571
f 1529 1571 1530
f 5219 5261 5260
f 5219 5220 5261
f 1530 1571 1572
f 1530 1572 1531
f 5220 5262 5261
f 5220 5221 5262
f 1531 1572 1573
f 1531 1573 1532
f 5221 5263 5262
f 5221 5222 5263
f 1532 1573 1574
f 1532 1574 1533
f 5222 5264 5263
f 5222 5223 5264
f 1533 1574 1575
f 1533 1575 1534
f 5223 5265 5264
f 5223 5224 5265
f 1534 1575 1576
f 1534 1576 1535
f 5224 5266 5265
f 5224 5225 5266
f 1535 1576 1577
f 1535 1577 1536
f 5225 5267 5266
f 5225 5226 5267
f 1536 1577 1578
f 1536 1578 1537
f 5226 5268 5267
f 5226 5227 5268
f 1537 1578 1579
f 1537 1579 1538
f 5227 5269 5268
f 5227 5228 5269
f 1538 1579 1580
f 1538 1580 1539
f 5228 5270 5269
f 5228 5229 5270
f 1539 1580 1581
f 1539 1581 1540
f 5229 5271 5270
f 5229 5230 5271
f 1540 1581 1582
f 1540 1582 1541
f 5230 5272 5271
f 5230 5231 5272
f 1541 1582 1583
f 1541 1583 1542
f 5231 5273 5272
f 5231 5232 5273
f 1542 1583 1584
f 1542 1584 1543
f 5232 5274 5273
f 5232 5233 5274
f 1543 1584 1585
f 1543 1585 1544
f 5233 5275 5274
f 5233 5234 5275
f 1544 1585 1586
f 1544 1586 1545
f 5234 5276 5275
f 5234 5235 5276
f 1545 1586 1587
f 1545 1587 1546
f 5235 5277 5276
f 5235 5236 5277
f 1546 1587 1588
f 1546 1588 1547
f 5236 5278 5277
f 5236 5237 5278
f 1547 1588 1589
f 1547 1589 1548
f 5237 5279 5278
f 5237 5238 5279
f 1548 1589 1590
f 1548 1590 1549
f 5238 5280 5279
f 5238 5239 5280
f 1549 1590 1591
f 1549 1591 1550
f 5239 5281 5280
f 5239 5240 5281
f 1550 1591 1592
f 1550 1592 1551
f 5240 5282 5281
f 5240 5241 5282
f 1551 1592 1593
f 1551 1593 1552
f 5241 5283 5282
f 5241 5242 5283
f 1552 1593 1594
f 1552 1594 1553
f 5242 5284 5283
f 5242 5243 5284
f 1553 1594 1595
f 1553 1595 1554
f 5243 5285 5284
f 5243 5244 5285
f 1554 1595 1596
f 1554 1596 1555
f 5244 5286 5285
f 5244 5245 5286
f 1555 1596 1597
f 1555 1597 1556
f 5245 5287 5286
f 5245 5246 5287
f 1556 1597 1598
f 1556 1598 1557
f 5246 5288 5287
f 5246 5247 5288
f 1557 1598 1599
f 1557 1599 1558
f 5247 5289 5288
f 5247 5248 5289
f 1559 1600 1601
f 1559 1601 1560
f 5249 5291 5290
f 5249 5250 5291
f 1560 1601 1602
f 1560 1602 1561
f 5250 5292 5291
f 5250 5251 5292
f 1561 1602 1603
f 1561 1603 1562
f 5251 5293 5292
f 5251 5252 5293
f 1562 1603 1604
f 1562 1604 1563
f 5252 5294 5293
f 5252 5253 5294
f 1563 1604 1605
f 1563 1605 1564
f 5253 5295 5294
f 5253 5254 5295
f 1564 1605 1606
f 1564 1606 1565
f 5254 5296 5295
f 5254 5255 5296
f 1565 1606 1607
f 1565 1607 1566
f 5255 5297 5296
f 5255 5256 5297
f 1566 1607 1608
f 1566 1608 1567
f 5256 5298 5297
f 5256 5257 5298
f 1567 1608 1609
f 1567 1609 1568
f 5257 5299 5298
f 5257 5258 5299
f 1568 1609 1610
f 1568 1610 1569
f 5258 5300 5299
f 5258 5259 5300
f 1569 1610 1611
f 1569 1611 1570
f 5259 5301 5300
f 5259 5260 5301
f 1570 1611 1612
f 1570 1612 1571
f 5260 5302 5301
f 5260 5261 5302
f 1571 1612 1613
f 1571 1613 1572
f 5261 5303 5302
f 5261 5262 5303
f 1572 1613 1614
f 1572 1614 1573
f 5262 5304 5303
f 5262 5263 5304
f 1573 1614 1615
f 1573 1615 1574
f 5263 5305 5304
f 5263 5264 5305
f 1574 1615 1616
f 1574 1616 1575
f 5264 5306 5305
f 5264 5265 5306
f 1575 1616 1617
f 1575 1617 1576
f 5265 5307 5306
f 5265 5266 5307
f 1576 1617 1618
f 1576 1618 1577
f 5266 5308 5307
f 5266 5267 5308
f 1577 1618 1619
f 1577 1619 1578
f 5267 5309 5308
f 5267 5268 5309
f 1578 1619 1620
f 1578 1620 1579
f 5268 5310 5309
f 5268 5269 5310
f 1579 1620 1621
f 1579 1621 1580
f 5269 5311 5310
f 5269 5270 5311
f 1580 1621 1622
f 1580 1622 1581
f 5270 5312 5311
f 5270 5271 5312
f 1581 1622 1623
f 1581 1623 1582
f 5271 5313 5312
f 5271 5272 5313
f 1582 1623 1624
f 1582 1624 1583
f 5272 5314 5313
f 5272 5273 5314
f 1583 1624 1625
f 1583 1625 1584
f 5273 5315 5314
f 5273 5274 5315
f 1584 1625 1626
f 1584 1626 1585
f 5274 5316 5315
f 5274 5275 5316
f 1585 1626 1627
f 1585 1627 1586
f 5275 5317 5316
f 5275 5276 5317
f 1586 1627 1628
f 1586 1628 1587
f 5276 5318 5317
f 5276 5277 5318
f 1587 1628 1629
f 1587 1629 1588
f 5277 5319 5318
f 5277 5278 5319
f 1588 1629 1630
f 1588 1630 1589
f 5278 5320 5319
f 5278 5279 5320
f 1589 1630 1631
f 1589 1631 1590
f 5279 5321 5320
f 5279 5280 5321
f 1590 1631 1632
f 1590 1632 1591
f 5280 5322 5321
f 5280 5281 5322
f 1591 1632 1633
f 1591 1633 1592
f 5281 5323 5322
f 5281 5282 5323
f 1592 1633 1634
f 1592 1634 1593
f 5282 5324 5323
f 5282 5283 5324
f 1593 1634 1635
f 1593 1635 1594
f 5283 5325 5324
f 5283 5284 5325
f 1594 1635 1636
f 1594 1636 1595
f 5284 5326 5325
f 5284 5285 5326
f 1595 1636 1637
f 1595 1637 1596
f 5285 5327 5326
f 5285 5286 5327
f 1596 1637 1638
f 1596 1638 1597
f 5286 5328 5327
f 5286 5287 5328
f 1597 1638 1639
f 1597 1639 1598
f 5287 5329 5328
f 5287 5288 5329
f 1598 1639 1640
f 1598 1640 1599
f 5288 5330 5329
f 5288 5289 5330
f 1600 1641 1642
f 1600 1642 1601
f 5290 5332 5331
f 5290 5291 5332
f 1601 1642 1643
f 1601 1643 1602
f 5291 5333 5332
f 5291 5292 5333
f 1602 1643 1644
f 1602 1644 1603
f 5292 5334 5333
f 5292 5293 5334
f 1603 1644 1645
f 1603 1645 1604
f 5293 5335 5334
f 5293 5294 5335
f 1604 1645 1646
f 1604 1646 1605
f 5294 5336 5335
f 5294 5295 5336
f 1605 1646 1647
f 1605 1647 1606
f 5295 5337 5336
f 5295 5296 5337
f 1606 1647 1648
f 1606 1648 1607
f 5296 5338 5337
f 5296 5297 5338
f 1607 1648 1649
f 1607 1649 1608
f 5297 5339 5338
f 5297 5298 5339
f 1608 1649 1650
f 1608 1650 1609
f 5298 5340 5339
f 5298 5299 5340
f 1609 1650 1651
f 1609 1651 1610
f 5299 5341 5340
f 5299 5300 5341
f 1610 1651 1652
f 1610 1652 1611
f 5300 5342 5341
f 5300 5301 5342
f 1611 1652 1653
f 1611 1653 1612
f 5301 5343 5342
f 5301 5302 5343
f 1612 1653 1654
f 1612 1654 1613
f 5302 5344 5343
f 5302 5303 5344
f 1613 1654 1655
f 1613 1655 1614
f 5303 5345 5344
f 5303 5304 5345
f 1614 1655 1656
f 1614 1656 1615
f 5304 5346 5345
f 5304 5305 5346
f 1615 1656 1657
f 1615 1657 1616
f 5305 5347 5346
f 5305 5306 5347
f 1616 1657 1658
f 1616 1658 1617
f 5306 5348 5347
f 5306 5307 5348
f 1617 1658 1659
f 1617 1659 1618
f 5307 5349 5348
f 5307 5308 5349
f 1618 1659 1660
f 1618 1660 1619
f 5308 5350 5349
f 5308 5309 5350
f 1619 1660 1661
f 1619 1661 1620
f 5309 5351 5350
f 5309 5310 5351
f 1620 1661 1662
f 1620 1662 1621
f 5310 5352 5351
f 5310 5311 5352
f 1621 1662 1663
f 1621 1663 1622
f 5311 5353 5352
f 5311 5312 5353
f 1622 1663 1664
f 1622 1664 1623
f 5312 5354 5353
f 5312 5313 5354
f 1623 1664 1665
f 1623 1665 1624
f 5313 5355 5354
f 5313 5314 5355
f 1624 1665 1666
f 1624 1666 1625
f 5314 5356 5355
f 5314 5315 5356
f 1625 1666 1667
f 1625 1667 1626
f 5315 5357 5356
f 5315 5316 5357
f 1626 1667 1668
f 1626 1668 1627
f 5316 5358 5357
f 5316 5317 5358
f 1627 1668 1669
f 1627 1669 1628
f 5317 5359 5358
f 5317 5318 5359
f 1628 1669 1670
f 1628 1670 1629
f 5318 5360 5359
f 5318 5319 5360
f 1629 1670 1671
f 1629 1671 1630
f 5319 5361 5360
f 5319 5320 5361
f 1630 1671 1672
f 1630 1672 1631
f 5320 5362 5361
f 5320 5321 5362
f 1631 1672 1673
f 1631 1673 1632
f 5321 5363 5362
f 5321 5322 5363
f 1632 1673 1674
f 1632 1674 1633
f 5322 5364 5363
f 5322 5323 5364
f 1633 1674 1675
f 1633 1675 1634
f 5323 5365 5364
f 5323 5324 5365
f 1634 1675 1676
f 1634 1676 1635
f 5324 5366 5365
f 5324 5325 5366
f 1635 1676 1677
f 1635 1677 1636
f 5325 5367 5366
f 5325 5326 5367
f 1636 1677 1678
f 1636 1678 1637
f 5326 5368 5367
f 5326 5327 5368
f 1637 1678 1679
f 1637 1679 1638
f 5327 5369 5368
f 5327 5328 5369
f 1638 1679 1680
f 1638 1680 1639
f 5328 5370 5369
f 5328 5329 5370
f 1639 1680 1681
f 1639 1681 1640
f 5329 5371 5370
f 5329 5330 5371
f 1641 1682 1683
f 1641 1683 1642
f 5331 5373 5372
f 5331 5332 5373
f 1642 1683 1684
f 1642 1684 1643
f 5332 5374 5373
f 5332 5333 5374
f 1643 1684 1685
f 1643 1685 1644
f 5333 5375 5374
f 5333 5334 5375
f 1644 1685 1686
f 1644 1686 1645
f 5334 5376 5375
f 5334 5335 5376
f 1645 1686 1687
f 1645 1687 1646
f 5335 5377 5376
f 5335 5336 5377
f 1646 1687 1688
f 1646 1688 1647
f 5336 5378 5377
f 5336 5337 5378
f 1647 1688 1689
f 1647 1689 1648
f 5337 5379 5378
f 5337 5338 5379
f 1648 1689 1690
f 1648 1690 1649
f 5338 5380 5379
f 5338 5339 5380
f 1649 1690 1691
f 1649 1691 1650
f 5339 5381 5380
f 5339 5340 5381
f 1650 1691 1692
f 1650 1692 1651
f 5340 5382 5381
f 5340 5341 5382
f 1651 1692 1693
f 1651 1693 1652
f 5341 5383 5382
f 5341 5342 5383
f 1652 1693 1694
f 1652 1694 1653
f 5342 5384 5383
f 5342 5343 5384
f 1653 1694 1695
f 1653 1695 1654
f 5343 5385 5384
f 5343 5344 5385
f 1654 1695 1696
f 1654 1696 1655
f 5344 5386 5385
f 5344 5345 5386
f 1655 1696 1697
f 1655 1697 1656
f 5345 5387 5386
f 5345 5346 5387
f 1656 1697 1698
f 1656 1698 1657
f 5346 5388 5387
f 5346 5347 5388
f 1657 1698 1699
f 1657 1699 1658
f 5347 5389 5388
f 5347 5348 5389
f 1658 1699 1700
f 1658 1700 1659
f 5348 5390 5389
f 5348 5349 5390
f 1659 1700 1701
f 1659 1701 1660
f 5349 5391 5390
f 5349 5350 5391
f 1660 1701 1702
f 1660 1702 1661
f 5350 5392 5391
f 5350 5351 5392
f 1661 1702 1703
f 1661 1703 1662
f 5351 5393 5392
f 5351 5352 5393
f 1662 1703 1704
f 1662 1704 1663
f 5352 5394 5393
f 5352 5353 5394
f 1663 1704 1705
f 1663 1705 1664
f 5353 5395 5394
f 5353 5354 5395
f 1664 1705 1706
f 1664 1706 1665
f 5354 5396 5395
f 5354 5355 5396
f 1665 1706 1707
f 1665 1707 1666
f 5355 5397 5396
f 5355 5356 5397
f 1666 1707 1708
f 1666 1708 1667
f 5356 5398 5397
f 5356 5357 5398
f 1667 1708 1709
f 1667 1709 1668
f 5357 5399 5398
f 5357 5358 5399
f 1668 1709 1710
f 1668 1710 1669
f 5358 5400 5399
f 5358 5359 5400
f 1669 1710 1711
f 1669 1711 1670
f 5359 5401 5400
f 5359 5360 5401
f 1670 1711 1712
f 1670 1712 1671
f 5360 5402 5401
f 5360 5361 5402
f 1671 1712 1713
f 1671 1713 1672
f 5361 5403 5402
f 5361 5362 5403
f 1672 1713 1714
f 1672 1714 1673
f 5362 5404 5403
f 5362 5363 5404
f 1673 1714 1715
f 1673 1715 1674
f 5363 5405 5404
f 5363 5364 5405
f 1674 1715 1716
f 1674 1716 1675
f 5364 5406 5405
f 5364 5365 5406
f 1675 1716 1717
f 1675 1717 1676
f 5365 5407 5406
f 5365 5366 5407
f 1676 1717 1718
f 1676 1718 1677
f 5366 5408 5407
f 5366 5367 5408
f 1677 1718 1719
f 1677 1719 1678
f 5367 5409 5408
f 5367 5368 5409
f 1678 1719 1720
f 1678 1720 1679
f 5368 5410 5409
f 5368 5369 5410
f 1679 1720 1721
f 1679 1721 1680
f 5369 5411 5410
f 5369 5370 5411
f 1680 1721 1722
f 1680 1722 1681
f 5370 5412 5411
f 5370 5371 5412
f 1682 1723 1724
f 1682 1724 1683
f 5372 5414 5413
f 5372 5373 5414
f 1683 1724 1725
f 1683 1725 1684
f 5373 5415 5414
f 5373 5374 5415
f 1684 1725 1726
f 1684 1726 1685
f 5374 5416 5415
f 5374 5375 5416
f 1685 1726 1727
f 1685 1727 1686
f 5375 5417 5416
f 5375 5376 5417
f 1686 1727 1728
f 1686 1728 1687
f 5376 5418 5417
f 5376 5377 5418
f 1687 1728 1729
f 1687 1729 1688
f 5377 5419 5418
f 5377 5378 5419
f 1688 1729 1730
f 1688 1730 1689
f 5378 5420 5419
f 5378 5379 5420
f 1689 1730 1731
f 1689 1731 1690
f 5379 5421 5420
f 5379 5380 5421
f 1690 1731 1732
f 1690 1732 1691
f 5380 5422 5421
f 5380 5381 5422
f 1691 1732 1733
f 1691 1733 1692
f 5381 5423 5422
f 5381 5382 5423
f 1692 1733 1734
f 1692 1734 1693
f 5382 5424 5423
f 5382 5383 5424
f 1693 1734 1735
f 1693 1735 1694
f 5383 5425 5424
f 5383 5384 5425
f 1694 1735 1736
f 1694 1736 1695
f 5384 5426 5425
f 5384 5385 5426
f 1695 1736 1737
f 1695 1737 1696
f 5385 5427 5426
f 5385 5386 5427
f 1696 1737 1738
f 1696 1738 1697
f 5386 5428 5427
f 5386 5387 5428
f 1697 1738 1739
f 1697 1739 1698
f 5387 5429 5428
f 5387 5388 5429
f 1698 1739 1740
f 1698 1740 1699
f 5388 5430 5429
f 5388 5389 5430
f 1699 1740 1741
f 1699 1741 1700
f 5389 5431 5430
f 5389 5390 5431
f 1700 1741 1742
f 1700 1742 1701
f 5390 5432 5431
f 5390 5391 5432
f 1701 1742 1743
f 1701 1743 1702
f 5391 5433 5432
f 5391 5392 5433
f 1702 1743 1744
f 1702 1744 1703
f 5392 5434 5433
f 5392 5393 5434
f 1703 1744 1745
f 1703 1745 1704
f 5393 5435 5434
f 5393 5394 5435
f 1704 1745 1746
f 1704 1746 1705
f 5394 5436 5435
f 5394 5395 5436
f 1705 1746 1747
f 1705 1747 1706
f 5395 5437 5436
f 5395 5396 5437
f 1706 1747 1748
f 1706 1748 1707
f 5396 5438 5437
f 5396 5397 5438
f 1707 1748 1749
f 1707 1749 1708
f 5397 5439 5438
f 5397 5398 5439
f 1708 1749 1750
f 1708 1750 1709
f 5398 5440 5439
f 5398 5399 5440
f 1709 1750 1751
f 1709 1751 1710
f 5399 5441 5440
f 5399 5400 5441
f 1710 1751 1752
f 1710 1752 1711
f 5400 5442 5441
f 5400 5401 5442
f 1711 1752 1753
f 1711 1753 1712
f 5401 5443 5442
f 5401 5402 5443
f 1712 1753 1754
f 1712 1754 1713
f 5402 5444 5443
f 5402 5403 5444
f 1713 1754 1755
f 1713 1755 1714
f 5403 5445 5444
f 5403 5404 5445
f 1714 1755 1756
f 1714 1756 1715
f 5404 5446 5445
f 5404 5405 5446
f 1715 1756 1757
f 1715 1757 1716
f 5405 5447 5446
f 5405 5406 5447
f 1716 1757 1758
f 1716 1758 1717
f 5406 5448 5447
f 5406 5407 5448
f 1717 1758 1759
f 1717 1759 1718
f 5407 5449 5448
f 5407 5408 5449
f 1718 1759 1760
f 1718 1760 1719
f 5408 5450 5449
f 5408 5409 5450
f 1719 1760 1761
f 1719 1761 1720
f 5409 5451 5450
f 5409 5410 5451
f 1720 1761 1762
f 1720 1762 1721
f 5410 5452 5451
f 5410 5411 5452
f 1721 1762 1763
f 1721 1763 1722
f 5411 5453 5452
f 5411 5412 5453
f 1723 1764 1765
f 1723 1765 1724
f 5413 5455 5454
f 5413 5414 5455
f 1724 1765 1766
f 1724 1766 1725
f 5414 5456 5455
f 5414 5415 5456
f 1725 1766 1767
f 1725 1767 1726
f 5415 5457 5456
f 5415 5416 5457
f 1726 1767 1768
f 1726 1768 1727
f 5416 5458 5457
f 5416 5417 5458
f 1727 1768 1769
f 1727 1769 1728
f 5417 5459 5458
f 5417 5418 5459
f 1728 1769 1770
f 1728 1770 1729
f 5418 5460 5459
f 5418 5419 5460
f 1729 1770 1771
f 1729 1771 1730
f 5419 5461 5460
f 5419 5420 5461
f 1730 1771 1772
f 1730 1772 1731
f 5420 5462 5461
f 5420 5421 5462
f 1731 1772 1773
f 1731 1773 1732
f 5421 5463 5462
f 5421 5422 5463
f 1732 1773 1774
f 1732 1774 1733
f 5422 5464 5463
f 5422 5423 5464
f 1733 1774 1775
f 1733 1775 1734
f 5423 5465 5464
f 5423 5424 5465
f 1734 1775 1776
f 1734 1776 1735
f 5424 5466 5465
f 5424 5425 5466
f 1735 1776 1777
f 1735 1777 1736
f 5425 5467 5466
f 5425 5426 5467
f 1736 1777 1778
f 1736 1778 1737
f 5426 5468 5467
f 5426 5427 5468
f 1737 1778 1779
f 1737 1779 1738
f 5427 5469 5468
f 5427 5428 5469
f 1738 1779 1780
f 1738 1780 1739
f 5428 5470 5469
f 5428 5429 5470
f 1739 1780 1781
f 1739 1781 1740
f 5429 5471 5470
f 5429 5430 5471
f 1740 1781 1782
f 1740 1782 1741
f 5430 5472 5471
f 5430 5431 5472
f 1741 1782 1783
f 1741 1783 1742
f 5431 5473 5472
f 5431 5432 5473
f 1742 1783 1784
f 1742 1784 1743
f 5432 5474 5473
f 5432 5433 5474
f 1743 1784 1785
f 1743 1785 1744
f 5433 5475 5474
f 5433 5434 5475
f 1744 1785 1786
f 1744 1786 1745
f 5434 5476 5475
f 5434 5435 5476
f 1745 1786 1787
f 1745 1787 1746
f 5435 5477 5476
f 5435 5436 5477
f 1746 1787 1788
f 1746 1788 1747
f 5436 5478 5477
f 5436 5437 5478
f 1747 1788 1789
f 1747 1789 1748
f 5437 5479 5478
f 5437 5438 5479
f 1748 1789 1790
f 1748 1790 1749
f 5438 5480 5479
f 5438 5439 5480
f 1749 1790 1791
f 1749 1791 1750
f 5439 5481 5480
f 5439 5440 5481
f 1750 1791 1792
f 1750 1792 1751
f 5440 5482 5481
f 5440 5441 5482
f 1751 1792 1793
f 1751 1793 1752
f 5441 5483 5482
f 5441 5442 5483
f 1752 1793 1794
f 1752 1794 1753
f 5442 5484 5483
f 5442 5443 5484
f 1753 1794 1795
f 1753 1795 1754
f 5443 5485 5484
f 5443 5444 5485
f 1754 1795 1796
f 1754 1796 1755
f 5444 5486 5485
f 5444 5445 5486
f 1755 1796 1797
f 1755 1797 1756
f 5445 5487 5486
f 5445 5446 5487
f 1756 1797 1798
f 1756 1798 1757
f 5446 5488 5487
f 5446 5447 5488
f 1757 1798 1799
f 1757 1799 1758
f 5447 5489 5488
f 5447 5448 5489
f 1758 1799 1800
f 1758 1800 1759
f 5448 5490 5489
f 5448 5449 5490
f 1759 1800 1801
f 1759 1801 1760
f 5449 5491 5490
f 5449 5450 5491
f 1760 1801 1802
f 1760 1802 1761
f 5450 5492 5491
f 5450 5451 5492
f 1761 1802 1803
f 1761 1803 1762
f 5451 5493 5492
f 5451 5452 5493
f 1762 1803 1804
f 1762 1804 1763
f 5452 5494 5493
f 5452 5453 5494
f 1764 1805 1806
f 1764 1806 1765
f 5454 5496 5495
f 5454 5455 5496
f 1765 1806 1807
f 1765 1807 1766
f 5455 5497 5496
f 5455 5456 5497
f 1766 1807 1808
f 1766 1808 1767
f 5456 5498 5497
f 5456 5457 5498
f 1767 1808 1809
f 1767 1809 1768
f 5457 5499 5498
f 5457 5458 5499
f 1768 1809 1810
f 1768 1810 1769
f 5458 5500 5499
f 5458 5459 5500
f 1769 1810 1811
f 1769 1811 1770
f 5459 5501 5500
f 5459 5460 5501
f 1770 1811 1812
f 1770 1812 1771
f 5460 5502 5501
f 5460 5461 5502
f 1771 1812 1813
f 1771 1813 1772
f 5461 5503 5502
f 5461 5462 5503
f 1772 1813 1814
f 1772 1814 1773
f 5462 5504 5503
f 5462 5463 5504
f 1773 1814 1815
f 1773 1815 1774
f 5463 5505 5504
f 5463 5464 5505
f 1774 1815 1816
f 1774 1816 1775
f 5464 5506 5505
f 5464 5465 5506
f 1775 1816 1817
f 1775 1817 1776
f 5465 5507 5506
f 5465 5466 5507
f 1776 1817 1818
f 1776 1818 1777
f 5466 5508 5507
f 5466 5467 5508
f 1777 1818 1819
f 1777 1819 1778
f 5467 5509 5508
f 5467 5468 5509
f 1778 1819 1820
f 1778 1820 1779
f 5468 5510 5509
f 5468 5469 5510
f 1779 1820 1821
f 1779 1821 1780
f 5469 5511 5510
f 5469 5470 5511
f 1780 1821 1822
f 1780 1822 1781
f 5470 5512 5511
f 5470 5471 5512
f 1781 1822 1823
f 1781 1823 1782
f 5471 5513 5512
f 5471 5472 5513
f 1782 1823 1824
f 1782 1824 1783
f 5472 5514 5513
f 5472 5473 5514
f 1783 1824 1825
f 1783 1825 1784
f 5473 5515 5514
f 5473 5474 5515
f 1784 1825 1826
f 1784 1826 1785
f 5474 5516 5515
f 5474 5475 5516
f 1785 1826 1827
f 1785 1827 1786
f 5475 5517 5516
f 5475 5476 5517
f 1786 1827 1828
f 1786 1828 1787
f 5476 5518 5517
f 5476 5477 5518
f 1787 1828 1829
f 1787 1829 1788
f 5477 5519 5518
f 5477 5478 5519
f 1788 1829 1830
f 1788 1830 1789
f 5478 5520 5519
f 5478 5479 5520
f 1789 1830 1831
f 1789 1831 1790
f 5479 5521 5520
f 5479 5480 5521
f 1790 1831 1832
f 1790 1832 1791
f 5480 5522 5521
f 5480 5481 5522
f 1791 1832 1833
f 1791 1833 1792
f 5481 5523 5522
f 5481 5482 5523
f 1792 1833 1834
f 1792 1834 1793
f 5482 5524 5523
f 5482 5483 5524
f 1793 1834 1835
f 1793 1835 1794
f 5483 5525 5524
f 5483 5484 5525
f 1794 1835 1836
f 1794 1836 1795
f 5484 5526 5525
f 5484 5485 5526
f 1795 1836 1837
f 1795 1837 1796
f 5485 5527 5526
f 5485 5486 5527
f 1796 1837 1838
f 1796 1838 1797
f 5486 5528 5527
f 5486 5487 5528
f 1797 1838 1839
f 1797 1839 1798
f 5487 5529 5528
f 5487 5488 5529
f 1798 1839 1840
f 1798 1840 1799
f 5488 5530 5529
f 5488 5489 5530
f 1799 1840 1841
f 1799 1841 1800
f 5489 5531 5530
f 5489 5490 5531
f 1800 1841 1842
f 1800 1842 1801
f 5490 5532 5531
f 5490 5491 5532
f 1801 1842 1843
f 1801 1843 1802
f 5491 5533 5532
f 5491 5492 5533
f 1802 1843 1844
f 1802 1844 1803
f 5492 5534 5533
f 5492 5493 5534
f 1803 1844 1845
f 1803 1845 1804
f 5493 5535 5534
f 5493 5494 5535
f 1805 1846 1847
f 1805 1847 1806
f 5495 5537 5536
f 5495 5496 5537
f 1806 1847 1848
f 1806 1848 1807
f 5496 5538 5537
f 5496 5497 5538
f 1807 1848 1849
f 1807 1849 1808
f 5497 5539 5538
f 5497 5498 5539
f 1808 1849 1850
f 1808 1850 1809
f 5498 5540 5539
f 5498 5499 5540
f 1809 1850 1851
f 1809 1851 1810
f 5499 5541 5540
f 5499 5500 5541
f 1810 1851 1852
f 1810 1852 1811
f 5500 5542 5541
f 5500 5501 5542
f 1811 1852 1853
f 1811 1853 1812
f 5501 5543 5542
f 5501 5502 5543
f 1812 1853 1854
f 1812 1854 1813
f 5502 5544 5543
f 5502 5503 5544
f 1813 1854 1855
f 1813 1855 1814
f 5503 5545 5544
f 5503 5504 5545
f 1814 1855 1856
f 1814 1856 1815
f 5504 5546 5545
f 5504 5505 5546
f 1815 1856 1857
f 1815 1857 1816
f 5505 5547 5546
f 5505 5506 5547
f 1816 1857 1858
f 1816 1858 1817
f 5506 5548 5547
f 5506 5507 5548
f 1817 1858 1859
f 1817 1859 1818
f 5507 5549 5548
f 5507 5508 5549
f 1818 1859 1860
f 1818 1860 1819
f 5508 5550 5549
f 5508 5509 5550
f 1819 1860 1861
f 1819 1861 1820
f 5509 5551 5550
f 5509 5510 5551
f 1820 1861 1862
f 1820 1862 1821
f 5510 5552 5551
f 5510 5511 5552
f 1821 1862 1863
f 1821 1863 1822
f 5511 5553 5552
f 5511 5512 5553
f 1822 1863 1864
f 1822 1864 1823
f 5512 5554 5553
f 5512 5513 5554
f 1823 1864 1865
f 1823 1865 1824
f 5513 5555 5554
f 5513 5514 5555
f 1824 1865 1866
f 1824 1866 1825
f 5514 5556 5555
f 5514 5515 5556
f 1825 1866 1867
f 1825 1867 1826
f 5515 5557 5556
f 5515 5516 5557
f 1826 1867 1868
f 1826 1868 1827
f 5516 5558 5557
f 5516 5517 5558
f 1827 1868 1869
f 1827 1869 1828
f 5517 5559 5558
f 5517 5518 5559
f 1828 1869 1870
f 1828 1870 1829
f 5518 5560 5559
f 5518 5519 5560
f 1829 1870 1871
f 1829 1871 1830
f 5519 5561 5560
f 5519 5520 5561
f 1830 1871 1872
f 1830 1872 1831
f 5520 5562 5561
f 5520 5521 5562
f 1831 1872 1873
f 1831 1873 1832
f 5521 5563 5562
f 5521 5522 5563
f 1832 1873 1874
f 1832 1874 1833
f 5522 5564 5563
f 5522 5523 5564
f 1833 1874 1875
f 1833 1875 1834
f 5523 5565 5564
f 5523 5524 5565
f 1834 1875 1876
f 1834 1876 1835
f 5524 5566 5565
f 5524 5525 5566
f 1835 1876 1877
f 1835 1877 1836
f 5525 5567 5566
f 5525 5526 5567
f 1836 1877 1878
f 1836 1878 1837
f 5526 5568 5567
f 5526 5527 5568
f 1837 1878 1879
f 1837 1879 1838
f 5527 5569 5568
f 5527 5528 5569
f 1838 1879 1880
f 1838 1880 1839
f 5528 5570 5569
f 5528 5529 5570
f 1839 1880 1881
f 1839 1881 1840
f 5529 5571 5570
f 5529 5530 5571
f 1840 1881 1882
f 1840 1882 1841
f 5530 5572 5571
f 5530 5531 5572
f 1841 1882 1883
f 1841 1883 1842
f 5531 5573 5572
f 5531 5532 5573
f 1842 1883 1884
f 1842 1884 1843
f 5532 5574 5573
f 5532 5533 5574
f 1843 1884 1885
f 1843 1885 1844
f 5533 5575 5574
f 5533 5534 5575
f 1844 1885 1886
f 1844 1886 1845
f 5534 5576 5575
f 5534 5535 5576
f 1846 1887 1888
f 1846 1888 1847
f 5536 5578 5577
f 5536 5537 5578
f 1847 1888 1889
f 1847 1889 1848
f 5537 5579 5578
f 5537 5538 5579
f 1848 1889 1890
f 1848 1890 1849
f 5538 5580 5579
f 5538 5539 5580
f 1849 1890 1891
f 1849 1891 1850
f 5539 5581 5580
f 5539 5540 5581
f 1850 1891 1892
f 1850 1892 1851
f 5540 5582 5581
f 5540 5541 5582
f 1851 1892 1893
f 1851 1893 1852
f 5541 5583 5582
f 5541 5542 5583
f 1852 1893 1894
f 1852 1894 1853
f 5542 5584 5583
f 5542 5543 5584
f 1853 1894 1895
f 1853 1895 1854
f 5543 5585 5584
f 5543 5544 5585
f 1854 1895 1896
f 1854 1896 1855
f 5544 5586 5585
f 5544 5545 5586
f 1855 1896 1897
f 1855 1897 1856
f 5545 5587 5586
f 5545 5546 5587
f 1856 1897 1898
f 1856 1898 1857
f 5546 5588 5587
f 5546 5547 5588
f 1857 1898 1899
f 1857 1899 1858
f 5547 5589 5588
f 5547 5548 5589
f 1858 1899 1900
f 1858 1900 1859
f 5548 5590 5589
f 5548 5549 5590
f 1859 1900 1901
f 1859 1901 1860
f 5549 5591 5590
f 5549 5550 5591
f 1860 1901 1902
f 1860 1902 1861
f 5550 5592 5591
f 5550 5551 5592
f 1861 1902 1903
f 1861 1903 1862
f 5551 5593 5592
f 5551 5552 5593
f 1862 1903 1904
f 1862 1904 1863
f 5552 5594 5593
f 5552 5553 5594
f 1863 1904 1905
f 1863 1905 1864
f 5553 5595 5594
f 5553 5554 5595
f 1864 1905 1906
f 1864 1906 1865
f 5554 5596 5595
f 5554 5555 5596
f 1865 1906 1907
f 1865 1907 1866
f 5555 5597 5596
f 5555 5556 5597
f 1866 1907 1908
f 1866 1908 1867
f 5556 5598 5597
f 5556 5557 5598
f 1867 1908 1909
f 1867 1909 1868
f 5557 5599 5598
f 5557 5558 5599
f 1868 1909 1910
f 1868 1910 1869
f 5558 5600 5599
f 5558 5559 5600
f 1869 1910 1911
f 1869 1911 1870
f 5559 5601 5600
f 5559 5560 5601
f 1870 1911 1912
f 1870 1912 1871
f 5560 5602 5601
f 5560 5561 5602
f 1871 1912 1913
f 1871 1913 1872
f 5561 5603 5602
f 5561 5562 5603
f 1872 1913 1914
f 1872 1914 1873
f 5562 5604 5603
f 5562 5563 5604
f 1873 1914 1915
f 1873 1915 1874
f 5563 5605 5604
f 5563 5564 5605
f 1874 1915 1916
f 1874 1916 1875
f 5564 5606 5605
f 5564 5565 5606
f 1875 1916 1917
f 1875 1917 1876
f 5565 5607 5606
f 5565 5566 5607
f 1876 1917 1918
f 1876 1918 1877
f 5566 5608 5607
f 5566 5567 5608
f 1877 1918 1919
f 1877 1919 1878
f 5567 5609 5608
f 5567 5568 5609
f 1878 1919 1920
f 1878 1920 1879
f 5568 5610 5609
f 5568 5569 5610
f 1879 1920 1921
f 1879 1921 1880
f 5569 5611 5610
f 5569 5570 5611
f 1880 1921 1922
f 1880 1922 1881
f 5570 5612 5611
f 5570 5571 5612
f 1881 1922 1923
f 1881 1923 1882
f 5571 5613 5612
f 5571 5572 5613
f 1882 1923 1924
f 1882 1924 1883
f 5572 5614 5613
f 5572 5573 5614
f 1883 1924 1925
f 1883 1925 1884
f 5573 5615 5614
f 5573 5574 5615
f 1884 1925 1926
f 1884 1926 1885
f 5574 5616 5615
f 5574 5575 5616
f 1885 1926 1927
f 1885 1927 1886
f 5575 5617 5616
f 5575 5576 5617
f 1887 1928 1929
f 1887 1929 1888
f 5577 5619 5618
f 5577 5578 5619
f 1888 1929 1930
f 1888 1930 1889
f 5578 5620 5619
f 5578 5579 5620
f 1889 1930 1931
f 1889 1931 1890
f 5579 5621 5620
f 5579 5580 5621
f 1890 1931 1932
f 1890 1932 1891
f 5580 5622 5621
f 5580 5581 5622
f 1891 1932 1933
f 1891 1933 1892
f 5581 5623 5622
f 5581 5582 5623
f 1892 1933 1934
f 1892 1934 1893
f 5582 5624 5623
f 5582 5583 5624
f 1893 1934 1935
f 1893 1935 1894
f 5583 5625 5624
f 5583 5584 5625
f 1894 1935 1936
f 1894 1936 1895
f 5584 5626 5625
f 5584 5585 5626
f 1895 1936 1937
f 1895 1937 1896
f 5585 5627 5626
f 5585 5586 5627
f 1896 1937 1938
f 1896 1938 1897
f 5586 5628 5627
f 5586 5587 5628
f 1897 1938 1939
f 1897 1939 1898
f 5587 5629 5628
f 5587 5588 5629
f 1898 1939 1940
f 1898 1940 1899
f 5588 5630 5629
f 5588 5589 5630
f 1899 1940 1941
f 1899 1941 1900
f 5589 5631 5630
f 5589 5590 5631
f 1900 1941 1942
f 1900 1942 1901
f 5590 5632 5631
f 5590 5591 5632
f 1901 1942 1943
f 1901 1943 1902
f 5591 5633 5632
f 5591 5592 5633
f 1902 1943 1944
f 1902 1944 1903
f 5592 5634 5633
f 5592 5593 5634
f 1903 1944 1945
f 1903 1945 1904
f 5593 5635 5634
f 5593 5594 5635
f 1904 1945 1946
f 1904 1946 1905
f 5594 5636 5635
f 5594 5595 5636
f 1905 1946 1947
f 1905 1947 1906
f 5595 5637 5636
f 5595 5596 5637
f 1906 1947 1948
f 1906 1948 1907
f 5596 5638 5637
f 5596 5597 5638
f 1907 1948 1949
f 1907 1949 1908
f 5597 5639 5638
f 5597 5598 5639
f 1908 1949 1950
f 1908 1950 1909
f 5598 5640 5639
f 5598 5599 5640
f 1909 1950 1951
f 1909 1951 1910
f 5599 5641 5640
f 5599 5600 5641
f 1910 1951 1952
f 1910 1952 1911
f 5600 5642 5641
f 5600 5601 5642
f 1911 1952 1953
f 1911 1953 1912
f 5601 5643 5642
f 5601 5602 5643
f 1912 1953 1954
f 1912 1954 1913
f 5602 5644 5643
f 5602 5603 5644
f 1913 1954 1955
f 1913 1955 1914
f 5603 5645 5644
f 5603 5604 5645
f 1914 1955 1956
f 1914 1956 1915
f 5604 5646 5645
f 5604 5605 5646
f 1915 1956 1957
f 1915 1957 1916
f 5605 5647 5646
f 5605 5606 5647
f 1916 1957 1958
f 1916 1958 1917
f 5606 5648 5647
f 5606 5607 5648
f 1917 1958 1959
f 1917 1959 1918
f 5607 5649 5648
f 5607 5608 5649
f 1918 1959 1960
f 1918 1960 1919
f 5608 5650 5649
f 5608 5609 5650
f 1919 1960 1961
f 1919 1961 1920
f 5609 5651 5650
f 5609 5610 5651
f 1920 1961 1962
f 1920 1962 1921
f 5610 5652 5651
f 5610 5611 5652
f 1921 1962 1963
f 1921 1963 1922
f 5611 5653 5652
f 5611 5612 5653
f 1922 1963 1964
f 1922 1964 1923
f 5612 5654 5653
f 5612 5613 5654
f 1923 1964 1965
f 1923 1965 1924
f 5613 5655 5654
f 5613 5614 5655
f 1924 1965 1966
f 1924 1966 1925
f 5614 5656 5655
f 5614 5615 5656
f 1925 1966 1967
f 1925 1967 1926
f 5615 5657 5656
f 5615 5616 5657
f 1926 1967 1968
f 1926 1968 1927
f 5616 5658 5657
f 5616 5617 5658
f 1928 1969 1970
f 1928 1970 1929
f 5618 5660 5659
f 5618 5619 5660
f 1929 1970 1971
f 1929 1971 1930
f 5619 5661 5660
f 5619 5620 5661
f 1930 1971 1972
f 1930 1972 1931
f 5620 5662 5661
f 5620 5621 5662
f 1931 1972 1973
f 1931 1973 1932
f 5621 5663 5662
f 5621 5622 5663
f 1932 1973 1974
f 1932 1974 1933
f 5622 5664 5663
f 5622 5623 5664
f 1933 1974 1975
f 1933 1975 1934
f 5623 5665 5664
f 5623 5624 5665
f 1934 1975 1976
f 1934 1976 1935
f 5624 5666 5665
f 5624 5625 5666
f 1935 1976 1977
f 1935 1977 1936
f 5625 5667 5666
f 5625 5626 5667
f 1936 1977 1978
f 1936 1978 1937
f 5626 5668 5667
f 5626 5627 5668
f 1937 1978 1979
f 1937 1979 1938
f 5627 5669 5668
f 5627 5628 5669
f 1938 1979 1980
f 1938 1980 1939
f 5628 5670 5669
f 5628 5629 5670
f 1939 1980 1981
f 1939 1981 1940
f 5629 5671 5670
f 5629 5630 5671
f 1940 1981 1982
f 1940 1982 1941
f 5630 5672 5671
f 5630 5631 5672
f 1941 1982 1983
f 1941 1983 1942
f 5631 5673 5672
f 5631 5632 5673
f 1942 1983 1984
f 1942 1984 1943
f 5632 5674 5673
f 5632 5633 5674
f 1943 1984 1985
f 1943 1985 1944
f 5633 5675 5674
f 5633 5634 5675
f 1944 1985 1986
f 1944 1986 1945
f 5634 5676 5675
f 5634 5635 5676
f 1945 1986 1987
f 1945 1987 1946
f 5635 5677 5676
f 5635 5636 5677
f 1946 1987 1988
f 1946 1988 1947
f 5636 5678 5677
f 5636 5637 5678
f 1947 1988 1989
f 1947 1989 1948
f 5637 5679 5678
f 5637 5638 5679
f 1948 1989 1990
f 1948 1990 1949
f 5638 5680 5679
f 5638 5639 5680
f 1949 1990 1991
f 1949 1991 1950
f 5639 5681 5680
f 5639 5640 5681
f 1950 1991 1992
f 1950 1992 1951
f 5640 5682 5681
f 5640 5641 5682
f 1951 1992 1993
f 1951 1993 1952
f 5641 5683 5682
f 5641 5642 5683
f 1952 1993 1994
f 1952 1994 1953
f 5642 5684 5683
f 5642 5643 5684
f 1953 1994 1995
f 1953 1995 1954
f 5643 5685 5684
f 5643 5644 5685
f 1954 1995 1996
f 1954 1996 1955
f 5644 5686 5685
f 5644 5645 5686
f 1955 1996 1997
f 1955 1997 1956
f 5645 5687 5686
f 5645 5646 5687
f 1956 1997 1998
f 1956 1998 1957
f 5646 5688 5687
f 5646 5647 5688
f 1957 1998 1999
f 1957 1999 1958
f 5647 5689 5688
f 5647 5648 5689
f 1958 1999 2000
f 1958 2000 1959
f 5648 5690 5689
f 5648 5649 5690
f 1959 2000 2001
f 1959 2001 1960
f 5649 5691 5690
f 5649 5650 5691
f 1960 2001 2002
f 1960 2002 1961
f 5650 5692 5691
f 5650 5651 5692
f 1961 2002 2003
f 1961 2003 1962
f 5651 5693 5692
f 5651 5652 5693
f 1962 2003 2004
f 1962 2004 1963
f 5652 5694 5693
f 5652 5653 5694
f 1963 2004 2005
f 1963 2005 1964
f 5653 5695 5694
f 5653 5654 5695
f 1964 2005 2006
f 1964 2006 1965
f 5654 5696 5695
f 5654 5655 5696
f 1965 2006 2007
f 1965 2007 1966
f 5655 5697 5696
f 5655 5656 5697
f 1966 2007 2008
f 1966 2008 1967
f 5656 5698 5697
f 5656 5657 5698
f 1967 2008 2009
f 1967 2009 1968
f 5657 5699 5698
f 5657 5658 5699
f 1969 2010 2011
f 1969 2011 1970
f 5659 5701 5700
f 5659 5660 5701
f 1970 2011 2012
f 1970 2012 1971
f 5660 5702 5701
f 5660 5661 5702
f 1971 2012 2013
f 1971 2013 1972
f 5661 5703 5702
f 5661 5662 5703
f 1972 2013 2014
f 1972 2014 1973
f 5662 5704 5703
f 5662 5663 5704
f 1973 2014 2015
f 1973 2015 1974
f 5663 5705 5704
f 5663 5664 5705
f 1974 2015 2016
f 1974 2016 1975
f 5664 5706 5705
f 5664 5665 5706
f 1975 2016 2017
f 1975 2017 1976
f 5665 5707 5706
f 5665 5666 5707
f 1976 2017 2018
f 1976 2018 1977
f 5666 5708 5707
f 5666 5667 5708
f 1977 2018 2019
f 1977 2019 1978
f 5667 5709 5708
f 5667 5668 5709
f 1978 2019 2020
f 1978 2020 1979
f 5668 5710 5709
f 5668 5669 5710
f 1979 2020 2021
f 1979 2021 1980
f 5669 5711 5710
f 5669 5670 5711
f 1980 2021 2022
f 1980 2022 1981
f 5670 5712 5711
f 5670 5671 5712
f 1981 2022 2023
f 1981 2023 1982
f 5671 5713 5712
f 5671 5672 5713
f 1982 2023 2024
f 1982 2024 1983
f 5672 5714 5713
f 5672 5673 5714
f 1983 2024 2025
f 1983 2025 1984
f 5673 5715 5714
f 5673 5674 5715
f 1984 2025 2026
f 1984 2026 1985
f 5674 5716 5715
f 5674 5675 5716
f 1985 2026 2027
f 1985 2027 1986
f 5675 5717 5716
f 5675 5676 5717
f 1986 2027 2028
f 1986 2028 1987
f 5676 5718 5717
f 5676 5677 5718
f 1987 2028 2029
f 1987 2029 1988
f 5677 5719 5718
f 5677 5678 5719
f 1988 2029 2030
f 1988 2030 1989
f 5678 5720 5719
f 5678 5679 5720
f 1989 2030 2031
f 1989 2031 1990
f 5679 5721 5720
f 5679 5680 5721
f 1990 2031 2032
f 1990 2032 1991
f 5680 5722 5721
f 5680 5681 5722
f 1991 2032 2033
f 1991 2033 1992
f 5681 5723 5722
f 5681 5682 5723
f 1992 2033 2034
f 1992 2034 1993
f 5682 5724 5723
f 5682 5683 5724
f 1993 2034 2035
f 1993 2035 1994
f 5683 5725 5724
f 5683 5684 5725
f 1994 2035 2036
f 1994 2036 1995
f 5684 5726 5725
f 5684 5685 5726
f 1995 2036 2037
f 1995 2037 1996
f 5685 5727 5726
f 5685 5686 5727
f 1996 2037 2038
f 1996 2038 1997
f 5686 5728 5727
f 5686 5687 5728
f 1997 2038 2039
f 1997 2039 1998
f 5687 5729 5728
f 5687 5688 5729
f 1998 2039 2040
f 1998 2040 1999
f 5688 5730 5729
f 5688 5689 5730
f 1999 2040 2041
f 1999 2041 2000
f 5689 5731 5730
f 5689 5690 5731
f 2000 2041 2042
f 2000 2042 2001
f 5690 5732 5731
f 5690 5691 5732
f 2001 2042 2043
f 2001 2043 2002
f 5691 5733 5732
f 5691 5692 5733
f 2002 2043 2044
f 2002 2044 2003
f 5692 5734 5733
f 5692 5693 5734
f 2003 2044 2045
f 2003 2045 2004
f 5693 5735 5734
f 5693 5694 5735
f 2004 2045 2046
f 2004 2046 2005
f 5694 5736 5735
f 5694 5695 5736
f 2005 2046 2047
f 2005 2047 2006
f 5695 5737 5736
f 5695 5696 5737
f 2006 2047 2048
f 2006 2048 2007
f 5696 5738 5737
f 5696 5697 5738
f 2007 2048 2049
f 2007 2049 2008
f 5697 5739 5738
f 5697 5698 5739
f 2008 2049 2050
f 2008 2050 2009
f 5698 5740 5739
f 5698 5699 5740
f 2010 2051 2052
f 2010 2052 2011
f 5700 5742 5741
f 5700 5701 5742
f 2011 2052 2053
f 2011 2053 2012
f 5701 5743 5742
f 5701 5702 5743
f 2012 2053 2054
f 2012 2054 2013
f 5702 5744 5743
f 5702 5703 5744
f 2013 2054 2055
f 2013 2055 2014
f 5703 5745 5744
f 5703 5704 5745
f 2014 2055 2056
f 2014 2056 2015
f 5704 5746 5745
f 5704 5705 5746
f 2015 2056 2057
f 2015 2057 2016
f 5705 5747 5746
f 5705 5706 5747
f 2016 2057 2058
f 2016 2058 2017
f 5706 5748 5747
f 5706 5707 5748
f 2017 2058 2059
f 2017 2059 2018
f 5707 5749 5748
f 5707 5708 5749
f 2018 2059 2060
f 2018 2060 2019
f 5708 5750 5749
f 5708 5709 5750
f 2019 2060 2061
f 2019 2061 2020
f 5709 5751 5750
f 5709 5710 5751
f 2020 2061 2062
f 2020 2062 2021
f 5710 5752 5751
f 5710 5711 5752
f 2021 2062 2063
f 2021 2063 2022
f 5711 5753 5752
f 5711 5712 5753
f 2022 2063 2064
f 2022 2064 2023
f 5712 5754 5753
f 5712 5713 5754
f 2023 2064 2065
f 2023 2065 2024
f 5713 5755 5754
f 5713 5714 5755
f 2024 2065 2066
f 2024 2066 2025
f 5714 5756 5755
f 5714 5715 5756
f 2025 2066 2067
f 2025 2067 2026
f 5715 5757 5756
f 5715 5716 5757
f 2026 2067 2068
f 2026 2068 2027
f 5716 5758 5757
f 5716 5717 5758
f 2027 2068 2069
f 2027 2069 2028
f 5717 5759 5758
f 5717 5718 5759
f 2028 2069 2070
f 2028 2070 2029
f 5718 5760 5759
f 5718 5719 5760
f 2029 2070 2071
f 2029 2071 2030
f 5719 5761 5760
f 5719 5720 5761
f 2030 2071 2072
f 2030 2072 2031
f 5720 5762 5761
f 5720 5721 5762
f 2031 2072 2073
f 2031 2073 2032
f 5721 5763 5762
f 5721 5722 5763
f 2032 2073 2074
f 2032 2074 2033
f 5722 5764 5763
f 5722 5723 5764
f 2033 2074 2075
f 2033 2075 2034
f 5723 5765 5764
f 5723 5724 5765
f 2034 2075 2076
f 2034 2076 2035
f 5724 5766 5765
f 5724 5725 5766
f 2035 2076 2077
f 2035 2077 2036
f 5725 5767 5766
f 5725 5726 5767
f 2036 2077 2078
f 2036 2078 2037
f 5726 5768 5767
f 5726 5727 5768
f 2037 2078 2079
f 2037 2079 2038
f 5727 5769 5768
f 5727 5728 5769
f 2038 2079 2080
f 2038 2080 2039
f 5728 5770 5769
f 5728 5729 5770
f 2039 2080 2081
f 2039 2081 2040
f 5729 5771 5770
f 5729 5730 5771
f 2040 2081 2082
f 2040 2082 2041
f 5730 5772 5771
f 5730 5731 5772
f 2041 2082 2083
f 2041 2083 2042
f 5731 5773 5772
f 5731 5732 5773
f 2042 2083 2084
f 2042 2084 2043
f 5732 5774 5773
f 5732 5733 5774
f 2043 2084 2085
f 2043 2085 2044
f 5733 5775 5774
f 5733 5734 5775
f 2044 2085 2086
f 2044 2086 2045
f 5734 5776 5775
f 5734 5735 5776
f 2045 2086 2087
f 2045 2087 2046
f 5735 5777 5776
f 5735 5736 5777
f 2046 2087 2088
f 2046 2088 2047
f 5736 5778 5777
f 5736 5737 5778
f 2047 2088 2089
f 2047 2089 2048
f 5737 5779 5778
f 5737 5738 5779
f 2048 2089 2090
f 2048 2090 2049
f 5738 5780 5779
f 5738 5739 5780
f 2049 2090 2091
f 2049 2091 2050
f 5739 5781 5780
f 5739 5740 5781
f 2051 2092 2093
f 2051 2093 2052
f 5741 5783 5782
f 5741 5742 5783
f 2052 2093 2094
f 2052 2094 2053
f 5742 5784 5783
f 5742 5743 5784
f 2053 2094 2095
f 2053 2095 2054
f 5743 5785 5784
f 5743 5744 5785
f 2054 2095 2096
f 2054 2096 2055
f 5744 5786 5785
f 5744 5745 5786
f 2055 2096 2097
f 2055 2097 2056
f 5745 5787 5786
f 5745 5746 5787
f 2056 2097 2098
f 2056 2098 2057
f 5746 5788 5787
f 5746 5747 5788
f 2057 2098 2099
f 2057 2099 2058
f 5747 5789 5788
f 5747 5748 5789
f 2058 2099 2100
f 2058 2100 2059
f 5748 5790 5789
f 5748 5749 5790
f 2059 2100 2101
f 2059 2101 2060
f 5749 5791 5790
f 5749 5750 5791
f 2060 2101 2102
f 2060 2102 2061
f 5750 5792 5791
f 5750 5751 5792
f 2061 2102 2103
f 2061 2103 2062
f 5751 5793 5792
f 5751 5752 5793
f 2062 2103 2104
f 2062 2104 2063
f 5752 5794 5793
f 5752 5753 5794
f 2063 2104 2105
f 2063 2105 2064
f 5753 5795 5794
f 5753 5754 5795
f 2064 2105 2106
f 2064 2106 2065
f 5754 5796 5795
f 5754 5755 5796
f 2065 2106 2107
f 2065 2107 2066
f 5755 5797 5796
f 5755 5756 5797
f 2066 2107 2108
f 2066 2108 2067
f 5756 5798 5797
f 5756 5757 5798
f 2067 2108 2109
f 2067 2109 2068
f 5757 5799 5798
f 5757 5758 5799
f 2068 2109 2110
f 2068 2110 2069
f 5758 5800 5799
f 5758 5759 5800
f 2069 2110 2111
f 2069 2111 2070
f 5759 5801 5800
f 5759 5760 5801
f 2070 2111 2112
f 2070 2112 2071
f 5760 5802 5801
f 5760 5761 5802
f 2071 2112 2113
f 2071 2113 2072
f 5761 5803 5802
f 5761 5762 5803
f 2072 2113 2114
f 2072 2114 2073
f 5762 5804 5803
f 5762 5763 5804
f 2073 2114 2115
f 2073 2115 2074
f 5763 5805 5804
f 5763 5764 5805
f 2074 2115 2116
f 2074 2116 2075
f 5764 5806 5805
f 5764 5765 5806
f 2075 2116 2117
f 2075 2117 2076
f 5765 5807 5806
f 5765 5766 5807
f 2076 2117 2118
f 2076 2118 2077
f 5766 5808 5807
f 5766 5767 5808
f 2077 2118 2119
f 2077 2119 2078
f 5767 5809 5808
f 5767 5768 5809
f 2078 2119 2120
f 2078 2120 2079
f 5768 5810 5809
f 5768 5769 5810
f 2079 2120 2121
f 2079 2121 2080
f 5769 5811 5810
f 5769 5770 5811
f 2080 2121 2122
f 2080 2122 2081
f 5770 5812 5811
f 5770 5771 5812
f 2081 2122 2123
f 2081 2123 2082
f 5771 5813 5812
f 5771 5772 5813
f 2082 2123 2124
f 2082 2124 2083
f 5772 5814 5813
f 5772 5773 5814
f 2083 2124 2125
f 2083 2125 2084
f 5773 5815 5814
f 5773 5774 5815
f 2084 2125 2126
f 2084 2126 2085
f 5774 5816 5815
f 5774 5775 5816
f 2085 2126 2127
f 2085 2127 2086
f 5775 5817 5816
f 5775 5776 5817
f 2086 2127 2128
f 2086 2128 2087
f 5776 5818 5817
f 5776 5777 5818
f 2087 2128 2129
f 2087 2129 2088
f 5777 5819 5818
f 5777 5778 5819
f 2088 2129 2130
f 2088 2130 2089
f 5778 5820 5819
f 5778 5779 5820
f 2089 2130 2131
f 2089 2131 2090
f 5779 5821 5820
f 5779 5780 5821
f 2090 2131 2132
f 2090 2132 2091
f 5780 5822 5821
f 5780 5781 5822
f 2092 2133 2134
f 2092 2134 2093
f 5782 5824 5823
f 5782 5783 5824
f 2093 2134 2135
f 2093 2135 2094
f 5783 5825 5824
f 5783 5784 5825
f 2094 2135 2136
f 2094 2136 2095
f 5784 5826 5825
f 5784 5785 5826
f 2095 2136 2137
f 2095 2137 2096
f 5785 5827 5826
f 5785 5786 5827
f 2096 2137 2138
f 2096 2138 2097
f 5786 5828 5827
f 5786 5787 5828
f 2097 2138 2139
f 2097 2139 2098
f 5787 5829 5828
f 5787 5788 5829
f 2098 2139 2140
f 2098 2140 2099
f 5788 5830 5829
f 5788 5789 5830
f 2099 2140 2141
f 2099 2141 2100
f 5789 5831 5830
f 5789 5790 5831
f 2100 2141 2142
f 2100 2142 2101
f 5790 5832 5831
f 5790 5791 5832
f 2101 2142 2143
f 2101 2143 2102
f 5791 5833 5832
f 5791 5792 5833
f 2102 2143 2144
f 2102 2144 2103
f 5792 5834 5833
f 5792 5793 5834
f 2103 2144 2145
f 2103 2145 2104
f 5793 5835 5834
f 5793 5794 5835
f 2104 2145 2146
f 2104 2146 2105
f 5794 5836 5835
f 5794 5795 5836
f 2105 2146 2147
f 2105 2147 2106
f 5795 5837 5836
f 5795 5796 5837
f 2106 2147 2148
f 2106 2148 2107
f 5796 5838 5837
f 5796 5797 5838
f 2107 2148 2149
f 2107 2149 2108
f 5797 5839 5838
f 5797 5798 5839
f 2108 2149 2150
f 2108 2150 2109
f 5798 5840 5839
f 5798 5799 5840
f 2109 2150 2151
f 2109 2151 2110
f 5799 5841 5840
f 5799 5800 5841
f 2110 2151 2152
f 2110 2152 2111
f 5800 5842 5841
f 5800 5801 5842
f 2111 2152 2153
f 2111 2153 2112
f 5801 5843 5842
f 5801 5802 5843
f 2112 2153 2154
f 2112 2154 2113
f 5802 5844 5843
f 5802 5803 5844
f 2113 2154 2155
f 2113 2155 2114
f 5803 5845 5844
f 5803 5804 5845
f 2114 2155 2156
f 2114 2156 2115
f 5804 5846 5845
f 5804 5805 5846
f 2115 2156 2157
f 2115 2157 2116
f 5805 5847 5846
f 5805 5806 5847
f 2116 2157 2158
f 2116 2158 2117
f 5806 5848 5847
f 5806 5807 5848
f 2117 2158 2159
f 2117 2159 2118
f 5807 5849 5848
f 5807 5808 5849
f 2118 2159 2160
f 2118 2160 2119
f 5808 5850 5849
f 5808 5809 5850
f 2119 2160 2161
f 2119 2161 2120
f 5809 5851 5850
f 5809 5810 5851
f 2120 2161 2162
f 2120 2162 2121
f 5810 5852 5851
f 5810 5811 5852
f 2121 2162 2163
f 2121 2163 2122
f 5811 5853 5852
f 5811 5812 5853
f 2122 2163 2164
f 2122 2164 2123
f 5812 5854 5853
f 5812 5813 5854
f 2123 2164 2165
f 2123 2165 2124
f 5813 5855 5854
f 5813 5814 5855
f 2124 2165 2166
f 2124 2166 2125
f 5814 5856 5855
f 5814 5815 5856
f 2125 2166 2167
f 2125 2167 2126
f 5815 5857 5856
f 5815 5816 5857
f 2126 2167 2168
f 2126 2168 2127
f 5816 5858 5857
f 5816 5817 5858
f 2127 2168 2169
f 2127 2169 2128
f 5817 5859 5858
f 5817 5818 5859
f 2128 2169 2170
f 2128 2170 2129
f 5818 5860 5859
f 5818 5819 5860
f 2129 2170 2171
f 2129 2171 2130
f 5819 5861 5860
f 5819 5820 5861
f 2130 2171 2172
f 2130 2172 2131
f 5820 5862 5861
f 5820 5821 5862
f 2131 2172 2173
f 2131 2173 2132
f 5821 5863 5862
f 5821 5822 5863
f 2133 2174 2175
f 2133 2175 2134
f 5823 5865 5864
f 5823 5824 5865
f 2134 2175 2176
f 2134 2176 2135
f 5824 5866 5865
f 5824 5825 5866
f 2135 2176 2177
f 2135 2177 2136
f 5825 5867 5866
f 5825 5826 5867
f 2136 2177 2178
f 2136 2178 2137
f 5826 5868 5867
f 5826 5827 5868
f 2137 2178 2179
f 2137 2179 2138
f 5827 5869 5868
f 5827 5828 5869
f 2138 2179 2180
f 2138 2180 2139
f 5828 5870 5869
f 5828 5829 5870
f 2139 2180 2181
f 2139 2181 2140
f 5829 5871 5870
f 5829 5830 5871
f 2140 2181 2182
f 2140 2182 2141
f 5830 5872 5871
f 5830 5831 5872
f 2141 2182 2183
f 2141 2183 2142
f 5831 5873 5872
f 5831 5832 5873
f 2142 2183 2184
f 2142 2184 2143
f 5832 5874 5873
f 5832 5833 5874
f 2143 2184 2185
f 2143 2185 2144
f 5833 5875 5874
f 5833 5834 5875
f 2144 2185 2186
f 2144 2186 2145
f 5834 5876 5875
f 5834 5835 5876
f 2145 2186 2187
f 2145 2187 2146
f 5835 5877 5876
f 5835 5836 5877
f 2146 2187 2188
f 2146 2188 2147
f 5836 5878 5877
f 5836 5837 5878
f 2147 2188 2189
f 2147 2189 2148
f 5837 5879 5878
f 5837 5838 5879
f 2148 2189 2190
f 2148 2190 2149
f 5838 5880 5879
f 5838 5839 5880
f 2149 2190 2191
f 2149 2191 2150
f 5839 5881 5880
f 5839 5840 5881
f 2150 2191 2192
f 2150 2192 2151
f 5840 5882 5881
f 5840 5841 5882
f 2151 2192 2193
f 2151 2193 2152
f 5841 5883 5882
f 5841 5842 5883
f 2152 2193 2194
f 2152 2194 2153
f 5842 5884 5883
f 5842 5843 5884
f 2153 2194 2195
f 2153 2195 2154
f 5843 5885 5884
f 5843 5844 5885
f 2154 2195 2196
f 2154 2196 2155
f 5844 5886 5885
f 5844 5845 5886
f 2155 2196 2197
f 2155 2197 2156
f 5845 5887 5886
f 5845 5846 5887
f 2156 2197 2198
f 2156 2198 2157
f 5846 5888 5887
f 5846 5847 5888
f 2157 2198 2199
f 2157 2199 2158
f 5847 5889 5888
f 5847 5848 5889
f 2158 2199 2200
f 2158 2200 2159
f 5848 5890 5889
f 5848 5849 5890
f 2159 2200 2201
f 2159 2201 2160
f 5849 5891 5890
f 5849 5850 5891
f 2160 2201 2202
f 2160 2202 2161
f 5850 5892 5891
f 5850 5851 5892
f 2161 2202 2203
f 2161 2203 2162
f 5851 5893 5892
f 5851 5852 5893
f 2162 2203 2204
f 2162 2204 2163
f 5852 5894 5893
f 5852 5853 5894
f 2163 2204 2205
f 2163 2205 2164
f 5853 5895 5894
f 5853 5854 5895
f 2164 2205 2206
f 2164 2206 2165
f 5854 5896 5895
f 5854 5855 5896
f 2165 2206 2207
f 2165 2207 2166
f 5855 5897 5896
f 5855 5856 5897
f 2166 2207 2208
f 2166 2208 2167
f 5856 5898 5897
f 5856 5857 5898
f 2167 2208 2209
f 2167 2209 2168
f 5857 5899 5898
f 5857 5858 5899
f 2168 2209 2210
f 2168 2210 2169
f 5858 5900 5899
f 5858 5859 5900
f 2169 2210 2211
f 2169 2211 2170
f 5859 5901 5900
f 5859 5860 5901
f 2170 2211 2212
f 2170 2212 2171
f 5860 5902 5901
f 5860 5861 5902
f 2171 2212 2213
f 2171 2213 2172
f 5861 5903 5902
f 5861 5862 5903
f 2172 2213 2214
f 2172 2214 2173
f 5862 5904 5903
f 5862 5863 5904
f 2174 2215 2216
f 2174 2216 2175
f 5864 5906 5905
f 5864 5865 5906
f 2175 2216 2217
f 2175 2217 2176
f 5865 5907 5906
f 5865 5866 5907
f 2176 2217 2218
f 2176 2218 2177
f 5866 5908 5907
f 5866 5867 5908
f 2177 2218 2219
f 2177 2219 2178
f 5867 5909 5908
f 5867 5868 5909
f 2178 2219 2220
f 2178 2220 2179
f 5868 5910 5909
f 5868 5869 5910
f 2179 2220 2221
f 2179 2221 2180
f 5869 5911 5910
f 5869 5870 5911
f 2180 2221 2222
f 2180 2222 2181
f 5870 5912 5911
f 5870 5871 5912
f 2181 2222 2223
f 2181 2223 2182
f 5871 5913 5912
f 5871 5872 5913
f 2182 2223 2224
f 2182 2224 2183
f 5872 5914 5913
f 5872 5873 5914
f 2183 2224 2225
f 2183 2225 2184
f 5873 5915 5914
f 5873 5874 5915
f 2184 2225 2226
f 2184 2226 2185
f 5874 5916 5915
f 5874 5875 5916
f 2185 2226 2227
f 2185 2227 2186
f 5875 5917 5916
f 5875 5876 5917
f 2186 2227 2228
f 2186 2228 2187
f 5876 5918 5917
f 5876 5877 5918
f 2187 2228 2229
f 2187 2229 2188
f 5877 5919 5918
f 5877 5878 5919
f 2188 2229 2230
f 2188 2230 2189
f 5878 5920 5919
f 5878 5879 5920
f 2189 2230 2231
f 2189 2231 2190
f 5879 5921 5920
f 5879 5880 5921
f 2190 2231 2232
f 2190 2232 2191
f 5880 5922 5921
f 5880 5881 5922
f 2191 2232 2233
f 2191 2233 2192
f 5881 5923 5922
f 5881 5882 5923
f 2192 2233 2234
f 2192 2234 2193
f 5882 5924 5923
f 5882 5883 5924
f 2193 2234 2235
f 2193 2235 2194
f 5883 5925 5924
f 5883 5884 5925
f 2194 2235 2236
f 2194 2236 2195
f 5884 5926 5925
f 5884 5885 5926
f 2195 2236 2237
f 2195 2237 2196
f 5885 5927 5926
f 5885 5886 5927
f 2196 2237 2238
f 2196 2238 2197
f 5886 5928 5927
f 5886 5887 5928
f 2197 2238 2239
f 2197 2239 2198
f 5887 5929 5928
f 5887 5888 5929
f 2198 2239 2240
f 2198 2240 2199
f 5888 5930 5929
f 5888 5889 5930
f 2199 2240 2241
f 2199 2241 2200
f 5889 5931 5930
f 5889 5890 5931
f 2200 2241 2242
f 2200 2242 2201
f 5890 5932 5931
f 5890 5891 5932
f 2201 2242 2243
f 2201 2243 2202
f 5891 5933 5932
f 5891 5892 5933
f 2202 2243 2244
f 2202 2244 2203
f 5892 5934 5933
f 5892 5893 5934
f 2203 2244 2245
f 2203 2245 2204
f 5893 5935 5934
f 5893 5894 5935
f 2204 2245 2246
f 2204 2246 2205
f 5894 5936 5935
f 5894 5895 5936
f 2205 2246 2247
f 2205 2247 2206
f 5895 5937 5936
f 5895 5896 5937
f 2206 2247 2248
f 2206 2248 2207
f 5896 5938 5937
f 5896 5897 5938
f 2207 2248 2249
f 2207 2249 2208
f 5897 5939 5938
f 5897 5898 5939
f 2208 2249 2250
f 2208 2250 2209
f 5898 5940 5939
f 5898 5899 5940
f 2209 2250 2251
f 2209 2251 2210
f 5899 5941 5940
f 5899 5900 5941
f 2210 2251 2252
f 2210 2252 2211
f 5900 5942 5941
f 5900 5901 5942
f 2211 2252 2253
f 2211 2253 2212
f 5901 5943 5942
f 5901 5902 5943
f 2212 2253 2254
f 2212 2254 2213
f 5902 5944 5943
f 5902 5903 5944
f 2213 2254 2255
f 2213 2255 2214
f 5903 5945 5944
f 5903 5904 5945
f 2215 2256 2257
f 2215 2257 2216
f 5905 5947 5946
f 5905 5906 5947
f 2216 2257 2258
f 2216 2258 2217
f 5906 5948 5947
f 5906 5907 5948
f 2217 2258 2259
f 2217 2259 2218
f 5907 5949 5948
f 5907 5908 5949
f 2218 2259 2260
f 2218 2260 2219
f 5908 5950 5949
f 5908 5909 5950
f 2219 2260 2261
f 2219 2261 2220
f 5909 5951 5950
f 5909 5910 5951
f 2220 2261 2262
f 2220 2262 2221
f 5910 5952 5951
f 5910 5911 5952
f 2221 2262 2263
f 2221 2263 2222
f 5911 5953 5952
f 5911 5912 5953
f 2222 2263 2264
f 2222 2264 2223
f 5912 5954 5953
f 5912 5913 5954
f 2223 2264 2265
f 2223 2265 2224
f 5913 5955 5954
f 5913 5914 5955
f 2224 2265 2266
f 2224 2266 2225
f 5914 5956 5955
f 5914 5915 5956
f 2225 2266 2267
f 2225 2267 2226
f 5915 5957 5956
f 5915 5916 5957
f 2226 2267 2268
f 2226 2268 2227
f 5916 5958 5957
f 5916 5917 5958
f 2227 2268 2269
f 2227 2269 2228
f 5917 5959 5958
f 5917 5918 5959
f 2228 2269 2270
f 2228 2270 2229
f 5918 5960 5959
f 5918 5919 5960
f 2229 2270 2271
f 2229 2271 2230
f 5919 5961 5960
f 5919 5920 5961
f 2230 2271 2272
f 2230 2272 2231
f 5920 5962 5961
f 5920 5921 5962
f 2231 2272 2273
f 2231 2273 2232
f 5921 5963 5962
f 5921 5922 5963
f 2232 2273 2274
f 2232 2274 2233
f 5922 5964 5963
f 5922 5923 5964
f 2233 2274 2275
f 2233 2275 2234
f 5923 5965 5964
f 5923 5924 5965
f 2234 2275 2276
f 2234 2276 2235
f 5924 5966 5965
f 5924 5925 5966
f 2235 2276 2277
f 2235 2277 2236
f 5925 5967 5966
f 5925 5926 5967
f 2236 2277 2278
f 2236 2278 2237
f 5926 5968 5967
f 5926 5927 5968
f 2237 2278 2279
f 2237 2279 2238
f 5927 5969 5968
f 5927 5928 5969
f 2238 2279 2280
f 2238 2280 2239
f 5928 5970 5969
f 5928 5929 5970
f 2239 2280 2281
f 2239 2281 2240
f 5929 5971 5970
f 5929 5930 5971
f 2240 2281 2282
f 2240 2282 2241
f 5930 5972 5971
f 5930 5931 5972
f 2241 2282 2283
f 2241 2283 2242
f 5931 5973 5972
f 5931 5932 5973
f 2242 2283 2284
f 2242 2284 2243
f 5932 5974 5973
f 5932 5933 5974
f 2243 2284 2285
f 2243 2285 2244
f 5933 5975 5974
f 5933 5934 5975
f 2244 2285 2286
f 2244 2286 2245
f 5934 5976 5975
f 5934 5935 5976
f 2245 2286 2287
f 2245 2287 2246
f 5935 5977 5976
f 5935 5936 5977
f 2246 2287 2288
f 2246 2288 2247
f 5936 5978 5977
f 5936 5937 5978
f 2247 2288 2289
f 2247 2289 2248
f 5937 5979 5978
f 5937 5938 5979
f 2248 2289 2290
f 2248 2290 2249
f 5938 5980 5979
f 5938 5939 5980
f 2249 2290 2291
f 2249 2291 2250
f 5939 5981 5980
f 5939 5940 5981
f 2250 2291 2292
f 2250 2292 2251
f 5940 5982 5981
f 5940 5941 5982
f 2251 2292 2293
f 2251 2293 2252
f 5941 5983 5982
f 5941 5942 5983
f 2252 2293 2294
f 2252 2294 2253
f 5942 5984 5983
f 5942 5943 5984
f 2253 2294 2295
f 2253 2295 2254
f 5943 5985 5984
f 5943 5944 5985
f 2254 2295 2296
f 2254 2296 2255
f 5944 5986 5985
f 5944 5945 5986
f 2256 2297 2298
f 2256 2298 2257
f 5946 5988 5987
f 5946 5947 5988
f 2257 2298 2299
f 2257 2299 2258
f 5947 5989 5988
f 5947 5948 5989
f 2258 2299 2300
f 2258 2300 2259
f 5948 5990 5989
f 5948 5949 5990
f 2259 2300 2301
f 2259 2301 2260
f 5949 5991 5990
f 5949 5950 5991
f 2260 2301 2302
f 2260 2302 2261
f 5950 5992 5991
f 5950 5951 5992
f 2261 2302 2303
f 2261 2303 2262
f 5951 5993 5992
f 5951 5952 5993
f 2262 2303 2304
f 2262 2304 2263
f 5952 5994 5993
f 5952 5953 5994
f 2263 2304 2305
f 2263 2305 2264
f 5953 5995 5994
f 5953 5954 5995
f 2264 2305 2306
f 2264 2306 2265
f 5954 5996 5995
f 5954 5955 5996
f 2265 2306 2307
f 2265 2307 2266
f 5955 5997 5996
f 5955 5956 5997
f 2266 2307 2308
f 2266 2308 2267
f 5956 5998 5997
f 5956 5957 5998
f 2267 2308 2309
f 2267 2309 2268
f 5957 5999 5998
f 5957 5958 5999
f 2268 2309 2310
f 2268 2310 2269
f 5958 6000 5999
f 5958 5959 6000
f 2269 2310 2311
f 2269 2311 2270
f 5959 6001 6000
f 5959 5960 6001
f 2270 2311 2312
f 2270 2312 2271
f 5960 6002 6001
f 5960 5961 6002
f 2271 2312 2313
f 2271 2313 2272
f 5961 6003 6002
f 5961 5962 6003
f 2272 2313 2314
f 2272 2314 2273
f 5962 6004 6003
f 5962 5963 6004
f 2273 2314 2315
f 2273 2315 2274
f 5963 6005 6004
f 5963 5964 6005
f 2274 2315 2316
f 2274 2316 2275
f 5964 6006 6005
f 5964 5965 6006
f 2275 2316 2317
f 2275 2317 2276
f 5965 6007 6006
f 5965 5966 6007
f 2276 2317 2318
f 2276 2318 2277
f 5966 6008 6007
f 5966 5967 6008
f 2277 2318 2319
f 2277 2319 2278
f 5967 6009 6008
f 5967 5968 6009
f 2278 2319 2320
f 2278 2320 2279
f 5968 6010 6009
f 5968 5969 6010
f 2279 2320 2321
f 2279 2321 2280
f 5969 6011 6010
f 5969 5970 6011
f 2280 2321 2322
f 2280 2322 2281
f 5970 6012 6011
f 5970 5971 6012
f 2281 2322 2323
f 2281 2323 2282
f 5971 6013 6012
f 5971 5972 6013
f 2282 2323 2324
f 2282 2324 2283
f 5972 6014 6013
f 5972 5973 6014
f 2283 2324 2325
f 2283 2325 2284
f 5973 6015 6014
f 5973 5974 6015
f 2284 2325 2326
f 2284 2326 2285
f 5974 6016 6015
f 5974 5975 6016
f 2285 2326 2327
f 2285 2327 2286
f 5975 6017 6016
f 5975 5976 6017
f 2286 2327 2328
f 2286 2328 2287
f 5976 6018 6017
f 5976 5977 6018
f 2287 2328 2329
f 2287 2329 2288
f 5977 6019 6018
f 5977 5978 6019
f 2288 2329 2330
f 2288 2330 2289
f 5978 6020 6019
f 5978 5979 6020
f 2289 2330 2331
f 2289 2331 2290
f 5979 6021 6020
f 5979 5980 6021
f 2290 2331 2332
f 2290 2332 2291
f 5980 6022 6021
f 5980 5981 6022
f 2291 2332 2333
f 2291 2333 2292
f 5981 6023 6022
f 5981 5982 6023
f 2292 2333 2334
f 2292 2334 2293
f 5982 6024 6023
f 5982 5983 6024
f 2293 2334 2335
f 2293 2335 2294
f 5983 6025 6024
f 5983 5984 6025
f 2294 2335 2336
f 2294 2336 2295
f 5984 6026 6025
f 5984 5985 6026
f 2295 2336 2337
f 2295 2337 2296
f 5985 6027 6026
f 5985 5986 6027
f 2297 2338 2339
f 2297 2339 2298
f 5987 6029 6028
f 5987 5988 6029
f 2298 2339 2340
f 2298 2340 2299
f 5988 6030 6029
f 5988 5989 6030
f 2299 2340 2341
f 2299 2341 2300
f 5989 6031 6030
f 5989 5990 6031
f 2300 2341 2342
f 2300 2342 2301
f 5990 6032 6031
f 5990 5991 6032
f 2301 2342 2343
f 2301 2343 2302
f 5991 6033 6032
f 5991 5992 6033
f 2302 2343 2344
f 2302 2344 2303
f 5992 6034 6033
f 5992 5993 6034
f 2303 2344 2345
f 2303 2345 2304
f 5993 6035 6034
f 5993 5994 6035
f 2304 2345 2346
f 2304 2346 2305
f 5994 6036 6035
f 5994 5995 6036
f 2305 2346 2347
f 2305 2347 2306
f 5995 6037 6036
f 5995 5996 6037
f 2306 2347 2348
f 2306 2348 2307
f 5996 6038 6037
f 5996 5997 6038
f 2307 2348 2349
f 2307 2349 2308
f 5997 6039 6038
f 5997 5998 6039
f 2308 2349 2350
f 2308 2350 2309
f 5998 6040 6039
f 5998 5999 6040
f 2309 2350 2351
f 2309 2351 2310
f 5999 6041 6040
f 5999 6000 6041
f 2310 2351 2352
f 2310 2352 2311
f 6000 6042 6041
f 6000 6001 6042
f 2311 2352 2353
f 2311 2353 2312
f 6001 6043 6042
f 6001 6002 6043
f 2312 2353 2354
f 2312 2354 2313
f 6002 6044 6043
f 6002 6003 6044
f 2313 2354 2355
f 2313 2355 2314
f 6003 6045 6044
f 6003 6004 6045
f 2314 2355 2356
f 2314 2356 2315
f 6004 6046 6045
f 6004 6005 6046
f 2315 2356 2357
f 2315 2357 2316
f 6005 6047 6046
f 6005 6006 6047
f 2316 2357 2358
f 2316 2358 2317
f 6006 6048 6047
f 6006 6007 6048
f 2317 2358 2359
f 2317 2359 2318
f 6007 6049 6048
f 6007 6008 6049
f 2318 2359 2360
f 2318 2360 2319
f 6008 6050 6049
f 6008 6009 6050
f 2319 2360 2361
f 2319 2361 2320
f 6009 6051 6050
f 6009 6010 6051
f 2320 2361 2362
f 2320 2362 2321
f 6010 6052 6051
f 6010 6011 6052
f 2321 2362 2363
f 2321 2363 2322
f 6011 6053 6052
f 6011 6012 6053
f 2322 2363 2364
f 2322 2364 2323
f 6012 6054 6053
f 6012 6013 6054
f 2323 2364 2365
f 2323 2365 2324
f 6013 6055 6054
f 6013 6014 6055
f 2324 2365 2366
f 2324 2366 2325
f 6014 6056 6055
f 6014 6015 6056
f 2325 2366 2367
f 2325 2367 2326
f 6015 6057 6056
f 6015 6016 6057
f 2326 2367 2368
f 2326 2368 2327
f 6016 6058 6057
f 6016 6017 6058
f 2327 2368 2369
f 2327 2369 2328
f 6017 6059 6058
f 6017 6018 6059
f 2328 2369 2370
f 2328 2370 2329
f 6018 6060 6059
f 6018 6019 6060
f 2329 2370 2371
f 2329 2371 2330
f 6019 6061 6060
f 6019 6020 6061
f 2330 2371 2372
f 2330 2372 2331
f 6020 6062 6061
f 6020 6021 6062
f 2331 2372 2373
f 2331 2373 2332
f 6021 6063 6062
f 6021 6022 6063
f 2332 2373 2374
f 2332 2374 2333
f 6022 6064 6063
f 6022 6023 6064
f 2333 2374 2375
f 2333 2375 2334
f 6023 6065 6064
f 6023 6024 6065
f 2334 2375 2376
f 2334 2376 2335
f 6024 6066 6065
f 6024 6025 6066
f 2335 2376 2377
f 2335 2377 2336
f 6025 6067 6066
f 6025 6026 6067
f 2336 2377 2378
f 2336 2378 2337
f 6026 6068 6067
f 6026 6027 6068
f 2338 2379 2380
f 2338 2380 2339
f 6028 6070 6069
f 6028 6029 6070
f 2339 2380 2381
f 2339 2381 2340
f 6029 6071 6070
f 6029 6030 6071
f 2340 2381 2382
f 2340 2382 2341
f 6030 6072 6071
f 6030 6031 6072
f 2341 2382 2383
f 2341 2383 2342
f 6031 6073 6072
f 6031 6032 6073
f 2342 2383 2384
f 2342 2384 2343
f 6032 6074 6073
f 6032 6033 6074
f 2343 2384 2385
f 2343 2385 2344
f 6033 6075 6074
f 6033 6034 6075
f 2344 2385 2386
f 2344 2386 2345
f 6034 6076 6075
f 6034 6035 6076
f 2345 2386 2387
f 2345 2387 2346
f 6035 6077 6076
f 6035 6036 6077
f 2346 2387 2388
f 2346 2388 2347
f 6036 6078 6077
f 6036 6037 6078
f 2347 2388 2389
f 2347 2389 2348
f 6037 6079 6078
f 6037 6038 6079
f 2348 2389 2390
f 2348 2390 2349
f 6038 6080 6079
f 6038 6039 6080
f 2349 2390 2391
f 2349 2391 2350
f 6039 6081 6080
f 6039 6040 6081
f 2350 2391 2392
f 2350 2392 2351
f 6040 6082 6081
f 6040 6041 6082
f 2351 2392 2393
f 2351 2393 2352
f 6041 6083 6082
f 6041 6042 6083
f 2352 2393 2394
f 2352 2394 2353
f 6042 6084 6083
f 6042 6043 6084
f 2353 2394 2395
f 2353 2395 2354
f 6043 6085 6084
f 6043 6044 6085
f 2354 2395 2396
f 2354 2396 2355
f 6044 6086 6085
f 6044 6045 6086
f 2355 2396 2397
f 2355 2397 2356
f 6045 6087 6086
f 6045 6046 6087
f 2356 2397 2398
f 2356 2398 2357
f 6046 6088 6087
f 6046 6047 6088
f 2357 2398 2399
f 2357 2399 2358
f 6047 6089 6088
f 6047 6048 6089
f 2358 2399 2400
f 2358 2400 2359
f 6048 6090 6089
f 6048 6049 6090
f 2359 2400 2401
f 2359 2401 2360
f 6049 6091 6090
f 6049 6050 6091
f 2360 2401 2402
f 2360 2402 2361
f 6050 6092 6091
f 6050 6051 6092
f 2361 2402 2403
f 2361 2403 2362
f 6051 6093 6092
f 6051 6052 6093
f 2362 2403 2404
f 2362 2404 2363
f 6052 6094 6093
f 6052 6053 6094
f 2363 2404 2405
f 2363 2405 2364
f 6053 6095 6094
f 6053 6054 6095
f 2364 2405 2406
f 2364 2406 2365
f 6054 6096 6095
f 6054 6055 6096
f 2365 2406 2407
f 2365 2407 2366
f 6055 6097 6096
f 6055 6056 6097
f 2366 2407 2408
f 2366 2408 2367
f 6056 6098 6097
f 6056 6057 6098
f 2367 2408 2409
f 2367 2409 2368
f 6057 6099 6098
f 6057 6058 6099
f 2368 2409 2410
f 2368 2410 2369
f 6058 6100 6099
f 6058 6059 6100
f 2369 2410 2411
f 2369 2411 2370
f 6059 6101 6100
f 6059 6060 6101
f 2370 2411 2412
f 2370 2412 2371
f 6060 6102 6101
f 6060 6061 6102
f 2371 2412 2413
f 2371 2413 2372
f 6061 6103 6102
f 6061 6062 6103
f 2372 2413 2414
f 2372 2414 2373
f 6062 6104 6103
f 6062 6063 6104
f 2373 2414 2415
f 2373 2415 2374
f 6063 6105 6104
f 6063 6064 6105
f 2374 2415 2416
f 2374 2416 2375
f 6064 6106 6105
f 6064 6065 6106
f 2375 2416 2417
f 2375 2417 2376
f 6065 6107 6106
f 6065 6066 6107
f 2376 2417 2418
f 2376 2418 2377
f 6066 6108 6107
f 6066 6067 6108
f 2377 2418 2419
f 2377 2419 2378
f 6067 6109 6108
f 6067 6068 6109
f 2379 2420 2421
f 2379 2421 2380
f 6069 6111 6110
f 6069 6070 6111
f 2380 2421 2422
f 2380 2422 2381
f 6070 6112 6111
f 6070 6071 6112
f 2381 2422 2423
f 2381 2423 2382
f 6071 6113 6112
f 6071 6072 6113
f 2382 2423 2424
f 2382 2424 2383
f 6072 6114 6113
f 6072 6073 6114
f 2383 2424 2425
f 2383 2425 2384
f 6073 6115 6114
f 6073 6074 6115
f 2384 2425 2426
f 2384 2426 2385
f 6074 6116 6115
f 6074 6075 6116
f 2385 2426 2427
f 2385 2427 2386
f 6075 6117 6116
f 6075 6076 6117
f 2386 2427 2428
f 2386 2428 2387
f 6076 6118 6117
f 6076 6077 6118
f 2387 2428 2429
f 2387 2429 2388
f 6077 6119 6118
f 6077 6078 6119
f 2388 2429 2430
f 2388 2430 2389
f 6078 6120 6119
f 6078 6079 6120
f 2389 2430 2431
f 2389 2431 2390
f 6079 6121 6120
f 6079 6080 6121
f 2390 2431 2432
f 2390 2432 2391
f 6080 6122 6121
f 6080 6081 6122
f 2391 2432 2433
f 2391 2433 2392
f 6081 6123 6122
f 6081 6082 6123
f 2392 2433 2434
f 2392 2434 2393
f 6082 6124 6123
f 6082 6083 6124
f 2393 2434 2435
f 2393 2435 2394
f 6083 6125 6124
f 6083 6084 6125
f 2394 2435 2436
f 2394 2436 2395
f 6084 6126 6125
f 6084 6085 6126
f 2395 2436 2437
f 2395 2437 2396
f 6085 6127 6126
f 6085 6086 6127
f 2396 2437 2438
f 2396 2438 2397
f 6086 6128 6127
f 6086 6087 6128
f 2397 2438 2439
f 2397 2439 2398
f 6087 6129 6128
f 6087 6088 6129
f 2398 2439 2440
f 2398 2440 2399
f 6088 6130 6129
f 6088 6089 6130
f 2399 2440 2441
f 2399 2441 2400
f 6089 6131 6130
f 6089 6090 6131
f 2400 2441 2442
f 2400 2442 2401
f 6090 6132 6131
f 6090 6091 6132
f 2401 2442 2443
f 2401 2443 2402
f 6091 6133 6132
f 6091 6092 6133
f 2402 2443 2444
f 2402 2444 2403
f 6092 6134 6133
f 6092 6093 6134
f 2403 2444 2445
f 2403 2445 2404
f 6093 6135 6134
f 6093 6094 6135
f 2404 2445 2446
f 2404 2446 2405
f 6094 6136 6135
f 6094 6095 6136
f 2405 2446 2447
f 2405 2447 2406
f 6095 6137 6136
f 6095 6096 6137
f 2406 2447 2448
f 2406 2448 2407
f 6096 6138 6137
f 6096 6097 6138
f 2407 2448 2449
f 2407 2449 2408
f 6097 6139 6138
f 6097 6098 6139
f 2408 2449 2450
f 2408 2450 2409
f 6098 6140 6139
f 6098 6099 6140
f 2409 2450 2451
f 2409 2451 2410
f 6099 6141 6140
f 6099 6100 6141
f 2410 2451 2452
f 2410 2452 2411
f 6100 6142 6141
f 6100 6101 6142
f 2411 2452 2453
f 2411 2453 2412
f 6101 6143 6142
f 6101 6102 6143
f 2412 2453 2454
f 2412 2454 2413
f 6102 6144 6143
f 6102 6103 6144
f 2413 2454 2455
f 2413 2455 2414
f 6103 6145 6144
f 6103 6104 6145
f 2414 2455 2456
f 2414 2456 2415
f 6104 6146 6145
f 6104 6105 6146
f 2415 2456 2457
f 2415 2457 2416
f 6105 6147 6146
f 6105 6106 6147
f 2416 2457 2458
f 2416 2458 2417
f 6106 6148 6147
f 6106 6107 6148
f 2417 2458 2459
f 2417 2459 2418
f 6107 6149 6148
f 6107 6108 6149
f 2418 2459 2460
f 2418 2460 2419
f 6108 6150 6149
f 6108 6109 6150
f 2420 2461 2462
f 2420 2462 2421
f 6110 6152 6151
f 6110 6111 6152
f 2421 2462 2463
f 2421 2463 2422
f 6111 6153 6152
f 6111 6112 6153
f 2422 2463 2464
f 2422 2464 2423
f 6112 6154 6153
f 6112 6113 6154
f 2423 2464 2465
f 2423 2465 2424
f 6113 6155 6154
f 6113 6114 6155
f 2424 2465 2466
f 2424 2466 2425
f 6114 6156 6155
f 6114 6115 6156
f 2425 2466 2467
f 2425 2467 2426
f 6115 6157 6156
f 6115 6116 6157
f 2426 2467 2468
f 2426 2468 2427
f 6116 6158 6157
f 6116 6117 6158
f 2427 2468 2469
f 2427 2469 2428
f 6117 6159 6158
f 6117 6118 6159
f 2428 2469 2470
f 2428 2470 2429
f 6118 6160 6159
f 6118 6119 6160
f 2429 2470 2471
f 2429 2471 2430
f 6119 6161 6160
f 6119 6120 6161
f 2430 2471 2472
f 2430 2472 2431
f 6120 6162 6161
f 6120 6121 6162
f 2431 2472 2473
f 2431 2473 2432
f 6121 6163 6162
f 6121 6122 6163
f 2432 2473 2474
f 2432 2474 2433
f 6122 6164 6163
f 6122 6123 6164
f 2433 2474 2475
f 2433 2475 2434
f 6123 6165 6164
f 6123 6124 6165
f 2434 2475 2476
f 2434 2476 2435
f 6124 6166 6165
f 6124 6125 6166
f 2435 2476 2477
f 2435 2477 2436
f 6125 6167 6166
f 6125 6126 6167
f 2436 2477 2478
f 2436 2478 2437
f 6126 6168 6167
f 6126 6127 6168
f 2437 2478 2479
f 2437 2479 2438
f 6127 6169 6168
f 6127 6128 6169
f 2438 2479 2480
f 2438 2480 2439
f 6128 6170 6169
f 6128 6129 6170
f 2439 2480 2481
f 2439 2481 2440
f 6129 6171 6170
f 6129 6130 6171
f 2440 2481 2482
f 2440 2482 2441
f 6130 6172 6171
f 6130 6131 6172
f 2441 2482 2483
f 2441 2483 2442
f 6131 6173 6172
f 6131 6132 6173
f 2442 2483 2484
f 2442 2484 2443
f 6132 6174 6173
f 6132 6133 6174
f 2443 2484 2485
f 2443 2485 2444
f 6133 6175 6174
f 6133 6134 6175
f 2444 2485 2486
f 2444 2486 2445
f 6134 6176 6175
f 6134 6135 6176
f 2445 2486 2487
f 2445 2487 2446
f 6135 6177 6176
f 6135 6136 6177
f 2446 2487 2488
f 2446 2488 2447
f 6136 6178 6177
f 6136 6137 6178
f 2447 2488 2489
f 2447 2489 2448
f 6137 6179 6178
f 6137 6138 6179
f 2448 2489 2490
f 2448 2490 2449
f 6138 6180 6179
f 6138 6139 6180
f 2449 2490 2491
f 2449 2491 2450
f 6139 6181 6180
f 6139 6140 6181
f 2450 2491 2492
f 2450 2492 2451
f 6140 6182 6181
f 6140 6141 6182
f 2451 2492 2493
f 2451 2493 2452
f 6141 6183 6182
f 6141 6142 6183
f 2452 2493 2494
f 2452 2494 2453
f 6142 6184 6183
f 6142 6143 6184
f 2453 2494 2495
f 2453 2495 2454
f 6143 6185 6184
f 6143 6144 6185
f 2454 2495 2496
f 2454 2496 2455
f 6144 6186 6185
f 6144 6145 6186
f 2455 2496 2497
f 2455 2497 2456
f 6145 6187 6186
f 6145 6146 6187
f 2456 2497 2498
f 2456 2498 2457
f 6146 6188 6187
f 6146 6147 6188
f 2457 2498 2499
f 2457 2499 2458
f 6147 6189 6188
f 6147 6148 6189
f 2458 2499 2500
f 2458 2500 2459
f 6148 6190 6189
f 6148 6149 6190
f 2459 2500 2501
f 2459 2501 2460
f 6149 6191 6190
f 6149 6150 6191
f 2461 2502 2503
f 2461 2503 2462
f 6151 6193 6192
f 6151 6152 6193
f 2462 2503 2504
f 2462 2504 2463
f 6152 6194 6193
f 6152 6153 6194
f 2463 2504 2505
f 2463 2505 2464
f 6153 6195 6194
f 6153 6154 6195
f 2464 2505 2506
f 2464 2506 2465
f 6154 6196 6195
f 6154 6155 6196
f 2465 2506 2507
f 2465 2507 2466
f 6155 6197 6196
f 6155 6156 6197
f 2466 2507 2508
f 2466 2508 2467
f 6156 6198 6197
f 6156 6157 6198
f 2467 2508 2509
f 2467 2509 2468
f 6157 6199 6198
f 6157 6158 6199
f 2468 2509 2510
f 2468 2510 2469
f 6158 6200 6199
f 6158 6159 6200
f 2469 2510 2511
f 2469 2511 2470
f 6159 6201 6200
f 6159 6160 6201
f 2470 2511 2512
f 2470 2512 2471
f 6160 6202 6201
f 6160 6161 6202
f 2471 2512 2513
f 2471 2513 2472
f 6161 6203 6202
f 6161 6162 6203
f 2472 2513 2514
f 2472 2514 2473
f 6162 6204 6203
f 6162 6163 6204
f 2473 2514 2515
f 2473 2515 2474
f 6163 6205 6204
f 6163 6164 6205
f 2474 2515 2516
f 2474 2516 2475
f 6164 6206 6205
f 6164 6165 6206
f 2475 2516 2517
f 2475 2517 2476
f 6165 6207 6206
f 6165 6166 6207
f 2476 2517 2518
f 2476 2518 2477
f 6166 6208 6207
f 6166 6167 6208
f 2477 2518 2519
f 2477 2519 2478
f 6167 6209 6208
f 6167 6168 6209
f 2478 2519 2520
f 2478 2520 2479
f 6168 6210 6209
f 6168 6169 6210
f 2479 2520 2521
f 2479 2521 2480
f 6169 6211 6210
f 6169 6170 6211
f 2480 2521 2522
f 2480 2522 2481
f 6170 6212 6211
f 6170 6171 6212
f 2481 2522 2523
f 2481 2523 2482
f 6171 6213 6212
f 6171 6172 6213
f 2482 2523 2524
f 2482 2524 2483
f 6172 6214 6213
f 6172 6173 6214
f 2483 2524 2525
f 2483 2525 2484
f 6173 6215 6214
f 6173 6174 6215
f 2484 2525 2526
f 2484 2526 2485
f 6174 6216 6215
f 6174 6175 6216
f 2485 2526 2527
f 2485 2527 2486
f 6175 6217 6216
f 6175 6176 6217
f 2486 2527 2528
f 2486 2528 2487
f 6176 6218 6217
f 6176 6177 6218
f 2487 2528 2529
f 2487 2529 2488
f 6177 6219 6218
f 6177 6178 6219
f 2488 2529 2530
f 2488 2530 2489
f 6178 6220 6219
f 6178 6179 6220
f 2489 2530 2531
f 2489 2531 2490
f 6179 6221 6220
f 6179 6180 6221
f 2490 2531 2532
f 2490 2532 2491
f 6180 6222 6221
f 6180 6181 6222
f 2491 2532 2533
f 2491 2533 2492
f 6181 6223 6222
f 6181 6182 6223
f 2492 2533 2534
f 2492 2534 2493
f 6182 6224 6223
f 6182 6183 6224
f 2493 2534 2535
f 2493 2535 2494
f 6183 6225 6224
f 6183 6184 6225
f 2494 2535 2536
f 2494 2536 2495
f 6184 6226 6225
f 6184 6185 6226
f 2495 2536 2537
f 2495 2537 2496
f 6185 6227 6226
f 6185 6186 6227
f 2496 2537 2538
f 2496 2538 2497
f 6186 6228 6227
f 6186 6187 6228
f 2497 2538 2539
f 2497 2539 2498
f 6187 6229 6228
f 6187 6188 6229
f 2498 2539 2540
f 2498 2540 2499
f 6188 6230 6229
f 6188 6189 6230
f 2499 2540 2541
f 2499 2541 2500
f 6189 6231 6230
f 6189 6190 6231
f 2500 2541 2542
f 2500 2542 2501
f 6190 6232 6231
f 6190 6191 6232
f 2502 2543 2544
f 2502 2544 2503
f 6192 6234 6233
f 6192 6193 6234
f 2503 2544 2545
f 2503 2545 2504
f 6193 6235 6234
f 6193 6194 6235
f 2504 2545 2546
f 2504 2546 2505
f 6194 6236 6235
f 6194 6195 6236
f 2505 2546 2547
f 2505 2547 2506
f 6195 6237 6236
f 6195 6196 6237
f 2506 2547 2548
f 2506 2548 2507
f 6196 6238 6237
f 6196 6197 6238
f 2507 2548 2549
f 2507 2549 2508
f 6197 6239 6238
f 6197 6198 6239
f 2508 2549 2550
f 2508 2550 2509
f 6198 6240 6239
f 6198 6199 6240
f 2509 2550 2551
f 2509 2551 2510
f 6199 6241 6240
f 6199 6200 6241
f 2510 2551 2552
f 2510 2552 2511
f 6200 6242 6241
f 6200 6201 6242
f 2511 2552 2553
f 2511 2553 2512
f 6201 6243 6242
f 6201 6202 6243
f 2512 2553 2554
f 2512 2554 2513
f 6202 6244 6243
f 6202 6203 6244
f 2513 2554 2555
f 2513 2555 2514
f 6203 6245 6244
f 6203 6204 6245
f 2514 2555 2556
f 2514 2556 2515
f 6204 6246 6245
f 6204 6205 6246
f 2515 2556 2557
f 2515 2557 2516
f 6205 6247 6246
f 6205 6206 6247
f 2516 2557 2558
f 2516 2558 2517
f 6206 6248 6247
f 6206 6207 6248
f 2517 2558 2559
f 2517 2559 2518
f 6207 6249 6248
f 6207 6208 6249
f 2518 2559 2560
f 2518 2560 2519
f 6208 6250 6249
f 6208 6209 6250
f 2519 2560 2561
f 2519 2561 2520
f 6209 6251 6250
f 6209 6210 6251
f 2520 2561 2562
f 2520 2562 2521
f 6210 6252 6251
f 6210 6211 6252
f 2521 2562 2563
f 2521 2563 2522
f 6211 6253 6252
f 6211 6212 6253
f 2522 2563 2564
f 2522 2564 2523
f 6212 6254 6253
f 6212 6213 6254
f 2523 2564 2565
f 2523 2565 2524
f 6213 6255 6254
f 6213 6214 6255
f 2524 2565 2566
f 2524 2566 2525
f 6214 6256 6255
f 6214 6215 6256
f 2525 2566 2567
f 2525 2567 2526
f 6215 6257 6256
f 6215 6216 6257
f 2526 2567 2568
f 2526 2568 2527
f 6216 6258 6257
f 6216 6217 6258
f 2527 2568 2569
f 2527 2569 2528
f 6217 6259 6258
f 6217 6218 6259
f 2528 2569 2570
f 2528 2570 2529
f 6218 6260 6259
f 6218 6219 6260
f 2529 2570 2571
f 2529 2571 2530
f 6219 6261 6260
f 6219 6220 6261
f 2530 2571 2572
f 2530 2572 2531
f 6220 6262 6261
f 6220 6221 6262
f 2531 2572 2573
f 2531 2573 2532
f 6221 6263 6262
f 6221 6222 6263
f 2532 2573 2574
f 2532 2574 2533
f 6222 6264 6263
f 6222 6223 6264
f 2533 2574 2575
f 2533 2575 2534
f 6223 6265 6264
f 6223 6224 6265
f 2534 2575 2576
f 2534 2576 2535
f 6224 6266 6265
f 6224 6225 6266
f 2535 2576 2577
f 2535 2577 2536
f 6225 6267 6266
f 6225 6226 6267
f 2536 2577 2578
f 2536 2578 2537
f 6226 6268 6267
f 6226 6227 6268
f 2537 2578 2579
f 2537 2579 2538
f 6227 6269 6268
f 6227 6228 6269
f 2538 2579 2580
f 2538 2580 2539
f 6228 6270 6269
f 6228 6229 6270
f 2539 2580 2581
f 2539 2581 2540
f 6229 6271 6270
f 6229 6230 6271
f 2540 2581 2582
f 2540 2582 2541
f 6230 6272 6271
f 6230 6231 6272
f 2541 2582 2583
f 2541 2583 2542
f 6231 6273 6272
f 6231 6232 6273
f 2543 2584 2585
f 2543 2585 2544
f 6233 6275 6274
f 6233 6234 6275
f 2544 2585 2586
f 2544 2586 2545
f 6234 6276 6275
f 6234 6235 6276
f 2545 2586 2587
f 2545 2587 2546
f 6235 6277 6276
f 6235 6236 6277
f 2546 2587 2588
f 2546 2588 2547
f 6236 6278 6277
f 6236 6237 6278
f 2547 2588 2589
f 2547 2589 2548
f 6237 6279 6278
f 6237 6238 6279
f 2548 2589 2590
f 2548 2590 2549
f 6238 6280 6279
f 6238 6239 6280
f 2549 2590 2591
f 2549 2591 2550
f 6239 6281 6280
f 6239 6240 6281
f 2550 2591 2592
f 2550 2592 2551
f 6240 6282 6281
f 6240 6241 6282
f 2551 2592 2593
f 2551 2593 2552
f 6241 6283 6282
f 6241 6242 6283
f 2552 2593 2594
f 2552 2594 2553
f 6242 6284 6283
f 6242 6243 6284
f 2553 2594 2595
f 2553 2595 2554
f 6243 6285 6284
f 6243 6244 6285
f 2554 2595 2596
f 2554 2596 2555
f 6244 6286 6285
f 6244 6245 6286
f 2555 2596 2597
f 2555 2597 2556
f 6245 6287 6286
f 6245 6246 6287
f 2556 2597 2598
f 2556 2598 2557
f 6246 6288 6287
f 6246 6247 6288
f 2557 2598 2599
f 2557 2599 2558
f 6247 6289 6288
f 6247 6248 6289
f 2558 2599 2600
f 2558 2600 2559
f 6248 6290 6289
f 6248 6249 6290
f 2559 2600 2601
f 2559 2601 2560
f 6249 6291 6290
f 6249 6250 6291
f 2560 2601 2602
f 2560 2602 2561
f 6250 6292 6291
f 6250 6251 6292
f 2561 2602 2603
f 2561 2603 2562
f 6251 6293 6292
f 6251 6252 6293
f 2562 2603 2604
f 2562 2604 2563
f 6252 6294 6293
f 6252 6253 6294
f 2563 2604 2605
f 2563 2605 2564
f 6253 6295 6294
f 6253 6254 6295
f 2564 2605 2606
f 2564 2606 2565
f 6254 6296 6295
f 6254 6255 6296
f 2565 2606 2607
f 2565 2607 2566
f 6255 6297 6296
f 6255 6256 6297
f 2566 2607 2608
f 2566 2608 2567
f 6256 6298 6297
f 6256 6257 6298
f 2567 2608 2609
f 2567 2609 2568
f 6257 6299 6298
f 6257 6258 6299
f 2568 2609 2610
f 2568 2610 2569
f 6258 6300 6299
f 6258 6259 6300
f 2569 2610 2611
f 2569 2611 2570
f 6259 6301 6300
f 6259 6260 6301
f 2570 2611 2612
f 2570 2612 2571
f 6260 6302 6301
f 6260 6261 6302
f 2571 2612 2613
f 2571 2613 2572
f 6261 6303 6302
f 6261 6262 6303
f 2572 2613 2614
f 2572 2614 2573
f 6262 6304 6303
f 6262 6263 6304
f 2573 2614 2615
f 2573 2615 2574
f 6263 6305 6304
f 6263 6264 6305
f 2574 2615 2616
f 2574 2616 2575
f 6264 6306 6305
f 6264 6265 6306
f 2575 2616 2617
f 2575 2617 2576
f 6265 6307 6306
f 6265 6266 6307
f 2576 2617 2618
f 2576 2618 2577
f 6266 6308 6307
f 6266 6267 6308
f 2577 2618 2619
f 2577 2619 2578
f 6267 6309 6308
f 6267 6268 6309
f 2578 2619 2620
f 2578 2620 2579
f 6268 6310 6309
f 6268 6269 6310
f 2579 2620 2621
f 2579 2621 2580
f 6269 6311 6310
f 6269 6270 6311
f 2580 2621 2622
f 2580 2622 2581
f 6270 6312 6311
f 6270 6271 6312
f 2581 2622 2623
f 2581 2623 2582
f 6271 6313 6312
f 6271 6272 6313
f 2582 2623 2624
f 2582 2624 2583
f 6272 6314 6313
f 6272 6273 6314
f 2584 2625 2626
f 2584 2626 2585
f 6274 6316 6315
f 6274 6275 6316
f 2585 2626 2627
f 2585 2627 2586
f 6275 6317 6316
f 6275 6276 6317
f 2586 2627 2628
f 2586 2628 2587
f 6276 6318 6317
f 6276 6277 6318
f 2587 2628 2629
f 2587 2629 2588
f 6277 6319 6318
f 6277 6278 6319
f 2588 2629 2630
f 2588 2630 2589
f 6278 6320 6319
f 6278 6279 6320
f 2589 2630 2631
f 2589 2631 2590
f 6279 6321 6320
f 6279 6280 6321
f 2590 2631 2632
f 2590 2632 2591
f 6280 6322 6321
f 6280 6281 6322
f 2591 2632 2633
f 2591 2633 2592
f 6281 6323 6322
f 6281 6282 6323
f 2592 2633 2634
f 2592 2634 2593
f 6282 6324 6323
f 6282 6283 6324
f 2593 2634 2635
f 2593 2635 2594
f 6283 6325 6324
f 6283 6284 6325
f 2594 2635 2636
f 2594 2636 2595
f 6284 6326 6325
f 6284 6285 6326
f 2595 2636 2637
f 2595 2637 2596
f 6285 6327 6326
f 6285 6286 6327
f 2596 2637 2638
f 2596 2638 2597
f 6286 6328 6327
f 6286 6287 6328
f 2597 2638 2639
f 2597 2639 2598
f 6287 6329 6328
f 6287 6288 6329
f 2598 2639 2640
f 2598 2640 2599
f 6288 6330 6329
f 6288 6289 6330
f 2599 2640 2641
f 2599 2641 2600
f 6289 6331 6330
f 6289 6290 6331
f 2600 2641 2642
f 2600 2642 2601
f 6290 6332 6331
f 6290 6291 6332
f 2601 2642 2643
f 2601 2643 2602
f 6291 6333 6332
f 6291 6292 6333
f 2602 2643 2644
f 2602 2644 2603
f 6292 6334 6333
f 6292 6293 6334
f 2603 2644 2645
f 2603 2645 2604
f 6293 6335 6334
f 6293 6294 6335
f 2604 2645 2646
f 2604 2646 2605
f 6294 6336 6335
f 6294 6295 6336
f 2605 2646 2647
f 2605 2647 2606
f 6295 6337 6336
f 6295 6296 6337
f 2606 2647 2648
f 2606 2648 2607
f 6296 6338 6337
f 6296 6297 6338
f 2607 2648 2649
f 2607 2649 2608
f 6297 6339 6338
f 6297 6298 6339
f 2608 2649 2650
f 2608 2650 2609
f 6298 6340 6339
f 6298 6299 6340
f 2609 2650 2651
f 2609 2651 2610
f 6299 6341 6340
f 6299 6300 6341
f 2610 2651 2652
f 2610 2652 2611
f 6300 6342 6341
f 6300 6301 6342
f 2611 2652 2653
f 2611 2653 2612
f 6301 6343 6342
f 6301 6302 6343
f 2612 2653 2654
f 2612 2654 2613
f 6302 6344 6343
f 6302 6303 6344
f 2613 2654 2655
f 2613 2655 2614
f 6303 6345 6344
f 6303 6304 6345
f 2614 2655 2656
f 2614 2656 2615
f 6304 6346 6345
f 6304 6305 6346
f 2615 2656 2657
f 2615 2657 2616
f 6305 6347 6346
f 6305 6306 6347
f 2616 2657 2658
f 2616 2658 2617
f 6306 6348 6347
f 6306 6307 6348
f 2617 2658 2659
f 2617 2659 2618
f 6307 6349 6348
f 6307 6308 6349
f 2618 2659 2660
f 2618 2660 2619
f 6308 6350 6349
f 6308 6309 6350
f 2619 2660 2661
f 2619 2661 2620
f 6309 6351 6350
f 6309 6310 6351
f 2620 2661 2662
f 2620 2662 2621
f 6310 6352 6351
f 6310 6311 6352
f 2621 2662 2663
f 2621 2663 2622
f 6311 6353 6352
f 6311 6312 6353
f 2622 2663 2664
f 2622 2664 2623
f 6312 6354 6353
f 6312 6313 6354
f 2623 2664 2665
f 2623 2665 2624
f 6313 6355 6354
f 6313 6314 6355
f 2625 2666 2667
f 2625 2667 2626
f 6315 6357 6356
f 6315 6316 6357
f 2626 2667 2668
f 2626 2668 2627
f 6316 6358 6357
f 6316 6317 6358
f 2627 2668 2669
f 2627 2669 2628
f 6317 6359 6358
f 6317 6318 6359
f 2628 2669 2670
f 2628 2670 2629
f 6318 6360 6359
f 6318 6319 6360
f 2629 2670 2671
f 2629 2671 2630
f 6319 6361 6360
f 6319 6320 6361
f 2630 2671 2672
f 2630 2672 2631
f 6320 6362 6361
f 6320 6321 6362
f 2631 2672 2673
f 2631 2673 2632
f 6321 6363 6362
f 6321 6322 6363
f 2632 2673 2674
f 2632 2674 2633
f 6322 6364 6363
f 6322 6323 6364
f 2633 2674 2675
f 2633 2675 2634
f 6323 6365 6364
f 6323 6324 6365
f 2634 2675 2676
f 2634 2676 2635
f 6324 6366 6365
f 6324 6325 6366
f 2635 2676 2677
f 2635 2677 2636
f 6325 6367 6366
f 6325 6326 6367
f 2636 2677 2678
f 2636 2678 2637
f 6326 6368 6367
f 6326 6327 6368
f 2637 2678 2679
f 2637 2679 2638
f 6327 6369 6368
f 6327 6328 6369
f 2638 2679 2680
f 2638 2680 2639
f 6328 6370 6369
f 6328 6329 6370
f 2639 2680 2681
f 2639 2681 2640
f 6329 6371 6370
f 6329 6330 6371
f 2640 2681 2682
f 2640 2682 2641
f 6330 6372 6371
f 6330 6331 6372
f 2641 2682 2683
f 2641 2683 2642
f 6331 6373 6372
f 6331 6332 6373
f 2642 2683 2684
f 2642 2684 2643
f 6332 6374 6373
f 6332 6333 6374
f 2643 2684 2685
f 2643 2685 2644
f 6333 6375 6374
f 6333 6334 6375
f 2644 2685 2686
f 2644 2686 2645
f 6334 6376 6375
f 6334 6335 6376
f 2645 2686 2687
f 2645 2687 2646
f 6335 6377 6376
f 6335 6336 6377
f 2646 2687 2688
f 2646 2688 2647
f 6336 6378 6377
f 6336 6337 6378
f 2647 2688 2689
f 2647 2689 2648
f 6337 6379 6378
f 6337 6338 6379
f 2648 2689 2690
f 2648 2690 2649
f 6338 6380 6379
f 6338 6339 6380
f 2649 2690 2691
f 2649 2691 2650
f 6339 6381 6380
f 6339 6340 6381
f 2650 2691 2692
f 2650 2692 2651
f 6340 6382 6381
f 6340 6341 6382
f 2651 2692 2693
f 2651 2693 2652
f 6341 6383 6382
f 6341 6342 6383
f 2652 2693 2694
f 2652 2694 2653
f 6342 6384 6383
f 6342 6343 6384
f 2653 2694 2695
f 2653 2695 2654
f 6343 6385 6384
f 6343 6344 6385
f 2654 2695 2696
f 2654 2696 2655
f 6344 6386 6385
f 6344 6345 6386
f 2655 2696 2697
f 2655 2697 2656
f 6345 6387 6386
f 6345 6346 6387
f 2656 2697 2698
f 2656 2698 2657
f 6346 6388 6387
f 6346 6347 6388
f 2657 2698 2699
f 2657 2699 2658
f 6347 6389 6388
f 6347 6348 6389
f 2658 2699 2700
f 2658 2700 2659
f 6348 6390 6389
f 6348 6349 6390
f 2659 2700 2701
f 2659 2701 2660
f 6349 6391 6390
f 6349 6350 6391
f 2660 2701 2702
f 2660 2702 2661
f 6350 6392 6391
f 6350 6351 6392
f 2661 2702 2703
f 2661 2703 2662
f 6351 6393 6392
f 6351 6352 6393
f 2662 2703 2704
f 2662 2704 2663
f 6352 6394 6393
f 6352 6353 6394
f 2663 2704 2705
f 2663 2705 2664
f 6353 6395 6394
f 6353 6354 6395
f 2664 2705 2706
f 2664 2706 2665
f 6354 6396 6395
f 6354 6355 6396
f 2666 2707 2708
f 2666 2708 2667
f 6356 6398 6397
f 6356 6357 6398
f 2667 2708 2709
f 2667 2709 2668
f 6357 6399 6398
f 6357 6358 6399
f 2668 2709 2710
f 2668 2710 2669
f 6358 6400 6399
f 6358 6359 6400
f 2669 2710 2711
f 2669 2711 2670
f 6359 6401 6400
f 6359 6360 6401
f 2670 2711 2712
f 2670 2712 2671
f 6360 6402 6401
f 6360 6361 6402
f 2671 2712 2713
f 2671 2713 2672
f 6361 6403 6402
f 6361 6362 6403
f 2672 2713 2714
f 2672 2714 2673
f 6362 6404 6403
f 6362 6363 6404
f 2673 2714 2715
f 2673 2715 2674
f 6363 6405 6404
f 6363 6364 6405
f 2674 2715 2716
f 2674 2716 2675
f 6364 6406 6405
f 6364 6365 6406
f 2675 2716 2717
f 2675 2717 2676
f 6365 6407 6406
f 6365 6366 6407
f 2676 2717 2718
f 2676 2718 2677
f 6366 6408 6407
f 6366 6367 6408
f 2677 2718 2719
f 2677 2719 2678
f 6367 6409 6408
f 6367 6368 6409
f 2678 2719 2720
f 2678 2720 2679
f 6368 6410 6409
f 6368 6369 6410
f 2679 2720 2721
f 2679 2721 2680
f 6369 6411 6410
f 6369 6370 6411
f 2680 2721 2722
f 2680 2722 2681
f 6370 6412 6411
f 6370 6371 6412
f 2681 2722 2723
f 2681 2723 2682
f 6371 6413 6412
f 6371 6372 6413
f 2682 2723 2724
f 2682 2724 2683
f 6372 6414 6413
f 6372 6373 6414
f 2683 2724 2725
f 2683 2725 2684
f 6373 6415 6414
f 6373 6374 6415
f 2684 2725 2726
f 2684 2726 2685
f 6374 6416 6415
f 6374 6375 6416
f 2685 2726 2727
f 2685 2727 2686
f 6375 6417 6416
f 6375 6376 6417
f 2686 2727 2728
f 2686 2728 2687
f 6376 6418 6417
f 6376 6377 6418
f 2687 2728 2729
f 2687 2729 2688
f 6377 6419 6418
f 6377 6378 6419
f 2688 2729 2730
f 2688 2730 2689
f 6378 6420 6419
f 6378 6379 6420
f 2689 2730 2731
f 2689 2731 2690
f 6379 6421 6420
f 6379 6380 6421
f 2690 2731 2732
f 2690 2732 2691
f 6380 6422 6421
f 6380 6381 6422
f 2691 2732 2733
f 2691 2733 2692
f 6381 6423 6422
f 6381 6382 6423
f 2692 2733 2734
f 2692 2734 2693
f 6382 6424 6423
f 6382 6383 6424
f 2693 2734 2735
f 2693 2735 2694
f 6383 6425 6424
f 6383 6384 6425
f 2694 2735 2736
f 2694 2736 2695
f 6384 6426 6425
f 6384 6385 6426
f 2695 2736 2737
f 2695 2737 2696
f 6385 6427 6426
f 6385 6386 6427
f 2696 2737 2738
f 2696 2738 2697
f 6386 6428 6427
f 6386 6387 6428
f 2697 2738 2739
f 2697 2739 2698
f 6387 6429 6428
f 6387 6388 6429
f 2698 2739 2740
f 2698 2740 2699
f 6388 6430 6429
f 6388 6389 6430
f 2699 2740 2741
f 2699 2741 2700
f 6389 6431 6430
f 6389 6390 6431
f 2700 2741 2742
f 2700 2742 2701
f 6390 6432 6431
f 6390 6391 6432
f 2701 2742 2743
f 2701 2743 2702
f 6391 6433 6432
f 6391 6392 6433
f 2702 2743 2744
f 2702 2744 2703
f 6392 6434 6433
f 6392 6393 6434
f 2703 2744 2745
f 2703 2745 2704
f 6393 6435 6434
f 6393 6394 6435
f 2704 2745 2746
f 2704 2746 2705
f 6394 6436 6435
f 6394 6395 6436
f 2705 2746 2747
f 2705 2747 2706
f 6395 6437 6436
f 6395 6396 6437
f 2707 2748 2749
f 2707 2749 2708
f 6397 6439 6438
f 6397 6398 6439
f 2708 2749 2750
f 2708 2750 2709
f 6398 6440 6439
f 6398 6399 6440
f 2709 2750 2751
f 2709 2751 2710
f 6399 6441 6440
f 6399 6400 6441
f 2710 2751 2752
f 2710 2752 2711
f 6400 6442 6441
f 6400 6401 6442
f 2711 2752 2753
f 2711 2753 2712
f 6401 6443 6442
f 6401 6402 6443
f 2712 2753 2754
f 2712 2754 2713
f 6402 6444 6443
f 6402 6403 6444
f 2713 2754 2755
f 2713 2755 2714
f 6403 6445 6444
f 6403 6404 6445
f 2714 2755 2756
f 2714 2756 2715
f 6404 6446 6445
f 6404 6405 6446
f 2715 2756 2757
f 2715 2757 2716
f 6405 6447 6446
f 6405 6406 6447
f 2716 2757 2758
f 2716 2758 2717
f 6406 6448 6447
f 6406 6407 6448
f 2717 2758 2759
f 2717 2759 2718
f 6407 6449 6448
f 6407 6408 6449
f 2718 2759 2760
f 2718 2760 2719
f 6408 6450 6449
f 6408 6409 6450
f 2719 2760 2761
f 2719 2761 2720
f 6409 6451 6450
f 6409 6410 6451
f 2720 2761 2762
f 2720 2762 2721
f 6410 6452 6451
f 6410 6411 6452
f 2721 2762 2763
f 2721 2763 2722
f 6411 6453 6452
f 6411 6412 6453
f 2722 2763 2764
f 2722 2764 2723
f 6412 6454 6453
f 6412 6413 6454
f 2723 2764 2765
f 2723 2765 2724
f 6413 6455 6454
f 6413 6414 6455
f 2724 2765 2766
f 2724 2766 2725
f 6414 6456 6455
f 6414 6415 6456
f 2725 2766 2767
f 2725 2767 2726
f 6415 6457 6456
f 6415 6416 6457
f 2726 2767 2768
f 2726 2768 2727
f 6416 6458 6457
f 6416 6417 6458
f 2727 2768 2769
f 2727 2769 2728
f 6417 6459 6458
f 6417 6418 6459
f 2728 2769 2770
f 2728 2770 2729
f 6418 6460 6459
f 6418 6419 6460
f 2729 2770 2771
f 2729 2771 2730
f 6419 6461 6460
f 6419 6420 6461
f 2730 2771 2772
f 2730 2772 2731
f 6420 6462 6461
f 6420 6421 6462
f 2731 2772 2773
f 2731 2773 2732
f 6421 6463 6462
f 6421 6422 6463
f 2732 2773 2774
f 2732 2774 2733
f 6422 6464 6463
f 6422 6423 6464
f 2733 2774 2775
f 2733 2775 2734
f 6423 6465 6464
f 6423 6424 6465
f 2734 2775 2776
f 2734 2776 2735
f 6424 6466 6465
f 6424 6425 6466
f 2735 2776 2777
f 2735 2777 2736
f 6425 6467 6466
f 6425 6426 6467
f 2736 2777 2778
f 2736 2778 2737
f 6426 6468 6467
f 6426 6427 6468
f 2737 2778 2779
f 2737 2779 2738
f 6427 6469 6468
f 6427 6428 6469
f 2738 2779 2780
f 2738 2780 2739
f 6428 6470 6469
f 6428 6429 6470
f 2739 2780 2781
f 2739 2781 2740
f 6429 6471 6470
f 6429 6430 6471
f 2740 2781 2782
f 2740 2782 2741
f 6430 6472 6471
f 6430 6431 6472
f 2741 2782 2783
f 2741 2783 2742
f 6431 6473 6472
f 6431 6432 6473
f 2742 2783 2784
f 2742 2784 2743
f 6432 6474 6473
f 6432 6433 6474
f 2743 2784 2785
f 2743 2785 2744
f 6433 6475 6474
f 6433 6434 6475
f 2744 2785 2786
f 2744 2786 2745
f 6434 6476 6475
f 6434 6435 6476
f 2745 2786 2787
f 2745 2787 2746
f 6435 6477 6476
f 6435 6436 6477
f 2746 2787 2788
f 2746 2788 2747
f 6436 6478 6477
f 6436 6437 6478
f 2748 2789 2790
f 2748 2790 2749
f 6438 6480 6479
f 6438 6439 6480
f 2749 2790 2791
f 2749 2791 2750
f 6439 6481 6480
f 6439 6440 6481
f 2750 2791 2792
f 2750 2792 2751
f 6440 6482 6481
f 6440 6441 6482
f 2751 2792 2793
f 2751 2793 2752
f 6441 6483 6482
f 6441 6442 6483
f 2752 2793 2794
f 2752 2794 2753
f 6442 6484 6483
f 6442 6443 6484
f 2753 2794 2795
f 2753 2795 2754
f 6443 6485 6484
f 6443 6444 6485
f 2754 2795 2796
f 2754 2796 2755
f 6444 6486 6485
f 6444 6445 6486
f 2755 2796 2797
f 2755 2797 2756
f 6445 6487 6486
f 6445 6446 6487
f 2756 2797 2798
f 2756 2798 2757
f 6446 6488 6487
f 6446 6447 6488
f 2757 2798 2799
f 2757 2799 2758
f 6447 6489 6488
f 6447 6448 6489
f 2758 2799 2800
f 2758 2800 2759
f 6448 6490 6489
f 6448 6449 6490
f 2759 2800 2801
f 2759 2801 2760
f 6449 6491 6490
f 6449 6450 6491
f 2760 2801 2802
f 2760 2802 2761
f 6450 6492 6491
f 6450 6451 6492
f 2761 2802 2803
f 2761 2803 2762
f 6451 6493 6492
f 6451 6452 6493
f 2762 2803 2804
f 2762 2804 2763
f 6452 6494 6493
f 6452 6453 6494
f 2763 2804 2805
f 2763 2805 2764
f 6453 6495 6494
f 6453 6454 6495
f 2764 2805 2806
f 2764 2806 2765
f 6454 6496 6495
f 6454 6455 6496
f 2765 2806 2807
f 2765 2807 2766
f 6455 6497 6496
f 6455 6456 6497
f 2766 2807 2808
f 2766 2808 2767
f 6456 6498 6497
f 6456 6457 6498
f 2767 2808 2809
f 2767 2809 2768
f 6457 6499 6498
f 6457 6458 6499
f 2768 2809 2810
f 2768 2810 2769
f 6458 6500 6499
f 6458 6459 6500
f 2769 2810 2811
f 2769 2811 2770
f 6459 6501 6500
f 6459 6460 6501
f 2770 2811 2812
f 2770 2812 2771
f 6460 6502 6501
f 6460 6461 6502
f 2771 2812 2813
f 2771 2813 2772
f 6461 6503 6502
f 6461 6462 6503
f 2772 2813 2814
f 2772 2814 2773
f 6462 6504 6503
f 6462 6463 6504
f 2773 2814 2815
f 2773 2815 2774
f 6463 6505 6504
f 6463 6464 6505
f 2774 2815 2816
f 2774 2816 2775
f 6464 6506 6505
f 6464 6465 6506
f 2775 2816 2817
f 2775 2817 2776
f 6465 6507 6506
f 6465 6466 6507
f 2776 2817 2818
f 2776 2818 2777
f 6466 6508 6507
f 6466 6467 6508
f 2777 2818 2819
f 2777 2819 2778
f 6467 6509 6508
f 6467 6468 6509
f 2778 2819 2820
f 2778 2820 2779
f 6468 6510 6509
f 6468 6469 6510
f 2779 2820 2821
f 2779 2821 2780
f 6469 6511 6510
f 6469 6470 6511
f 2780 2821 2822
f 2780 2822 2781
f 6470 6512 6511
f 6470 6471 6512
f 2781 2822 2823
f 2781 2823 2782
f 6471 6513 6512
f 6471 6472 6513
f 2782 2823 2824
f 2782 2824 2783
f 6472 6514 6513
f 6472 6473 6514
f 2783 2824 2825
f 2783 2825 2784
f 6473 6515 6514
f 6473 6474 6515
f 2784 2825 2826
f 2784 2826 2785
f 6474 6516 6515
f 6474 6475 6516
f 2785 2826 2827
f 2785 2827 2786
f 6475 6517 6516
f 6475 6476 6517
f 2786 2827 2828
f 2786 2828 2787
f 6476 6518 6517
f 6476 6477 6518
f 2787 2828 2829
f 2787 2829 2788
f 6477 6519 6518
f 6477 6478 6519
f 2789 2830 2831
f 2789 2831 2790
f 6479 6521 6520
f 6479 6480 6521
f 2790 2831 2832
f 2790 2832 2791
f 6480 6522 6521
f 6480 6481 6522
f 2791 2832 2833
f 2791 2833 2792
f 6481 6523 6522
f 6481 6482 6523
f 2792 2833 2834
f 2792 2834 2793
f 6482 6524 6523
f 6482 6483 6524
f 2793 2834 2835
f 2793 2835 2794
f 6483 6525 6524
f 6483 6484 6525
f 2794 2835 2836
f 2794 2836 2795
f 6484 6526 6525
f 6484 6485 6526
f 2795 2836 2837
f 2795 2837 2796
f 6485 6527 6526
f 6485 6486 6527
f 2796 2837 2838
f 2796 2838 2797
f 6486 6528 6527
f 6486 6487 6528
f 2797 2838 2839
f 2797 2839 2798
f 6487 6529 6528
f 6487 6488 6529
f 2798 2839 2840
f 2798 2840 2799
f 6488 6530 6529
f 6488 6489 6530
f 2799 2840 2841
f 2799 2841 2800
f 6489 6531 6530
f 6489 6490 6531
f 2800 2841 2842
f 2800 2842 2801
f 6490 6532 6531
f 6490 6491 6532
f 2801 2842 2843
f 2801 2843 2802
f 6491 6533 6532
f 6491 6492 6533
f 2802 2843 2844
f 2802 2844 2803
f 6492 6534 6533
f 6492 6493 6534
f 2803 2844 2845
f 2803 2845 2804
f 6493 6535 6534
f 6493 6494 6535
f 2804 2845 2846
f 2804 2846 2805
f 6494 6536 6535
f 6494 6495 6536
f 2805 2846 2847
f 2805 2847 2806
f 6495 6537 6536
f 6495 6496 6537
f 2806 2847 2848
f 2806 2848 2807
f 6496 6538 6537
f 6496 6497 6538
f 2807 2848 2849
f 2807 2849 2808
f 6497 6539 6538
f 6497 6498 6539
f 2808 2849 2850
f 2808 2850 2809
f 6498 6540 6539
f 6498 6499 6540
f 2809 2850 2851
f 2809 2851 2810
f 6499 6541 6540
f 6499 6500 6541
f 2810 2851 2852
f 2810 2852 2811
f 6500 6542 6541
f 6500 6501 6542
f 2811 2852 2853
f 2811 2853 2812
f 6501 6543 6542
f 6501 6502 6543
f 2812 2853 2854
f 2812 2854 2813
f 6502 6544 6543
f 6502 6503 6544
f 2813 2854 2855
f 2813 2855 2814
f 6503 6545 6544
f 6503 6504 6545
f 2814 2855 2856
f 2814 2856 2815
f 6504 6546 6545
f 6504 6505 6546
f 2815 2856 2857
f 2815 2857 2816
f 6505 6547 6546
f 6505 6506 6547
f 2816 2857 2858
f 2816 2858 2817
f 6506 6548 6547
f 6506 6507 6548
f 2817 2858 2859
f 2817 2859 2818
f 6507 6549 6548
f 6507 6508 6549
f 2818 2859 2860
f 2818 2860 2819
f 6508 6550 6549
f 6508 6509 6550
f 2819 2860 2861
f 2819 2861 2820
f 6509 6551 6550
f 6509 6510 6551
f 2820 2861 2862
f 2820 2862 2821
f 6510 6552 6551
f 6510 6511 6552
f 2821 2862 2863
f 2821 2863 2822
f 6511 6553 6552
f 6511 6512 6553
f 2822 2863 2864
f 2822 2864 2823
f 6512 6554 6553
f 6512 6513 6554
f 2823 2864 2865
f 2823 2865 2824
f 6513 6555 6554
f 6513 6514 6555
f 2824 2865 2866
f 2824 2866 2825
f 6514 6556 6555
f 6514 6515 6556
f 2825 2866 2867
f 2825 2867 2826
f 6515 6557 6556
f 6515 6516 6557
f 2826 2867 2868
f 2826 2868 2827
f 6516 6558 6557
f 6516 6517 6558
f 2827 2868 2869
f 2827 2869 2828
f 6517 6559 6558
f 6517 6518 6559
f 2828 2869 2870
f 2828 2870 2829
f 6518 6560 6559
f 6518 6519 6560
f 2830 2871 2872
f 2830 2872 2831
f 6520 6562 6561
f 6520 6521 6562
f 2831 2872 2873
f 2831 2873 2832
f 6521 6563 6562
f 6521 6522 6563
f 2832 2873 2874
f 2832 2874 2833
f 6522 6564 6563
f 6522 6523 6564
f 2833 2874 2875
f 2833 2875 2834
f 6523 6565 6564
f 6523 6524 6565
f 2834 2875 2876
f 2834 2876 2835
f 6524 6566 6565
f 6524 6525 6566
f 2835 2876 2877
f 2835 2877 2836
f 6525 6567 6566
f 6525 6526 6567
f 2836 2877 2878
f 2836 2878 2837
f 6526 6568 6567
f 6526 6527 6568
f 2837 2878 2879
f 2837 2879 2838
f 6527 6569 6568
f 6527 6528 6569
f 2838 2879 2880
f 2838 2880 2839
f 6528 6570 6569
f 6528 6529 6570
f 2839 2880 2881
f 2839 2881 2840
f 6529 6571 6570
f 6529 6530 6571
f 2840 2881 2882
f 2840 2882 2841
f 6530 6572 6571
f 6530 6531 6572
f 2841 2882 2883
f 2841 2883 2842
f 6531 6573 6572
f 6531 6532 6573
f 2842 2883 2884
f 2842 2884 2843
f 6532 6574 6573
f 6532 6533 6574
f 2843 2884 2885
f 2843 2885 2844
f 6533 6575 6574
f 6533 6534 6575
f 2844 2885 2886
f 2844 2886 2845
f 6534 6576 6575
f 6534 6535 6576
f 2845 2886 2887
f 2845 2887 2846
f 6535 6577 6576
f 6535 6536 6577
f 2846 2887 2888
f 2846 2888 2847
f 6536 6578 6577
f 6536 6537 6578
f 2847 2888 2889
f 2847 2889 2848
f 6537 6579 6578
f 6537 6538 6579
f 2848 2889 2890
f 2848 2890 2849
f 6538 6580 6579
f 6538 6539 6580
f 2849 2890 2891
f 2849 2891 2850
f 6539 6581 6580
f 6539 6540 6581
f 2850 2891 2892
f 2850 2892 2851
f 6540 6582 6581
f 6540 6541 6582
f 2851 2892 2893
f 2851 2893 2852
f 6541 6583 6582
f 6541 6542 6583
f 2852 2893 2894
f 2852 2894 2853
f 6542 6584 6583
f 6542 6543 6584
f 2853 2894 2895
f 2853 2895 2854
f 6543 6585 6584
f 6543 6544 6585
f 2854 2895 2896
f 2854 2896 2855
f 6544 6586 6585
f 6544 6545 6586
f 2855 2896 2897
f 2855 2897 2856
f 6545 6587 6586
f 6545 6546 6587
f 2856 2897 2898
f 2856 2898 2857
f 6546 6588 6587
f 6546 6547 6588
f 2857 2898 2899
f 2857 2899 2858
f 6547 6589 6588
f 6547 6548 6589
f 2858 2899 2900
f 2858 2900 2859
f 6548 6590 6589
f 6548 6549 6590
f 2859 2900 2901
f 2859 2901 2860
f 6549 6591 6590
f 6549 6550 6591
f 2860 2901 2902
f 2860 2902 2861
f 6550 6592 6591
f 6550 6551 6592
f 2861 2902 2903
f 2861 2903 2862
f 6551 6593 6592
f 6551 6552 6593
f 2862 2903 2904
f 2862 2904 2863
f 6552 6594 6593
f 6552 6553 6594
f 2863 2904 2905
f 2863 2905 2864
f 6553 6595 6594
f 6553 6554 6595
f 2864 2905 2906
f 2864 2906 2865
f 6554 6596 6595
f 6554 6555 6596
f 2865 2906 2907
f 2865 2907 2866
f 6555 6597 6596
f 6555 6556 6597
f 2866 2907 2908
f 2866 2908 2867
f 6556 6598 6597
f 6556 6557 6598
f 2867 2908 2909
f 2867 2909 2868
f 6557 6599 6598
f 6557 6558 6599
f 2868 2909 2910
f 2868 2910 2869
f 6558 6600 6599
f 6558 6559 6600
f 2869 2910 2911
f 2869 2911 2870
f 6559 6601 6600
f 6559 6560 6601
f 2871 2912 2913
f 2871 2913 2872
f 6561 6603 6602
f 6561 6562 6603
f 2872 2913 2914
f 2872 2914 2873
f 6562 6604 6603
f 6562 6563 6604
f 2873 2914 2915
f 2873 2915 2874
f 6563 6605 6604
f 6563 6564 6605
f 2874 2915 2916
f 2874 2916 2875
f 6564 6606 6605
f 6564 6565 6606
f 2875 2916 2917
f 2875 2917 2876
f 6565 6607 6606
f 6565 6566 6607
f 2876 2917 2918
f 2876 2918 2877
f 6566 6608 6607
f 6566 6567 6608
f 2877 2918 2919
f 2877 2919 2878
f 6567 6609 6608
f 6567 6568 6609
f 2878 2919 2920
f 2878 2920 2879
f 6568 6610 6609
f 6568 6569 6610
f 2879 2920 2921
f 2879 2921 2880
f 6569 6611 6610
f 6569 6570 6611
f 2880 2921 2922
f 2880 2922 2881
f 6570 6612 6611
f 6570 6571 6612
f 2881 2922 2923
f 2881 2923 2882
f 6571 6613 6612
f 6571 6572 6613
f 2882 2923 2924
f 2882 2924 2883
f 6572 6614 6613
f 6572 6573 6614
f 2883 2924 2925
f 2883 2925 2884
f 6573 6615 6614
f 6573 6574 6615
f 2884 2925 2926
f 2884 2926 2885
f 6574 6616 6615
f 6574 6575 6616
f 2885 2926 2927
f 2885 2927 2886
f 6575 6617 6616
f 6575 6576 6617
f 2886 2927 2928
f 2886 2928 2887
f 6576 6618 6617
f 6576 6577 6618
f 2887 2928 2929
f 2887 2929 2888
f 6577 6619 6618
f 6577 6578 6619
f 2888 2929 2930
f 2888 2930 2889
f 6578 6620 6619
f 6578 6579 6620
f 2889 2930 2931
f 2889 2931 2890
f 6579 6621 6620
f 6579 6580 6621
f 2890 2931 2932
f 2890 2932 2891
f 6580 6622 6621
f 6580 6581 6622
f 2891 2932 2933
f 2891 2933 2892
f 6581 6623 6622
f 6581 6582 6623
f 2892 2933 2934
f 2892 2934 2893
f 6582 6624 6623
f 6582 6583 6624
f 2893 2934 2935
f 2893 2935 2894
f 6583 6625 6624
f 6583 6584 6625
f 2894 2935 2936
f 2894 2936 2895
f 6584 6626 6625
f 6584 6585 6626
f 2895 2936 2937
f 2895 2937 2896
f 6585 6627 6626
f 6585 6586 6627
f 2896 2937 2938
f 2896 2938 2897
f 6586 6628 6627
f 6586 6587 6628
f 2897 2938 2939
f 2897 2939 2898
f 6587 6629 6628
f 6587 6588 6629
f 2898 2939 2940
f 2898 2940 2899
f 6588 6630 6629
f 6588 6589 6630
f 2899 2940 2941
f 2899 2941 2900
f 6589 6631 6630
f 6589 6590 6631
f 2900 2941 2942
f 2900 2942 2901
f 6590 6632 6631
f 6590 6591 6632
f 2901 2942 2943
f 2901 2943 2902
f 6591 6633 6632
f 6591 6592 6633
f 2902 2943 2944
f 2902 2944 2903
f 6592 6634 6633
f 6592 6593 6634
f 2903 2944 2945
f 2903 2945 2904
f 6593 6635 6634
f 6593 6594 6635
f 2904 2945 2946
f 2904 2946 2905
f 6594 6636 6635
f 6594 6595 6636
f 2905 2946 2947
f 2905 2947 2906
f 6595 6637 6636
f 6595 6596 6637
f 2906 2947 2948
f 2906 2948 2907
f 6596 6638 6637
f 6596 6597 6638
f 2907 2948 2949
f 2907 2949 2908
f 6597 6639 6638
f 6597 6598 6639
f 2908 2949 2950
f 2908 2950 2909
f 6598 6640 6639
f 6598 6599 6640
f 2909 2950 2951
f 2909 2951 2910
f 6599 6641 6640
f 6599 6600 6641
f 2910 2951 2952
f 2910 2952 2911
f 6600 6642 6641
f 6600 6601 6642
f 2912 2953 2954
f 2912 2954 2913
f 6602 6644 6643
f 6602 6603 6644
f 2913 2954 2955
f 2913 2955 2914
f 6603 6645 6644
f 6603 6604 6645
f 2914 2955 2956
f 2914 2956 2915
f 6604 6646 6645
f 6604 6605 6646
f 2915 2956 2957
f 2915 2957 2916
f 6605 6647 6646
f 6605 6606 6647
f 2916 2957 2958
f 2916 2958 2917
f 6606 6648 6647
f 6606 6607 6648
f 2917 2958 2959
f 2917 2959 2918
f 6607 6649 6648
f 6607 6608 6649
f 2918 2959 2960
f 2918 2960 2919
f 6608 6650 6649
f 6608 6609 6650
f 2919 2960 2961
f 2919 2961 2920
f 6609 6651 6650
f 6609 6610 6651
f 2920 2961 2962
f 2920 2962 2921
f 6610 6652 6651
f 6610 6611 6652
f 2921 2962 2963
f 2921 2963 2922
f 6611 6653 6652
f 6611 6612 6653
f 2922 2963 2964
f 2922 2964 2923
f 6612 6654 6653
f 6612 6613 6654
f 2923 2964 2965
f 2923 2965 2924
f 6613 6655 6654
f 6613 6614 6655
f 2924 2965 2966
f 2924 2966 2925
f 6614 6656 6655
f 6614 6615 6656
f 2925 2966 2967
f 2925 2967 2926
f 6615 6657 6656
f 6615 6616 6657
f 2926 2967 2968
f 2926 2968 2927
f 6616 6658 6657
f 6616 6617 6658
f 2927 2968 2969
f 2927 2969 2928
f 6617 6659 6658
f 6617 6618 6659
f 2928 2969 2970
f 2928 2970 2929
f 6618 6660 6659
f 6618 6619 6660
f 2929 2970 2971
f 2929 2971 2930
f 6619 6661 6660
f 6619 6620 6661
f 2930 2971 2972
f 2930 2972 2931
f 6620 6662 6661
f 6620 6621 6662
f 2931 2972 2973
f 2931 2973 2932
f 6621 6663 6662
f 6621 6622 6663
f 2932 2973 2974
f 2932 2974 2933
f 6622 6664 6663
f 6622 6623 6664
f 2933 2974 2975
f 2933 2975 2934
f 6623 6665 6664
f 6623 6624 6665
f 2934 2975 2976
f 2934 2976 2935
f 6624 6666 6665
f 6624 6625 6666
f 2935 2976 2977
f 2935 2977 2936
f 6625 6667 6666
f 6625 6626 6667
f 2936 2977 2978
f 2936 2978 2937
f 6626 6668 6667
f 6626 6627 6668
f 2937 2978 2979
f 2937 2979 2938
f 6627 6669 6668
f 6627 6628 6669
f 2938 2979 2980
f 2938 2980 2939
f 6628 6670 6669
f 6628 6629 6670
f 2939 2980 2981
f 2939 2981 2940
f 6629 6671 6670
f 6629 6630 6671
f 2940 2981 2982
f 2940 2982 2941
f 6630 6672 6671
f 6630 6631 6672
f 2941 2982 2983
f 2941 2983 2942
f 6631 6673 6672
f 6631 6632 6673
f 2942 2983 2984
f 2942 2984 2943
f 6632 6674 6673
f 6632 6633 6674
f 2943 2984 2985
f 2943 2985 2944
f 6633 6675 6674
f 6633 6634 6675
f 2944 2985 2986
f 2944 2986 2945
f 6634 6676 6675
f 6634 6635 6676
f 2945 2986 2987
f 2945 2987 2946
f 6635 6677 6676
f 6635 6636 6677
f 2946 2987 2988
f 2946 2988 2947
f 6636 6678 6677
f 6636 6637 6678
f 2947 2988 2989
f 2947 2989 2948
f 6637 6679 6678
f 6637 6638 6679
f 2948 2989 2990
f 2948 2990 2949
f 6638 6680 6679
f 6638 6639 6680
f 2949 2990 2991
f 2949 2991 2950
f 6639 6681 6680
f 6639 6640 6681
f 2950 2991 2992
f 2950 2992 2951
f 6640 6682 6681
f 6640 6641 6682
f 2951 2992 2993
f 2951 2993 2952
f 6641 6683 6682
f 6641 6642 6683
f 2953 2994 2995
f 2953 2995 2954
f 6643 6685 6684
f 6643 6644 6685
f 2954 2995 2996
f 2954 2996 2955
f 6644 6686 6685
f 6644 6645 6686
f 2955 2996 2997
f 2955 2997 2956
f 6645 6687 6686
f 6645 6646 6687
f 2956 2997 2998
f 2956 2998 2957
f 6646 6688 6687
f 6646 6647 6688
f 2957 2998 2999
f 2957 2999 2958
f 6647 6689 6688
f 6647 6648 6689
f 2958 2999 3000
f 2958 3000 2959
f 6648 6690 6689
f 6648 6649 6690
f 2959 3000 3001
f 2959 3001 2960
f 6649 6691 6690
f 6649 6650 6691
f 2960 3001 3002
f 2960 3002 2961
f 6650 6692 6691
f 6650 6651 6692
f 2961 3002 3003
f 2961 3003 2962
f 6651 6693 6692
f 6651 6652 6693
f 2962 3003 3004
f 2962 3004 2963
f 6652 6694 6693
f 6652 6653 6694
f 2963 3004 3005
f 2963 3005 2964
f 6653 6695 6694
f 6653 6654 6695
f 2964 3005 3006
f 2964 3006 2965
f 6654 6696 6695
f 6654 6655 6696
f 2965 3006 3007
f 2965 3007 2966
f 6655 6697 6696
f 6655 6656 6697
f 2966 3007 3008
f 2966 3008 2967
f 6656 6698 6697
f 6656 6657 6698
f 2967 3008 3009
f 2967 3009 2968
f 6657 6699 6698
f 6657 6658 6699
f 2968 3009 3010
f 2968 3010 2969
f 6658 6700 6699
f 6658 6659 6700
f 2969 3010 3011
f 2969 3011 2970
f 6659 6701 6700
f 6659 6660 6701
f 2970 3011 3012
f 2970 3012 2971
f 6660 6702 6701
f 6660 6661 6702
f 2971 3012 3013
f 2971 3013 2972
f 6661 6703 6702
f 6661 6662 6703
f 2972 3013 3014
f 2972 3014 2973
f 6662 6704 6703
f 6662 6663 6704
f 2973 3014 3015
f 2973 3015 2974
f 6663 6705 6704
f 6663 6664 6705
f 2974 3015 3016
f 2974 3016 2975
f 6664 6706 6705
f 6664 6665 6706
f 2975 3016 3017
f 2975 3017 2976
f 6665 6707 6706
f 6665 6666 6707
f 2976 3017 3018
f 2976 3018 2977
f 6666 6708 6707
f 6666 6667 6708
f 2977 3018 3019
f 2977 3019 2978
f 6667 6709 6708
f 6667 6668 6709
f 2978 3019 3020
f 2978 3020 2979
f 6668 6710 6709
f 6668 6669 6710
f 2979 3020 3021
f 2979 3021 2980
f 6669 6711 6710
f 6669 6670 6711
f 2980 3021 3022
f 2980 3022 2981
f 6670 6712 6711
f 6670 6671 6712
f 2981 3022 3023
f 2981 3023 2982
f 6671 6713 6712
f 6671 6672 6713
f 2982 3023 3024
f 2982 3024 2983
f 6672 6714 6713
f 6672 6673 6714
f 2983 3024 3025
f 2983 3025 2984
f 6673 6715 6714
f 6673 6674 6715
f 2984 3025 3026
f 2984 3026 2985
f 6674 6716 6715
f 6674 6675 6716
f 2985 3026 3027
f 2985 3027 2986
f 6675 6717 6716
f 6675 6676 6717
f 2986 3027 3028
f 2986 3028 2987
f 6676 6718 6717
f 6676 6677 6718
f 2987 3028 3029
f 2987 3029 2988
f 6677 6719 6718
f 6677 6678 6719
f 2988 3029 3030
f 2988 3030 2989
f 6678 6720 6719
f 6678 6679 6720
f 2989 3030 3031
f 2989 3031 2990
f 6679 6721 6720
f 6679 6680 6721
f 2990 3031 3032
f 2990 3032 2991
f 6680 6722 6721
f 6680 6681 6722
f 2991 3032 3033
f 2991 3033 2992
f 6681 6723 6722
f 6681 6682 6723
f 2992 3033 3034
f 2992 3034 2993
f 6682 6724 6723
f 6682 6683 6724
f 2994 3035 3036
f 2994 3036 2995
f 6684 6726 6725
f 6684 6685 6726
f 2995 3036 3037
f 2995 3037 2996
f 6685 6727 6726
f 6685 6686 6727
f 2996 3037 3038
f 2996 3038 2997
f 6686 6728 6727
f 6686 6687 6728
f 2997 3038 3039
f 2997 3039 2998
f 6687 6729 6728
f 6687 6688 6729
f 2998 3039 3040
f 2998 3040 2999
f 6688 6730 6729
f 6688 6689 6730
f 2999 3040 3041
f 2999 3041 3000
f 6689 6731 6730
f 6689 6690 6731
f 3000 3041 3042
f 3000 3042 3001
f 6690 6732 6731
f 6690 6691 6732
f 3001 3042 3043
f 3001 3043 3002
f 6691 6733 6732
f 6691 6692 6733
f 3002 3043 3044
f 3002 3044 3003
f 6692 6734 6733
f 6692 6693 6734
f 3003 3044 3045
f 3003 3045 3004
f 6693 6735 6734
f 6693 6694 6735
f 3004 3045 3046
f 3004 3046 3005
f 6694 6736 6735
f 6694 6695 6736
f 3005 3046 3047
f 3005 3047 3006
f 6695 6737 6736
f 6695 6696 6737
f 3006 3047 3048
f 3006 3048 3007
f 6696 6738 6737
f 6696 6697 6738
f 3007 3048 3049
f 3007 3049 3008
f 6697 6739 6738
f 6697 6698 6739
f 3008 3049 3050
f 3008 3050 3009
f 6698 6740 6739
f 6698 6699 6740
f 3009 3050 3051
f 3009 3051 3010
f 6699 6741 6740
f 6699 6700 6741
f 3010 3051 3052
f 3010 3052 3011
f 6700 6742 6741
f 6700 6701 6742
f 3011 3052 3053
f 3011 3053 3012
f 6701 6743 6742
f 6701 6702 6743
f 3012 3053 3054
f 3012 3054 3013
f 6702 6744 6743
f 6702 6703 6744
f 3013 3054 3055
f 3013 3055 3014
f 6703 6745 6744
f 6703 6704 6745
f 3014 3055 3056
f 3014 3056 3015
f 6704 6746 6745
f 6704 6705 6746
f 3015 3056 3057
f 3015 3057 3016
f 6705 6747 6746
f 6705 6706 6747
f 3016 3057 3058
f 3016 3058 3017
f 6706 6748 6747
f 6706 6707 6748
f 3017 3058 3059
f 3017 3059 3018
f 6707 6749 6748
f 6707 6708 6749
f 3018 3059 3060
f 3018 3060 3019
f 6708 6750 6749
f 6708 6709 6750
f 3019 3060 3061
f 3019 3061 3020
f 6709 6751 6750
f 6709 6710 6751
f 3020 3061 3062
f 3020 3062 3021
f 6710 6752 6751
f 6710 6711 6752
f 3021 3062 3063
f 3021 3063 3022
f 6711 6753 6752
f 6711 6712 6753
f 3022 3063 3064
f 3022 3064 3023
f 6712 6754 6753
f 6712 6713 6754
f 3023 3064 3065
f 3023 3065 3024
f 6713 6755 6754
f 6713 6714 6755
f 3024 3065 3066
f 3024 3066 3025
f 6714 6756 6755
f 6714 6715 6756
f 3025 3066 3067
f 3025 3067 3026
f 6715 6757 6756
f 6715 6716 6757
f 3026 3067 3068
f 3026 3068 3027
f 6716 6758 6757
f 6716 6717 6758
f 3027 3068 3069
f 3027 3069 3028
f 6717 6759 6758
f 6717 6718 6759
f 3028 3069 3070
f 3028 3070 3029
f 6718 6760 6759
f 6718 6719 6760
f 3029 3070 3071
f 3029 3071 3030
f 6719 6761 6760
f 6719 6720 6761
f 3030 3071 3072
f 3030 3072 3031
f 6720 6762 6761
f 6720 6721 6762
f 3031 3072 3073
f 3031 3073 3032
f 6721 6763 6762
f 6721 6722 6763
f 3032 3073 3074
f 3032 3074 3033
f 6722 6764 6763
f 6722 6723 6764
f 3033 3074 3075
f 3033 3075 3034
f 6723 6765 6764
f 6723 6724 6765
f 3035 3076 3077
f 3035 3077 3036
f 6725 6767 6766
f 6725 6726 6767
f 3036 3077 3078
f 3036 3078 3037
f 6726 6768 6767
f 6726 6727 6768
f 3037 3078 3079
f 3037 3079 3038
f 6727 6769 6768
f 6727 6728 6769
f 3038 3079 3080
f 3038 3080 3039
f 6728 6770 6769
f 6728 6729 6770
f 3039 3080 3081
f 3039 3081 3040
f 6729 6771 6770
f 6729 6730 6771
f 3040 3081 3082
f 3040 3082 3041
f 6730 6772 6771
f 6730 6731 6772
f 3041 3082 3083
f 3041 3083 3042
f 6731 6773 6772
f 6731 6732 6773
f 3042 3083 3084
f 3042 3084 3043
f 6732 6774 6773
f 6732 6733 6774
f 3043 3084 3085
f 3043 3085 3044
f 6733 6775 6774
f 6733 6734 6775
f 3044 3085 3086
f 3044 3086 3045
f 6734 6776 6775
f 6734 6735 6776
f 3045 3086 3087
f 3045 3087 3046
f 6735 6777 6776
f 6735 6736 6777
f 3046 3087 3088
f 3046 3088 3047
f 6736 6778 6777
f 6736 6737 6778
f 3047 3088 3089
f 3047 3089 3048
f 6737 6779 6778
f 6737 6738 6779
f 3048 3089 3090
f 3048 3090 3049
f 6738 6780 6779
f 6738 6739 6780
f 3049 3090 3091
f 3049 3091 3050
f 6739 6781 6780
f 6739 6740 6781
f 3050 3091 3092
f 3050 3092 3051
f 6740 6782 6781
f 6740 6741 6782
f 3051 3092 3093
f 3051 3093 3052
f 6741 6783 6782
f 6741 6742 6783
f 3052 3093 3094
f 3052 3094 3053
f 6742 6784 6783
f 6742 6743 6784
f 3053 3094 3095
f 3053 3095 3054
f 6743 6785 6784
f 6743 6744 6785
f 3054 3095 3096
f 3054 3096 3055
f 6744 6786 6785
f 6744 6745 6786
f 3055 3096 3097
f 3055 3097 3056
f 6745 6787 6786
f 6745 6746 6787
f 3056 3097 3098
f 3056 3098 3057
f 6746 6788 6787
f 6746 6747 6788
f 3057 3098 3099
f 3057 3099 3058
f 6747 6789 6788
f 6747 6748 6789
f 3058 3099 3100
f 3058 3100 3059
f 6748 6790 6789
f 6748 6749 6790
f 3059 3100 3101
f 3059 3101 3060
f 6749 6791 6790
f 6749 6750 6791
f 3060 3101 3102
f 3060 3102 3061
f 6750 6792 6791
f 6750 6751 6792
f 3061 3102 3103
f 3061 3103 3062
f 6751 6793 6792
f 6751 6752 6793
f 3062 3103 3104
f 3062 3104 3063
f 6752 6794 6793
f 6752 6753 6794
f 3063 3104 3105
f 3063 3105 3064
f 6753 6795 6794
f 6753 6754 6795
f 3064 3105 3106
f 3064 3106 3065
f 6754 6796 6795
f 6754 6755 6796
f 3065 3106 3107
f 3065 3107 3066
f 6755 6797 6796
f 6755 6756 6797
f 3066 3107 3108
f 3066 3108 3067
f 6756 6798 6797
f 6756 6757 6798
f 3067 3108 3109
f 3067 3109 3068
f 6757 6799 6798
f 6757 6758 6799
f 3068 3109 3110
f 3068 3110 3069
f 6758 6800 6799
f 6758 6759 6800
f 3069 3110 3111
f 3069 3111 3070
f 6759 6801 6800
f 6759 6760 6801
f 3070 3111 3112
f 3070 3112 3071
f 6760 6802 6801
f 6760 6761 6802
f 3071 3112 3113
f 3071 3113 3072
f 6761 6803 6802
f 6761 6762 6803
f 3072 3113 3114
f 3072 3114 3073
f 6762 6804 6803
f 6762 6763 6804
f 3073 3114 3115
f 3073 3115 3074
f 6763 6805 6804
f 6763 6764 6805
f 3074 3115 3116
f 3074 3116 3075
f 6764 6806 6805
f 6764 6765 6806
f 3076 3117 3118
f 3076 3118 3077
f 6766 6808 6807
f 6766 6767 6808
f 3077 3118 3119
f 3077 3119 3078
f 6767 6809 6808
f 6767 6768 6809
f 3078 3119 3120
f 3078 3120 3079
f 6768 6810 6809
f 6768 6769 6810
f 3079 3120 3121
f 3079 3121 3080
f 6769 6811 6810
f 6769 6770 6811
f 3080 3121 3122
f 3080 3122 3081
f 6770 6812 6811
f 6770 6771 6812
f 3081 3122 3123
f 3081 3123 3082
f 6771 6813 6812
f 6771 6772 6813
f 3082 3123 3124
f 3082 3124 3083
f 6772 6814 6813
f 6772 6773 6814
f 3083 3124 3125
f 3083 3125 3084
f 6773 6815 6814
f 6773 6774 6815
f 3084 3125 3126
f 3084 3126 3085
f 6774 6816 6815
f 6774 6775 6816
f 3085 3126 3127
f 3085 3127 3086
f 6775 6817 6816
f 6775 6776 6817
f 3086 3127 3128
f 3086 3128 3087
f 6776 6818 6817
f 6776 6777 6818
f 3087 3128 3129
f 3087 3129 3088
f 6777 6819 6818
f 6777 6778 6819
f 3088 3129 3130
f 3088 3130 3089
f 6778 6820 6819
f 6778 6779 6820
f 3089 3130 3131
f 3089 3131 3090
f 6779 6821 6820
f 6779 6780 6821
f 3090 3131 3132
f 3090 3132 3091
f 6780 6822 6821
f 6780 6781 6822
f 3091 3132 3133
f 3091 3133 3092
f 6781 6823 6822
f 6781 6782 6823
f 3092 3133 3134
f 3092 3134 3093
f 6782 6824 6823
f 6782 6783 6824
f 3093 3134 3135
f 3093 3135 3094
f 6783 6825 6824
f 6783 6784 6825
f 3094 3135 3136
f 3094 3136 3095
f 6784 6826 6825
f 6784 6785 6826
f 3095 3136 3137
f 3095 3137 3096
f 6785 6827 6826
f 6785 6786 6827
f 3096 3137 3138
f 3096 3138 3097
f 6786 6828 6827
f 6786 6787 6828
f 3097 3138 3139
f 3097 3139 3098
f 6787 6829 6828
f 6787 6788 6829
f 3098 3139 3140
f 3098 3140 3099
f 6788 6830 6829
f 6788 6789 6830
f 3099 3140 3141
f 3099 3141 3100
f 6789 6831 6830
f 6789 6790 6831
f 3100 3141 3142
f 3100 3142 3101
f 6790 6832 6831
f 6790 6791 6832
f 3101 3142 3143
f 3101 3143 3102
f 6791 6833 6832
f 6791 6792 6833
f 3102 3143 3144
f 3102 3144 3103
f 6792 6834 6833
f 6792 6793 6834
f 3103 3144 3145
f 3103 3145 3104
f 6793 6835 6834
f 6793 6794 6835
f 3104 3145 3146
f 3104 3146 3105
f 6794 6836 6835
f 6794 6795 6836
f 3105 3146 3147
f 3105 3147 3106
f 6795 6837 6836
f 6795 6796 6837
f 3106 3147 3148
f 3106 3148 3107
f 6796 6838 6837
f 6796 6797 6838
f 3107 3148 3149
f 3107 3149 3108
f 6797 6839 6838
f 6797 6798 6839
f 3108 3149 3150
f 3108 3150 3109
f 6798 6840 6839
f 6798 6799 6840
f 3109 3150 3151
f 3109 3151 3110
f 6799 6841 6840
f 6799 6800 6841
f 3110 3151 3152
f 3110 3152 3111
f 6800 6842 6841
f 6800 6801 6842
f 3111 3152 3153
f 3111 3153 3112
f 6801 6843 6842
f 6801 6802 6843
f 3112 3153 3154
f 3112 3154 3113
f 6802 6844 6843
f 6802 6803 6844
f 3113 3154 3155
f 3113 3155 3114
f 6803 6845 6844
f 6803 6804 6845
f 3114 3155 3156
f 3114 3156 3115
f 6804 6846 6845
f 6804 6805 6846
f 3115 3156 3157
f 3115 3157 3116
f 6805 6847 6846
f 6805 6806 6847
f 3117 3158 3159
f 3117 3159 3118
f 6807 6849 6848
f 6807 6808 6849
f 3118 3159 3160
f 3118 3160 3119
f 6808 6850 6849
f 6808 6809 6850
f 3119 3160 3161
f 3119 3161 3120
f 6809 6851 6850
f 6809 6810 6851
f 3120 3161 3162
f 3120 3162 3121
f 6810 6852 6851
f 6810 6811 6852
f 3121 3162 3163
f 3121 3163 3122
f 6811 6853 6852
f 6811 6812 6853
f 3122 3163 3164
f 3122 3164 3123
f 6812 6854 6853
f 6812 6813 6854
f 3123 3164 3165
f 3123 3165 3124
f 6813 6855 6854
f 6813 6814 6855
f 3124 3165 3166
f 3124 3166 3125
f 6814 6856 6855
f 6814 6815 6856
f 3125 3166 3167
f 3125 3167 3126
f 6815 6857 6856
f 6815 6816 6857
f 3126 3167 3168
f 3126 3168 3127
f 6816 6858 6857
f 6816 6817 6858
f 3127 3168 3169
f 3127 3169 3128
f 6817 6859 6858
f 6817 6818 6859
f 3128 3169 3170
f 3128 3170 3129
f 6818 6860 6859
f 6818 6819 6860
f 3129 3170 3171
f 3129 3171 3130
f 6819 6861 6860
f 6819 6820 6861
f 3130 3171 3172
f 3130 3172 3131
f 6820 6862 6861
f 6820 6821 6862
f 3131 3172 3173
f 3131 3173 3132
f 6821 6863 6862
f 6821 6822 6863
f 3132 3173 3174
f 3132 3174 3133
f 6822 6864 6863
f 6822 6823 6864
f 3133 3174 3175
f 3133 3175 3134
f 6823 6865 6864
f 6823 6824 6865
f 3134 3175 3176
f 3134 3176 3135
f 6824 6866 6865
f 6824 6825 6866
f 3135 3176 3177
f 3135 3177 3136
f 6825 6867 6866
f 6825 6826 6867
f 3136 3177 3178
f 3136 3178 3137
f 6826 6868 6867
f 6826 6827 6868
f 3137 3178 3179
f 3137 3179 3138
f 6827 6869 6868
f 6827 6828 6869
f 3138 3179 3180
f 3138 3180 3139
f 6828 6870 6869
f 6828 6829 6870
f 3139 3180 3181
f 3139 3181 3140
f 6829 6871 6870
f 6829 6830 6871
f 3140 3181 3182
f 3140 3182 3141
f 6830 6872 6871
f 6830 6831 6872
f 3141 3182 3183
f 3141 3183 3142
f 6831 6873 6872
f 6831 6832 6873
f 3142 3183 3184
f 3142 3184 3143
f 6832 6874 6873
f 6832 6833 6874
f 3143 3184 3185
f 3143 3185 3144
f 6833 6875 6874
f 6833 6834 6875
f 3144 3185 3186
f 3144 3186 3145
f 6834 6876 6875
f 6834 6835 6876
f 3145 3186 3187
f 3145 3187 3146
f 6835 6877 6876
f 6835 6836 6877
f 3146 3187 3188
f 3146 3188 3147
f 6836 6878 6877
f 6836 6837 6878
f 3147 3188 3189
f 3147 3189 3148
f 6837 6879 6878
f 6837 6838 6879
f 3148 3189 3190
f 3148 3190 3149
f 6838 6880 6879
f 6838 6839 6880
f 3149 3190 3191
f 3149 3191 3150
f 6839 6881 6880
f 6839 6840 6881
f 3150 3191 3192
f 3150 3192 3151
f 6840 6882 6881
f 6840 6841 6882
f 3151 3192 3193
f 3151 3193 3152
f 6841 6883 6882
f 6841 6842 6883
f 3152 3193 3194
f 3152 3194 3153
f 6842 6884 6883
f 6842 6843 6884
f 3153 3194 3195
f 3153 3195 3154
f 6843 6885 6884
f 6843 6844 6885
f 3154 3195 3196
f 3154 3196 3155
f 6844 6886 6885
f 6844 6845 6886
f 3155 3196 3197
f 3155 3197 3156
f 6845 6887 6886
f 6845 6846 6887
f 3156 3197 3198
f 3156 3198 3157
f 6846 6888 6887
f 6846 6847 6888
f 3158 3199 3200
f 3158 3200 3159
f 6848 6890 6889
f 6848 6849 6890
f 3159 3200 3201
f 3159 3201 3160
f 6849 6891 6890
f 6849 6850 6891
f 3160 3201 3202
f 3160 3202 3161
f 6850 6892 6891
f 6850 6851 6892
f 3161 3202 3203
f 3161 3203 3162
f 6851 6893 6892
f 6851 6852 6893
f 3162 3203 3204
f 3162 3204 3163
f 6852 6894 6893
f 6852 6853 6894
f 3163 3204 3205
f 3163 3205 3164
f 6853 6895 6894
f 6853 6854 6895
f 3164 3205 3206
f 3164 3206 3165
f 6854 6896 6895
f 6854 6855 6896
f 3165 3206 3207
f 3165 3207 3166
f 6855 6897 6896
f 6855 6856 6897
f 3166 3207 3208
f 3166 3208 3167
f 6856 6898 6897
f 6856 6857 6898
f 3167 3208 3209
f 3167 3209 3168
f 6857 6899 6898
f 6857 6858 6899
f 3168 3209 3210
f 3168 3210 3169
f 6858 6900 6899
f 6858 6859 6900
f 3169 3210 3211
f 3169 3211 3170
f 6859 6901 6900
f 6859 6860 6901
f 3170 3211 3212
f 3170 3212 3171
f 6860 6902 6901
f 6860 6861 6902
f 3171 3212 3213
f 3171 3213 3172
f 6861 6903 6902
f 6861 6862 6903
f 3172 3213 3214
f 3172 3214 3173
f 6862 6904 6903
f 6862 6863 6904
f 3173 3214 3215
f 3173 3215 3174
f 6863 6905 6904
f 6863 6864 6905
f 3174 3215 3216
f 3174 3216 3175
f 6864 6906 6905
f 6864 6865 6906
f 3175 3216 3217
f 3175 3217 3176
f 6865 6907 6906
f 6865 6866 6907
f 3176 3217 3218
f 3176 3218 3177
f 6866 6908 6907
f 6866 6867 6908
f 3177 3218 3219
f 3177 3219 3178
f 6867 6909 6908
f 6867 6868 6909
f 3178 3219 3220
f 3178 3220 3179
f 6868 6910 6909
f 6868 6869 6910
f 3179 3220 3221
f 3179 3221 3180
f 6869 6911 6910
f 6869 6870 6911
f 3180 3221 3222
f 3180 3222 3181
f 6870 6912 6911
f 6870 6871 6912
f 3181 3222 3223
f 3181 3223 3182
f 6871 6913 6912
f 6871 6872 6913
f 3182 3223 3224
f 3182 3224 3183
f 6872 6914 6913
f 6872 6873 6914
f 3183 3224 3225
f 3183 3225 3184
f 6873 6915 6914
f 6873 6874 6915
f 3184 3225 3226
f 3184 3226 3185
f 6874 6916 6915
f 6874 6875 6916
f 3185 3226 3227
f 3185 3227 3186
f 6875 6917 6916
f 6875 6876 6917
f 3186 3227 3228
f 3186 3228 3187
f 6876 6918 6917
f 6876 6877 6918
f 3187 3228 3229
f 3187 3229 3188
f 6877 6919 6918
f 6877 6878 6919
f 3188 3229 3230
f 3188 3230 3189
f 6878 6920 6919
f 6878 6879 6920
f 3189 3230 3231
f 3189 3231 3190
f 6879 6921 6920
f 6879 6880 6921
f 3190 3231 3232
f 3190 3232 3191
f 6880 6922 6921
f 6880 6881 6922
f 3191 3232 3233
f 3191 3233 3192
f 6881 6923 6922
f 6881 6882 6923
f 3192 3233 3234
f 3192 3234 3193
f 6882 6924 6923
f 6882 6883 6924
f 3193 3234 3235
f 3193 3235 3194
f 6883 6925 6924
f 6883 6884 6925
f 3194 3235 3236
f 3194 3236 3195
f 6884 6926 6925
f 6884 6885 6926
f 3195 3236 3237
f 3195 3237 3196
f 6885 6927 6926
f 6885 6886 6927
f 3196 3237 3238
f 3196 3238 3197
f 6886 6928 6927
f 6886 6887 6928
f 3197 3238 3239
f 3197 3239 3198
f 6887 6929 6928
f 6887 6888 6929
f 3199 3240 3241
f 3199 3241 3200
f 6889 6931 6930
f 6889 6890 6931
f 3200 3241 3242
f 3200 3242 3201
f 6890 6932 6931
f 6890 6891 6932
f 3201 3242 3243
f 3201 3243 3202
f 6891 6933 6932
f 6891 6892 6933
f 3202 3243 3244
f 3202 3244 3203
f 6892 6934 6933
f 6892 6893 6934
f 3203 3244 3245
f 3203 3245 3204
f 6893 6935 6934
f 6893 6894 6935
f 3204 3245 3246
f 3204 3246 3205
f 6894 6936 6935
f 6894 6895 6936
f 3205 3246 3247
f 3205 3247 3206
f 6895 6937 6936
f 6895 6896 6937
f 3206 3247 3248
f 3206 3248 3207
f 6896 6938 6937
f 6896 6897 6938
f 3207 3248 3249
f 3207 3249 3208
f 6897 6939 6938
f 6897 6898 6939
f 3208 3249 3250
f 3208 3250 3209
f 6898 6940 6939
f 6898 6899 6940
f 3209 3250 3251
f 3209 3251 3210
f 6899 6941 6940
f 6899 6900 6941
f 3210 3251 3252
f 3210 3252 3211
f 6900 6942 6941
f 6900 6901 6942
f 3211 3252 3253
f 3211 3253 3212
f 6901 6943 6942
f 6901 6902 6943
f 3212 3253 3254
f 3212 3254 3213
f 6902 6944 6943
f 6902 6903 6944
f 3213 3254 3255
f 3213 3255 3214
f 6903 6945 6944
f 6903 6904 6945
f 3214 3255 3256
f 3214 3256 3215
f 6904 6946 6945
f 6904 6905 6946
f 3215 3256 3257
f 3215 3257 3216
f 6905 6947 6946
f 6905 6906 6947
f 3216 3257 3258
f 3216 3258 3217
f 6906 6948 6947
f 6906 6907 6948
f 3217 3258 3259
f 3217 3259 3218
f 6907 6949 6948
f 6907 6908 6949
f 3218 3259 3260
f 3218 3260 3219
f 6908 6950 6949
f 6908 6909 6950
f 3219 3260 3261
f 3219 3261 3220
f 6909 6951 6950
f 6909 6910 6951
f 3220 3261 3262
f 3220 3262 3221
f 6910 6952 6951
f 6910 6911 6952
f 3221 3262 3263
f 3221 3263 3222
f 6911 6953 6952
f 6911 6912 6953
f 3222 3263 3264
f 3222 3264 3223
f 6912 6954 6953
f 6912 6913 6954
f 3223 3264 3265
f 3223 3265 3224
f 6913 6955 6954
f 6913 6914 6955
f 3224 3265 3266
f 3224 3266 3225
f 6914 6956 6955
f 6914 6915 6956
f 3225 3266 3267
f 3225 3267 3226
f 6915 6957 6956
f 6915 6916 6957
f 3226 3267 3268
f 3226 3268 3227
f 6916 6958 6957
f 6916 6917 6958
f 3227 3268 3269
f 3227 3269 3228
f 6917 6959 6958
f 6917 6918 6959
f 3228 3269 3270
f 3228 3270 3229
f 6918 6960 6959
f 6918 6919 6960
f 3229 3270 3271
f 3229 3271 3230
f 6919 6961 6960
f 6919 6920 6961
f 3230 3271 3272
f 3230 3272 3231
f 6920 6962 6961
f 6920 6921 6962
f 3231 3272 3273
f 3231 3273 3232
f 6921 6963 6962
f 6921 6922 6963
f 3232 3273 3274
f 3232 3274 3233
f 6922 6964 6963
f 6922 6923 6964
f 3233 3274 3275
f 3233 3275 3234
f 6923 6965 6964
f 6923 6924 6965
f 3234 3275 3276
f 3234 3276 3235
f 6924 6966 6965
f 6924 6925 6966
f 3235 3276 3277
f 3235 3277 3236
f 6925 6967 6966
f 6925 6926 6967
f 3236 3277 3278
f 3236 3278 3237
f 6926 6968 6967
f 6926 6927 6968
f 3237 3278 3279
f 3237 3279 3238
f 6927 6969 6968
f 6927 6928 6969
f 3238 3279 3280
f 3238 3280 3239
f 6928 6970 6969
f 6928 6929 6970
f 3240 3281 3282
f 3240 3282 3241
f 6930 6972 6971
f 6930 6931 6972
f 3241 3282 3283
f 3241 3283 3242
f 6931 6973 6972
f 6931 6932 6973
f 3242 3283 3284
f 3242 3284 3243
f 6932 6974 6973
f 6932 6933 6974
f 3243 3284 3285
f 3243 3285 3244
f 6933 6975 6974
f 6933 6934 6975
f 3244 3285 3286
f 3244 3286 3245
f 6934 6976 6975
f 6934 6935 6976
f 3245 3286 3287
f 3245 3287 3246
f 6935 6977 6976
f 6935 6936 6977
f 3246 3287 3288
f 3246 3288 3247
f 6936 6978 6977
f 6936 6937 6978
f 3247 3288 3289
f 3247 3289 3248
f 6937 6979 6978
f 6937 6938 6979
f 3248 3289 3290
f 3248 3290 3249
f 6938 6980 6979
f 6938 6939 6980
f 3249 3290 3291
f 3249 3291 3250
f 6939 6981 6980
f 6939 6940 6981
f 3250 3291 3292
f 3250 3292 3251
f 6940 6982 6981
f 6940 6941 6982
f 3251 3292 3293
f 3251 3293 3252
f 6941 6983 6982
f 6941 6942 6983
f 3252 3293 3294
f 3252 3294 3253
f 6942 6984 6983
f 6942 6943 6984
f 3253 3294 3295
f 3253 3295 3254
f 6943 6985 6984
f 6943 6944 6985
f 3254 3295 3296
f 3254 3296 3255
f 6944 6986 6985
f 6944 6945 6986
f 3255 3296 3297
f 3255 3297 3256
f 6945 6987 6986
f 6945 6946 6987
f 3256 3297 3298
f 3256 3298 3257
f 6946 6988 6987
f 6946 6947 6988
f 3257 3298 3299
f 3257 3299 3258
f 6947 6989 6988
f 6947 6948 6989
f 3258 3299 3300
f 3258 3300 3259
f 6948 6990 6989
f 6948 6949 6990
f 3259 3300 3301
f 3259 3301 3260
f 6949 6991 6990
f 6949 6950 6991
f 3260 3301 3302
f 3260 3302 3261
f 6950 6992 6991
f 6950 6951 6992
f 3261 3302 3303
f 3261 3303 3262
f 6951 6993 6992
f 6951 6952 6993
f 3262 3303 3304
f 3262 3304 3263
f 6952 6994 6993
f 6952 6953 6994
f 3263 3304 3305
f 3263 3305 3264
f 6953 6995 6994
f 6953 6954 6995
f 3264 3305 3306
f 3264 3306 3265
f 6954 6996 6995
f 6954 6955 6996
f 3265 3306 3307
f 3265 3307 3266
f 6955 6997 6996
f 6955 6956 6997
f 3266 3307 3308
f 3266 3308 3267
f 6956 6998 6997
f 6956 6957 6998
f 3267 3308 3309
f 3267 3309 3268
f 6957 6999 6998
f 6957 6958 6999
f 3268 3309 3310
f 3268 3310 3269
f 6958 7000 6999
f 6958 6959 7000
f 3269 3310 3311
f 3269 3311 3270
f 6959 7001 7000
f 6959 6960 7001
f 3270 3311 3312
f 3270 3312 3271
f 6960 7002 7001
f 6960 6961 7002
f 3271 3312 3313
f 3271 3313 3272
f 6961 7003 7002
f 6961 6962 7003
f 3272 3313 3314
f 3272 3314 3273
f 6962 7004 7003
f 6962 6963 7004
f 3273 3314 3315
f 3273 3315 3274
f 6963 7005 7004
f 6963 6964 7005
f 3274 3315 3316
f 3274 3316 3275
f 6964 7006 7005
f 6964 6965 7006
f 3275 3316 3317
f 3275 3317 3276
f 6965 7007 7006
f 6965 6966 7007
f 3276 3317 3318
f 3276 3318 3277
f 6966 7008 7007
f 6966 6967 7008
f 3277 3318 3319
f 3277 3319 3278
f 6967 7009 7008
f 6967 6968 7009
f 3278 3319 3320
f 3278 3320 3279
f 6968 7010 7009
f 6968 6969 7010
f 3279 3320 3321
f 3279 3321 3280
f 6969 7011 7010
f 6969 6970 7011
f 3281 3322 3323
f 3281 3323 3282
f 6971 7013 7012
f 6971 6972 7013
f 3282 3323 3324
f 3282 3324 3283
f 6972 7014 7013
f 6972 6973 7014
f 3283 3324 3325
f 3283 3325 3284
f 6973 7015 7014
f 6973 6974 7015
f 3284 3325 3326
f 3284 3326 3285
f 6974 7016 7015
f 6974 6975 7016
f 3285 3326 3327
f 3285 3327 3286
f 6975 7017 7016
f 6975 6976 7017
f 3286 3327 3328
f 3286 3328 3287
f 6976 7018 7017
f 6976 6977 7018
f 3287 3328 3329
f 3287 3329 3288
f 6977 7019 7018
f 6977 6978 7019
f 3288 3329 3330
f 3288 3330 3289
f 6978 7020 7019
f 6978 6979 7020
f 3289 3330 3331
f 3289 3331 3290
f 6979 7021 7020
f 6979 6980 7021
f 3290 3331 3332
f 3290 3332 3291
f 6980 7022 7021
f 6980 6981 7022
f 3291 3332 3333
f 3291 3333 3292
f 6981 7023 7022
f 6981 6982 7023
f 3292 3333 3334
f 3292 3334 3293
f 6982 7024 7023
f 6982 6983 7024
f 3293 3334 3335
f 3293 3335 3294
f 6983 7025 7024
f 6983 6984 7025
f 3294 3335 3336
f 3294 3336 3295
f 6984 7026 7025
f 6984 6985 7026
f 3295 3336 3337
f 3295 3337 3296
f 6985 7027 7026
f 6985 6986 7027
f 3296 3337 3338
f 3296 3338 3297
f 6986 7028 7027
f 6986 6987 7028
f 3297 3338 3339
f 3297 3339 3298
f 6987 7029 7028
f 6987 6988 7029
f 3298 3339 3340
f 3298 3340 3299
f 6988 7030 7029
f 6988 6989 7030
f 3299 3340 3341
f 3299 3341 3300
f 6989 7031 7030
f 6989 6990 7031
f 3300 3341 3342
f 3300 3342 3301
f 6990 7032 7031
f 6990 6991 7032
f 3301 3342 3343
f 3301 3343 3302
f 6991 7033 7032
f 6991 6992 7033
f 3302 3343 3344
f 3302 3344 3303
f 6992 7034 7033
f 6992 6993 7034
f 3303 3344 3345
f 3303 3345 3304
f 6993 7035 7034
f 6993 6994 7035
f 3304 3345 3346
f 3304 3346 3305
f 6994 7036 7035
f 6994 6995 7036
f 3305 3346 3347
f 3305 3347 3306
f 6995 7037 7036
f 6995 6996 7037
f 3306 3347 3348
f 3306 3348 3307
f 6996 7038 7037
f 6996 6997 7038
f 3307 3348 3349
f 3307 3349 3308
f 6997 7039 7038
f 6997 6998 7039
f 3308 3349 3350
f 3308 3350 3309
f 6998 7040 7039
f 6998 6999 7040
f 3309 3350 3351
f 3309 3351 3310
f 6999 7041 7040
f 6999 7000 7041
f 3310 3351 3352
f 3310 3352 3311
f 7000 7042 7041
f 7000 7001 7042
f 3311 3352 3353
f 3311 3353 3312
f 7001 7043 7042
f 7001 7002 7043
f 3312 3353 3354
f 3312 3354 3313
f 7002 7044 7043
f 7002 7003 7044
f 3313 3354 3355
f 3313 3355 3314
f 7003 7045 7044
f 7003 7004 7045
f 3314 3355 3356
f 3314 3356 3315
f 7004 7046 7045
f 7004 7005 7046
f 3315 3356 3357
f 3315 3357 3316
f 7005 7047 7046
f 7005 7006 7047
f 3316 3357 3358
f 3316 3358 3317
f 7006 7048 7047
f 7006 7007 7048
f 3317 3358 3359
f 3317 3359 3318
f 7007 7049 7048
f 7007 7008 7049
f 3318 3359 3360
f 3318 3360 3319
f 7008 7050 7049
f 7008 7009 7050
f 3319 3360 3361
f 3319 3361 3320
f 7009 7051 7050
f 7009 7010 7051
f 3320 3361 3362
f 3320 3362 3321
f 7010 7052 7051
f 7010 7011 7052
f 3322 3363 3364
f 3322 3364 3323
f 7012 7054 7053
f 7012 7013 7054
f 3323 3364 3365
f 3323 3365 3324
f 7013 7055 7054
f 7013 7014 7055
f 3324 3365 3366
f 3324 3366 3325
f 7014 7056 7055
f 7014 7015 7056
f 3325 3366 3367
f 3325 3367 3326
f 7015 7057 7056
f 7015 7016 7057
f 3326 3367 3368
f 3326 3368 3327
f 7016 7058 7057
f 7016 7017 7058
f 3327 3368 3369
f 3327 3369 3328
f 7017 7059 7058
f 7017 7018 7059
f 3328 3369 3370
f 3328 3370 3329
f 7018 7060 7059
f 7018 7019 7060
f 3329 3370 3371
f 3329 3371 3330
f 7019 7061 7060
f 7019 7020 7061
f 3330 3371 3372
f 3330 3372 3331
f 7020 7062 7061
f 7020 7021 7062
f 3331 3372 3373
f 3331 3373 3332
f 7021 7063 7062
f 7021 7022 7063
f 3332 3373 3374
f 3332 3374 3333
f 7022 7064 7063
f 7022 7023 7064
f 3333 3374 3375
f 3333 3375 3334
f 7023 7065 7064
f 7023 7024 7065
f 3334 3375 3376
f 3334 3376 3335
f 7024 7066 7065
f 7024 7025 7066
f 3335 3376 3377
f 3335 3377 3336
f 7025 7067 7066
f 7025 7026 7067
f 3336 3377 3378
f 3336 3378 3337
f 7026 7068 7067
f 7026 7027 7068
f 3337 3378 3379
f 3337 3379 3338
f 7027 7069 7068
f 7027 7028 7069
f 3338 3379 3380
f 3338 3380 3339
f 7028 7070 7069
f 7028 7029 7070
f 3339 3380 3381
f 3339 3381 3340
f 7029 7071 7070
f 7029 7030 7071
f 3340 3381 3382
f 3340 3382 3341
f 7030 7072 7071
f 7030 7031 7072
f 3341 3382 3383
f 3341 3383 3342
f 7031 7073 7072
f 7031 7032 7073
f 3342 3383 3384
f 3342 3384 3343
f 7032 7074 7073
f 7032 7033 7074
f 3343 3384 3385
f 3343 3385 3344
f 7033 7075 7074
f 7033 7034 7075
f 3344 3385 3386
f 3344 3386 3345
f 7034 7076 7075
f 7034 7035 7076
f 3345 3386 3387
f 3345 3387 3346
f 7035 7077 7076
f 7035 7036 7077
f 3346 3387 3388
f 3346 3388 3347
f 7036 7078 7077
f 7036 7037 7078
f 3347 3388 3389
f 3347 3389 3348
f 7037 7079 7078
f 7037 7038 7079
f 3348 3389 3390
f 3348 3390 3349
f 7038 7080 7079
f 7038 7039 7080
f 3349 3390 3391
f 3349 3391 3350
f 7039 7081 7080
f 7039 7040 7081
f 3350 3391 3392
f 3350 3392 3351
f 7040 7082 7081
f 7040 7041 7082
f 3351 3392 3393
f 3351 3393 3352
f 7041 7083 7082
f 7041 7042 7083
f 3352 3393 3394
f 3352 3394 3353
f 7042 7084 7083
f 7042 7043 7084
f 3353 3394 3395
f 3353 3395 3354
f 7043 7085 7084
f 7043 7044 7085
f 3354 3395 3396
f 3354 3396 3355
f 7044 7086 7085
f 7044 7045 7086
f 3355 3396 3397
f 3355 3397 3356
f 7045 7087 7086
f 7045 7046 7087
f 3356 3397 3398
f 3356 3398 3357
f 7046 7088 7087
f 7046 7047 7088
f 3357 3398 3399
f 3357 3399 3358
f 7047 7089 7088
f 7047 7048 7089
f 3358 3399 3400
f 3358 3400 3359
f 7048 7090 7089
f 7048 7049 7090
f 3359 3400 3401
f 3359 3401 3360
f 7049 7091 7090
f 7049 7050 7091
f 3360 3401 3402
f 3360 3402 3361
f 7050 7092 7091
f 7050 7051 7092
f 3361 3402 3403
f 3361 3403 3362
f 7051 7093 7092
f 7051 7052 7093
f 3363 3404 3405
f 3363 3405 3364
f 7053 7095 7094
f 7053 7054 7095
f 3364 3405 3406
f 3364 3406 3365
f 7054 7096 7095
f 7054 7055 7096
f 3365 3406 3407
f 3365 3407 3366
f 7055 7097 7096
f 7055 7056 7097
f 3366 3407 3408
f 3366 3408 3367
f 7056 7098 7097
f 7056 7057 7098
f 3367 3408 3409
f 3367 3409 3368
f 7057 7099 7098
f 7057 7058 7099
f 3368 3409 3410
f 3368 3410 3369
f 7058 7100 7099
f 7058 7059 7100
f 3369 3410 3411
f 3369 3411 3370
f 7059 7101 7100
f 7059 7060 7101
f 3370 3411 3412
f 3370 3412 3371
f 7060 7102 7101
f 7060 7061 7102
f 3371 3412 3413
f 3371 3413 3372
f 7061 7103 7102
f 7061 7062 7103
f 3372 3413 3414
f 3372 3414 3373
f 7062 7104 7103
f 7062 7063 7104
f 3373 3414 3415
f 3373 3415 3374
f 7063 7105 7104
f 7063 7064 7105
f 3374 3415 3416
f 3374 3416 3375
f 7064 7106 7105
f 7064 7065 7106
f 3375 3416 3417
f 3375 3417 3376
f 7065 7107 7106
f 7065 7066 7107
f 3376 3417 3418
f 3376 3418 3377
f 7066 7108 7107
f 7066 7067 7108
f 3377 3418 3419
f 3377 3419 3378
f 7067 7109 7108
f 7067 7068 7109
f 3378 3419 3420
f 3378 3420 3379
f 7068 7110 7109
f 7068 7069 7110
f 3379 3420 3421
f 3379 3421 3380
f 7069 7111 7110
f 7069 7070 7111
f 3380 3421 3422
f 3380 3422 3381
f 7070 7112 7111
f 7070 7071 7112
f 3381 3422 3423
f 3381 3423 3382
f 7071 7113 7112
f 7071 7072 7113
f 3382 3423 3424
f 3382 3424 3383
f 7072 7114 7113
f 7072 7073 7114
f 3383 3424 3425
f 3383 3425 3384
f 7073 7115 7114
f 7073 7074 7115
f 3384 3425 3426
f 3384 3426 3385
f 7074 7116 7115
f 7074 7075 7116
f 3385 3426 3427
f 3385 3427 3386
f 7075 7117 7116
f 7075 7076 7117
f 3386 3427 3428
f 3386 3428 3387
f 7076 7118 7117
f 7076 7077 7118
f 3387 3428 3429
f 3387 3429 3388
f 7077 7119 7118
f 7077 7078 7119
f 3388 3429 3430
f 3388 3430 3389
f 7078 7120 7119
f 7078 7079 7120
f 3389 3430 3431
f 3389 3431 3390
f 7079 7121 7120
f 7079 7080 7121
f 3390 3431 3432
f 3390 3432 3391
f 7080 7122 7121
f 7080 7081 7122
f 3391 3432 3433
f 3391 3433 3392
f 7081 7123 7122
f 7081 7082 7123
f 3392 3433 3434
f 3392 3434 3393
f 7082 7124 7123
f 7082 7083 7124
f 3393 3434 3435
f 3393 3435 3394
f 7083 7125 7124
f 7083 7084 7125
f 3394 3435 3436
f 3394 3436 3395
f 7084 7126 7125
f 7084 7085 7126
f 3395 3436 3437
f 3395 3437 3396
f 7085 7127 7126
f 7085 7086 7127
f 3396 3437 3438
f 3396 3438 3397
f 7086 7128 7127
f 7086 7087 7128
f 3397 3438 3439
f 3397 3439 3398
f 7087 7129 7128
f 7087 7088 7129
f 3398 3439 3440
f 3398 3440 3399
f 7088 7130 7129
f 7088 7089 7130
f 3399 3440 3441
f 3399 3441 3400
f 7089 7131 7130
f 7089 7090 7131
f 3400 3441 3442
f 3400 3442 3401
f 7090 7132 7131
f 7090 7091 7132
f 3401 3442 3443
f 3401 3443 3402
f 7091 7133 7132
f 7091 7092 7133
f 3402 3443 3444
f 3402 3444 3403
f 7092 7134 7133
f 7092 7093 7134
f 3404 3445 3446
f 3404 3446 3405
f 7094 7136 7135
f 7094 7095 7136
f 3405 3446 3447
f 3405 3447 3406
f 7095 7137 7136
f 7095 7096 7137
f 3406 3447 3448
f 3406 3448 3407
f 7096 7138 7137
f 7096 7097 7138
f 3407 3448 3449
f 3407 3449 3408
f 7097 7139 7138
f 7097 7098 7139
f 3408 3449 3450
f 3408 3450 3409
f 7098 7140 7139
f 7098 7099 7140
f 3409 3450 3451
f 3409 3451 3410
f 7099 7141 7140
f 7099 7100 7141
f 3410 3451 3452
f 3410 3452 3411
f 7100 7142 7141
f 7100 7101 7142
f 3411 3452 3453
f 3411 3453 3412
f 7101 7143 7142
f 7101 7102 7143
f 3412 3453 3454
f 3412 3454 3413
f 7102 7144 7143
f 7102 7103 7144
f 3413 3454 3455
f 3413 3455 3414
f 7103 7145 7144
f 7103 7104 7145
f 3414 3455 3456
f 3414 3456 3415
f 7104 7146 7145
f 7104 7105 7146
f 3415 3456 3457
f 3415 3457 3416
f 7105 7147 7146
f 7105 7106 7147
f 3416 3457 3458
f 3416 3458 3417
f 7106 7148 7147
f 7106 7107 7148
f 3417 3458 3459
f 3417 3459 3418
f 7107 7149 7148
f 7107 7108 7149
f 3418 3459 3460
f 3418 3460 3419
f 7108 7150 7149
f 7108 7109 7150
f 3419 3460 3461
f 3419 3461 3420
f 7109 7151 7150
f 7109 7110 7151
f 3420 3461 3462
f 3420 3462 3421
f 7110 7152 7151
f 7110 7111 7152
f 3421 3462 3463
f 3421 3463 3422
f 7111 7153 7152
f 7111 7112 7153
f 3422 3463 3464
f 3422 3464 3423
f 7112 7154 7153
f 7112 7113 7154
f 3423 3464 3465
f 3423 3465 3424
f 7113 7155 7154
f 7113 7114 7155
f 3424 3465 3466
f 3424 3466 3425
f 7114 7156 7155
f 7114 7115 7156
f 3425 3466 3467
f 3425 3467 3426
f 7115 7157 7156
f 7115 7116 7157
f 3426 3467 3468
f 3426 3468 3427
f 7116 7158 7157
f 7116 7117 7158
f 3427 3468 3469
f 3427 3469 3428
f 7117 7159 7158
f 7117 7118 7159
f 3428 3469 3470
f 3428 3470 3429
f 7118 7160 7159
f 7118 7119 7160
f 3429 3470 3471
f 3429 3471 3430
f 7119 7161 7160
f 7119 7120 7161
f 3430 3471 3472
f 3430 3472 3431
f 7120 7162 7161
f 7120 7121 7162
f 3431 3472 3473
f 3431 3473 3432
f 7121 7163 7162
f 7121 7122 7163
f 3432 3473 3474
f 3432 3474 3433
f 7122 7164 7163
f 7122 7123 7164
f 3433 3474 3475
f 3433 3475 3434
f 7123 7165 7164
f 7123 7124 7165
f 3434 3475 3476
f 3434 3476 3435
f 7124 7166 7165
f 7124 7125 7166
f 3435 3476 3477
f 3435 3477 3436
f 7125 7167 7166
f 7125 7126 7167
f 3436 3477 3478
f 3436 3478 3437
f 7126 7168 7167
f 7126 7127 7168
f 3437 3478 3479
f 3437 3479 3438
f 7127 7169 7168
f 7127 7128 7169
f 3438 3479 3480
f 3438 3480 3439
f 7128 7170 7169
f 7128 7129 7170
f 3439 3480 3481
f 3439 3481 3440
f 7129 7171 7170
f 7129 7130 7171
f 3440 3481 3482
f 3440 3482 3441
f 7130 7172 7171
f 7130 7131 7172
f 3441 3482 3483
f 3441 3483 3442
f 7131 7173 7172
f 7131 7132 7173
f 3442 3483 3484
f 3442 3484 3443
f 7132 7174 7173
f 7132 7133 7174
f 3443 3484 3485
f 3443 3485 3444
f 7133 7175 7174
f 7133 7134 7175
f 3445 3486 3487
f 3445 3487 3446
f 7135 7177 7176
f 7135 7136 7177
f 3446 3487 3488
f 3446 3488 3447
f 7136 7178 7177
f 7136 7137 7178
f 3447 3488 3489
f 3447 3489 3448
f 7137 7179 7178
f 7137 7138 7179
f 3448 3489 3490
f 3448 3490 3449
f 7138 7180 7179
f 7138 7139 7180
f 3449 3490 3491
f 3449 3491 3450
f 7139 7181 7180
f 7139 7140 7181
f 3450 3491 3492
f 3450 3492 3451
f 7140 7182 7181
f 7140 7141 7182
f 3451 3492 3493
f 3451 3493 3452
f 7141 7183 7182
f 7141 7142 7183
f 3452 3493 3494
f 3452 3494 3453
f 7142 7184 7183
f 7142 7143 7184
f 3453 3494 3495
f 3453 3495 3454
f 7143 7185 7184
f 7143 7144 7185
f 3454 3495 3496
f 3454 3496 3455
f 7144 7186 7185
f 7144 7145 7186
f 3455 3496 3497
f 3455 3497 3456
f 7145 7187 7186
f 7145 7146 7187
f 3456 3497 3498
f 3456 3498 3457
f 7146 7188 7187
f 7146 7147 7188
f 3457 3498 3499
f 3457 3499 3458
f 7147 7189 7188
f 7147 7148 7189
f 3458 3499 3500
f 3458 3500 3459
f 7148 7190 7189
f 7148 7149 7190
f 3459 3500 3501
f 3459 3501 3460
f 7149 7191 7190
f 7149 7150 7191
f 3460 3501 3502
f 3460 3502 3461
f 7150 7192 7191
f 7150 7151 7192
f 3461 3502 3503
f 3461 3503 3462
f 7151 7193 7192
f 7151 7152 7193
f 3462 3503 3504
f 3462 3504 3463
f 7152 7194 7193
f 7152 7153 7194
f 3463 3504 3505
f 3463 3505 3464
f 7153 7195 7194
f 7153 7154 7195
f 3464 3505 3506
f 3464 3506 3465
f 7154 7196 7195
f 7154 7155 7196
f 3465 3506 3507
f 3465 3507 3466
f 7155 7197 7196
f 7155 7156 7197
f 3466 3507 3508
f 3466 3508 3467
f 7156 7198 7197
f 7156 7157 7198
f 3467 3508 3509
f 3467 3509 3468
f 7157 7199 7198
f 7157 7158 7199
f 3468 3509 3510
f 3468 3510 3469
f 7158 7200 7199
f 7158 7159 7200
f 3469 3510 3511
f 3469 3511 3470
f 7159 7201 7200
f 7159 7160 7201
f 3470 3511 3512
f 3470 3512 3471
f 7160 7202 7201
f 7160 7161 7202
f 3471 3512 3513
f 3471 3513 3472
f 7161 7203 7202
f 7161 7162 7203
f 3472 3513 3514
f 3472 3514 3473
f 7162 7204 7203
f 7162 7163 7204
f 3473 3514 3515
f 3473 3515 3474
f 7163 7205 7204
f 7163 7164 7205
f 3474 3515 3516
f 3474 3516 3475
f 7164 7206 7205
f 7164 7165 7206
f 3475 3516 3517
f 3475 3517 3476
f 7165 7207 7206
f 7165 7166 7207
f 3476 3517 3518
f 3476 3518 3477
f 7166 7208 7207
f 7166 7167 7208
f 3477 3518 3519
f 3477 3519 3478
f 7167 7209 7208
f 7167 7168 7209
f 3478 3519 3520
f 3478 3520 3479
f 7168 7210 7209
f 7168 7169 7210
f 3479 3520 3521
f 3479 3521 3480
f 7169 7211 7210
f 7169 7170 7211
f 3480 3521 3522
f 3480 3522 3481
f 7170 7212 7211
f 7170 7171 7212
f 3481 3522 3523
f 3481 3523 3482
f 7171 7213 7212
f 7171 7172 7213
f 3482 3523 3524
f 3482 3524 3483
f 7172 7214 7213
f 7172 7173 7214
f 3483 3524 3525
f 3483 3525 3484
f 7173 7215 7214
f 7173 7174 7215
f 3484 3525 3526
f 3484 3526 3485
f 7174 7216 7215
f 7174 7175 7216
f 3486 3527 3528
f 3486 3528 3487
f 7176 7218 7217
f 7176 7177 7218
f 3487 3528 3529
f 3487 3529 3488
f 7177 7219 7218
f 7177 7178 7219
f 3488 3529 3530
f 3488 3530 3489
f 7178 7220 7219
f 7178 7179 7220
f 3489 3530 3531
f 3489 3531 3490
f 7179 7221 7220
f 7179 7180 7221
f 3490 3531 3532
f 3490 3532 3491
f 7180 7222 7221
f 7180 7181 7222
f 3491 3532 3533
f 3491 3533 3492
f 7181 7223 7222
f 7181 7182 7223
f 3492 3533 3534
f 3492 3534 3493
f 7182 7224 7223
f 7182 7183 7224
f 3493 3534 3535
f 3493 3535 3494
f 7183 7225 7224
f 7183 7184 7225
f 3494 3535 3536
f 3494 3536 3495
f 7184 7226 7225
f 7184 7185 7226
f 3495 3536 3537
f 3495 3537 3496
f 7185 7227 7226
f 7185 7186 7227
f 3496 3537 3538
f 3496 3538 3497
f 7186 7228 7227
f 7186 7187 7228
f 3497 3538 3539
f 3497 3539 3498
f 7187 7229 7228
f 7187 7188 7229
f 3498 3539 3540
f 3498 3540 3499
f 7188 7230 7229
f 7188 7189 7230
f 3499 3540 3541
f 3499 3541 3500
f 7189 7231 7230
f 7189 7190 7231
f 3500 3541 3542
f 3500 3542 3501
f 7190 7232 7231
f 7190 7191 7232
f 3501 3542 3543
f 3501 3543 3502
f 7191 7233 7232
f 7191 7192 7233
f 3502 3543 3544
f 3502 3544 3503
f 7192 7234 7233
f 7192 7193 7234
f 3503 3544 3545
f 3503 3545 3504
f 7193 7235 7234
f 7193 7194 7235
f 3504 3545 3546
f 3504 3546 3505
f 7194 7236 7235
f 7194 7195 7236
f 3505 3546 3547
f 3505 3547 3506
f 7195 7237 7236
f 7195 7196 7237
f 3506 3547 3548
f 3506 3548 3507
f 7196 7238 7237
f 7196 7197 7238
f 3507 3548 3549
f 3507 3549 3508
f 7197 7239 7238
f 7197 7198 7239
f 3508 3549 3550
f 3508 3550 3509
f 7198 7240 7239
f 7198 7199 7240
f 3509 3550 3551
f 3509 3551 3510
f 7199 7241 7240
f 7199 7200 7241
f 3510 3551 3552
f 3510 3552 3511
f 7200 7242 7241
f 7200 7201 7242
f 3511 3552 3553
f 3511 3553 3512
f 7201 7243 7242
f 7201 7202 7243
f 3512 3553 3554
f 3512 3554 3513
f 7202 7244 7243
f 7202 7203 7244
f 3513 3554 3555
f 3513 3555 3514
f 7203 7245 7244
f 7203 7204 7245
f 3514 3555 3556
f 3514 3556 3515
f 7204 7246 7245
f 7204 7205 7246
f 3515 3556 3557
f 3515 3557 3516
f 7205 7247 7246
f 7205 7206 7247
f 3516 3557 3558
f 3516 3558 3517
f 7206 7248 7247
f 7206 7207 7248
f 3517 3558 3559
f 3517 3559 3518
f 7207 7249 7248
f 7207 7208 7249
f 3518 3559 3560
f 3518 3560 3519
f 7208 7250 7249
f 7208 7209 7250
f 3519 3560 3561
f 3519 3561 3520
f 7209 7251 7250
f 7209 7210 7251
f 3520 3561 3562
f 3520 3562 3521
f 7210 7252 7251
f 7210 7211 7252
f 3521 3562 3563
f 3521 3563 3522
f 7211 7253 7252
f 7211 7212 7253
f 3522 3563 3564
f 3522 3564 3523
f 7212 7254 7253
f 7212 7213 7254
f 3523 3564 3565
f 3523 3565 3524
f 7213 7255 7254
f 7213 7214 7255
f 3524 3565 3566
f 3524 3566 3525
f 7214 7256 7255
f 7214 7215 7256
f 3525 3566 3567
f 3525 3567 3526
f 7215 7257 7256
f 7215 7216 7257
f 3527 3568 3569
f 3527 3569 3528
f 7217 7259 7258
f 7217 7218 7259
f 3528 3569 3570
f 3528 3570 3529
f 7218 7260 7259
f 7218 7219 7260
f 3529 3570 3571
f 3529 3571 3530
f 7219 7261 7260
f 7219 7220 7261
f 3530 3571 3572
f 3530 3572 3531
f 7220 7262 7261
f 7220 7221 7262
f 3531 3572 3573
f 3531 3573 3532
f 7221 7263 7262
f 7221 7222 7263
f 3532 3573 3574
f 3532 3574 3533
f 7222 7264 7263
f 7222 7223 7264
f 3533 3574 3575
f 3533 3575 3534
f 7223 7265 7264
f 7223 7224 7265
f 3534 3575 3576
f 3534 3576 3535
f 7224 7266 7265
f 7224 7225 7266
f 3535 3576 3577
f 3535 3577 3536
f 7225 7267 7266
f 7225 7226 7267
f 3536 3577 3578
f 3536 3578 3537
f 7226 7268 7267
f 7226 7227 7268
f 3537 3578 3579
f 3537 3579 3538
f 7227 7269 7268
f 7227 7228 7269
f 3538 3579 3580
f 3538 3580 3539
f 7228 7270 7269
f 7228 7229 7270
f 3539 3580 3581
f 3539 3581 3540
f 7229 7271 7270
f 7229 7230 7271
f 3540 3581 3582
f 3540 3582 3541
f 7230 7272 7271
f 7230 7231 7272
f 3541 3582 3583
f 3541 3583 3542
f 7231 7273 7272
f 7231 7232 7273
f 3542 3583 3584
f 3542 3584 3543
f 7232 7274 7273
f 7232 7233 7274
f 3543 3584 3585
f 3543 3585 3544
f 7233 7275 7274
f 7233 7234 7275
f 3544 3585 3586
f 3544 3586 3545
f 7234 7276 7275
f 7234 7235 7276
f 3545 3586 3587
f 3545 3587 3546
f 7235 7277 7276
f 7235 7236 7277
f 3546 3587 3588
f 3546 3588 3547
f 7236 7278 7277
f 7236 7237 7278
f 3547 3588 3589
f 3547 3589 3548
f 7237 7279 7278
f 7237 7238 7279
f 3548 3589 3590
f 3548 3590 3549
f 7238 7280 7279
f 7238 7239 7280
f 3549 3590 3591
f 3549 3591 3550
f 7239 7281 7280
f 7239 7240 7281
f 3550 3591 3592
f 3550 3592 3551
f 7240 7282 7281
f 7240 7241 7282
f 3551 3592 3593
f 3551 3593 3552
f 7241 7283 7282
f 7241 7242 7283
f 3552 3593 3594
f 3552 3594 3553
f 7242 7284 7283
f 7242 7243 7284
f 3553 3594 3595
f 3553 3595 3554
f 7243 7285 7284
f 7243 7244 7285
f 3554 3595 3596
f 3554 3596 3555
f 7244 7286 7285
f 7244 7245 7286
f 3555 3596 3597
f 3555 3597 3556
f 7245 7287 7286
f 7245 7246 7287
f 3556 3597 3598
f 3556 3598 3557
f 7246 7288 7287
f 7246 7247 7288
f 3557 3598 3599
f 3557 3599 3558
f 7247 7289 7288
f 7247 7248 7289
f 3558 3599 3600
f 3558 3600 3559
f 7248 7290 7289
f 7248 7249 7290
f 3559 3600 3601
f 3559 3601 3560
f 7249 7291 7290
f 7249 7250 7291
f 3560 3601 3602
f 3560 3602 3561
f 7250 7292 7291
f 7250 7251 7292
f 3561 3602 3603
f 3561 3603 3562
f 7251 7293 7292
f 7251 7252 7293
f 3562 3603 3604
f 3562 3604 3563
f 7252 7294 7293
f 7252 7253 7294
f 3563 3604 3605
f 3563 3605 3564
f 7253 7295 7294
f 7253 7254 7295
f 3564 3605 3606
f 3564 3606 3565
f 7254 7296 7295
f 7254 7255 7296
f 3565 3606 3607
f 3565 3607 3566
f 7255 7297 7296
f 7255 7256 7297
f 3566 3607 3608
f 3566 3608 3567
f 7256 7298 7297
f 7256 7257 7298
f 3568 3609 3610
f 3568 3610 3569
f 7258 7300 7299
f 7258 7259 7300
f 3569 3610 3611
f 3569 3611 3570
f 7259 7301 7300
f 7259 7260 7301
f 3570 3611 3612
f 3570 3612 3571
f 7260 7302 7301
f 7260 7261 7302
f 3571 3612 3613
f 3571 3613 3572
f 7261 7303 7302
f 7261 7262 7303
f 3572 3613 3614
f 3572 3614 3573
f 7262 7304 7303
f 7262 7263 7304
f 3573 3614 3615
f 3573 3615 3574
f 7263 7305 7304
f 7263 7264 7305
f 3574 3615 3616
f 3574 3616 3575
f 7264 7306 7305
f 7264 7265 7306
f 3575 3616 3617
f 3575 3617 3576
f 7265 7307 7306
f 7265 7266 7307
f 3576 3617 3618
f 3576 3618 3577
f 7266 7308 7307
f 7266 7267 7308
f 3577 3618 3619
f 3577 3619 3578
f 7267 7309 7308
f 7267 7268 7309
f 3578 3619 3620
f 3578 3620 3579
f 7268 7310 7309
f 7268 7269 7310
f 3579 3620 3621
f 3579 3621 3580
f 7269 7311 7310
f 7269 7270 7311
f 3580 3621 3622
f 3580 3622 3581
f 7270 7312 7311
f 7270 7271 7312
f 3581 3622 3623
f 3581 3623 3582
f 7271 7313 7312
f 7271 7272 7313
f 3582 3623 3624
f 3582 3624 3583
f 7272 7314 7313
f 7272 7273 7314
f 3583 3624 3625
f 3583 3625 3584
f 7273 7315 7314
f 7273 7274 7315
f 3584 3625 3626
f 3584 3626 3585
f 7274 7316 7315
f 7274 7275 7316
f 3585 3626 3627
f 3585 3627 3586
f 7275 7317 7316
f 7275 7276 7317
f 3586 3627 3628
f 3586 3628 3587
f 7276 7318 7317
f 7276 7277 7318
f 3587 3628 3629
f 3587 3629 3588
f 7277 7319 7318
f 7277 7278 7319
f 3588 3629 3630
f 3588 3630 3589
f 7278 7320 7319
f 7278 7279 7320
f 3589 3630 3631
f 3589 3631 3590
f 7279 7321 7320
f 7279 7280 7321
f 3590 3631 3632
f 3590 3632 3591
f 7280 7322 7321
f 7280 7281 7322
f 3591 3632 3633
f 3591 3633 3592
f 7281 7323 7322
f 7281 7282 7323
f 3592 3633 3634
f 3592 3634 3593
f 7282 7324 7323
f 7282 7283 7324
f 3593 3634 3635
f 3593 3635 3594
f 7283 7325 7324
f 7283 7284 7325
f 3594 3635 3636
f 3594 3636 3595
f 7284 7326 7325
f 7284 7285 7326
f 3595 3636 3637
f 3595 3637 3596
f 7285 7327 7326
f 7285 7286 7327
f 3596 3637 3638
f 3596 3638 3597
f 7286 7328 7327
f 7286 7287 7328
f 3597 3638 3639
f 3597 3639 3598
f 7287 7329 7328
f 7287 7288 7329
f 3598 3639 3640
f 3598 3640 3599
f 7288 7330 7329
f 7288 7289 7330
f 3599 3640 3641
f 3599 3641 3600
f 7289 7331 7330
f 7289 7290 7331
f 3600 3641 3642
f 3600 3642 3601
f 7290 7332 7331
f 7290 7291 7332
f 3601 3642 3643
f 3601 3643 3602
f 7291 7333 7332
f 7291 7292 7333
f 3602 3643 3644
f 3602 3644 3603
f 7292 7334 7333
f 7292 7293 7334
f 3603 3644 3645
f 3603 3645 3604
f 7293 7335 7334
f 7293 7294 7335
f 3604 3645 3646
f 3604 3646 3605
f 7294 7336 7335
f 7294 7295 7336
f 3605 3646 3647
f 3605 3647 3606
f 7295 7337 7336
f 7295 7296 7337
f 3606 3647 3648
f 3606 3648 3607
f 7296 7338 7337
f 7296 7297 7338
f 3607 3648 3649
f 3607 3649 3608
f 7297 7339 7338
f 7297 7298 7339
f 3609 3650 3651
f 3609 3651 3610
f 7299 7341 7340
f 7299 7300 7341
f 3610 3651 3652
f 3610 3652 3611
f 7300 7342 7341
f 7300 7301 7342
f 3611 3652 3653
f 3611 3653 3612
f 7301 7343 7342
f 7301 7302 7343
f 3612 3653 3654
f 3612 3654 3613
f 7302 7344 7343
f 7302 7303 7344
f 3613 3654 3655
f 3613 3655 3614
f 7303 7345 7344
f 7303 7304 7345
f 3614 3655 3656
f 3614 3656 3615
f 7304 7346 7345
f 7304 7305 7346
f 3615 3656 3657
f 3615 3657 3616
f 7305 7347 7346
f 7305 7306 7347
f 3616 3657 3658
f 3616 3658 3617
f 7306 7348 7347
f 7306 7307 7348
f 3617 3658 3659
f 3617 3659 3618
f 7307 7349 7348
f 7307 7308 7349
f 3618 3659 3660
f 3618 3660 3619
f 7308 7350 7349
f 7308 7309 7350
f 3619 3660 3661
f 3619 3661 3620
f 7309 7351 7350
f 7309 7310 7351
f 3620 3661 3662
f 3620 3662 3621
f 7310 7352 7351
f 7310 7311 7352
f 3621 3662 3663
f 3621 3663 3622
f 7311 7353 7352
f 7311 7312 7353
f 3622 3663 3664
f 3622 3664 3623
f 7312 7354 7353
f 7312 7313 7354
f 3623 3664 3665
f 3623 3665 3624
f 7313 7355 7354
f 7313 7314 7355
f 3624 3665 3666
f 3624 3666 3625
f 7314 7356 7355
f 7314 7315 7356
f 3625 3666 3667
f 3625 3667 3626
f 7315 7357 7356
f 7315 7316 7357
f 3626 3667 3668
f 3626 3668 3627
f 7316 7358 7357
f 7316 7317 7358
f 3627 3668 3669
f 3627 3669 3628
f 7317 7359 7358
f 7317 7318 7359
f 3628 3669 3670
f 3628 3670 3629
f 7318 7360 7359
f 7318 7319 7360
f 3629 3670 3671
f 3629 3671 3630
f 7319 7361 7360
f 7319 7320 7361
f 3630 3671 3672
f 3630 3672 3631
f 7320 7362 7361
f 7320 7321 7362
f 3631 3672 3673
f 3631 3673 3632
f 7321 7363 7362
f 7321 7322 7363
f 3632 3673 3674
f 3632 3674 3633
f 7322 7364 7363
f 7322 7323 7364
f 3633 3674 3675
f 3633 3675 3634
f 7323 7365 7364
f 7323 7324 7365
f 3634 3675 3676
f 3634 3676 3635
f 7324 7366 7365
f 7324 7325 7366
f 3635 3676 3677
f 3635 3677 3636
f 7325 7367 7366
f 7325 7326 7367
f 3636 3677 3678
f 3636 3678 3637
f 7326 7368 7367
f 7326 7327 7368
f 3637 3678 3679
f 3637 3679 3638
f 7327 7369 7368
f 7327 7328 7369
f 3638 3679 3680
f 3638 3680 3639
f 7328 7370 7369
f 7328 7329 7370
f 3639 3680 3681
f 3639 3681 3640
f 7329 7371 7370
f 7329 7330 7371
f 3640 3681 3682
f 3640 3682 3641
f 7330 7372 7371
f 7330 7331 7372
f 3641 3682 3683
f 3641 3683 3642
f 7331 7373 7372
f 7331 7332 7373
f 3642 3683 3684
f 3642 3684 3643
f 7332 7374 7373
f 7332 7333 7374
f 3643 3684 3685
f 3643 3685 3644
f 7333 7375 7374
f 7333 7334 7375
f 3644 3685 3686
f 3644 3686 3645
f 7334 7376 7375
f 7334 7335 7376
f 3645 3686 3687
f 3645 3687 3646
f 7335 7377 7376
f 7335 7336 7377
f 3646 3687 3688
f 3646 3688 3647
f 7336 7378 7377
f 7336 7337 7378
f 3647 3688 3689
f 3647 3689 3648
f 7337 7379 7378
f 7337 7338 7379
f 3648 3689 3690
f 3648 3690 3649
f 7338 7380 7379
f 7338 7339 7380
f 1 3691 3732
f 1 3732 42
f 42 3732 3773
f 42 3773 83
f 83 3773 3814
f 83 3814 124
f 124 3814 3855
f 124 3855 165
f 165 3855 3896
f 165 3896 206
f 206 3896 3937
f 206 3937 247
f 247 3937 3978
f 247 3978 288
f 288 3978 4019
f 288 4019 329
f 329 4019 4060
f 329 4060 370
f 370 4060 4101
f 370 4101 411
f 411 4101 4142
f 411 4142 452
f 452 4142 4183
f 452 4183 493
f 493 4183 4224
f 493 4224 534
f 534 4224 4265
f 534 4265 575
f 575 4265 4306
f 575 4306 616
f 616 4306 4347
f 616 4347 657
f 657 4347 4388
f 657 4388 698
f 698 4388 4429
f 698 4429 739
f 739 4429 4470
f 739 4470 780
f 780 4470 4511
f 780 4511 821
f 821 4511 4552
f 821 4552 862
f 862 4552 4593
f 862 4593 903
f 903 4593 4634
f 903 4634 944
f 944 4634 4675
f 944 4675 985
f 985 4675 4716
f 985 4716 1026
f 1026 4716 4757
f 1026 4757 1067
f 1067 4757 4798
f 1067 4798 1108
f 1108 4798 4839
f 1108 4839 1149
f 1149 4839 4880
f 1149 4880 1190
f 1190 4880 4921
f 1190 4921 1231
f 1231 4921 4962
f 1231 4962 1272
f 1272 4962 5003
f 1272 5003 1313
f 1313 5003 5044
f 1313 5044 1354
f 1354 5044 5085
f 1354 5085 1395
f 1395 5085 5126
f 1395 5126 1436
f 1436 5126 5167
f 1436 5167 1477
f 1477 5167 5208
f 1477 5208 1518
f 1518 5208 5249
f 1518 5249 1559
f 1559 5249 5290
f 1559 5290 1600
f 1600 5290 5331
f 1600 5331 1641
f 1641 5331 5372
f 1641 5372 1682
f 1682 5372 5413
f 1682 5413 1723
f 1723 5413 5454
f 1723 5454 1764
f 1764 5454 5495
f 1764 5495 1805
f 1805 5495 5536
f 1805 5536 1846
f 1846 5536 5577
f 1846 5577 1887
f 1887 5577 5618
f 1887 5618 1928
f 1928 5618 5659
f 1928 5659 1969
f 1969 5659 5700
f 1969 5700 2010
f 2010 5700 5741
f 2010 5741 2051
f 2051 5741 5782
f 2051 5782 2092
f 2092 5782 5823
f 2092 5823 2133
f 2133 5823 5864
f 2133 5864 2174
f 2174 5864 5905
f 2174 5905 2215
f 2215 5905 5946
f 2215 5946 2256
f 2256 5946 5987
f 2256 5987 2297
f 2297 5987 6028
f 2297 6028 2338
f 2338 6028 6069
f 2338 6069 2379
f 2379 6069 6110
f 2379 6110 2420
f 2420 6110 6151
f 2420 6151 2461
f 2461 6151 6192
f 2461 6192 2502
f 2502 6192 6233
f 2502 6233 2543
f 2543 6233 6274
f 2543 6274 2584
f 2584 6274 6315
f 2584 6315 2625
f 2625 6315 6356
f 2625 6356 2666
f 2666 6356 6397
f 2666 6397 2707
f 2707 6397 6438
f 2707 6438 2748
f 2748 6438 6479
f 2748 6479 2789
f 2789 6479 6520
f 2789 6520 2830
f 2830 6520 6561
f 2830 6561 2871
f 2871 6561 6602
f 2871 6602 2912
f 2912 6602 6643
f 2912 6643 2953
f 2953 6643 6684
f 2953 6684 2994
f 2994 6684 6725
f 2994 6725 3035
f 3035 6725 6766
f 3035 6766 3076
f 3076 6766 6807
f 3076 6807 3117
f 3117 6807 6848
f 3117 6848 3158
f 3158 6848 6889
f 3158 6889 3199
f 3199 6889 6930
f 3199 6930 3240
f 3240 6930 6971
f 3240 6971 3281
f 3281 6971 7012
f 3281 7012 3322
f 3322 7012 7053
f 3322 7053 3363
f 3363 7053 7094
f 3363 7094 3404
f 3404 7094 7135
f 3404 7135 3445
f 3445 7135 7176
f 3445 7176 3486
f 3486 7176 7217
f 3486 7217 3527
f 3527 7217 7258
f 3527 7258 3568
f 3568 7258 7299
f 3568 7299 3609
f 3609 7299 7340
f 3609 7340 3650
f 3650 7340 7340
f 3650 7340 3650
f 3650 7340 7341
f 3650 7341 3651
f 3651 7341 7342
f 3651 7342 3652
f 3652 7342 7343
f 3652 7343 3653
f 3653 7343 7344
f 3653 7344 3654
f 3654 7344 7345
f 3654 7345 3655
f 3655 7345 7346
f 3655 7346 3656
f 3656 7346 7347
f 3656 7347 3657
f 3657 7347 7348
f 3657 7348 3658
f 3658 7348 7349
f 3658 7349 3659
f 3659 7349 7350
f 3659 7350 3660
f 3660 7350 7351
f 3660 7351 3661
f 3661 7351 7352
f 3661 7352 3662
f 3662 7352 7353
f 3662 7353 3663
f 3663 7353 7354
f 3663 7354 3664
f 3664 7354 7355
f 3664 7355 3665
f 3665 7355 7356
f 3665 7356 3666
f 3666 7356 7357
f 3666 7357 3667
f 3667 7357 7358
f 3667 7358 3668
f 3668 7358 7359
f 3668 7359 3669
f 3669 7359 7360
f 3669 7360 3670
f 3670 7360 7361
f 3670 7361 3671
f 3671 7361 7362
f 3671 7362 3672
f 3672 7362 7363
f 3672 7363 3673
f 3673 7363 7364
f 3673 7364 3674
f 3674 7364 7365
f 3674 7365 3675
f 3675 7365 7366
f 3675 7366 3676
f 3676 7366 7367
f 3676 7367 3677
f 3677 7367 7368
f 3677 7368 3678
f 3678 7368 7369
f 3678 7369 3679
f 3679 7369 7370
f 3679 7370 3680
f 3680 7370 7371
f 3680 7371 3681
f 3681 7371 7372
f 3681 7372 3682
f 3682 7372 7373
f 3682 7373 3683
f 3683 7373 7374
f 3683 7374 3684
f 3684 7374 7375
f 3684 7375 3685
f 3685 7375 7376
f 3685 7376 3686
f 3686 7376 7377
f 3686 7377 3687
f 3687 7377 7378
f 3687 7378 3688
f 3688 7378 7379
f 3688 7379 3689
f 3689 7379 7380
f 3689 7380 3690
f 3690 7380 7380
f 3690 7380 3690
f 3690 7380 7339
f 3690 7339 3649
f 3649 7339 7298
f 3649 7298 3608
f 3608 7298 7257
f 3608 7257 3567
f 3567 7257 7216
f 3567 7216 3526
f 3526 7216 7175
f 3526 7175 3485
f 3485 7175 7134
f 3485 7134 3444
f 3444 7134 7093
f 3444 7093 3403
f 3403 7093 7052
f 3403 7052 3362
f 3362 7052 7011
f 3362 7011 3321
f 3321 7011 6970
f 3321 6970 3280
f 3280 6970 6929
f 3280 6929 3239
f 3239 6929 6888
f 3239 6888 3198
f 3198 6888 6847
f 3198 6847 3157
f 3157 6847 6806
f 3157 6806 3116
f 3116 6806 6765
f 3116 6765 3075
f 3075 6765 6724
f 3075 6724 3034
f 3034 6724 6683
f 3034 6683 2993
f 2993 6683 6642
f 2993 6642 2952
f 2952 6642 6601
f 2952 6601 2911
f 2911 6601 6560
f 2911 6560 2870
f 2870 6560 6519
f 2870 6519 2829
f 2829 6519 6478
f 2829 6478 2788
f 2788 6478 6437
f 2788 6437 2747
f 2747 6437 6396
f 2747 6396 2706
f 2706 6396 6355
f 2706 6355 2665
f 2665 6355 6314
f 2665 6314 2624
f 2624 6314 6273
f 2624 6273 2583
f 2583 6273 6232
f 2583 6232 2542
f 2542 6232 6191
f 2542 6191 2501
f 2501 6191 6150
f 2501 6150 2460
f 2460 6150 6109
f 2460 6109 2419
f 2419 6109 6068
f 2419 6068 2378
f 2378 6068 6027
f 2378 6027 2337
f 2337 6027 5986
f 2337 5986 2296
f 2296 5986 5945
f 2296 5945 2255
f 2255 5945 5904
f 2255 5904 2214
f 2214 5904 5863
f 2214 5863 2173
f 2173 5863 5822
f 2173 5822 2132
f 2132 5822 5781
f 2132 5781 2091
f 2091 5781 5740
f 2091 5740 2050
f 2050 5740 5699
f 2050 5699 2009
f 2009 5699 5658
f 2009 5658 1968
f 1968 5658 5617
f 1968 5617 1927
f 1927 5617 5576
f 1927 5576 1886
f 1886 5576 5535
f 1886 5535 1845
f 1845 5535 5494
f 1845 5494 1804
f 1804 5494 5453
f 1804 5453 1763
f 1763 5453 5412
f 1763 5412 1722
f 1722 5412 5371
f 1722 5371 1681
f 1681 5371 5330
f 1681 5330 1640
f 1640 5330 5289
f 1640 5289 1599
f 1599 5289 5248
f 1599 5248 1558
f 1558 5248 5207
f 1558 5207 1517
f 1517 5207 5166
f 1517 5166 1476
f 1476 5166 5125
f 1476 5125 1435
f 1435 5125 5084
f 1435 5084 1394
f 1394 5084 5043
f 1394 5043 1353
f 1353 5043 5002
f 1353 5002 1312
f 1312 5002 4961
f 1312 4961 1271
f 1271 4961 4920
f 1271 4920 1230
f 1230 4920 4879
f 1230 4879 1189
f 1189 4879 4838
f 1189 4838 1148
f 1148 4838 4797
f 1148 4797 1107
f 1107 4797 4756
f 1107 4756 1066
f 1066 4756 4715
f 1066 4715 1025
f 1025 4715 4674
f 1025 4674 984
f 984 4674 4633
f 984 4633 943
f 943 4633 4592
f 943 4592 902
f 902 4592 4551
f 902 4551 861
f 861 4551 4510
f 861 4510 820
f 820 4510 4469
f 820 4469 779
f 779 4469 4428
f 779 4428 738
f 738 4428 4387
f 738 4387 697
f 697 4387 4346
f 697 4346 656
f 656 4346 4305
f 656 4305 615
f 615 4305 4264
f 615 4264 574
f 574 4264 4223
f 574 4223 533
f 533 4223 4182
f 533 4182 492
f 492 4182 4141
f 492 4141 451
f 451 4141 4100
f 451 4100 410
f 410 4100 4059
f 410 4059 369
f 369 4059 4018
f 369 4018 328
f 328 4018 3977
f 328 3977 287
f 287 3977 3936
f 287 3936 246
f 246 3936 3895
f 246 3895 205
f 205 3895 3854
f 205 3854 164
f 164 3854 3813
f 164 3813 123
f 123 3813 3772
f 123 3772 82
f 82 3772 3731
f 82 3731 41
f 41 3731 3731
f 41 3731 41
f 41 3731 3730
f 41 3730 40
f 40 3730 3729
f 40 3729 39
f 39 3729 3728
f 39 3728 38
f 38 3728 3727
f 38 3727 37
f 37 3727 3726
f 37 3726 36
f 36 3726 3725
f 36 3725 35
f 35 3725 3724
f 35 3724 34
f 34 3724 3723
f 34 3723 33
f 33 3723 3722
f 33 3722 32
f 32 3722 3721
f 32 3721 31
f 31 3721 3720
f 31 3720 30
f 30 3720 3719
f 30 3719 29
f 29 3719 3718
f 29 3718 28
f 28 3718 3717
f 28 3717 27
f 27 3717 3716
f 27 3716 26
f 26 3716 3715
f 26 3715 25
f 25 3715 3714
f 25 3714 24
f 24 3714 3713
f 24 3713 23
f 23 3713 3712
f 23 3712 22
f 22 3712 3711
f 22 3711 21
f 21 3711 3710
f 21 3710 20
f 20 3710 3709
f 20 3709 19
f 19 3709 3708
f 19 3708 18
f 18 3708 3707
f 18 3707 17
f 17 3707 3706
f 17 3706 16
f 16 3706 3705
f 16 3705 15
f 15 3705 3704
f 15 3704 14
f 14 3704 3703
f 14 3703 13
f 13 3703 3702
f 13 3702 12
f 12 3702 3701
f 12 3701 11
f 11 3701 3700
f 11 3700 10
f 10 3700 3699
f 10 3699 9
f 9 3699 3698
f 9 3698 8
f 8 3698 3697
f 8 3697 7
f 7 3697 3696
f 7 3696 6
f 6 3696 3695
f 6 3695 5
f 5 3695 3694
f 5 3694 4
f 4 3694 3693
f 4 3693 3
f 3 3693 3692
f 3 3692 2
f 2 3692 3691
f 2 3691 1
