v 1.0123 0.0449 -2.4723
v 1.0120 0.0450 -2.4724
v 1.0116 0.0451 -2.4724
v 1.0111 0.0454 -2.4725
v 1.0103 0.0457 -2.4725
v 1.0092 0.0461 -2.4726
v 1.0078 0.0466 -2.4727
v 1.0061 0.0473 -2.4729
v 1.0041 0.0481 -2.4730
v 1.0018 0.0490 -2.4732
v 0.9991 0.0501 -2.4735
v 0.9964 0.0512 -2.4737
v 0.9936 0.0523 -2.4739
v 0.9910 0.0533 -2.4741
v 0.9888 0.0542 -2.4743
v 0.9870 0.0549 -2.4745
v 0.9859 0.0553 -2.4746
v 0.9855 0.0555 -2.4746
v 0.9859 0.0553 -2.4746
v 0.9870 0.0549 -2.4745
v 0.9888 0.0542 -2.4743
v 0.9910 0.0533 -2.4741
v 0.9936 0.0523 -2.4739
v 0.9964 0.0512 -2.4737
v 0.9991 0.0501 -2.4735
v 1.0018 0.0490 -2.4732
v 1.0041 0.0481 -2.4730
v 1.0061 0.0473 -2.4729
v 1.0078 0.0466 -2.4727
v 1.0092 0.0461 -2.4726
v 1.0103 0.0457 -2.4725
v 1.0111 0.0454 -2.4725
v 1.0116 0.0451 -2.4724
v 1.0120 0.0450 -2.4724
v 1.0123 0.0449 -2.4723
v 1.0125 0.0448 -2.4723
v 1.0126 0.0448 -2.4723
v 1.0127 0.0447 -2.4723
v 1.0127 0.0447 -2.4723
v 1.0127 0.0447 -2.4723
v 1.0127 0.0447 -2.4723
v 0.9607 -0.0649 -2.3755
v 0.9629 -0.0585 -2.3769
v 0.9650 -0.0521 -2.3782
v 0.9669 -0.0455 -2.3796
v 0.9685 -0.0389 -2.3810
v 0.9698 -0.0322 -2.3825
v 0.9707 -0.0253 -2.3839
v 0.9712 -0.0182 -2.3854
v 0.9713 -0.0110 -2.3870
v 0.9710 -0.0036 -2.3885
v 0.9704 0.0039 -2.3901
v 0.9696 0.0114 -2.3917
v 0.9688 0.0190 -2.3933
v 0.9682 0.0265 -2.3949
v 0.9681 0.0338 -2.3965
v 0.9685 0.0409 -2.3980
v 0.9697 0.0477 -2.3994
v 0.9718 0.0541 -2.4008
v 0.9748 0.0602 -2.4021
v 0.9788 0.0659 -2.4033
v 0.9835 0.0713 -2.4044
v 0.9931 0.0866 -2.4077
v 1.0030 0.1017 -2.4109
v 1.0132 0.1168 -2.4141
v 1.0233 0.1319 -2.4173
v 1.0333 0.1471 -2.4206
v 1.0429 0.1624 -2.4238
v 1.0522 0.1778 -2.4271
v 1.0610 0.1934 -2.4304
v 1.0695 0.2092 -2.4337
v 1.0776 0.2251 -2.4371
v 1.0853 0.2411 -2.4405
v 1.0928 0.2573 -2.4440
v 1.1000 0.2735 -2.4474
v 1.1072 0.2898 -2.4509
v 1.1142 0.3061 -2.4544
v 1.1211 0.3225 -2.4578
v 1.1279 0.3388 -2.4613
v 1.1348 0.3552 -2.4648
v 1.1416 0.3716 -2.4683
v 1.1484 0.3881 -2.4718
v 0.9381 -0.1043 -2.2936
v 0.9414 -0.0952 -2.2955
v 0.9445 -0.0860 -2.2975
v 0.9473 -0.0767 -2.2995
v 0.9499 -0.0673 -2.3015
v 0.9520 -0.0577 -2.3035
v 0.9537 -0.0479 -2.3056
v 0.9549 -0.0380 -2.3077
v 0.9556 -0.0278 -2.3099
v 0.9558 -0.0175 -2.3121
v 0.9557 -0.0070 -2.3143
v 0.9553 0.0036 -2.3165
v 0.9549 0.0142 -2.3188
v 0.9548 0.0247 -2.3210
v 0.9551 0.0350 -2.3232
v 0.9562 0.0450 -2.3253
v 0.9583 0.0546 -2.3274
v 0.9614 0.0638 -2.3293
v 0.9657 0.0725 -2.3312
v 0.9710 0.0809 -2.3330
v 0.9774 0.0888 -2.3346
v 0.9905 0.1111 -2.3394
v 1.0040 0.1332 -2.3441
v 1.0179 0.1552 -2.3488
v 1.0317 0.1772 -2.3534
v 1.0453 0.1992 -2.3581
v 1.0585 0.2215 -2.3628
v 1.0713 0.2439 -2.3676
v 1.0836 0.2665 -2.3724
v 1.0953 0.2893 -2.3773
v 1.1066 0.3123 -2.3822
v 1.1176 0.3354 -2.3871
v 1.1282 0.3587 -2.3920
v 1.1385 0.3821 -2.3970
v 1.1487 0.4055 -2.4020
v 1.1587 0.4290 -2.4070
v 1.1686 0.4525 -2.4120
v 1.1784 0.4761 -2.4170
v 1.1882 0.4997 -2.4220
v 1.1980 0.5233 -2.4270
v 1.2078 0.5469 -2.4320
v 0.9196 -0.1337 -2.2138
v 0.9237 -0.1223 -2.2163
v 0.9276 -0.1108 -2.2187
v 0.9313 -0.0992 -2.2212
v 0.9345 -0.0875 -2.2237
v 0.9372 -0.0755 -2.2262
v 0.9394 -0.0634 -2.2288
v 0.9410 -0.0510 -2.2314
v 0.9420 -0.0383 -2.2341
v 0.9424 -0.0255 -2.2368
v 0.9424 -0.0125 -2.2396
v 0.9421 0.0007 -2.2424
v 0.9418 0.0138 -2.2452
v 0.9418 0.0269 -2.2480
v 0.9424 0.0397 -2.2507
v 0.9439 0.0521 -2.2533
v 0.9465 0.0641 -2.2559
v 0.9505 0.0756 -2.2583
v 0.9558 0.0865 -2.2606
v 0.9624 0.0969 -2.2629
v 0.9702 0.1069 -2.2650
v 0.9864 0.1347 -2.2709
v 1.0032 0.1624 -2.2768
v 1.0203 0.1899 -2.2826
v 1.0374 0.2174 -2.2885
v 1.0542 0.2451 -2.2944
v 1.0706 0.2729 -2.3003
v 1.0864 0.3009 -2.3062
v 1.1016 0.3292 -2.3122
v 1.1162 0.3577 -2.3183
v 1.1302 0.3865 -2.3244
v 1.1438 0.4154 -2.3305
v 1.1570 0.4444 -2.3367
v 1.1699 0.4736 -2.3429
v 1.1826 0.5029 -2.3492
v 1.1950 0.5323 -2.3554
v 1.2074 0.5617 -2.3616
v 1.2197 0.5911 -2.3679
v 1.2320 0.6205 -2.3742
v 1.2442 0.6500 -2.3804
v 1.2564 0.6795 -2.3867
v 0.9030 -0.1584 -2.1351
v 0.9079 -0.1450 -2.1379
v 0.9125 -0.1315 -2.1408
v 0.9167 -0.1178 -2.1437
v 0.9205 -0.1039 -2.1467
v 0.9237 -0.0898 -2.1497
v 0.9262 -0.0755 -2.1527
v 0.9281 -0.0608 -2.1558
v 0.9292 -0.0459 -2.1590
v 0.9296 -0.0307 -2.1622
v 0.9295 -0.0153 -2.1655
v 0.9291 0.0002 -2.1688
v 0.9286 0.0157 -2.1721
v 0.9285 0.0311 -2.1754
v 0.9291 0.0463 -2.1786
v 0.9308 0.0609 -2.1817
v 0.9339 0.0751 -2.1847
v 0.9385 0.0886 -2.1876
v 0.9448 0.1015 -2.1903
v 0.9527 0.1137 -2.1929
v 0.9619 0.1255 -2.1954
v 0.9811 0.1583 -2.2024
v 1.0010 0.1908 -2.2093
v 1.0212 0.2233 -2.2162
v 1.0414 0.2557 -2.2231
v 1.0613 0.2882 -2.2300
v 1.0807 0.3210 -2.2370
v 1.0994 0.3540 -2.2440
v 1.1174 0.3873 -2.2511
v 1.1347 0.4209 -2.2582
v 1.1513 0.4548 -2.2654
v 1.1673 0.4888 -2.2726
v 1.1829 0.5231 -2.2799
v 1.1981 0.5575 -2.2872
v 1.2130 0.5920 -2.2946
v 1.2277 0.6266 -2.3019
v 1.2423 0.6613 -2.3093
v 1.2568 0.6959 -2.3167
v 1.2712 0.7306 -2.3240
v 1.2856 0.7654 -2.3314
v 1.3000 0.8001 -2.3388
v 0.8876 -0.1804 -2.0569
v 0.8931 -0.1650 -2.0601
v 0.8983 -0.1495 -2.0634
v 0.9031 -0.1339 -2.0668
v 0.9073 -0.1180 -2.0701
v 0.9109 -0.1019 -2.0736
v 0.9136 -0.0855 -2.0771
v 0.9155 -0.0687 -2.0806
v 0.9166 -0.0516 -2.0843
v 0.9168 -0.0341 -2.0880
v 0.9164 -0.0165 -2.0917
v 0.9157 0.0014 -2.0955
v 0.9149 0.0192 -2.0993
v 0.9145 0.0369 -2.1031
v 0.9150 0.0542 -2.1068
v 0.9167 0.0711 -2.1103
v 0.9201 0.0873 -2.1138
v 0.9254 0.1027 -2.1171
v 0.9326 0.1174 -2.1202
v 0.9416 0.1314 -2.1231
v 0.9523 0.1447 -2.1260
v 0.9745 0.1821 -2.1339
v 0.9974 0.2191 -2.1418
v 1.0208 0.2560 -2.1496
v 1.0442 0.2929 -2.1575
v 1.0672 0.3299 -2.1654
v 1.0896 0.3672 -2.1733
v 1.1111 0.4048 -2.1813
v 1.1318 0.4428 -2.1893
v 1.1517 0.4811 -2.1975
v 1.1707 0.5197 -2.2057
v 1.1891 0.5586 -2.2139
v 1.2069 0.5976 -2.2223
v 1.2243 0.6369 -2.2306
v 1.2414 0.6763 -2.2390
v 1.2582 0.7158 -2.2474
v 1.2749 0.7553 -2.2558
v 1.2915 0.7949 -2.2642
v 1.3080 0.8345 -2.2726
v 1.3244 0.8742 -2.2810
v 1.3408 0.9138 -2.2895
v 0.8729 -0.2003 -1.9791
v 0.8790 -0.1832 -1.9828
v 0.8848 -0.1659 -1.9865
v 0.8901 -0.1483 -1.9902
v 0.8946 -0.1305 -1.9940
v 0.8984 -0.1124 -1.9978
v 0.9013 -0.0940 -2.0017
v 0.9031 -0.0751 -2.0057
v 0.9040 -0.0558 -2.0098
v 0.9039 -0.0362 -2.0140
v 0.9030 -0.0163 -2.0182
v 0.9017 0.0038 -2.0225
v 0.9004 0.0240 -2.0268
v 0.8995 0.0439 -2.0310
v 0.8997 0.0634 -2.0352
v 0.9013 0.0824 -2.0392
v 0.9049 0.1005 -2.0431
v 0.9107 0.1178 -2.0468
v 0.9189 0.1342 -2.0502
v 0.9292 0.1498 -2.0535
v 0.9414 0.1645 -2.0567
v 0.9665 0.2062 -2.0655
v 0.9927 0.2474 -2.0743
v 1.0193 0.2885 -2.0830
v 1.0458 0.3295 -2.0918
v 1.0720 0.3708 -2.1005
v 1.0973 0.4123 -2.1093
v 1.1218 0.4542 -2.1183
v 1.1452 0.4965 -2.1273
v 1.1676 0.5393 -2.1363
v 1.1891 0.5823 -2.1455
v 1.2098 0.6257 -2.1547
v 1.2298 0.6694 -2.1640
v 1.2493 0.7132 -2.1733
v 1.2684 0.7573 -2.1827
v 1.2873 0.8014 -2.1920
v 1.3059 0.8456 -2.2014
v 1.3245 0.8898 -2.2108
v 1.3429 0.9341 -2.2203
v 1.3613 0.9784 -2.2297
v 1.3796 1.0227 -2.2391
v 0.8588 -0.2187 -1.9017
v 0.8656 -0.1998 -1.9057
v 0.8718 -0.1807 -1.9098
v 0.8775 -0.1614 -1.9139
v 0.8823 -0.1417 -1.9181
v 0.8863 -0.1217 -1.9223
v 0.8891 -0.1012 -1.9267
v 0.8908 -0.0803 -1.9311
v 0.8912 -0.0589 -1.9357
v 0.8906 -0.0371 -1.9403
v 0.8891 -0.0149 -1.9450
v 0.8870 0.0075 -1.9498
v 0.8849 0.0299 -1.9545
v 0.8834 0.0520 -1.9593
v 0.8831 0.0737 -1.9639
v 0.8845 0.0947 -1.9683
v 0.8883 0.1149 -1.9726
v 0.8946 0.1339 -1.9767
v 0.9036 0.1520 -1.9805
v 0.9152 0.1689 -1.9841
v 0.9291 0.1850 -1.9875
v 0.9572 0.2307 -1.9972
v 0.9866 0.2759 -2.0068
v 1.0165 0.3208 -2.0164
v 1.0463 0.3658 -2.0259
v 1.0757 0.4110 -2.0356
v 1.1042 0.4565 -2.0452
v 1.1315 0.5025 -2.0550
v 1.1577 0.5489 -2.0649
v 1.1826 0.5958 -2.0748
v 1.2065 0.6432 -2.0849
v 1.2295 0.6909 -2.0950
v 1.2517 0.7389 -2.1053
v 1.2732 0.7872 -2.1155
v 1.2943 0.8356 -2.1258
v 1.3151 0.8842 -2.1361
v 1.3357 0.9328 -2.1465
v 1.3561 0.9815 -2.1568
v 1.3764 1.0303 -2.1672
v 1.3967 1.0791 -2.1776
v 1.4169 1.1279 -2.1879
v 0.8454 -0.2357 -1.8246
v 0.8526 -0.2151 -1.8290
v 0.8593 -0.1942 -1.8334
v 0.8653 -0.1731 -1.8379
v 0.8704 -0.1517 -1.8424
v 0.8743 -0.1297 -1.8471
v 0.8771 -0.1073 -1.8519
v 0.8784 -0.0844 -1.8567
v 0.8783 -0.0609 -1.8617
v 0.8770 -0.0369 -1.8668
v 0.8746 -0.0124 -1.8720
v 0.8716 0.0122 -1.8773
v 0.8685 0.0369 -1.8825
v 0.8662 0.0613 -1.8877
v 0.8652 0.0852 -1.8928
v 0.8662 0.1082 -1.8977
v 0.8700 0.1302 -1.9024
v 0.8767 0.1510 -1.9068
v 0.8866 0.1706 -1.9109
v 0.8996 0.1890 -1.9148
v 0.9152 0.2063 -1.9185
v 0.9464 0.2557 -1.9290
v 0.9791 0.3046 -1.9394
v 1.0124 0.3532 -1.9497
v 1.0457 0.4018 -1.9601
v 1.0783 0.4507 -1.9705
v 1.1100 0.5000 -1.9809
v 1.1403 0.5498 -1.9915
v 1.1693 0.6001 -2.0022
v 1.1968 0.6510 -2.0131
v 1.2231 0.7024 -2.0240
v 1.2483 0.7542 -2.0350
v 1.2726 0.8064 -2.0461
v 1.2962 0.8589 -2.0572
v 1.3192 0.9116 -2.0684
v 1.3419 0.9644 -2.0797
v 1.3643 1.0173 -2.0909
v 1.3865 1.0703 -2.1022
v 1.4086 1.1234 -2.1134
v 1.4307 1.1764 -2.1247
v 1.4527 1.2295 -2.1360
v 0.8325 -0.2511 -1.7478
v 0.8402 -0.2289 -1.7525
v 0.8473 -0.2064 -1.7573
v 0.8535 -0.1836 -1.7621
v 0.8587 -0.1603 -1.7671
v 0.8626 -0.1366 -1.7721
v 0.8651 -0.1123 -1.7773
v 0.8659 -0.0873 -1.7826
v 0.8652 -0.0617 -1.7880
v 0.8629 -0.0355 -1.7936
v 0.8594 -0.0088 -1.7993
v 0.8553 0.0181 -1.8050
v 0.8511 0.0451 -1.8107
v 0.8476 0.0717 -1.8164
v 0.8458 0.0978 -1.8219
v 0.8463 0.1228 -1.8273
v 0.8500 0.1467 -1.8323
v 0.8571 0.1692 -1.8371
v 0.8680 0.1902 -1.8416
v 0.8823 0.2098 -1.8458
v 0.8997 0.2283 -1.8497
v 0.9341 0.2812 -1.8609
v 0.9702 0.3335 -1.8721
v 1.0070 0.3856 -1.8831
v 1.0438 0.4376 -1.8942
v 1.0799 0.4899 -1.9053
v 1.1148 0.5427 -1.9165
v 1.1482 0.5961 -1.9279
v 1.1800 0.6501 -1.9393
v 1.2101 0.7047 -1.9510
v 1.2388 0.7600 -1.9627
v 1.2662 0.8157 -1.9745
v 1.2926 0.8719 -1.9865
v 1.3181 0.9284 -1.9985
v 1.3431 0.9851 -2.0105
v 1.3676 1.0420 -2.0226
v 1.3917 1.0990 -2.0348
v 1.4157 1.1561 -2.0469
v 1.4396 1.2133 -2.0590
v 1.4633 1.2704 -2.0712
v 1.4870 1.3277 -2.0834
v 0.8202 -0.2651 -1.6713
v 0.8283 -0.2412 -1.6764
v 0.8358 -0.2172 -1.6815
v 0.8423 -0.1927 -1.6867
v 0.8475 -0.1677 -1.6920
v 0.8512 -0.1421 -1.6974
v 0.8533 -0.1159 -1.7030
v 0.8535 -0.0890 -1.7087
v 0.8518 -0.0613 -1.7146
v 0.8484 -0.0329 -1.7206
v 0.8437 -0.0040 -1.7268
v 0.8381 0.0252 -1.7330
v 0.8325 0.0545 -1.7392
v 0.8278 0.0834 -1.7454
v 0.8249 0.1116 -1.7514
v 0.8248 0.1386 -1.7571
v 0.8283 0.1643 -1.7626
v 0.8357 0.1884 -1.7677
v 0.8475 0.2108 -1.7724
v 0.8632 0.2316 -1.7769
v 0.8825 0.2510 -1.7810
v 0.9203 0.3072 -1.7929
v 0.9598 0.3627 -1.8047
v 1.0003 0.4179 -1.8165
v 1.0407 0.4731 -1.8282
v 1.0804 0.5285 -1.8400
v 1.1186 0.5846 -1.8519
v 1.1551 0.6413 -1.8640
v 1.1897 0.6988 -1.8762
v 1.2225 0.7569 -1.8885
v 1.2536 0.8158 -1.9010
v 1.2832 0.8752 -1.9137
v 1.3116 0.9352 -1.9264
v 1.3391 0.9955 -1.9392
v 1.3658 1.0560 -1.9521
v 1.3921 1.1168 -1.9650
v 1.4179 1.1777 -1.9780
v 1.4436 1.2387 -1.9909
v 1.4691 1.2998 -2.0039
v 1.4945 1.3609 -2.0169
v 1.5198 1.4220 -2.0299
v 0.8086 -0.2773 -1.5952
v 0.8172 -0.2520 -1.6006
v 0.8250 -0.2264 -1.6060
v 0.8316 -0.2003 -1.6115
v 0.8367 -0.1737 -1.6172
v 0.8401 -0.1463 -1.6230
v 0.8416 -0.1182 -1.6290
v 0.8410 -0.0893 -1.6351
v 0.8383 -0.0596 -1.6415
v 0.8336 -0.0290 -1.6480
v 0.8273 0.0021 -1.6546
v 0.8201 0.0336 -1.6613
v 0.8129 0.0652 -1.6680
v 0.8067 0.0963 -1.6746
v 0.8026 0.1266 -1.6810
v 0.8016 0.1557 -1.6872
v 0.8048 0.1831 -1.6930
v 0.8125 0.2087 -1.6985
v 0.8251 0.2324 -1.7035
v 0.8424 0.2543 -1.7082
v 0.8637 0.2745 -1.7125
v 0.9048 0.3338 -1.7251
v 0.9480 0.3921 -1.7375
v 0.9922 0.4501 -1.7498
v 1.0364 0.5081 -1.7621
v 1.0796 0.5665 -1.7745
v 1.1213 0.6255 -1.7871
v 1.1609 0.6853 -1.7998
v 1.1985 0.7459 -1.8127
v 1.2339 0.8074 -1.8257
v 1.2673 0.8697 -1.8390
v 1.2991 0.9326 -1.8523
v 1.3295 0.9960 -1.8658
v 1.3588 1.0599 -1.8794
v 1.3873 1.1241 -1.8931
v 1.4153 1.1885 -1.9068
v 1.4428 1.2531 -1.9205
v 1.4700 1.3178 -1.9342
v 1.4971 1.3826 -1.9480
v 1.5240 1.4474 -1.9618
v 1.5509 1.5123 -1.9756
v 0.7978 -0.2876 -1.5195
v 0.8068 -0.2609 -1.5251
v 0.8149 -0.2339 -1.5309
v 0.8217 -0.2064 -1.5367
v 0.8266 -0.1781 -1.5428
v 0.8295 -0.1490 -1.5489
v 0.8302 -0.1191 -1.5553
v 0.8286 -0.0882 -1.5619
v 0.8246 -0.0565 -1.5686
v 0.8184 -0.0238 -1.5756
v 0.8104 0.0096 -1.5826
v 0.8014 0.0434 -1.5898
v 0.7923 0.0772 -1.5970
v 0.7843 0.1106 -1.6041
v 0.7788 0.1430 -1.6110
v 0.7768 0.1739 -1.6176
v 0.7795 0.2031 -1.6238
v 0.7875 0.2301 -1.6295
v 0.8010 0.2550 -1.6348
v 0.8198 0.2778 -1.6397
v 0.8431 0.2988 -1.6441
v 0.8877 0.3607 -1.6573
v 0.9346 0.4217 -1.6702
v 0.9826 0.4822 -1.6831
v 1.0307 0.5428 -1.6960
v 1.0776 0.6037 -1.7089
v 1.1228 0.6654 -1.7220
v 1.1657 0.7279 -1.7353
v 1.2061 0.7915 -1.7488
v 1.2441 0.8560 -1.7625
v 1.2800 0.9213 -1.7764
v 1.3139 0.9874 -1.7905
v 1.3462 1.0542 -1.8047
v 1.3773 1.1214 -1.8190
v 1.4075 1.1890 -1.8333
v 1.4370 1.2568 -1.8478
v 1.4661 1.3249 -1.8622
v 1.4948 1.3930 -1.8767
v 1.5233 1.4613 -1.8912
v 1.5517 1.5295 -1.9057
v 1.5801 1.5979 -1.9202
v 0.7879 -0.2958 -1.4442
v 0.7974 -0.2679 -1.4501
v 0.8060 -0.2397 -1.4561
v 0.8128 -0.2107 -1.4623
v 0.8174 -0.1809 -1.4686
v 0.8195 -0.1501 -1.4752
v 0.8192 -0.1183 -1.4819
v 0.8163 -0.0856 -1.4889
v 0.8109 -0.0518 -1.4961
v 0.8030 -0.0170 -1.5035
v 0.7930 0.0185 -1.5110
v 0.7819 0.0546 -1.5187
v 0.7707 0.0906 -1.5264
v 0.7608 0.1262 -1.5339
v 0.7536 0.1607 -1.5412
v 0.7505 0.1935 -1.5482
v 0.7527 0.2243 -1.5548
v 0.7608 0.2527 -1.5608
v 0.7751 0.2787 -1.5663
v 0.7954 0.3023 -1.5713
v 0.8210 0.3238 -1.5759
v 0.8690 0.3881 -1.5896
v 0.9197 0.4514 -1.6030
v 0.9717 0.5141 -1.6164
v 1.0236 0.5768 -1.6297
v 1.0743 0.6400 -1.6431
v 1.1231 0.7040 -1.6567
v 1.1692 0.7690 -1.6705
v 1.2126 0.8351 -1.6846
v 1.2532 0.9023 -1.6989
v 1.2914 0.9705 -1.7134
v 1.3274 1.0395 -1.7280
v 1.3616 1.1093 -1.7429
v 1.3944 1.1795 -1.7578
v 1.4261 1.2503 -1.7728
v 1.4571 1.3213 -1.7879
v 1.4876 1.3925 -1.8031
v 1.5177 1.4638 -1.8182
v 1.5476 1.5352 -1.8334
v 1.5774 1.6067 -1.8486
v 1.6071 1.6783 -1.8638
v 0.7791 -0.3018 -1.3694
v 0.7893 -0.2729 -1.3756
v 0.7984 -0.2435 -1.3818
v 0.8054 -0.2134 -1.3882
v 0.8094 -0.1820 -1.3949
v 0.8103 -0.1495 -1.4018
v 0.8086 -0.1159 -1.4089
v 0.8043 -0.0812 -1.4163
v 0.7972 -0.0455 -1.4239
v 0.7873 -0.0087 -1.4317
v 0.7752 0.0291 -1.4398
v 0.7618 0.0673 -1.4479
v 0.7482 0.1056 -1.4560
v 0.7362 0.1433 -1.4640
v 0.7272 0.1798 -1.4718
v 0.7228 0.2144 -1.4792
v 0.7242 0.2468 -1.4860
v 0.7324 0.2765 -1.4923
v 0.7476 0.3034 -1.4981
v 0.7695 0.3277 -1.5032
v 0.7973 0.3496 -1.5079
v 0.8488 0.4159 -1.5220
v 0.9033 0.4810 -1.5358
v 0.9593 0.5455 -1.5495
v 1.0152 0.6101 -1.5633
v 1.0698 0.6752 -1.5771
v 1.1221 0.7412 -1.5911
v 1.1715 0.8083 -1.6054
v 1.2178 0.8766 -1.6199
v 1.2610 0.9462 -1.6347
v 1.3014 1.0169 -1.6497
v 1.3394 1.0885 -1.6649
v 1.3754 1.1609 -1.6803
v 1.4098 1.2340 -1.6959
v 1.4431 1.3075 -1.7115
v 1.4755 1.3814 -1.7272
v 1.5073 1.4554 -1.7429
v 1.5387 1.5297 -1.7587
v 1.5698 1.6040 -1.7745
v 1.6008 1.6784 -1.7903
v 1.6317 1.7529 -1.8062
v 0.7717 -0.3052 -1.2952
v 0.7827 -0.2755 -1.3015
v 0.7928 -0.2454 -1.3079
v 0.8000 -0.2142 -1.3145
v 0.8031 -0.1814 -1.3215
v 0.8024 -0.1470 -1.3288
v 0.7988 -0.1115 -1.3364
v 0.7927 -0.0750 -1.3441
v 0.7837 -0.0374 -1.3521
v 0.7716 0.0014 -1.3604
v 0.7571 0.0412 -1.3688
v 0.7411 0.0816 -1.3774
v 0.7251 0.1221 -1.3860
v 0.7106 0.1618 -1.3945
v 0.6996 0.2003 -1.4026
v 0.6937 0.2367 -1.4104
v 0.6944 0.2705 -1.4175
v 0.7026 0.3013 -1.4241
v 0.7186 0.3291 -1.4300
v 0.7421 0.3538 -1.4353
v 0.7722 0.3760 -1.4400
v 0.8272 0.4440 -1.4544
v 0.8855 0.5106 -1.4686
v 0.9456 0.5765 -1.4826
v 1.0055 0.6425 -1.4966
v 1.0639 0.7091 -1.5108
v 1.1198 0.7766 -1.5251
v 1.1725 0.8455 -1.5398
v 1.2217 0.9157 -1.5547
v 1.2674 0.9873 -1.5699
v 1.3100 1.0601 -1.5854
v 1.3499 1.1340 -1.6011
v 1.3876 1.2088 -1.6170
v 1.4235 1.2843 -1.6330
v 1.4581 1.3603 -1.6492
v 1.4918 1.4366 -1.6654
v 1.5248 1.5133 -1.6817
v 1.5573 1.5901 -1.6980
v 1.5896 1.6670 -1.7144
v 1.6217 1.7440 -1.7308
v 1.6536 1.8210 -1.7471
v 0.7657 -0.3060 -1.2215
v 0.7782 -0.2759 -1.2279
v 0.7898 -0.2454 -1.2344
v 0.7974 -0.2134 -1.2412
v 0.7992 -0.1790 -1.2485
v 0.7961 -0.1427 -1.2562
v 0.7900 -0.1052 -1.2642
v 0.7816 -0.0669 -1.2723
v 0.7704 -0.0274 -1.2807
v 0.7560 0.0134 -1.2894
v 0.7389 0.0552 -1.2983
v 0.7202 0.0976 -1.3073
v 0.7014 0.1401 -1.3163
v 0.6844 0.1819 -1.3252
v 0.6711 0.2222 -1.3338
v 0.6636 0.2602 -1.3419
v 0.6634 0.2954 -1.3493
v 0.6715 0.3272 -1.3561
v 0.6883 0.3557 -1.3621
v 0.7134 0.3808 -1.3675
v 0.7458 0.4030 -1.3722
v 0.8043 0.4722 -1.3869
v 0.8665 0.5399 -1.4013
v 0.9305 0.6068 -1.4155
v 0.9945 0.6738 -1.4298
v 1.0568 0.7415 -1.4441
v 1.1162 0.8102 -1.4588
v 1.1721 0.8804 -1.4737
v 1.2241 0.9521 -1.4889
v 1.2723 1.0253 -1.5045
v 1.3171 1.0999 -1.5203
v 1.3588 1.1757 -1.5364
v 1.3980 1.2525 -1.5528
v 1.4353 1.3300 -1.5692
v 1.4711 1.4081 -1.5858
v 1.5059 1.4866 -1.6025
v 1.5399 1.5654 -1.6193
v 1.5735 1.6444 -1.6361
v 1.6067 1.7235 -1.6529
v 1.6397 1.8028 -1.6697
v 1.6726 1.8820 -1.6866
v 0.7672 -0.2903 -1.1513
v 0.7815 -0.2608 -1.1576
v 0.7952 -0.2311 -1.1639
v 0.8034 -0.1993 -1.1707
v 0.8031 -0.1641 -1.1781
v 0.7962 -0.1263 -1.1862
v 0.7863 -0.0873 -1.1945
v 0.7749 -0.0477 -1.2029
v 0.7609 -0.0072 -1.2115
v 0.7438 0.0347 -1.2204
v 0.7236 0.0778 -1.2296
v 0.7017 0.1215 -1.2389
v 0.6796 0.1653 -1.2482
v 0.6596 0.2083 -1.2573
v 0.6437 0.2496 -1.2661
v 0.6342 0.2885 -1.2743
v 0.6326 0.3242 -1.2819
v 0.6403 0.3562 -1.2887
v 0.6576 0.3845 -1.2947
v 0.6840 0.4091 -1.3000
v 0.7185 0.4306 -1.3045
v 0.7795 0.4987 -1.3190
v 0.8448 0.5652 -1.3332
v 0.9121 0.6310 -1.3471
v 0.9793 0.6967 -1.3611
v 1.0446 0.7632 -1.3753
v 1.1068 0.8309 -1.3896
v 1.1651 0.9002 -1.4044
v 1.2191 0.9712 -1.4195
v 1.2690 1.0438 -1.4349
v 1.3150 1.1179 -1.4506
v 1.3576 1.1934 -1.4667
v 1.3975 1.2699 -1.4830
v 1.4353 1.3473 -1.4994
v 1.4714 1.4253 -1.5160
v 1.5064 1.5038 -1.5327
v 1.5406 1.5826 -1.5494
v 1.5743 1.6616 -1.5662
v 1.6076 1.7408 -1.5830
v 1.6406 1.8200 -1.5999
v 1.6736 1.8993 -1.6167
v 0.7696 -0.2744 -1.0812
v 0.7868 -0.2461 -1.0872
v 0.8037 -0.2177 -1.0932
v 0.8129 -0.1863 -1.0999
v 0.8100 -0.1500 -1.1076
v 0.7980 -0.1102 -1.1161
v 0.7834 -0.0694 -1.1248
v 0.7683 -0.0283 -1.1335
v 0.7514 0.0134 -1.1424
v 0.7312 0.0565 -1.1515
v 0.7079 0.1008 -1.1609
v 0.6827 0.1458 -1.1705
v 0.6573 0.1909 -1.1801
v 0.6341 0.2352 -1.1895
v 0.6156 0.2776 -1.1985
v 0.6039 0.3173 -1.2069
v 0.6010 0.3535 -1.2146
v 0.6082 0.3857 -1.2215
v 0.6259 0.4138 -1.2275
v 0.6537 0.4379 -1.2326
v 0.6903 0.4585 -1.2370
v 0.7541 0.5256 -1.2512
v 0.8225 0.5909 -1.2651
v 0.8931 0.6553 -1.2788
v 0.9636 0.7197 -1.2925
v 1.0321 0.7850 -1.3064
v 1.0971 0.8516 -1.3205
v 1.1578 0.9199 -1.3350
v 1.2139 0.9901 -1.3500
v 1.2654 1.0620 -1.3652
v 1.3126 1.1357 -1.3809
v 1.3562 1.2107 -1.3969
v 1.3968 1.2870 -1.4131
v 1.4351 1.3642 -1.4295
v 1.4716 1.4421 -1.4460
v 1.5068 1.5205 -1.4627
v 1.5411 1.5992 -1.4794
v 1.5748 1.6782 -1.4962
v 1.6082 1.7573 -1.5130
v 1.6413 1.8366 -1.5299
v 1.6743 1.9158 -1.5467
v 0.7730 -0.2588 -1.0110
v 0.7942 -0.2321 -1.0167
v 0.8158 -0.2056 -1.0223
v 0.8268 -0.1748 -1.0288
v 0.8204 -0.1372 -1.0368
v 0.8020 -0.0949 -1.0458
v 0.7813 -0.0516 -1.0550
v 0.7619 -0.0089 -1.0641
v 0.7417 0.0342 -1.0733
v 0.7185 0.0784 -1.0827
v 0.6920 0.1240 -1.0923
v 0.6634 0.1704 -1.1022
v 0.6346 0.2168 -1.1121
v 0.6083 0.2623 -1.1217
v 0.5869 0.3058 -1.1310
v 0.5731 0.3464 -1.1396
v 0.5689 0.3831 -1.1474
v 0.5756 0.4155 -1.1543
v 0.5938 0.4434 -1.1602
v 0.6229 0.4670 -1.1652
v 0.6617 0.4867 -1.1695
v 0.7283 0.5527 -1.1835
v 0.7999 0.6168 -1.1971
v 0.8738 0.6798 -1.2105
v 0.9477 0.7430 -1.2239
v 1.0193 0.8070 -1.2375
v 1.0872 0.8724 -1.2514
v 1.1505 0.9397 -1.2657
v 1.2086 1.0091 -1.2805
v 1.2618 1.0804 -1.2956
v 1.3103 1.1535 -1.3112
v 1.3549 1.2282 -1.3271
v 1.3962 1.3042 -1.3432
v 1.4349 1.3812 -1.3596
v 1.4717 1.4590 -1.3761
v 1.5071 1.5373 -1.3927
v 1.5416 1.6160 -1.4095
v 1.5754 1.6949 -1.4263
v 1.6088 1.7740 -1.4431
v 1.6419 1.8532 -1.4599
v 1.6774 1.9315 -1.4766
v 0.7773 -0.2435 -0.9407
v 0.8040 -0.2190 -0.9459
v 0.8319 -0.1949 -0.9510
v 0.8454 -0.1651 -0.9574
v 0.8348 -0.1259 -0.9657
v 0.8083 -0.0804 -0.9754
v 0.7802 -0.0341 -0.9852
v 0.7557 0.0106 -0.9947
v 0.7321 0.0550 -1.0042
v 0.7058 0.1005 -1.0138
v 0.6760 0.1473 -1.0238
v 0.6440 0.1951 -1.0339
v 0.6119 0.2428 -1.0441
v 0.5823 0.2896 -1.0540
v 0.5582 0.3342 -1.0635
v 0.5422 0.3756 -1.0723
v 0.5366 0.4129 -1.0802
v 0.5429 0.4455 -1.0872
v 0.5615 0.4732 -1.0931
v 0.5920 0.4962 -1.0979
v 0.6329 0.5151 -1.1020
v 0.7023 0.5800 -1.1158
v 0.7771 0.6428 -1.1291
v 0.8544 0.7045 -1.1422
v 0.9317 0.7663 -1.1554
v 1.0065 0.8290 -1.1687
v 1.0774 0.8934 -1.1824
v 1.1431 0.9597 -1.1965
v 1.2033 1.0282 -1.2110
v 1.2581 1.0988 -1.2260
v 1.3080 1.1715 -1.2415
v 1.3535 1.2458 -1.2573
v 1.3955 1.3215 -1.2734
v 1.4347 1.3983 -1.2897
v 1.4719 1.4759 -1.3062
v 1.5075 1.5541 -1.3228
v 1.5421 1.6328 -1.3395
v 1.5760 1.7117 -1.3563
v 1.6095 1.7908 -1.3731
v 1.6440 1.8694 -1.3898
v 1.6880 1.9444 -1.4058
v 0.7826 -0.2284 -0.8704
v 0.8160 -0.2065 -0.8751
v 0.8516 -0.1856 -0.8795
v 0.8682 -0.1570 -0.8856
v 0.8529 -0.1159 -0.8943
v 0.8169 -0.0666 -0.9048
v 0.7800 -0.0170 -0.9154
v 0.7499 0.0300 -0.9253
v 0.7226 0.0759 -0.9351
v 0.6932 0.1226 -0.9450
v 0.6602 0.1707 -0.9552
v 0.6248 0.2198 -0.9657
v 0.5893 0.2689 -0.9761
v 0.5566 0.3169 -0.9863
v 0.5297 0.3626 -0.9960
v 0.5116 0.4048 -1.0050
v 0.5046 0.4427 -1.0131
v 0.5104 0.4755 -1.0200
v 0.5295 0.5030 -1.0259
v 0.5614 0.5255 -1.0306
v 0.6044 0.5435 -1.0345
v 0.6766 0.6073 -1.0480
v 0.7545 0.6688 -1.0611
v 0.8353 0.7292 -1.0740
v 0.9158 0.7897 -1.0868
v 0.9939 0.8512 -1.0999
v 1.0676 0.9144 -1.1133
v 1.1358 0.9797 -1.1272
v 1.1981 1.0474 -1.1416
v 1.2546 1.1174 -1.1565
v 1.3057 1.1895 -1.1718
v 1.3522 1.2634 -1.1875
v 1.3949 1.3388 -1.2035
v 1.4346 1.4155 -1.2198
v 1.4721 1.4930 -1.2363
v 1.5080 1.5711 -1.2529
v 1.5427 1.6497 -1.2696
v 1.5767 1.7286 -1.2864
v 1.6103 1.8076 -1.3032
v 1.6538 1.8827 -1.3191
v 1.7107 1.9525 -1.3340
v 0.7886 -0.2136 -0.8000
v 0.8295 -0.1946 -0.8041
v 0.8739 -0.1771 -0.8078
v 0.8942 -0.1500 -0.8135
v 0.8736 -0.1068 -0.8227
v 0.8270 -0.0533 -0.8341
v 0.7807 0.0000 -0.8454
v 0.7445 0.0494 -0.8559
v 0.7134 0.0968 -0.8660
v 0.6809 0.1447 -0.8762
v 0.6448 0.1941 -0.8867
v 0.6061 0.2444 -0.8974
v 0.5673 0.2948 -0.9081
v 0.5315 0.3441 -0.9186
v 0.5019 0.3908 -0.9285
v 0.4816 0.4339 -0.9377
v 0.4733 0.4723 -0.9458
v 0.4786 0.5052 -0.9528
v 0.4982 0.5326 -0.9586
v 0.5314 0.5545 -0.9633
v 0.5766 0.5718 -0.9670
v 0.6514 0.6345 -0.9803
v 0.7325 0.6948 -0.9931
v 0.8165 0.7539 -1.0057
v 0.9004 0.8130 -1.0183
v 0.9816 0.8733 -1.0311
v 1.0581 0.9354 -1.0443
v 1.1287 0.9997 -1.0579
v 1.1931 1.0666 -1.0722
v 1.2512 1.1360 -1.0869
v 1.3036 1.2076 -1.1021
v 1.3510 1.2811 -1.1178
v 1.3944 1.3563 -1.1337
v 1.4346 1.4327 -1.1500
v 1.4724 1.5101 -1.1664
v 1.5084 1.5882 -1.1830
v 1.5433 1.6667 -1.1997
v 1.5774 1.7455 -1.2165
v 1.6166 1.8223 -1.2328
v 1.6753 1.8914 -1.2475
v 1.7470 1.9554 -1.2611
v 0.7947 -0.1986 -0.7297
v 0.8434 -0.1828 -0.7331
v 0.8969 -0.1689 -0.7360
v 0.9210 -0.1433 -0.7415
v 0.8950 -0.0979 -0.7511
v 0.8377 -0.0402 -0.7634
v 0.7817 0.0170 -0.7755
v 0.7395 0.0687 -0.7865
v 0.7047 0.1176 -0.7969
v 0.6691 0.1667 -0.8074
v 0.6299 0.2173 -0.8181
v 0.5881 0.2689 -0.8291
v 0.5461 0.3205 -0.8401
v 0.5073 0.3710 -0.8508
v 0.4751 0.4188 -0.8609
v 0.4528 0.4627 -0.8703
v 0.4432 0.5015 -0.8785
v 0.4481 0.5347 -0.8856
v 0.4681 0.5618 -0.8913
v 0.5026 0.5833 -0.8959
v 0.5498 0.5997 -0.8994
v 0.6273 0.6614 -0.9125
v 0.7113 0.7205 -0.9251
v 0.7986 0.7783 -0.9374
v 0.8857 0.8362 -0.9497
v 0.9701 0.8951 -0.9622
v 1.0497 0.9560 -0.9751
v 1.1232 1.0193 -0.9886
v 1.1900 1.0852 -1.0026
v 1.2498 1.1539 -1.0172
v 1.3032 1.2250 -1.0323
v 1.3512 1.2984 -1.0479
v 1.3947 1.3735 -1.0639
v 1.4350 1.4499 -1.0801
v 1.4729 1.5273 -1.0966
v 1.5090 1.6053 -1.1131
v 1.5440 1.6838 -1.1298
v 1.5797 1.7619 -1.1464
v 1.6326 1.8334 -1.1616
v 1.7098 1.8952 -1.1748
v 1.7949 1.9539 -1.1872
v 0.8005 -0.1835 -0.6594
v 0.8563 -0.1705 -0.6622
v 0.9182 -0.1598 -0.6644
v 0.9457 -0.1356 -0.6696
v 0.9148 -0.0883 -0.6796
v 0.8476 -0.0267 -0.6927
v 0.7826 0.0341 -0.7056
v 0.7348 0.0880 -0.7171
v 0.6965 0.1383 -0.7278
v 0.6580 0.1885 -0.7385
v 0.6160 0.2402 -0.7495
v 0.5711 0.2930 -0.7607
v 0.5261 0.3459 -0.7719
v 0.4845 0.3974 -0.7829
v 0.4498 0.4462 -0.7933
v 0.4256 0.4909 -0.8027
v 0.4148 0.5302 -0.8111
v 0.4192 0.5635 -0.8182
v 0.4397 0.5905 -0.8239
v 0.4754 0.6115 -0.8284
v 0.5245 0.6272 -0.8317
v 0.6044 0.6879 -0.8446
v 0.6914 0.7458 -0.8569
v 0.7818 0.8024 -0.8690
v 0.8724 0.8589 -0.8810
v 0.9606 0.9164 -0.8932
v 1.0444 0.9756 -0.9058
v 1.1221 1.0371 -0.9189
v 1.1925 1.1016 -0.9326
v 1.2546 1.1694 -0.9470
v 1.3084 1.2405 -0.9621
v 1.3554 1.3142 -0.9777
v 1.3976 1.3898 -0.9938
v 1.4367 1.4667 -1.0102
v 1.4739 1.5443 -1.0267
v 1.5099 1.6224 -1.0433
v 1.5449 1.7009 -1.0599
v 1.5884 1.7760 -1.0759
v 1.6588 1.8405 -1.0896
v 1.7546 1.8949 -1.1012
v 1.8483 1.9502 -1.1129
v 0.8053 -0.1678 -0.5892
v 0.8667 -0.1570 -0.5915
v 0.9350 -0.1489 -0.5932
v 0.9652 -0.1258 -0.5982
v 0.9302 -0.0769 -0.6086
v 0.8550 -0.0121 -0.6223
v 0.7828 0.0515 -0.6358
v 0.7303 0.1074 -0.6477
v 0.6889 0.1588 -0.6587
v 0.6478 0.2101 -0.6696
v 0.6031 0.2629 -0.6808
v 0.5554 0.3168 -0.6922
v 0.5077 0.3708 -0.7037
v 0.4633 0.4234 -0.7149
v 0.4264 0.4730 -0.7254
v 0.4004 0.5184 -0.7351
v 0.3884 0.5582 -0.7435
v 0.3925 0.5917 -0.7507
v 0.4133 0.6185 -0.7564
v 0.4502 0.6390 -0.7607
v 0.5011 0.6540 -0.7639
v 0.5834 0.7138 -0.7766
v 0.6730 0.7706 -0.7887
v 0.7665 0.8260 -0.8005
v 0.8607 0.8811 -0.8122
v 0.9531 0.9369 -0.8240
v 1.0419 0.9941 -0.8362
v 1.1250 1.0536 -0.8488
v 1.2001 1.1162 -0.8622
v 1.2647 1.1830 -0.8763
v 1.3185 1.2541 -0.8914
v 1.3633 1.3286 -0.9073
v 1.4027 1.4054 -0.9236
v 1.4396 1.4831 -0.9401
v 1.4755 1.5612 -0.9567
v 1.5109 1.6396 -0.9734
v 1.5475 1.7174 -0.9899
v 1.6034 1.7876 -1.0049
v 1.6926 1.8447 -1.0170
v 1.8033 1.8932 -1.0273
v 1.8977 1.9482 -1.0390
v 0.8083 -0.1513 -0.5192
v 0.8730 -0.1418 -0.5212
v 0.9451 -0.1352 -0.5226
v 0.9767 -0.1126 -0.5274
v 0.9391 -0.0627 -0.5381
v 0.8588 0.0041 -0.5523
v 0.7818 0.0696 -0.5662
v 0.7259 0.1268 -0.5783
v 0.6821 0.1792 -0.5895
v 0.6387 0.2314 -0.6006
v 0.5915 0.2851 -0.6120
v 0.5414 0.3400 -0.6237
v 0.4910 0.3950 -0.6353
v 0.4443 0.4485 -0.6467
v 0.4053 0.4991 -0.6575
v 0.3777 0.5450 -0.6672
v 0.3647 0.5852 -0.6758
v 0.3684 0.6188 -0.6829
v 0.3896 0.6456 -0.6886
v 0.4275 0.6657 -0.6929
v 0.4800 0.6800 -0.6959
v 0.5644 0.7389 -0.7084
v 0.6566 0.7948 -0.7203
v 0.7530 0.8490 -0.7318
v 0.8506 0.9028 -0.7433
v 0.9474 0.9568 -0.7547
v 1.0419 1.0118 -0.7664
v 1.1313 1.0687 -0.7785
v 1.2118 1.1292 -0.7914
v 1.2793 1.1949 -0.8054
v 1.3324 1.2662 -0.8205
v 1.3741 1.3420 -0.8366
v 1.4096 1.4203 -0.8533
v 1.4434 1.4993 -0.8701
v 1.4775 1.5781 -0.8868
v 1.5114 1.6570 -0.9036
v 1.5524 1.7331 -0.9198
v 1.6228 1.7976 -0.9335
v 1.7285 1.8482 -0.9442
v 1.8468 1.8937 -0.9539
v 1.9316 1.9525 -0.9664
v 0.8094 -0.1340 -0.4494
v 0.8745 -0.1246 -0.4514
v 0.9470 -0.1182 -0.4527
v 0.9784 -0.0955 -0.4576
v 0.9398 -0.0452 -0.4682
v 0.8579 0.0222 -0.4826
v 0.7793 0.0884 -0.4966
v 0.7217 0.1462 -0.5089
v 0.6761 0.1993 -0.5202
v 0.6308 0.2523 -0.5315
v 0.5815 0.3069 -0.5431
v 0.5291 0.3626 -0.5549
v 0.4766 0.4185 -0.5668
v 0.4278 0.4729 -0.5784
v 0.3869 0.5241 -0.5893
v 0.3578 0.5707 -0.5992
v 0.3439 0.6112 -0.6078
v 0.3474 0.6449 -0.6149
v 0.3688 0.6715 -0.6206
v 0.4076 0.6913 -0.6248
v 0.4616 0.7050 -0.6277
v 0.5478 0.7633 -0.6401
v 0.6423 0.8183 -0.6518
v 0.7413 0.8714 -0.6631
v 0.8423 0.9238 -0.6742
v 0.9437 0.9760 -0.6853
v 1.0441 1.0287 -0.6965
v 1.1404 1.0829 -0.7080
v 1.2268 1.1411 -0.7204
v 1.2973 1.2056 -0.7341
v 1.3494 1.2773 -0.7493
v 1.3872 1.3546 -0.7658
v 1.4180 1.4348 -0.7828
v 1.4480 1.5152 -0.7999
v 1.4796 1.5950 -0.8169
v 1.5102 1.6753 -0.8339
v 1.5588 1.7484 -0.8495
v 1.6429 1.8075 -0.8620
v 1.7591 1.8538 -0.8719
v 1.8746 1.9005 -0.8818
v 1.9402 1.9669 -0.8959
v 0.8084 -0.1157 -0.3797
v 0.8709 -0.1053 -0.3820
v 0.9403 -0.0977 -0.3836
v 0.9701 -0.0744 -0.3885
v 0.9322 -0.0243 -0.3992
v 0.8525 0.0423 -0.4133
v 0.7753 0.1079 -0.4273
v 0.7177 0.1657 -0.4396
v 0.6711 0.2192 -0.4509
v 0.6243 0.2728 -0.4623
v 0.5733 0.3280 -0.4741
v 0.5190 0.3845 -0.4861
v 0.4645 0.4411 -0.4981
v 0.4139 0.4962 -0.5098
v 0.3715 0.5481 -0.5208
v 0.3412 0.5951 -0.5308
v 0.3266 0.6360 -0.5395
v 0.3297 0.6698 -0.5467
v 0.3515 0.6963 -0.5523
v 0.3911 0.7157 -0.5565
v 0.4462 0.7290 -0.5593
v 0.5340 0.7866 -0.5715
v 0.6304 0.8408 -0.5831
v 0.7318 0.8930 -0.5942
v 0.8360 0.9442 -0.6050
v 0.9419 0.9946 -0.6158
v 1.0485 1.0448 -0.6264
v 1.1519 1.0963 -0.6374
v 1.2444 1.1520 -0.6492
v 1.3177 1.2154 -0.6627
v 1.3684 1.2876 -0.6780
v 1.4016 1.3668 -0.6949
v 1.4271 1.4490 -0.7123
v 1.4530 1.5311 -0.7298
v 1.4774 1.6138 -0.7474
v 1.5077 1.6941 -0.7644
v 1.5659 1.7635 -0.7792
v 1.6619 1.8178 -0.7907
v 1.7827 1.8624 -0.8002
v 1.8868 1.9136 -0.8111
v 1.9413 1.9843 -0.8261
v 0.8056 -0.0966 -0.3103
v 0.8629 -0.0842 -0.3129
v 0.9262 -0.0741 -0.3151
v 0.9529 -0.0496 -0.3203
v 0.9174 -0.0005 -0.3307
v 0.8430 0.0640 -0.3444
v 0.7700 0.1279 -0.3580
v 0.7141 0.1851 -0.3702
v 0.6672 0.2387 -0.3816
v 0.6193 0.2927 -0.3930
v 0.5669 0.3485 -0.4049
v 0.5111 0.4056 -0.4170
v 0.4551 0.4628 -0.4292
v 0.4031 0.5185 -0.4410
v 0.3594 0.5708 -0.4522
v 0.3282 0.6182 -0.4622
v 0.3129 0.6593 -0.4710
v 0.3159 0.6932 -0.4782
v 0.3379 0.7196 -0.4838
v 0.3780 0.7388 -0.4879
v 0.4342 0.7517 -0.4906
v 0.5233 0.8088 -0.5027
v 0.6212 0.8624 -0.5141
v 0.7247 0.9139 -0.5251
v 0.8318 0.9638 -0.5357
v 0.9421 1.0126 -0.5461
v 1.0548 1.0603 -0.5562
v 1.1653 1.1090 -0.5665
v 1.2639 1.1623 -0.5779
v 1.3396 1.2247 -0.5911
v 1.3884 1.2977 -0.6067
v 1.4167 1.3789 -0.6239
v 1.4365 1.4633 -0.6419
v 1.4552 1.5483 -0.6599
v 1.4707 1.6344 -0.6782
v 1.5043 1.7135 -0.6950
v 1.5731 1.7786 -0.7089
v 1.6786 1.8292 -0.7196
v 1.7977 1.8744 -0.7293
v 1.8882 1.9310 -0.7413
v 1.9423 2.0019 -0.7563
v 0.8015 -0.0769 -0.2410
v 0.8518 -0.0617 -0.2442
v 0.9068 -0.0484 -0.2470
v 0.9294 -0.0222 -0.2526
v 0.8974 0.0255 -0.2627
v 0.8307 0.0870 -0.2758
v 0.7642 0.1483 -0.2888
v 0.7111 0.2044 -0.3008
v 0.6646 0.2578 -0.3121
v 0.6160 0.3121 -0.3237
v 0.5625 0.3683 -0.3356
v 0.5056 0.4259 -0.3478
v 0.4486 0.4835 -0.3601
v 0.3955 0.5396 -0.3720
v 0.3509 0.5923 -0.3832
v 0.3190 0.6400 -0.3933
v 0.3033 0.6812 -0.4021
v 0.3061 0.7152 -0.4093
v 0.3282 0.7415 -0.4149
v 0.3688 0.7606 -0.4190
v 0.4257 0.7732 -0.4217
v 0.5157 0.8299 -0.4337
v 0.6149 0.8830 -0.4450
v 0.7201 0.9338 -0.4558
v 0.8298 0.9827 -0.4662
v 0.9442 1.0298 -0.4762
v 1.0629 1.0752 -0.4859
v 1.1802 1.1212 -0.4956
v 1.2843 1.1723 -0.5065
v 1.3620 1.2339 -0.5196
v 1.4084 1.3079 -0.5353
v 1.4314 1.3911 -0.5530
v 1.4451 1.4780 -0.5715
v 1.4495 1.5686 -0.5907
v 1.4607 1.6565 -0.6094
v 1.5006 1.7330 -0.6257
v 1.5799 1.7940 -0.6386
v 1.6909 1.8424 -0.6489
v 1.8017 1.8910 -0.6592
v 1.8893 1.9487 -0.6715
v 1.9434 2.0196 -0.6866
v 0.7968 -0.0568 -0.1717
v 0.8391 -0.0385 -0.1756
v 0.8846 -0.0214 -0.1792
v 0.9028 0.0065 -0.1852
v 0.8749 0.0526 -0.1950
v 0.8173 0.1104 -0.2073
v 0.7584 0.1688 -0.2197
v 0.7089 0.2234 -0.2313
v 0.6632 0.2766 -0.2426
v 0.6144 0.3310 -0.2541
v 0.5603 0.3874 -0.2661
v 0.5028 0.4452 -0.2784
v 0.4450 0.5031 -0.2907
v 0.3913 0.5594 -0.3027
v 0.3462 0.6123 -0.3139
v 0.3138 0.6602 -0.3241
v 0.2978 0.7016 -0.3329
v 0.3005 0.7356 -0.3401
v 0.3228 0.7619 -0.3457
v 0.3637 0.7808 -0.3498
v 0.4210 0.7932 -0.3524
v 0.5116 0.8497 -0.3644
v 0.6116 0.9025 -0.3756
v 0.7181 0.9528 -0.3863
v 0.8301 1.0008 -0.3965
v 0.9483 1.0464 -0.4062
v 1.0725 1.0896 -0.4154
v 1.1961 1.1331 -0.4246
v 1.3050 1.1824 -0.4351
v 1.3838 1.2435 -0.4481
v 1.4273 1.3187 -0.4641
v 1.4449 1.4040 -0.4822
v 1.4454 1.4961 -0.5018
v 1.4379 1.5914 -0.5221
v 1.4488 1.6794 -0.5408
v 1.4970 1.7526 -0.5563
v 1.5856 1.8100 -0.5685
v 1.6971 1.8582 -0.5788
v 1.8029 1.9087 -0.5895
v 1.8904 1.9664 -0.6018
v 1.9446 2.0373 -0.6168
v 0.7922 -0.0367 -0.1025
v 0.8264 -0.0151 -0.1071
v 0.8624 0.0057 -0.1115
v 0.8761 0.0354 -0.1178
v 0.8526 0.0797 -0.1272
v 0.8043 0.1339 -0.1387
v 0.7533 0.1891 -0.1505
v 0.7078 0.2422 -0.1618
v 0.6633 0.2949 -0.1729
v 0.6146 0.3492 -0.1845
v 0.5603 0.4057 -0.1965
v 0.5025 0.4636 -0.2088
v 0.4446 0.5216 -0.2211
v 0.3906 0.5780 -0.2331
v 0.3453 0.6310 -0.2444
v 0.3128 0.6789 -0.2546
v 0.2967 0.7204 -0.2634
v 0.2994 0.7544 -0.2706
v 0.3216 0.7807 -0.2762
v 0.3626 0.7995 -0.2802
v 0.4201 0.8119 -0.2829
v 0.5110 0.8683 -0.2948
v 0.6114 0.9209 -0.3060
v 0.7188 0.9708 -0.3166
v 0.8326 1.0181 -0.3267
v 0.9543 1.0623 -0.3361
v 1.0834 1.1036 -0.3449
v 1.2124 1.1450 -0.3536
v 1.3249 1.1928 -0.3638
v 1.4039 1.2539 -0.3768
v 1.4441 1.3303 -0.3930
v 1.4532 1.4190 -0.4119
v 1.4369 1.5178 -0.4329
v 1.4220 1.6160 -0.4538
v 1.4365 1.7026 -0.4722
v 1.4941 1.7721 -0.4869
v 1.5895 1.8267 -0.4986
v 1.6984 1.8760 -0.5090
v 1.8040 1.9265 -0.5198
v 1.8916 1.9842 -0.5320
v 1.9458 2.0551 -0.5471
v 0.7881 -0.0167 -0.0332
v 0.8149 0.0078 -0.0384
v 0.8422 0.0321 -0.0436
v 0.8519 0.0634 -0.0502
v 0.8325 0.1061 -0.0593
v 0.7931 0.1568 -0.0701
v 0.7495 0.2090 -0.0812
v 0.7079 0.2606 -0.0921
v 0.6648 0.3127 -0.1032
v 0.6166 0.3668 -0.1147
v 0.5626 0.4232 -0.1267
v 0.5050 0.4811 -0.1390
v 0.4472 0.5390 -0.1513
v 0.3935 0.5953 -0.1633
v 0.3483 0.6482 -0.1745
v 0.3159 0.6961 -0.1847
v 0.2999 0.7375 -0.1935
v 0.3026 0.7715 -0.2007
v 0.3248 0.7978 -0.2063
v 0.3658 0.8167 -0.2104
v 0.4231 0.8291 -0.2130
v 0.5139 0.8855 -0.2250
v 0.6144 0.9381 -0.2362
v 0.7222 0.9878 -0.2467
v 0.8375 1.0346 -0.2567
v 0.9619 1.0777 -0.2658
v 1.0951 1.1174 -0.2743
v 1.2283 1.1571 -0.2827
v 1.3432 1.2040 -0.2927
v 1.4214 1.2654 -0.3057
v 1.4574 1.3435 -0.3223
v 1.4509 1.4383 -0.3425
v 1.4216 1.5422 -0.3646
v 1.4039 1.6415 -0.3857
v 1.4250 1.7255 -0.4035
v 1.4924 1.7912 -0.4175
v 1.5913 1.8444 -0.4288
v 1.6996 1.8939 -0.4393
v 1.8053 1.9445 -0.4501
v 1.8928 2.0022 -0.4623
v 1.9470 2.0731 -0.4774
v 0.7849 0.0031 0.0361
v 0.8055 0.0300 0.0304
v 0.8255 0.0572 0.0246
v 0.8318 0.0898 0.0177
v 0.8161 0.1311 0.0089
v 0.7843 0.1787 -0.0012
v 0.7474 0.2284 -0.0118
v 0.7094 0.2785 -0.0224
v 0.6678 0.3300 -0.0334
v 0.6203 0.3838 -0.0448
v 0.5670 0.4400 -0.0568
v 0.5101 0.4976 -0.0690
v 0.4529 0.5552 -0.0813
v 0.3998 0.6113 -0.0932
v 0.3551 0.6640 -0.1044
v 0.3232 0.7117 -0.1145
v 0.3075 0.7530 -0.1233
v 0.3102 0.7870 -0.1305
v 0.3324 0.8133 -0.1361
v 0.3730 0.8324 -0.1402
v 0.4300 0.8449 -0.1428
v 0.5203 0.9015 -0.1549
v 0.6204 0.9543 -0.1661
v 0.7283 1.0040 -0.1766
v 0.8444 1.0504 -0.1865
v 0.9709 1.0927 -0.1955
v 1.1072 1.1312 -0.2037
v 1.2430 1.1698 -0.2119
v 1.3587 1.2164 -0.2218
v 1.4350 1.2785 -0.2350
v 1.4609 1.3606 -0.2524
v 1.4396 1.4613 -0.2739
v 1.4017 1.5686 -0.2967
v 1.3856 1.6673 -0.3176
v 1.4159 1.7476 -0.3347
v 1.4923 1.8097 -0.3479
v 1.5926 1.8624 -0.3591
v 1.7009 1.9119 -0.3696
v 1.8066 1.9625 -0.3804
v 1.8941 2.0202 -0.3926
v 1.9483 2.0911 -0.4077
v 0.7828 0.0226 0.1055
v 0.7986 0.0514 0.0993
v 0.8129 0.0808 0.0931
v 0.8167 0.1144 0.0860
v 0.8040 0.1545 0.0774
v 0.7785 0.1997 0.0678
v 0.7470 0.2472 0.0577
v 0.7122 0.2960 0.0474
v 0.6723 0.3469 0.0365
v 0.6259 0.4003 0.0252
v 0.5736 0.4560 0.0133
v 0.5177 0.5132 0.0012
v 0.4617 0.5704 -0.0110
v 0.4095 0.6261 -0.0228
v 0.3658 0.6785 -0.0339
v 0.3345 0.7259 -0.0440
v 0.3192 0.7670 -0.0528
v 0.3221 0.8009 -0.0600
v 0.3441 0.8273 -0.0656
v 0.3843 0.8465 -0.0697
v 0.4406 0.8593 -0.0724
v 0.5302 0.9163 -0.0845
v 0.6295 0.9693 -0.0958
v 0.7369 1.0192 -0.1064
v 0.8533 1.0655 -0.1162
v 0.9809 1.1074 -0.1251
v 1.1188 1.1452 -0.1331
v 1.2556 1.1834 -0.1413
v 1.3703 1.2304 -0.1513
v 1.4417 1.2945 -0.1649
v 1.4542 1.3819 -0.1835
v 1.4210 1.4873 -0.2059
v 1.3793 1.5961 -0.2290
v 1.3691 1.6924 -0.2495
v 1.4106 1.7684 -0.2656
v 1.4935 1.8279 -0.2783
v 1.5939 1.8805 -0.2894
v 1.7022 1.9300 -0.3000
v 1.8079 1.9806 -0.3107
v 1.8954 2.0383 -0.3230
v 1.9496 2.1092 -0.3380
v 0.7817 0.0417 0.1749
v 0.7940 0.0720 0.1685
v 0.8043 0.1030 0.1619
v 0.8063 0.1372 0.1546
v 0.7961 0.1764 0.1463
v 0.7754 0.2196 0.1371
v 0.7484 0.2654 0.1274
v 0.7163 0.3131 0.1172
v 0.6781 0.3633 0.1066
v 0.6331 0.4162 0.0953
v 0.5822 0.4713 0.0836
v 0.5278 0.5279 0.0716
v 0.4733 0.5846 0.0595
v 0.4225 0.6397 0.0478
v 0.3800 0.6916 0.0368
v 0.3497 0.7386 0.0268
v 0.3349 0.7795 0.0181
v 0.3381 0.8134 0.0109
v 0.3599 0.8398 0.0053
v 0.3995 0.8593 0.0012
v 0.4549 0.8725 -0.0017
v 0.5432 0.9298 -0.0139
v 0.6414 0.9834 -0.0252
v 0.7478 1.0336 -0.0359
v 0.8638 1.0801 -0.0458
v 0.9916 1.1219 -0.0547
v 1.1295 1.1597 -0.0627
v 1.2653 1.1984 -0.0709
v 1.3771 1.2465 -0.0812
v 1.4385 1.3145 -0.0956
v 1.4387 1.4068 -0.1152
v 1.3975 1.5153 -0.1383
v 1.3569 1.6237 -0.1613
v 1.3567 1.7161 -0.1810
v 1.4101 1.7873 -0.1961
v 1.4946 1.8462 -0.2086
v 1.5952 1.8987 -0.2198
v 1.7036 1.9482 -0.2303
v 1.8092 1.9988 -0.2411
v 1.8968 2.0565 -0.2533
v 1.9509 2.1274 -0.2684
v 0.7816 0.0606 0.2444
v 0.7915 0.0918 0.2378
v 0.7991 0.1239 0.2310
v 0.8002 0.1585 0.2236
v 0.7918 0.1969 0.2155
v 0.7748 0.2387 0.2066
v 0.7512 0.2831 0.1971
v 0.7216 0.3299 0.1872
v 0.6852 0.3793 0.1767
v 0.6419 0.4315 0.1656
v 0.5928 0.4860 0.1540
v 0.5402 0.5419 0.1421
v 0.4875 0.5978 0.1302
v 0.4386 0.6522 0.1187
v 0.3975 0.7035 0.1078
v 0.3684 0.7501 0.0979
v 0.3544 0.7907 0.0892
v 0.3578 0.8244 0.0821
v 0.3794 0.8510 0.0764
v 0.4182 0.8707 0.0722
v 0.4724 0.8843 0.0693
v 0.5594 0.9423 0.0570
v 0.6560 0.9964 0.0455
v 0.7612 1.0472 0.0347
v 0.8764 1.0940 0.0248
v 1.0039 1.1359 0.0159
v 1.1412 1.1739 0.0078
v 1.2752 1.2133 -0.0006
v 1.3809 1.2638 -0.0113
v 1.4310 1.3363 -0.0267
v 1.4201 1.4329 -0.0473
v 1.3740 1.5434 -0.0708
v 1.3386 1.6497 -0.0934
v 1.3514 1.7370 -0.1119
v 1.4108 1.8058 -0.1265
v 1.4958 1.8645 -0.1390
v 1.5966 1.9170 -0.1502
v 1.7050 1.9665 -0.1607
v 1.8107 2.0171 -0.1714
v 1.8982 2.0748 -0.1837
v 1.9523 2.1457 -0.1988
v 0.7822 0.0793 0.3140
v 0.7907 0.1110 0.3072
v 0.7966 0.1438 0.3003
v 0.7973 0.1786 0.2929
v 0.7905 0.2164 0.2848
v 0.7763 0.2571 0.2762
v 0.7554 0.3004 0.2670
v 0.7279 0.3463 0.2572
v 0.6935 0.3950 0.2469
v 0.6521 0.4464 0.2359
v 0.6051 0.5001 0.2245
v 0.5547 0.5551 0.2128
v 0.5042 0.6101 0.2011
v 0.4574 0.6637 0.1897
v 0.4181 0.7143 0.1790
v 0.3904 0.7603 0.1692
v 0.3774 0.8006 0.1607
v 0.3811 0.8342 0.1535
v 0.4023 0.8609 0.1478
v 0.4403 0.8809 0.1436
v 0.4931 0.8951 0.1406
v 0.5783 0.9538 0.1281
v 0.6731 1.0086 0.1164
v 0.7767 1.0600 0.1055
v 0.8910 1.1071 0.0955
v 1.0179 1.1493 0.0865
v 1.1545 1.1876 0.0784
v 1.2855 1.2281 0.0698
v 1.3829 1.2820 0.0583
v 1.4217 1.3590 0.0420
v 1.4013 1.4593 0.0206
v 1.3537 1.5704 -0.0030
v 1.3273 1.6732 -0.0248
v 1.3511 1.7561 -0.0424
v 1.4116 1.8245 -0.0570
v 1.4971 1.8830 -0.0694
v 1.5980 1.9354 -0.0806
v 1.7065 1.9849 -0.0911
v 1.8121 2.0354 -0.1018
v 1.8996 2.0932 -0.1141
v 1.9538 2.1641 -0.1292
v 0.7833 0.0979 0.3835
v 0.7911 0.1299 0.3767
v 0.7962 0.1630 0.3697
v 0.7968 0.1978 0.3623
v 0.7913 0.2351 0.3544
v 0.7792 0.2749 0.3459
v 0.7606 0.3174 0.3369
v 0.7352 0.3625 0.3273
v 0.7028 0.4104 0.3171
v 0.6636 0.4610 0.3064
v 0.6190 0.5137 0.2952
v 0.5711 0.5677 0.2837
v 0.5231 0.6217 0.2722
v 0.4786 0.6744 0.2610
v 0.4415 0.7241 0.2504
v 0.4153 0.7695 0.2408
v 0.4033 0.8094 0.2323
v 0.4074 0.8428 0.2252
v 0.4282 0.8697 0.2195
v 0.4652 0.8901 0.2151
v 0.5164 0.9050 0.2120
v 0.5997 0.9644 0.1994
v 0.6924 1.0200 0.1875
v 0.7943 1.0721 0.1765
v 0.9074 1.1197 0.1663
v 1.0337 1.1621 0.1573
v 1.1690 1.2009 0.1491
v 1.2954 1.2433 0.1401
v 1.3837 1.3007 0.1279
v 1.4116 1.3820 0.1106
v 1.3840 1.4852 0.0887
v 1.3388 1.5954 0.0652
v 1.3243 1.6934 0.0444
v 1.3510 1.7752 0.0270
v 1.4125 1.8432 0.0126
v 1.4985 1.9015 0.0002
v 1.5995 1.9539 -0.0110
v 1.7080 2.0033 -0.0215
v 1.8136 2.0539 -0.0322
v 1.9011 2.1116 -0.0445
v 1.9552 2.1825 -0.0596
v 0.7849 0.1165 0.4531
v 0.7923 0.1486 0.4463
v 0.7971 0.1818 0.4392
v 0.7980 0.2165 0.4318
v 0.7936 0.2533 0.4240
v 0.7833 0.2925 0.4157
v 0.7666 0.3342 0.4068
v 0.7432 0.3785 0.3974
v 0.7129 0.4255 0.3874
v 0.6762 0.4751 0.3769
v 0.6342 0.5268 0.3659
v 0.5891 0.5797 0.3546
v 0.5439 0.6327 0.3434
v 0.5020 0.6843 0.3324
v 0.4671 0.7331 0.3220
v 0.4428 0.7778 0.3125
v 0.4319 0.8172 0.3041
v 0.4363 0.8506 0.2971
v 0.4568 0.8775 0.2913
v 0.4926 0.8984 0.2869
v 0.5421 0.9140 0.2836
v 0.6232 0.9742 0.2708
v 0.7137 1.0308 0.2588
v 0.8137 1.0836 0.2475
v 0.9255 1.1317 0.2373
v 1.0510 1.1744 0.2282
v 1.1842 1.2141 0.2198
v 1.3049 1.2587 0.2103
v 1.3839 1.3198 0.1973
v 1.4019 1.4050 0.1792
v 1.3701 1.5099 0.1569
v 1.3315 1.6174 0.1341
v 1.3230 1.7131 0.1137
v 1.3511 1.7943 0.0965
v 1.4135 1.8620 0.0821
v 1.4999 1.9201 0.0697
v 1.6011 1.9724 0.0586
v 1.7096 2.0219 0.0481
v 1.8152 2.0724 0.0373
v 1.9026 2.1302 0.0251
v 1.9567 2.2011 0.0100
v 0.7867 0.1350 0.5227
v 0.7941 0.1672 0.5158
v 0.7990 0.2003 0.5088
v 0.8003 0.2349 0.5014
v 0.7969 0.2713 0.4937
v 0.7881 0.3099 0.4855
v 0.7732 0.3508 0.4768
v 0.7519 0.3943 0.4676
v 0.7238 0.4405 0.4577
v 0.6896 0.4891 0.4474
v 0.6505 0.5396 0.4367
v 0.6084 0.5913 0.4257
v 0.5662 0.6431 0.4147
v 0.5271 0.6936 0.4039
v 0.4947 0.7415 0.3938
v 0.4723 0.7854 0.3844
v 0.4626 0.8244 0.3762
v 0.4674 0.8575 0.3691
v 0.4875 0.8847 0.3633
v 0.5222 0.9060 0.3588
v 0.5698 0.9223 0.3553
v 0.6485 0.9835 0.3423
v 0.7367 1.0410 0.3301
v 0.8347 1.0946 0.3187
v 0.9451 1.1432 0.3084
v 1.0694 1.1864 0.2992
v 1.1998 1.2272 0.2905
v 1.3144 1.2742 0.2805
v 1.3842 1.3389 0.2668
v 1.3938 1.4274 0.2480
v 1.3613 1.5326 0.2256
v 1.3293 1.6375 0.2033
v 1.3218 1.7328 0.1831
v 1.3513 1.8135 0.1659
v 1.4146 1.8808 0.1516
v 1.5014 1.9388 0.1393
v 1.6027 1.9910 0.1282
v 1.7112 2.0405 0.1177
v 1.8167 2.0911 0.1069
v 1.9042 2.1488 0.0946
v 1.9583 2.2198 0.0796
v 0.7886 0.1536 0.5922
v 0.7962 0.1857 0.5854
v 0.8014 0.2188 0.5784
v 0.8032 0.2531 0.5711
v 0.8009 0.2891 0.5634
v 0.7935 0.3271 0.5554
v 0.7803 0.3674 0.5468
v 0.7610 0.4101 0.5377
v 0.7353 0.4553 0.5281
v 0.7038 0.5028 0.5180
v 0.6677 0.5522 0.5075
v 0.6288 0.6027 0.4968
v 0.5897 0.6532 0.4861
v 0.5536 0.7025 0.4756
v 0.5238 0.7494 0.4656
v 0.5034 0.7925 0.4564
v 0.4950 0.8309 0.4483
v 0.5003 0.8639 0.4413
v 0.5199 0.8912 0.4355
v 0.5533 0.9131 0.4308
v 0.5989 0.9302 0.4272
v 0.6753 0.9923 0.4140
v 0.7610 1.0507 0.4015
v 0.8569 1.1051 0.3900
v 0.9660 1.1543 0.3795
v 1.0888 1.1981 0.3702
v 1.2159 1.2402 0.3613
v 1.3240 1.2898 0.3507
v 1.3850 1.3580 0.3362
v 1.3886 1.4489 0.3169
v 1.3586 1.5530 0.2948
v 1.3272 1.6578 0.2725
v 1.3208 1.7526 0.2524
v 1.3516 1.8327 0.2353
v 1.4158 1.8997 0.2211
v 1.5030 1.9575 0.2088
v 1.6044 2.0097 0.1977
v 1.7128 2.0592 0.1872
v 1.8184 2.1098 0.1764
v 1.9058 2.1676 0.1642
v 1.9599 2.2385 0.1491
v 0.7907 0.1723 0.6618
v 0.7985 0.2043 0.6550
v 0.8041 0.2372 0.6480
v 0.8066 0.2712 0.6408
v 0.8052 0.3069 0.6332
v 0.7992 0.3443 0.6252
v 0.7877 0.3839 0.6168
v 0.7705 0.4258 0.6079
v 0.7472 0.4701 0.5985
v 0.7186 0.5165 0.5886
v 0.6855 0.5646 0.5784
v 0.6499 0.6138 0.5679
v 0.6141 0.6630 0.5575
v 0.5811 0.7111 0.5473
v 0.5540 0.7569 0.5375
v 0.5357 0.7992 0.5285
v 0.5286 0.8371 0.5205
v 0.5344 0.8699 0.5135
v 0.5536 0.8974 0.5077
v 0.5856 0.9198 0.5029
v 0.6292 0.9377 0.4991
v 0.7031 1.0008 0.4857
v 0.7862 1.0602 0.4730
v 0.8801 1.1154 0.4613
v 0.9877 1.1652 0.4507
v 1.1089 1.2097 0.4413
v 1.2324 1.2531 0.4320
v 1.3339 1.3053 0.4209
v 1.3870 1.3767 0.4058
v 1.3873 1.4689 0.3862
v 1.3568 1.5732 0.3640
v 1.3251 1.6781 0.3417
v 1.3199 1.7724 0.3217
v 1.3522 1.8520 0.3048
v 1.4172 1.9186 0.2906
v 1.5047 1.9763 0.2783
v 1.6061 2.0285 0.2672
v 1.7146 2.0780 0.2567
v 1.8200 2.1286 0.2460
v 1.9074 2.1864 0.2337
v 1.9615 2.2573 0.2186
v 0.7929 0.1910 0.7313
v 0.8010 0.2229 0.7245
v 0.8070 0.2556 0.7176
v 0.8102 0.2894 0.7104
v 0.8098 0.3246 0.7029
v 0.8051 0.3616 0.6951
v 0.7953 0.4005 0.6868
v 0.7801 0.4416 0.6781
v 0.7594 0.4849 0.6689
v 0.7336 0.5301 0.6592
v 0.7037 0.5770 0.6493
v 0.6715 0.6249 0.6391
v 0.6391 0.6727 0.6289
v 0.6093 0.7196 0.6190
v 0.5849 0.7643 0.6095
v 0.5687 0.8058 0.6007
v 0.5630 0.8431 0.5927
v 0.5693 0.8757 0.5858
v 0.5880 0.9034 0.5799
v 0.6187 0.9263 0.5750
v 0.6602 0.9450 0.5711
v 0.7316 1.0091 0.5574
v 0.8122 1.0696 0.5446
v 0.9041 1.1256 0.5327
v 1.0102 1.1759 0.5220
v 1.1296 1.2211 0.5124
v 1.2493 1.2660 0.5028
v 1.3442 1.3208 0.4912
v 1.3908 1.3947 0.4755
v 1.3883 1.4880 0.4556
v 1.3549 1.5936 0.4332
v 1.3231 1.6985 0.4109
v 1.3193 1.7923 0.3910
v 1.3529 1.8713 0.3742
v 1.4187 1.9376 0.3601
v 1.5065 1.9952 0.3478
v 1.6079 2.0474 0.3367
v 1.7163 2.0969 0.3262
v 1.8217 2.1475 0.3155
v 1.9091 2.2053 0.3032
v 1.9632 2.2763 0.2881
v 0.7951 0.2098 0.8008
v 0.8035 0.2416 0.7941
v 0.8100 0.2741 0.7872
v 0.8139 0.3076 0.7801
v 0.8145 0.3425 0.7726
v 0.8111 0.3789 0.7649
v 0.8030 0.4172 0.7568
v 0.7899 0.4574 0.7482
v 0.7717 0.4997 0.7392
v 0.7488 0.5438 0.7298
v 0.7221 0.5894 0.7202
v 0.6932 0.6359 0.7103
v 0.6642 0.6825 0.7004
v 0.6376 0.7281 0.6907
v 0.6161 0.7717 0.6814
v 0.6021 0.8123 0.6728
v 0.5977 0.8491 0.6650
v 0.6044 0.8815 0.6581
v 0.6227 0.9094 0.6521
v 0.6520 0.9329 0.6472
v 0.6915 0.9523 0.6430
v 0.7604 1.0174 0.6292
v 0.8386 1.0788 0.6161
v 0.9285 1.1356 0.6041
v 1.0333 1.1865 0.5932
v 1.1507 1.2324 0.5835
v 1.2665 1.2789 0.5736
v 1.3553 1.3362 0.5614
v 1.3967 1.4121 0.5453
v 1.3889 1.5075 0.5250
v 1.3528 1.6141 0.5024
v 1.3212 1.7189 0.4801
v 1.3188 1.8121 0.4603
v 1.3537 1.8906 0.4436
v 1.4202 1.9567 0.4295
v 1.5083 2.0142 0.4173
v 1.6098 2.0664 0.4062
v 1.7181 2.1159 0.3957
v 1.8235 2.1665 0.3849
v 1.9108 2.2243 0.3726
v 1.9649 2.2953 0.3576
v 0.7974 0.2287 0.8703
v 0.8061 0.2603 0.8636
v 0.8131 0.2927 0.8567
v 0.8177 0.3259 0.8497
v 0.8192 0.3604 0.8424
v 0.8171 0.3963 0.8347
v 0.8107 0.4339 0.8267
v 0.7997 0.4733 0.8183
v 0.7840 0.5146 0.8096
v 0.7640 0.5576 0.8004
v 0.7405 0.6020 0.7910
v 0.7150 0.6472 0.7814
v 0.6894 0.6924 0.7718
v 0.6659 0.7367 0.7624
v 0.6471 0.7792 0.7533
v 0.6353 0.8190 0.7449
v 0.6323 0.8552 0.7372
v 0.6395 0.8875 0.7303
v 0.6573 0.9155 0.7244
v 0.6853 0.9395 0.7193
v 0.7227 0.9598 0.7149
v 0.7891 1.0259 0.7009
v 0.8650 1.0882 0.6877
v 0.9532 1.1456 0.6754
v 1.0567 1.1971 0.6645
v 1.1722 1.2437 0.6546
v 1.2840 1.2919 0.6444
v 1.3671 1.3513 0.6317
v 1.4023 1.4297 0.6151
v 1.3890 1.5273 0.5943
v 1.3506 1.6348 0.5715
v 1.3194 1.7394 0.5492
v 1.3186 1.8320 0.5295
v 1.3548 1.9100 0.5130
v 1.4219 1.9758 0.4990
v 1.5102 2.0332 0.4868
v 1.6116 2.0854 0.4757
v 1.7199 2.1350 0.4652
v 1.8253 2.1856 0.4544
v 1.9126 2.2434 0.4421
v 1.9666 2.3144 0.4270
v 0.7997 0.2477 0.9398
v 0.8088 0.2792 0.9331
v 0.8162 0.3114 0.9263
v 0.8215 0.3444 0.9193
v 0.8240 0.3784 0.9120
v 0.8231 0.4139 0.9045
v 0.8184 0.4508 0.8967
v 0.8094 0.4894 0.8884
v 0.7962 0.5297 0.8799
v 0.7790 0.5716 0.8710
v 0.7586 0.6147 0.8618
v 0.7364 0.6586 0.8525
v 0.7141 0.7025 0.8432
v 0.6938 0.7456 0.8340
v 0.6778 0.7870 0.8252
v 0.6680 0.8259 0.8169
v 0.6664 0.8616 0.8093
v 0.6740 0.8937 0.8025
v 0.6914 0.9219 0.7965
v 0.7181 0.9465 0.7913
v 0.7535 0.9675 0.7868
v 0.8176 1.0345 0.7726
v 0.8914 1.0977 0.7592
v 0.9780 1.1557 0.7468
v 1.0802 1.2076 0.7358
v 1.1938 1.2551 0.7257
v 1.3016 1.3048 0.7151
v 1.3791 1.3665 0.7020
v 1.4072 1.4477 0.6848
v 1.3886 1.5473 0.6636
v 1.3483 1.6556 0.6406
v 1.3178 1.7599 0.6184
v 1.3185 1.8519 0.5988
v 1.3560 1.9295 0.5824
v 1.4237 1.9950 0.5684
v 1.5121 2.0524 0.5562
v 1.6136 2.1046 0.5451
v 1.7218 2.1541 0.5346
v 1.8271 2.2048 0.5238
v 1.9144 2.2626 0.5115
v 1.9684 2.3336 0.4965
v 0.8020 0.2668 1.0093
v 0.8114 0.2982 1.0026
v 0.8193 0.3301 0.9958
v 0.8252 0.3629 0.9889
v 0.8287 0.3966 0.9817
v 0.8291 0.4315 0.9743
v 0.8259 0.4678 0.9666
v 0.8190 0.5057 0.9585
v 0.8081 0.5450 0.9501
v 0.7937 0.5858 0.9415
v 0.7764 0.6277 0.9326
v 0.7574 0.6703 0.9235
v 0.7383 0.7129 0.9145
v 0.7211 0.7548 0.9055
v 0.7076 0.7952 0.8970
v 0.7000 0.8333 0.8889
v 0.6997 0.8685 0.8814
v 0.7077 0.9004 0.8746
v 0.7246 0.9288 0.8686
v 0.7501 0.9538 0.8632
v 0.7836 0.9757 0.8586
v 0.8455 1.0435 0.8442
v 0.9173 1.1074 0.8306
v 1.0026 1.1660 0.8181
v 1.1038 1.2183 0.8070
v 1.2154 1.2666 0.7968
v 1.3194 1.3178 0.7859
v 1.3903 1.3820 0.7722
v 1.4112 1.4661 0.7544
v 1.3877 1.5677 0.7328
v 1.3459 1.6765 0.7096
v 1.3164 1.7805 0.6875
v 1.3187 1.8719 0.6681
v 1.3573 1.9489 0.6517
v 1.4256 2.0143 0.6378
v 1.5141 2.0716 0.6257
v 1.6155 2.1238 0.6146
v 1.7237 2.1734 0.6040
v 1.8290 2.2241 0.5932
v 1.9162 2.2819 0.5810
v 1.9702 2.3529 0.5659
v 0.8044 0.2860 1.0787
v 0.8141 0.3173 1.0721
v 0.8224 0.3490 1.0653
v 0.8290 0.3815 1.0584
v 0.8333 0.4149 1.0513
v 0.8349 0.4493 1.0440
v 0.8333 0.4850 1.0364
v 0.8283 0.5221 1.0285
v 0.8197 0.5606 1.0204
v 0.8079 0.6003 1.0119
v 0.7935 0.6411 1.0032
v 0.7777 0.6824 0.9945
v 0.7617 0.7238 0.9857
v 0.7474 0.7645 0.9770
v 0.7365 0.8039 0.9686
v 0.7308 0.8412 0.9607
v 0.7318 0.8759 0.9533
v 0.7403 0.9076 0.9466
v 0.7568 0.9362 0.9405
v 0.7810 0.9617 0.9351
v 0.8127 0.9843 0.9303
v 0.8726 1.0529 0.9157
v 0.9427 1.1175 0.9020
v 1.0269 1.1765 0.8894
v 1.1272 1.2292 0.8782
v 1.2369 1.2782 0.8678
v 1.3365 1.3311 0.8566
v 1.4006 1.3981 0.8423
v 1.4144 1.4849 0.8239
v 1.3864 1.5883 0.8019
v 1.3436 1.6976 0.7787
v 1.3151 1.8011 0.7567
v 1.3191 1.8918 0.7374
v 1.3588 1.9685 0.7211
v 1.4275 2.0336 0.7072
v 1.5161 2.0909 0.6951
v 1.6175 2.1432 0.6840
v 1.7256 2.1927 0.6734
v 1.8309 2.2435 0.6626
v 1.9181 2.3013 0.6504
v 1.9721 2.3723 0.6353
v 0.8068 0.3055 1.1481
v 0.8168 0.3366 1.1415
v 0.8256 0.3682 1.1348
v 0.8327 0.4005 1.1279
v 0.8379 0.4335 1.1209
v 0.8406 0.4675 1.1137
v 0.8405 0.5026 1.1062
v 0.8373 0.5389 1.0985
v 0.8309 0.5765 1.0905
v 0.8216 0.6152 1.0823
v 0.8101 0.6549 1.0738
v 0.7971 0.6951 1.0653
v 0.7841 0.7353 1.0567
v 0.7726 0.7749 1.0483
v 0.7642 0.8133 1.0402
v 0.7604 0.8498 1.0324
v 0.7625 0.8841 1.0251
v 0.7715 0.9156 1.0184
v 0.7875 0.9443 1.0123
v 0.8106 0.9703 1.0068
v 0.8407 0.9934 1.0019
v 0.8988 1.0628 0.9871
v 0.9674 1.1279 0.9733
v 1.0508 1.1872 0.9607
v 1.1503 1.2402 0.9494
v 1.2580 1.2899 0.9388
v 1.3527 1.3448 0.9272
v 1.4096 1.4145 0.9124
v 1.4166 1.5041 0.8933
v 1.3845 1.6090 0.8710
v 1.3410 1.7185 0.8477
v 1.3139 1.8215 0.8259
v 1.3196 1.9115 0.8067
v 1.3604 1.9877 0.7905
v 1.4295 2.0526 0.7767
v 1.5182 2.1099 0.7646
v 1.6195 2.1621 0.7535
v 1.7275 2.2117 0.7429
v 1.8326 2.2624 0.7321
v 1.9198 2.3203 0.7198
v 1.9737 2.3912 0.7048
v 0.8094 0.3255 1.2174
v 0.8197 0.3565 1.2108
v 0.8288 0.3879 1.2041
v 0.8366 0.4198 1.1973
v 0.8425 0.4525 1.1904
v 0.8463 0.4861 1.1832
v 0.8476 0.5206 1.1759
v 0.8460 0.5562 1.1683
v 0.8417 0.5930 1.1605
v 0.8348 0.6307 1.1525
v 0.8259 0.6693 1.1443
v 0.8158 0.7083 1.1360
v 0.8055 0.7474 1.1277
v 0.7966 0.7860 1.1195
v 0.7905 0.8234 1.1115
v 0.7885 0.8592 1.1039
v 0.7917 0.8930 1.0967
v 0.8010 0.9243 1.0901
v 0.8167 0.9532 1.0839
v 0.8387 0.9795 1.0783
v 0.8672 1.0033 1.0733
v 0.9238 1.0731 1.0584
v 0.9912 1.1386 1.0445
v 1.0740 1.1981 1.0319
v 1.1729 1.2512 1.0206
v 1.2782 1.3018 1.0098
v 1.3677 1.3586 0.9978
v 1.4173 1.4312 0.9823
v 1.4175 1.5233 0.9628
v 1.3818 1.6296 0.9402
v 1.3381 1.7391 0.9169
v 1.3127 1.8413 0.8952
v 1.3201 1.9306 0.8762
v 1.3619 2.0062 0.8601
v 1.4314 2.0709 0.8463
v 1.5201 2.1281 0.8342
v 1.6213 2.1803 0.8231
v 1.7292 2.2298 0.8126
v 1.8341 2.2805 0.8018
v 1.9212 2.3383 0.7895
v 1.9750 2.4093 0.7744
v 0.8122 0.3459 1.2865
v 0.8227 0.3768 1.2800
v 0.8322 0.4080 1.2733
v 0.8405 0.4397 1.2666
v 0.8472 0.4720 1.2597
v 0.8519 0.5051 1.2527
v 0.8544 0.5391 1.2455
v 0.8545 0.5741 1.2380
v 0.8521 0.6100 1.2304
v 0.8474 0.6468 1.2226
v 0.8410 0.6843 1.2146
v 0.8334 0.7223 1.2065
v 0.8258 0.7603 1.1985
v 0.8193 0.7978 1.1905
v 0.8153 0.8344 1.1827
v 0.8149 0.8695 1.1752
v 0.8193 0.9028 1.1682
v 0.8289 0.9339 1.1615
v 0.8442 0.9629 1.1554
v 0.8652 0.9895 1.1497
v 0.8924 1.0138 1.1446
v 0.9475 1.0840 1.1296
v 1.0141 1.1498 1.1157
v 1.0966 1.2092 1.1030
v 1.1948 1.2624 1.0917
v 1.2975 1.3139 1.0808
v 1.3813 1.3728 1.0683
v 1.4235 1.4482 1.0522
v 1.4173 1.5427 1.0322
v 1.3785 1.6500 1.0093
v 1.3349 1.7593 0.9861
v 1.3113 1.8607 0.9646
v 1.3205 1.9491 0.9458
v 1.3634 2.0242 0.9298
v 1.4333 2.0886 0.9161
v 1.5220 2.1456 0.9040
v 1.6230 2.1977 0.8929
v 1.7307 2.2472 0.8824
v 1.8354 2.2978 0.8716
v 1.9222 2.3556 0.8594
v 1.9759 2.4264 0.8443
v 0.8152 0.3669 1.3556
v 0.8258 0.3976 1.3491
v 0.8357 0.4286 1.3425
v 0.8444 0.4600 1.3358
v 0.8518 0.4920 1.3290
v 0.8574 0.5247 1.3221
v 0.8611 0.5581 1.3149
v 0.8627 0.5924 1.3077
v 0.8620 0.6275 1.3002
v 0.8594 0.6635 1.2925
v 0.8552 0.7000 1.2848
v 0.8500 0.7370 1.2769
v 0.8448 0.7739 1.2691
v 0.8406 0.8105 1.2613
v 0.8386 0.8462 1.2537
v 0.8397 0.8806 1.2464
v 0.8450 0.9135 1.2394
v 0.8549 0.9444 1.2328
v 0.8699 0.9734 1.2267
v 0.8900 1.0003 1.2209
v 0.9160 1.0250 1.2157
v 0.9699 1.0955 1.2007
v 1.0359 1.1613 1.1867
v 1.1183 1.2205 1.1741
v 1.2159 1.2738 1.1628
v 1.3156 1.3262 1.1517
v 1.3936 1.3873 1.1387
v 1.4282 1.4654 1.1221
v 1.4159 1.5621 1.1015
v 1.3745 1.6703 1.0785
v 1.3314 1.7792 1.0554
v 1.3098 1.8795 1.0341
v 1.3209 1.9670 1.0155
v 1.3648 2.0415 0.9996
v 1.4351 2.1055 0.9860
v 1.5238 2.1623 0.9740
v 1.6246 2.2143 0.9629
v 1.7320 2.2637 0.9524
v 1.8364 2.3143 0.9417
v 1.9229 2.3719 0.9294
v 1.9765 2.4426 0.9144
v 0.8183 0.3883 1.4246
v 0.8291 0.4188 1.4181
v 0.8392 0.4496 1.4115
v 0.8484 0.4808 1.4049
v 0.8564 0.5124 1.3982
v 0.8628 0.5447 1.3913
v 0.8676 0.5776 1.3843
v 0.8705 0.6113 1.3772
v 0.8715 0.6457 1.3699
v 0.8707 0.6808 1.3624
v 0.8686 0.7164 1.3548
v 0.8656 0.7524 1.3472
v 0.8626 0.7884 1.3395
v 0.8604 0.8240 1.3319
v 0.8602 0.8589 1.3245
v 0.8627 0.8927 1.3173
v 0.8688 0.9251 1.3105
v 0.8790 0.9558 1.3039
v 0.8937 0.9848 1.2978
v 0.9131 1.0120 1.2920
v 0.9380 1.0370 1.2867
v 0.9911 1.1075 1.2717
v 1.0567 1.1732 1.2577
v 1.1392 1.2322 1.2452
v 1.2361 1.2854 1.2339
v 1.3326 1.3389 1.2225
v 1.4043 1.4021 1.2091
v 1.4314 1.4829 1.1919
v 1.4135 1.5816 1.1709
v 1.3699 1.6904 1.1478
v 1.3278 1.7986 1.1248
v 1.3083 1.8979 1.1037
v 1.3212 1.9844 1.0853
v 1.3662 2.0582 1.0696
v 1.4368 2.1218 1.0561
v 1.5255 2.1784 1.0441
v 1.6261 2.2302 1.0331
v 1.7332 2.2794 1.0226
v 1.8372 2.3299 1.0119
v 1.9233 2.3874 0.9996
v 1.9766 2.4579 0.9846
v 0.8215 0.4102 1.4934
v 0.8325 0.4406 1.4870
v 0.8429 0.4711 1.4805
v 0.8525 0.5020 1.4739
v 0.8610 0.5333 1.4672
v 0.8682 0.5652 1.4605
v 0.8739 0.5976 1.4536
v 0.8780 0.6306 1.4466
v 0.8804 0.6643 1.4394
v 0.8814 0.6987 1.4321
v 0.8811 0.7334 1.4247
v 0.8801 0.7685 1.4173
v 0.8791 0.8036 1.4098
v 0.8788 0.8384 1.4024
v 0.8802 0.8725 1.3951
v 0.8839 0.9057 1.3881
v 0.8907 0.9377 1.3813
v 0.9012 0.9682 1.3748
v 0.9157 0.9972 1.3687
v 0.9343 1.0245 1.3628
v 0.9584 1.0496 1.3575
v 1.0108 1.1202 1.3425
v 1.0765 1.1855 1.3286
v 1.1592 1.2440 1.3162
v 1.2553 1.2973 1.3049
v 1.3482 1.3518 1.2933
v 1.4135 1.4173 1.2794
v 1.4332 1.5007 1.2616
v 1.4100 1.6012 1.2403
v 1.3648 1.7103 1.2171
v 1.3239 1.8177 1.1942
v 1.3067 1.9157 1.1734
v 1.3215 2.0011 1.1553
v 1.3675 2.0742 1.1397
v 1.4385 2.1374 1.1263
v 1.5271 2.1937 1.1143
v 1.6275 2.2452 1.1034
v 1.7341 2.2943 1.0929
v 1.8377 2.3447 1.0822
v 1.9233 2.4020 1.0700
v 1.9764 2.4723 1.0551
v 0.8250 0.4326 1.5622
v 0.8361 0.4628 1.5558
v 0.8467 0.4931 1.5493
v 0.8566 0.5237 1.5428
v 0.8655 0.5547 1.5362
v 0.8734 0.5861 1.5295
v 0.8800 0.6181 1.5227
v 0.8851 0.6506 1.5158
v 0.8889 0.6836 1.5088
v 0.8913 0.7172 1.5017
v 0.8927 0.7512 1.4945
v 0.8935 0.7854 1.4872
v 0.8943 0.8196 1.4799
v 0.8957 0.8536 1.4727
v 0.8985 0.8870 1.4656
v 0.9032 0.9197 1.4586
v 0.9107 0.9512 1.4519
v 0.9215 0.9815 1.4455
v 0.9358 1.0104 1.4394
v 0.9539 1.0378 1.4335
v 0.9772 1.0631 1.4282
v 1.0293 1.1334 1.4132
v 1.0952 1.1982 1.3994
v 1.1782 1.2562 1.3871
v 1.2734 1.3095 1.3758
v 1.3625 1.3651 1.3640
v 1.4210 1.4329 1.3496
v 1.4336 1.5188 1.3313
v 1.4056 1.6207 1.3096
v 1.3593 1.7299 1.2864
v 1.3199 1.8363 1.2638
v 1.3050 1.9331 1.2432
v 1.3217 2.0173 1.2253
v 1.3688 2.0896 1.2100
v 1.4401 2.1523 1.1966
v 1.5286 2.2082 1.1848
v 1.6287 2.2595 1.1739
v 1.7349 2.3084 1.1635
v 1.8379 2.3585 1.1528
v 1.9230 2.4158 1.1406
v 1.9758 2.4858 1.1258
v 0.8286 0.4555 1.6308
v 0.8398 0.4855 1.6245
v 0.8506 0.5156 1.6181
v 0.8607 0.5459 1.6116
v 0.8701 0.5766 1.6051
v 0.8785 0.6076 1.5985
v 0.8859 0.6391 1.5918
v 0.8920 0.6710 1.5850
v 0.8969 0.7034 1.5781
v 0.9007 0.7363 1.5711
v 0.9036 0.7695 1.5641
v 0.9060 0.8029 1.5570
v 0.9083 0.8364 1.5499
v 0.9112 0.8696 1.5428
v 0.9151 0.9024 1.5358
v 0.9205 0.9346 1.5290
v 0.9288 0.9657 1.5224
v 0.9400 0.9957 1.5160
v 0.9541 1.0244 1.5099
v 0.9717 1.0518 1.5041
v 0.9946 1.0772 1.4987
v 1.0465 1.1471 1.4838
v 1.1128 1.2113 1.4702
v 1.1964 1.2687 1.4580
v 1.2904 1.3220 1.4466
v 1.3753 1.3788 1.4346
v 1.4270 1.4488 1.4197
v 1.4327 1.5370 1.4009
v 1.4004 1.6402 1.3790
v 1.3534 1.7492 1.3558
v 1.3157 1.8545 1.3335
v 1.3033 1.9499 1.3132
v 1.3219 2.0329 1.2955
v 1.3700 2.1043 1.2803
v 1.4417 2.1665 1.2671
v 1.5301 2.2219 1.2554
v 1.6298 2.2729 1.2445
v 1.7355 2.3216 1.2342
v 1.8379 2.3716 1.2235
v 1.9224 2.4286 1.2114
v 1.9748 2.4983 1.1966
v 0.8323 0.4790 1.6994
v 0.8436 0.5087 1.6930
v 0.8546 0.5385 1.6867
v 0.8650 0.5686 1.6803
v 0.8747 0.5989 1.6739
v 0.8836 0.6295 1.6673
v 0.8916 0.6606 1.6608
v 0.8986 0.6920 1.6541
v 0.9045 0.7238 1.6473
v 0.9095 0.7560 1.6405
v 0.9137 0.7885 1.6336
v 0.9174 0.8212 1.6266
v 0.9212 0.8539 1.6197
v 0.9254 0.8864 1.6127
v 0.9294 0.9190 1.6058
v 0.9358 0.9506 1.5991
v 0.9451 0.9811 1.5926
v 0.9567 1.0107 1.5863
v 0.9707 1.0393 1.5802
v 0.9880 1.0667 1.5744
v 1.0105 1.0919 1.5691
v 1.0625 1.1613 1.5543
v 1.1295 1.2248 1.5408
v 1.2135 1.2815 1.5288
v 1.3062 1.3348 1.5174
v 1.3866 1.3929 1.5051
v 1.4315 1.4651 1.4897
v 1.4305 1.5554 1.4705
v 1.3945 1.6596 1.4484
v 1.3471 1.7682 1.4253
v 1.3114 1.8722 1.4032
v 1.3014 1.9661 1.3832
v 1.3219 2.0479 1.3659
v 1.3711 2.1184 1.3509
v 1.4431 2.1799 1.3378
v 1.5314 2.2349 1.3261
v 1.6308 2.2856 1.3153
v 1.7359 2.3339 1.3051
v 1.8376 2.3837 1.2945
v 1.9214 2.4405 1.2824
v 1.9734 2.5099 1.2677
v 0.8363 0.5029 1.7678
v 0.8477 0.5324 1.7615
v 0.8587 0.5619 1.7552
v 0.8693 0.5917 1.7489
v 0.8793 0.6217 1.7425
v 0.8886 0.6520 1.7361
v 0.8972 0.6826 1.7296
v 0.9049 0.7135 1.7230
v 0.9117 0.7447 1.7164
v 0.9177 0.7763 1.7097
v 0.9230 0.8082 1.7029
v 0.9280 0.8402 1.6961
v 0.9329 0.8722 1.6893
v 0.9369 0.9045 1.6824
v 0.9414 0.9367 1.6756
v 0.9493 0.9676 1.6690
v 0.9597 0.9974 1.6627
v 0.9718 1.0266 1.6565
v 0.9857 1.0550 1.6504
v 1.0027 1.0823 1.6446
v 1.0252 1.1073 1.6393
v 1.0774 1.1761 1.6247
v 1.1453 1.2386 1.6114
v 1.2297 1.2946 1.5995
v 1.3208 1.3480 1.5882
v 1.3965 1.4074 1.5755
v 1.4344 1.4818 1.5597
v 1.4271 1.5740 1.5401
v 1.3878 1.6789 1.5178
v 1.3406 1.7869 1.4949
v 1.3070 1.8895 1.4730
v 1.2995 1.9818 1.4534
v 1.3219 2.0623 1.4363
v 1.3722 2.1318 1.4215
v 1.4445 2.1926 1.4086
v 1.5327 2.2471 1.3970
v 1.6317 2.2974 1.3864
v 1.7362 2.3454 1.3761
v 1.8370 2.3949 1.3656
v 1.9201 2.4515 1.3536
v 1.9716 2.5204 1.3389
v 0.8404 0.5273 1.8361
v 0.8518 0.5565 1.8299
v 0.8629 0.5859 1.8237
v 0.8737 0.6153 1.8174
v 0.8839 0.6450 1.8111
v 0.8936 0.6749 1.8047
v 0.9026 0.7050 1.7983
v 0.9109 0.7355 1.7919
v 0.9185 0.7662 1.7853
v 0.9253 0.7972 1.7787
v 0.9317 0.8284 1.7721
v 0.9377 0.8598 1.7654
v 0.9428 0.8915 1.7587
v 0.9453 0.9242 1.7517
v 0.9513 0.9555 1.7451
v 0.9611 0.9854 1.7387
v 0.9727 1.0145 1.7326
v 0.9853 1.0432 1.7264
v 0.9993 1.0714 1.7204
v 1.0160 1.0985 1.7147
v 1.0386 1.1233 1.7094
v 1.0913 1.1912 1.6950
v 1.1601 1.2528 1.6819
v 1.2450 1.3080 1.6702
v 1.3341 1.3614 1.6588
v 1.4048 1.4222 1.6459
v 1.4359 1.4987 1.6296
v 1.4227 1.5926 1.6097
v 1.3806 1.6980 1.5873
v 1.3338 1.8052 1.5645
v 1.3025 1.9063 1.5430
v 1.2975 1.9970 1.5237
v 1.3219 2.0761 1.5069
v 1.3732 2.1445 1.4924
v 1.4459 2.2045 1.4796
v 1.5339 2.2585 1.4681
v 1.6324 2.3083 1.4575
v 1.7362 2.3560 1.4474
v 1.8361 2.4052 1.4369
v 1.9183 2.4615 1.4250
v 1.9694 2.5300 1.4104
v 0.8447 0.5523 1.9043
v 0.8561 0.5812 1.8982
v 0.8673 0.6103 1.8920
v 0.8781 0.6395 1.8858
v 0.8886 0.6688 1.8796
v 0.8986 0.6983 1.8733
v 0.9080 0.7280 1.8670
v 0.9168 0.7580 1.8606
v 0.9250 0.7882 1.8542
v 0.9326 0.8186 1.8477
v 0.9397 0.8493 1.8412
v 0.9465 0.8800 1.8346
v 0.9480 0.9129 1.8277
v 0.9508 0.9453 1.8208
v 0.9593 0.9754 1.8144
v 0.9713 1.0040 1.8083
v 0.9843 1.0324 1.8023
v 0.9974 1.0606 1.7963
v 1.0114 1.0886 1.7903
v 1.0281 1.1154 1.7846
v 1.0508 1.1399 1.7794
v 1.1042 1.2068 1.7652
v 1.1741 1.2672 1.7523
v 1.2592 1.3216 1.7408
v 1.3462 1.3753 1.7294
v 1.4117 1.4374 1.7162
v 1.4359 1.5159 1.6995
v 1.4172 1.6113 1.6792
v 1.3729 1.7169 1.6568
v 1.3269 1.8231 1.6342
v 1.2979 1.9226 1.6131
v 1.2954 2.0116 1.5941
v 1.3218 2.0892 1.5776
v 1.3742 2.1565 1.5633
v 1.4472 2.2157 1.5507
v 1.5350 2.2690 1.5394
v 1.6330 2.3183 1.5289
v 1.7360 2.3657 1.5189
v 1.8350 2.4146 1.5085
v 1.9162 2.4705 1.4966
v 1.9668 2.5386 1.4821
v 0.8493 0.5778 1.9724
v 0.8606 0.6065 1.9663
v 0.8718 0.6352 1.9602
v 0.8827 0.6641 1.9541
v 0.8933 0.6930 1.9479
v 0.9035 0.7222 1.9417
v 0.9132 0.7515 1.9355
v 0.9225 0.7810 1.9292
v 0.9312 0.8107 1.9229
v 0.9394 0.8406 1.9165
v 0.9473 0.8707 1.9102
v 0.9504 0.9026 1.9034
v 0.9489 0.9364 1.8962
v 0.9537 0.9676 1.8895
v 0.9656 0.9961 1.8835
v 0.9803 1.0235 1.8777
v 0.9947 1.0509 1.8718
v 1.0083 1.0787 1.8659
v 1.0223 1.1063 1.8601
v 1.0390 1.1329 1.8544
v 1.0621 1.1569 1.8493
v 1.1163 1.2228 1.8353
v 1.1873 1.2820 1.8227
v 1.2725 1.3356 1.8113
v 1.3571 1.3895 1.7999
v 1.4171 1.4530 1.7864
v 1.4347 1.5333 1.7693
v 1.4109 1.6300 1.7488
v 1.3646 1.7355 1.7263
v 1.3197 1.8406 1.7040
v 1.2932 1.9383 1.6832
v 1.2933 2.0256 1.6647
v 1.3216 2.1017 1.6485
v 1.3751 2.1678 1.6344
v 1.4485 2.2261 1.6221
v 1.5361 2.2787 1.6109
v 1.6335 2.3275 1.6005
v 1.7356 2.3744 1.5905
v 1.8335 2.4230 1.5802
v 1.9138 2.4785 1.5684
v 1.9637 2.5461 1.5540
v 0.8540 0.6038 2.0404
v 0.8653 0.6322 2.0344
v 0.8765 0.6606 2.0283
v 0.8874 0.6892 2.0223
v 0.8981 0.7178 2.0162
v 0.9085 0.7465 2.0101
v 0.9185 0.7754 2.0039
v 0.9280 0.8045 1.9977
v 0.9372 0.8338 1.9915
v 0.9459 0.8631 1.9853
v 0.9521 0.8935 1.9788
v 0.9479 0.9281 1.9715
v 0.9462 0.9616 1.9644
v 0.9546 0.9911 1.9581
v 0.9705 1.0176 1.9524
v 0.9882 1.0435 1.9469
v 1.0040 1.0701 1.9413
v 1.0180 1.0974 1.9355
v 1.0321 1.1247 1.9297
v 1.0489 1.1509 1.9241
v 1.0725 1.1744 1.9191
v 1.1276 1.2391 1.9054
v 1.1997 1.2971 1.8930
v 1.2849 1.3498 1.8818
v 1.3667 1.4040 1.8703
v 1.4211 1.4689 1.8565
v 1.4322 1.5509 1.8391
v 1.4037 1.6486 1.8183
v 1.3560 1.7539 1.7959
v 1.3123 1.8577 1.7739
v 1.2884 1.9536 1.7535
v 1.2911 2.0389 1.7354
v 1.3214 2.1134 1.7195
v 1.3760 2.1782 1.7057
v 1.4497 2.2356 1.6936
v 1.5370 2.2875 1.6825
v 1.6338 2.3357 1.6723
v 1.7350 2.3821 1.6624
v 1.8317 2.4304 1.6521
v 1.9109 2.4855 1.6404
v 1.9602 2.5525 1.6262
v 0.8589 0.6304 2.1083
v 0.8702 0.6585 2.1023
v 0.8813 0.6866 2.0963
v 0.8923 0.7148 2.0903
v 0.9030 0.7430 2.0843
v 0.9135 0.7714 2.0783
v 0.9237 0.7999 2.0722
v 0.9335 0.8285 2.0662
v 0.9429 0.8573 2.0600
v 0.9518 0.8863 2.0539
v 0.9488 0.9200 2.0467
v 0.9402 0.9559 2.0391
v 0.9407 0.9882 2.0322
v 0.9541 1.0154 2.0264
v 0.9747 1.0398 2.0212
v 0.9954 1.0641 2.0161
v 1.0123 1.0899 2.0106
v 1.0266 1.1168 2.0049
v 1.0408 1.1437 1.9992
v 1.0578 1.1694 1.9937
v 1.0821 1.1924 1.9888
v 1.1382 1.2557 1.9753
v 1.2113 1.3124 1.9633
v 1.2962 1.3644 1.9523
v 1.3750 1.4188 1.9407
v 1.4238 1.4851 1.9266
v 1.4286 1.5687 1.9088
v 1.3958 1.6672 1.8879
v 1.3471 1.7720 1.8656
v 1.3048 1.8742 1.8439
v 1.2835 1.9682 1.8239
v 1.2889 2.0516 1.8062
v 1.3212 2.1244 1.7907
v 1.3769 2.1879 1.7772
v 1.4509 2.2442 1.7652
v 1.5380 2.2954 1.7544
v 1.6341 2.3429 1.7443
v 1.7342 2.3889 1.7345
v 1.8296 2.4367 1.7243
v 1.9076 2.4915 1.7127
v 1.9562 2.5578 1.6986
v 0.8641 0.6576 2.1760
v 0.8753 0.6853 2.1701
v 0.8863 0.7131 2.1642
v 0.8973 0.7409 2.1583
v 0.9080 0.7688 2.1524
v 0.9186 0.7968 2.1464
v 0.9289 0.8248 2.1405
v 0.9389 0.8530 2.1345
v 0.9486 0.8813 2.1284
v 0.9509 0.9125 2.1218
v 0.9388 0.9495 2.1140
v 0.9288 0.9855 2.1063
v 0.9334 1.0159 2.0998
v 0.9528 1.0403 2.0946
v 0.9786 1.0623 2.0900
v 1.0017 1.0853 2.0851
v 1.0194 1.1104 2.0798
v 1.0342 1.1367 2.0742
v 1.0487 1.1631 2.0685
v 1.0660 1.1884 2.0632
v 1.0910 1.2107 2.0584
v 1.1482 1.2726 2.0453
v 1.2223 1.3279 2.0335
v 1.3066 1.3792 2.0226
v 1.3821 1.4339 2.0110
v 1.4251 1.5015 1.9966
v 1.4239 1.5866 1.9785
v 1.3873 1.6856 1.9575
v 1.3377 1.7897 1.9354
v 1.2972 1.8903 1.9140
v 1.2786 1.9823 1.8944
v 1.2867 2.0636 1.8771
v 1.3210 2.1346 1.8620
v 1.3778 2.1968 1.8488
v 1.4521 2.2520 1.8371
v 1.5388 2.3023 1.8264
v 1.6341 2.3492 1.8164
v 1.7332 2.3946 1.8068
v 1.8272 2.4420 1.7967
v 1.9039 2.4963 1.7852
v 1.9518 2.5620 1.7712
v 0.8694 0.6854 2.2436
v 0.8805 0.7127 2.2378
v 0.8915 0.7401 2.2320
v 0.9024 0.7675 2.2261
v 0.9132 0.7950 2.2203
v 0.9237 0.8226 2.2144
v 0.9341 0.8503 2.2086
v 0.9442 0.8780 2.2027
v 0.9516 0.9068 2.1965
v 0.9419 0.9424 2.1890
v 0.9239 0.9812 2.1807
v 0.9151 1.0164 2.1732
v 0.9256 1.0440 2.1674
v 0.9519 1.0654 2.1628
v 0.9826 1.0850 2.1587
v 1.0070 1.1071 2.1540
v 1.0257 1.1315 2.1488
v 1.0410 1.1571 2.1433
v 1.0558 1.1830 2.1378
v 1.0735 1.2078 2.1326
v 1.0993 1.2293 2.1280
v 1.1575 1.2898 2.1151
v 1.2324 1.3438 2.1037
v 1.3160 1.3943 2.0929
v 1.3879 1.4494 2.0812
v 1.4251 1.5182 2.0666
v 1.4182 1.6045 2.0482
v 1.3781 1.7038 2.0271
v 1.3281 1.8071 2.0052
v 1.2894 1.9059 1.9842
v 1.2737 1.9957 1.9651
v 1.2846 2.0749 1.9483
v 1.3209 2.1441 1.9336
v 1.3788 2.2047 1.9207
v 1.4532 2.2588 1.9092
v 1.5396 2.3082 1.8987
v 1.6341 2.3544 1.8888
v 1.7319 2.3993 1.8793
v 1.8244 2.4462 1.8693
v 1.8997 2.5000 1.8579
v 1.9468 2.5649 1.8441
v 0.8750 0.7137 2.3111
v 0.8860 0.7407 2.3054
v 0.8969 0.7677 2.2996
v 0.9077 0.7947 2.2939
v 0.9184 0.8218 2.2881
v 0.9290 0.8490 2.2824
v 0.9394 0.8762 2.2766
v 0.9493 0.9036 2.2708
v 0.9468 0.9358 2.2639
v 0.9276 0.9748 2.2556
v 0.9065 1.0144 2.2472
v 0.9012 1.0478 2.2401
v 0.9189 1.0721 2.2349
v 0.9528 1.0901 2.2311
v 0.9856 1.1084 2.2272
v 1.0113 1.1296 2.2227
v 1.0310 1.1531 2.2177
v 1.0470 1.1781 2.2124
v 1.0622 1.2034 2.2070
v 1.0803 1.2275 2.2019
v 1.1071 1.2483 2.1975
v 1.1663 1.3073 2.1849
v 1.2419 1.3598 2.1738
v 1.3244 1.4096 2.1632
v 1.3925 1.4651 2.1514
v 1.4240 1.5351 2.1365
v 1.4115 1.6224 2.1180
v 1.3683 1.7219 2.0968
v 1.3182 1.8241 2.0751
v 1.2815 1.9210 2.0545
v 1.2688 2.0084 2.0359
v 1.2824 2.0854 2.0195
v 1.3208 2.1527 2.0052
v 1.3798 2.2118 1.9927
v 1.4544 2.2647 1.9814
v 1.5403 2.3131 1.9711
v 1.6339 2.3585 1.9615
v 1.7303 2.4028 1.9521
v 1.8213 2.4493 1.9422
v 1.8951 2.5025 1.9309
v 1.9414 2.5666 1.9172
v 0.8809 0.7427 2.3785
v 0.8917 0.7693 2.3728
v 0.9025 0.7959 2.3672
v 0.9132 0.8225 2.3615
v 0.9238 0.8492 2.3558
v 0.9344 0.8759 2.3502
v 0.9447 0.9026 2.3445
v 0.9499 0.9314 2.3383
v 0.9367 0.9675 2.3307
v 0.9104 1.0088 2.3219
v 0.8888 1.0481 2.3135
v 0.8891 1.0789 2.3070
v 0.9154 1.0993 2.3027
v 0.9537 1.1151 2.2993
v 0.9876 1.1325 2.2956
v 1.0147 1.1527 2.2913
v 1.0355 1.1753 2.2865
v 1.0523 1.1995 2.2814
v 1.0679 1.2242 2.2761
v 1.0866 1.2476 2.2711
v 1.1143 1.2676 2.2669
v 1.1746 1.3250 2.2547
v 1.2507 1.3761 2.2438
v 1.3318 1.4252 2.2334
v 1.3959 1.4811 2.2215
v 1.4216 1.5521 2.2064
v 1.4038 1.6403 2.1877
v 1.3579 1.7397 2.1665
v 1.3080 1.8406 2.1451
v 1.2736 1.9354 2.1249
v 1.2639 2.0204 2.1069
v 1.2804 2.0951 2.0910
v 1.3209 2.1603 2.0771
v 1.3808 2.2178 2.0649
v 1.4555 2.2695 2.0539
v 1.5409 2.3170 2.0438
v 1.6335 2.3616 2.0344
v 1.7285 2.4052 2.0251
v 1.8177 2.4512 2.0153
v 1.8900 2.5038 2.0041
v 1.9354 2.5671 1.9907
v 0.8870 0.7723 2.4457
v 0.8977 0.7985 2.4401
v 0.9083 0.8246 2.4346
v 0.9189 0.8508 2.4290
v 0.9294 0.8770 2.4234
v 0.9399 0.9033 2.4178
v 0.9493 0.9299 2.4122
v 0.9461 0.9615 2.4055
v 0.9238 1.0007 2.3971
v 0.8930 1.0433 2.3881
v 0.8735 1.0813 2.3800
v 0.8814 1.1086 2.3742
v 0.9153 1.1255 2.3706
v 0.9538 1.1407 2.3674
v 0.9886 1.1573 2.3638
v 1.0171 1.1764 2.3598
v 1.0392 1.1981 2.3552
v 1.0568 1.2215 2.3502
v 1.0731 1.2454 2.3451
v 1.0925 1.2681 2.3403
v 1.1212 1.2871 2.3363
v 1.1823 1.3429 2.3244
v 1.2586 1.3926 2.3138
v 1.3381 1.4411 2.3035
v 1.3980 1.4973 2.2916
v 1.4180 1.5693 2.2763
v 1.3953 1.6582 2.2574
v 1.3470 1.7572 2.2363
v 1.2976 1.8566 2.2152
v 1.2657 1.9492 2.1955
v 1.2591 2.0317 2.1780
v 1.2786 2.1039 2.1626
v 1.3210 2.1670 2.1492
v 1.3820 2.2229 2.1374
v 1.4567 2.2732 2.1267
v 1.5415 2.3196 2.1168
v 1.6330 2.3634 2.1075
v 1.7264 2.4064 2.0984
v 1.8138 2.4518 2.0887
v 1.8844 2.5038 2.0776
v 1.9288 2.5661 2.0644
v 0.8934 0.8026 2.5127
v 0.9039 0.8283 2.5073
v 0.9144 0.8540 2.5018
v 0.9248 0.8797 2.4964
v 0.9352 0.9055 2.4909
v 0.9456 0.9312 2.4854
v 0.9519 0.9586 2.4796
v 0.9403 0.9930 2.4723
v 0.9107 1.0345 2.4635
v 0.8780 1.0773 2.4544
v 0.8633 1.1129 2.4468
v 0.8805 1.1360 2.4419
v 0.9150 1.1522 2.4384
v 0.9530 1.1670 2.4353
v 0.9886 1.1828 2.4319
v 1.0185 1.2008 2.4281
v 1.0419 1.2214 2.4237
v 1.0606 1.2439 2.4190
v 1.0777 1.2670 2.4141
v 1.0978 1.2888 2.4094
v 1.1276 1.3069 2.4056
v 1.1894 1.3610 2.3941
v 1.2658 1.4094 2.3838
v 1.3433 1.4573 2.3736
v 1.3989 1.5138 2.3616
v 1.4133 1.5867 2.3461
v 1.3859 1.6760 2.3271
v 1.3356 1.7744 2.3062
v 1.2870 1.8722 2.2854
v 1.2578 1.9623 2.2663
v 1.2545 2.0421 2.2493
v 1.2770 2.1117 2.2345
v 1.3214 2.1727 2.2215
v 1.3833 2.2268 2.2100
v 1.4580 2.2758 2.1996
v 1.5420 2.3211 2.1900
v 1.6323 2.3640 2.1809
v 1.7240 2.4062 2.1719
v 1.8094 2.4510 2.1624
v 1.8782 2.5024 2.1515
v 1.9216 2.5637 2.1384
v 0.9001 0.8337 2.5797
v 0.9104 0.8589 2.5743
v 0.9207 0.8841 2.5690
v 0.9310 0.9093 2.5636
v 0.9412 0.9345 2.5582
v 0.9527 0.9592 2.5530
v 0.9542 0.9880 2.5469
v 0.9346 1.0250 2.5390
v 0.8999 1.0680 2.5299
v 0.8682 1.1098 2.5210
v 0.8611 1.1419 2.5142
v 0.8819 1.1629 2.5097
v 0.9143 1.1794 2.5062
v 0.9515 1.1940 2.5031
v 0.9877 1.2090 2.4999
v 1.0188 1.2260 2.4963
v 1.0437 1.2454 2.4922
v 1.0637 1.2668 2.4876
v 1.0817 1.2890 2.4829
v 1.1028 1.3099 2.4784
v 1.1337 1.3270 2.4748
v 1.1960 1.3794 2.4637
v 1.2720 1.4264 2.4537
v 1.3473 1.4737 2.4436
v 1.3984 1.5306 2.4315
v 1.4073 1.6042 2.4159
v 1.3757 1.6937 2.3969
v 1.3237 1.7913 2.3761
v 1.2763 1.8871 2.3558
v 1.2500 1.9746 2.3372
v 1.2502 2.0515 2.3208
v 1.2756 2.1185 2.3066
v 1.3220 2.1773 2.2941
v 1.3847 2.2296 2.2830
v 1.4593 2.2771 2.2729
v 1.5425 2.3213 2.2635
v 1.6314 2.3632 2.2546
v 1.7213 2.4048 2.2457
v 1.8046 2.4489 2.2363
v 1.8715 2.4995 2.2256
v 1.9138 2.5599 2.2128
v 0.9070 0.8654 2.6464
v 0.9172 0.8901 2.6412
v 0.9273 0.9148 2.6359
v 0.9374 0.9395 2.6307
v 0.9495 0.9634 2.6256
v 0.9624 0.9870 2.6206
v 0.9576 1.0175 2.6141
v 0.9310 1.0567 2.6058
v 0.8935 1.1002 2.5965
v 0.8659 1.1399 2.5881
v 0.8659 1.1685 2.5820
v 0.8836 1.1902 2.5774
v 0.9133 1.2072 2.5738
v 0.9494 1.2216 2.5707
v 0.9857 1.2359 2.5677
v 1.0180 1.2518 2.5643
v 1.0445 1.2701 2.5604
v 1.0659 1.2903 2.5561
v 1.0851 1.3114 2.5516
v 1.1072 1.3313 2.5474
v 1.1393 1.3473 2.5440
v 1.2018 1.3981 2.5332
v 1.2773 1.4438 2.5235
v 1.3500 1.4905 2.5136
v 1.3965 1.5477 2.5014
v 1.4001 1.6217 2.4857
v 1.3645 1.7113 2.4667
v 1.3114 1.8077 2.4461
v 1.2656 1.9013 2.4262
v 1.2424 1.9860 2.4083
v 1.2462 2.0600 2.3925
v 1.2746 2.1242 2.3789
v 1.3229 2.1806 2.3669
v 1.3863 2.2311 2.3562
v 1.4606 2.2772 2.3464
v 1.5429 2.3201 2.3372
v 1.6304 2.3611 2.3285
v 1.7182 2.4018 2.3199
v 1.7992 2.4453 2.3106
v 1.8642 2.4951 2.3000
v 1.9054 2.5543 2.2874
v 0.9143 0.8979 2.7130
v 0.9242 0.9221 2.7079
v 0.9341 0.9462 2.7028
v 0.9446 0.9701 2.6977
v 0.9641 0.9905 2.6934
v 0.9750 1.0142 2.6883
v 0.9633 1.0469 2.6814
v 0.9311 1.0877 2.6727
v 0.8935 1.1306 2.6636
v 0.8727 1.1668 2.6559
v 0.8716 1.1953 2.6498
v 0.8857 1.2178 2.6451
v 0.9124 1.2353 2.6413
v 0.9466 1.2498 2.6383
v 0.9827 1.2636 2.6353
v 1.0160 1.2785 2.6322
v 1.0441 1.2954 2.6286
v 1.0671 1.3144 2.6245
v 1.0877 1.3343 2.6203
v 1.1111 1.3531 2.6163
v 1.1444 1.3680 2.6131
v 1.2070 1.4171 2.6027
v 1.2814 1.4615 2.5933
v 1.3513 1.5077 2.5834
v 1.3930 1.5650 2.5713
v 1.3915 1.6394 2.5554
v 1.3525 1.7286 2.5365
v 1.2988 1.8237 2.5163
v 1.2549 1.9148 2.4969
v 1.2352 1.9964 2.4796
v 1.2428 2.0672 2.4645
v 1.2741 2.1287 2.4514
v 1.3242 2.1827 2.4400
v 1.3880 2.2313 2.4296
v 1.4620 2.2759 2.4202
v 1.5433 2.3175 2.4113
v 1.6291 2.3575 2.4028
v 1.7148 2.3974 2.3943
v 1.7934 2.4402 2.3852
v 1.8562 2.4891 2.3748
v 1.8962 2.5471 2.3625
v 0.9219 0.9313 2.7795
v 0.9316 0.9548 2.7745
v 0.9413 0.9784 2.7695
v 0.9604 0.9982 2.7652
v 0.9845 1.0160 2.7615
v 0.9908 1.0409 2.7562
v 0.9720 1.0757 2.7488
v 0.9359 1.1174 2.7399
v 0.9011 1.1585 2.7312
v 0.8828 1.1931 2.7238
v 0.8784 1.2222 2.7176
v 0.8886 1.2456 2.7127
v 0.9117 1.2638 2.7088
v 0.9435 1.2786 2.7057
v 0.9788 1.2920 2.7028
v 1.0128 1.3059 2.6998
v 1.0424 1.3216 2.6965
v 1.0672 1.3392 2.6928
v 1.0895 1.3577 2.6888
v 1.1143 1.3753 2.6851
v 1.1490 1.3890 2.6822
v 1.2111 1.4364 2.6721
v 1.2841 1.4796 2.6629
v 1.3508 1.5253 2.6532
v 1.3879 1.5826 2.6410
v 1.3817 1.6571 2.6252
v 1.3397 1.7457 2.6064
v 1.2859 1.8390 2.5865
v 1.2445 1.9274 2.5677
v 1.2286 2.0057 2.5511
v 1.2399 2.0733 2.5367
v 1.2741 2.1318 2.5243
v 1.3258 2.1834 2.5133
v 1.3901 2.2300 2.5034
v 1.4635 2.2730 2.4943
v 1.5436 2.3134 2.4857
v 1.6276 2.3522 2.4774
v 1.7109 2.3913 2.4691
v 1.7869 2.4333 2.4602
v 1.8476 2.4814 2.4500
v 1.8863 2.5381 2.4379
v 0.9299 0.9656 2.8457
v 0.9393 0.9885 2.8408
v 0.9540 1.0093 2.8364
v 0.9858 1.0234 2.8334
v 1.0100 1.0405 2.8298
v 1.0097 1.0672 2.8241
v 0.9842 1.1040 2.8163
v 0.9460 1.1457 2.8074
v 0.9145 1.1848 2.7991
v 0.8942 1.2195 2.7917
v 0.8864 1.2492 2.7854
v 0.8924 1.2735 2.7803
v 0.9115 1.2926 2.7762
v 0.9403 1.3078 2.7730
v 0.9741 1.3211 2.7701
v 1.0082 1.3343 2.7673
v 1.0392 1.3487 2.7643
v 1.0659 1.3648 2.7608
v 1.0900 1.3819 2.7572
v 1.1166 1.3980 2.7538
v 1.1528 1.4103 2.7512
v 1.2141 1.4562 2.7414
v 1.2852 1.4983 2.7325
v 1.3485 1.5434 2.7229
v 1.3809 1.6006 2.7107
v 1.3704 1.6749 2.6949
v 1.3263 1.7625 2.6763
v 1.2731 1.8536 2.6569
v 1.2346 1.9389 2.6388
v 1.2227 2.0138 2.6229
v 1.2378 2.0779 2.6093
v 1.2748 2.1334 2.5975
v 1.3279 2.1825 2.5870
v 1.3924 2.2271 2.5775
v 1.4652 2.2685 2.5688
v 1.5439 2.3075 2.5605
v 1.6258 2.3453 2.5524
v 1.7066 2.3834 2.5443
v 1.7799 2.4246 2.5356
v 1.8382 2.4717 2.5256
v 1.8756 2.5270 2.5138
v 0.9383 1.0008 2.9117
v 0.9486 1.0226 2.9071
v 0.9802 1.0359 2.9043
v 1.0186 1.0466 2.9020
v 1.0392 1.0644 2.8982
v 1.0311 1.0934 2.8920
v 0.9993 1.1318 2.8839
v 0.9609 1.1729 2.8752
v 0.9293 1.2112 2.8670
v 0.9069 1.2460 2.8596
v 0.8958 1.2762 2.8532
v 0.8976 1.3014 2.8478
v 0.9121 1.3215 2.8436
v 0.9372 1.3375 2.8402
v 0.9688 1.3509 2.8373
v 1.0024 1.3634 2.8346
v 1.0343 1.3767 2.8318
v 1.0628 1.3913 2.8287
v 1.0891 1.4068 2.8254
v 1.1177 1.4213 2.8223
v 1.1557 1.4322 2.8200
v 1.2155 1.4766 2.8106
v 1.2842 1.5175 2.8019
v 1.3439 1.5621 2.7924
v 1.3720 1.6190 2.7803
v 1.3579 1.6927 2.7647
v 1.3123 1.7787 2.7464
v 1.2605 1.8673 2.7275
v 1.2254 1.9492 2.7101
v 1.2178 2.0203 2.6950
v 1.2367 2.0809 2.6821
v 1.2763 2.1334 2.6710
v 1.3305 2.1800 2.6611
v 1.3950 2.2226 2.6520
v 1.4669 2.2622 2.6436
v 1.5440 2.2998 2.6356
v 1.6237 2.3364 2.6278
v 1.7018 2.3736 2.6199
v 1.7721 2.4139 2.6114
v 1.8279 2.4599 2.6016
v 1.8639 2.5138 2.5901
v 0.9471 1.0370 2.9776
v 0.9713 1.0525 2.9743
v 1.0169 1.0595 2.9728
v 1.0567 1.0688 2.9708
v 1.0705 1.0884 2.9666
v 1.0537 1.1200 2.9599
v 1.0166 1.1598 2.9515
v 0.9780 1.2001 2.9429
v 0.9456 1.2379 2.9349
v 0.9212 1.2726 2.9275
v 0.9069 1.3032 2.9210
v 0.9044 1.3293 2.9154
v 0.9141 1.3505 2.9109
v 0.9347 1.3674 2.9073
v 0.9631 1.3812 2.9044
v 0.9954 1.3935 2.9018
v 1.0276 1.4058 2.8992
v 1.0577 1.4189 2.8964
v 1.0862 1.4327 2.8934
v 1.1172 1.4455 2.8907
v 1.1572 1.4547 2.8888
v 1.2150 1.4978 2.8796
v 1.2808 1.5376 2.8711
v 1.3367 1.5814 2.8618
v 1.3609 1.6377 2.8499
v 1.3441 1.7103 2.8344
v 1.2982 1.7943 2.8166
v 1.2485 1.8798 2.7984
v 1.2174 1.9580 2.7818
v 1.2141 2.0252 2.7675
v 1.2367 2.0822 2.7554
v 1.2786 2.1315 2.7449
v 1.3337 2.1756 2.7355
v 1.3980 2.2161 2.7269
v 1.4688 2.2540 2.7189
v 1.5441 2.2901 2.7112
v 1.6213 2.3255 2.7037
v 1.6964 2.3617 2.6960
v 1.7636 2.4011 2.6876
v 1.8168 2.4459 2.6781
v 1.8513 2.4982 2.6670
v 0.9632 1.0716 3.0437
v 1.0077 1.0782 3.0423
v 1.0608 1.0814 3.0416
v 1.0973 1.0911 3.0396
v 1.1020 1.1134 3.0348
v 1.0758 1.1479 3.0275
v 1.0348 1.1882 3.0189
v 0.9964 1.2276 3.0106
v 0.9634 1.2647 3.0027
v 0.9373 1.2992 2.9953
v 0.9201 1.3301 2.9888
v 0.9133 1.3570 2.9831
v 0.9179 1.3793 2.9783
v 0.9334 1.3973 2.9745
v 0.9577 1.4119 2.9714
v 0.9875 1.4242 2.9688
v 1.0192 1.4359 2.9663
v 1.0504 1.4477 2.9638
v 1.0809 1.4598 2.9612
v 1.1143 1.4707 2.9589
v 1.1567 1.4781 2.9573
v 1.2118 1.5199 2.9484
v 1.2744 1.5587 2.9402
v 1.3267 1.6016 2.9311
v 1.3478 1.6568 2.9193
v 1.3294 1.7276 2.9043
v 1.2843 1.8090 2.8870
v 1.2377 1.8909 2.8696
v 1.2110 1.9650 2.8538
v 1.2121 2.0281 2.8404
v 1.2381 2.0814 2.8291
v 1.2819 2.1276 2.8193
v 1.3377 2.1691 2.8104
v 1.4014 2.2075 2.8023
v 1.4709 2.2436 2.7946
v 1.5441 2.2782 2.7872
v 1.6185 2.3123 2.7800
v 1.6903 2.3475 2.7725
v 1.7542 2.3858 2.7644
v 1.8046 2.4294 2.7551
v 1.8376 2.4799 2.7444
v 0.9955 1.1014 3.1109
v 1.0536 1.1016 3.1109
v 1.1084 1.1031 3.1105
v 1.1375 1.1148 3.1081
v 1.1310 1.1406 3.1026
v 1.0953 1.1778 3.0946
v 1.0543 1.2172 3.0863
v 1.0164 1.2554 3.0782
v 0.9830 1.2918 3.0704
v 0.9556 1.3258 3.0632
v 0.9356 1.3569 3.0566
v 0.9248 1.3844 3.0507
v 0.9242 1.4078 3.0458
v 0.9341 1.4271 3.0417
v 0.9533 1.4427 3.0384
v 0.9793 1.4556 3.0356
v 1.0092 1.4669 3.0332
v 1.0405 1.4778 3.0309
v 1.0727 1.4882 3.0287
v 1.1085 1.4973 3.0267
v 1.1535 1.5027 3.0256
v 1.2052 1.5433 3.0170
v 1.2643 1.5809 3.0090
v 1.3136 1.6225 3.0001
v 1.3328 1.6759 2.9888
v 1.3144 1.7442 2.9743
v 1.2714 1.8222 2.9577
v 1.2288 1.9001 2.9411
v 1.2067 1.9699 2.9263
v 1.2121 2.0288 2.9138
v 1.2410 2.0783 2.9032
v 1.2864 2.1214 2.8941
v 1.3424 2.1603 2.8858
v 1.4053 2.1965 2.8781
v 1.4731 2.2307 2.8709
v 1.5439 2.2638 2.8638
v 1.6153 2.2966 2.8569
v 1.6835 2.3306 2.8496
v 1.7438 2.3678 2.8417
v 1.7914 2.4101 2.8327
v 1.8227 2.4587 2.8224
v 1.0396 1.1280 3.1788
v 1.1049 1.1243 3.1795
v 1.1561 1.1263 3.1791
v 1.1742 1.1413 3.1759
v 1.1543 1.1713 3.1696
v 1.1150 1.2090 3.1615
v 1.0754 1.2468 3.1535
v 1.0382 1.2837 3.1457
v 1.0047 1.3191 3.1381
v 0.9761 1.3525 3.1310
v 0.9539 1.3834 3.1245
v 0.9393 1.4114 3.1185
v 0.9336 1.4358 3.1133
v 0.9375 1.4564 3.1090
v 0.9508 1.4733 3.1054
v 0.9718 1.4871 3.1024
v 0.9984 1.4988 3.0999
v 1.0284 1.5091 3.0978
v 1.0612 1.5183 3.0958
v 1.0989 1.5255 3.0943
v 1.1465 1.5289 3.0936
v 1.1945 1.5682 3.0852
v 1.2504 1.6044 3.0775
v 1.2976 1.6441 3.0691
v 1.3165 1.6949 3.0583
v 1.2999 1.7598 3.0445
v 1.2605 1.8337 3.0288
v 1.2225 1.9070 3.0132
v 1.2052 1.9721 2.9993
v 1.2144 2.0268 2.9877
v 1.2458 2.0727 2.9780
v 1.2923 2.1126 2.9695
v 1.3480 2.1489 2.9618
v 1.4097 2.1828 2.9546
v 1.4755 2.2151 2.9477
v 1.5436 2.2465 2.9410
v 1.6115 2.2780 2.9343
v 1.6758 2.3109 2.9273
v 1.7323 2.3468 2.9197
v 1.7768 2.3876 2.9110
v 1.8064 2.4342 2.9011
v 1.0914 1.1535 3.2469
v 1.1576 1.1483 3.2480
v 1.2000 1.1526 3.2470
v 1.2035 1.1723 3.2429
v 1.1730 1.2054 3.2358
v 1.1361 1.2410 3.2283
v 1.0983 1.2770 3.2206
v 1.0620 1.3123 3.2131
v 1.0287 1.3465 3.2058
v 0.9995 1.3791 3.1989
v 0.9753 1.4097 3.1924
v 0.9574 1.4378 3.1864
v 0.9470 1.4630 3.1811
v 0.9449 1.4848 3.1764
v 0.9516 1.5032 3.1725
v 0.9664 1.5184 3.1693
v 0.9879 1.5309 3.1666
v 1.0148 1.5414 3.1644
v 1.0463 1.5499 3.1626
v 1.0846 1.5558 3.1613
v 1.1336 1.5575 3.1610
v 1.1768 1.5958 3.1528
v 1.2289 1.6306 3.1455
v 1.2743 1.6680 3.1375
v 1.2944 1.7154 3.1274
v 1.2818 1.7757 3.1146
v 1.2486 1.8442 3.1000
v 1.2173 1.9119 3.0856
v 1.2057 1.9718 3.0729
v 1.2190 2.0220 3.0623
v 1.2526 2.0640 3.0533
v 1.2996 2.1008 3.0455
v 1.3547 2.1344 3.0384
v 1.4148 2.1660 3.0316
v 1.4781 2.1963 3.0252
v 1.5430 2.2260 3.0189
v 1.6070 2.2561 3.0125
v 1.6671 2.2877 3.0058
v 1.7195 2.3223 2.9984
v 1.7608 2.3614 2.9901
v 1.7885 2.4058 2.9807
v 1.1466 1.1798 3.3148
v 1.2075 1.1755 3.3157
v 1.2361 1.1840 3.3139
v 1.2228 1.2091 3.3086
v 1.1929 1.2407 3.3018
v 1.1588 1.2740 3.2948
v 1.1232 1.3079 3.2876
v 1.0883 1.3415 3.2804
v 1.0555 1.3742 3.2735
v 1.0260 1.4057 3.2668
v 1.0005 1.4356 3.2604
v 0.9799 1.4636 3.2545
v 0.9652 1.4892 3.2490
v 0.9575 1.5120 3.2442
v 0.9574 1.5319 3.2399
v 0.9649 1.5487 3.2364
v 0.9798 1.5627 3.2334
v 1.0012 1.5740 3.2310
v 1.0291 1.5828 3.2291
v 1.0651 1.5884 3.2279
v 1.1127 1.5894 3.2277
v 1.1498 1.6269 3.2198
v 1.1967 1.6605 3.2126
v 1.2398 1.6956 3.2051
v 1.2618 1.7390 3.1959
v 1.2561 1.7934 3.1844
v 1.2326 1.8548 3.1713
v 1.2113 1.9154 3.1584
v 1.2075 1.9690 3.1470
v 1.2256 2.0140 3.1375
v 1.2614 2.0520 3.1294
v 1.3086 2.0855 3.1223
v 1.3625 2.1163 3.1157
v 1.4205 2.1455 3.1095
v 1.4809 2.1738 3.1035
v 1.5421 2.2018 3.0976
v 1.6017 2.2303 3.0915
v 1.6571 2.2606 3.0851
v 1.7052 2.2937 3.0780
v 1.7430 2.3309 3.0701
v 1.7687 2.3729 3.0612
v 1.2008 1.2090 3.3821
v 1.2504 1.2078 3.3823
v 1.2603 1.2224 3.3792
v 1.2407 1.2486 3.3737
v 1.2143 1.2775 3.3675
v 1.1834 1.3082 3.3610
v 1.1504 1.3397 3.3543
v 1.1174 1.3712 3.3476
v 1.0857 1.4022 3.3410
v 1.0563 1.4323 3.3346
v 1.0300 1.4611 3.3285
v 1.0074 1.4885 3.3227
v 0.9894 1.5141 3.3172
v 0.9767 1.5376 3.3122
v 0.9700 1.5587 3.3078
v 0.9701 1.5772 3.3038
v 0.9770 1.5929 3.3005
v 0.9908 1.6059 3.2977
v 1.0121 1.6160 3.2956
v 1.0426 1.6224 3.2942
v 1.0850 1.6241 3.2939
v 1.1167 1.6602 3.2862
v 1.1589 1.6921 3.2794
v 1.1999 1.7245 3.2725
v 1.2251 1.7631 3.2643
v 1.2281 1.8105 3.2542
v 1.2166 1.8637 3.2429
v 1.2070 1.9160 3.2318
v 1.2121 1.9626 3.2219
v 1.2352 2.0021 3.2135
v 1.2728 2.0359 3.2063
v 1.3196 2.0660 3.1999
v 1.3718 2.0939 3.1940
v 1.4270 2.1207 3.1883
v 1.4838 2.1469 3.1827
v 1.5406 2.1730 3.1772
v 1.5953 2.2000 3.1714
v 1.6456 2.2287 3.1653
v 1.6890 2.2602 3.1587
v 1.7232 2.2953 3.1512
v 1.7467 2.3346 3.1428
v 1.2499 1.2433 3.4483
v 1.2821 1.2476 3.4474
v 1.2764 1.2668 3.4433
v 1.2600 1.2902 3.4383
v 1.2372 1.3162 3.4328
v 1.2100 1.3439 3.4269
v 1.1803 1.3727 3.4208
v 1.1498 1.4017 3.4147
v 1.1198 1.4305 3.4085
v 1.0912 1.4588 3.4025
v 1.0648 1.4862 3.3967
v 1.0411 1.5125 3.3911
v 1.0207 1.5376 3.3858
v 1.0040 1.5611 3.3808
v 0.9918 1.5829 3.3761
v 0.9848 1.6027 3.3719
v 0.9834 1.6202 3.3682
v 0.9882 1.6353 3.3650
v 1.0004 1.6474 3.3624
v 1.0216 1.6560 3.3606
v 1.0546 1.6599 3.3598
v 1.0832 1.6933 3.3527
v 1.1223 1.7225 3.3465
v 1.1625 1.7513 3.3403
v 1.1915 1.7845 3.3333
v 1.2038 1.8243 3.3248
v 1.2050 1.8685 3.3154
v 1.2075 1.9122 3.3061
v 1.2211 1.9514 3.2978
v 1.2487 1.9852 3.2906
v 1.2873 2.0146 3.2844
v 1.3330 2.0412 3.2787
v 1.3827 2.0663 3.2734
v 1.4344 2.0905 3.2682
v 1.4867 2.1144 3.2632
v 1.5383 2.1387 3.2580
v 1.5874 2.1640 3.2526
v 1.6321 2.1910 3.2469
v 1.6704 2.2205 3.2406
v 1.7007 2.2532 3.2337
v 1.7219 2.2895 3.2259
v 1.2897 1.2854 3.5129
v 1.3004 1.2964 3.5105
v 1.2940 1.3142 3.5068
v 1.2809 1.3347 3.5024
v 1.2622 1.3574 3.4976
v 1.2392 1.3817 3.4924
v 1.2135 1.4072 3.4870
v 1.1863 1.4332 3.4815
v 1.1588 1.4593 3.4759
v 1.1319 1.4852 3.4704
v 1.1063 1.5106 3.4650
v 1.0825 1.5354 3.4598
v 1.0607 1.5592 3.4547
v 1.0416 1.5821 3.4498
v 1.0253 1.6038 3.4452
v 1.0125 1.6241 3.4409
v 1.0037 1.6429 3.4369
v 0.9996 1.6598 3.4333
v 1.0013 1.6744 3.4302
v 1.0108 1.6859 3.4277
v 1.0303 1.6935 3.4261
v 1.0589 1.7224 3.4200
v 1.0968 1.7477 3.4146
v 1.1365 1.7722 3.4094
v 1.1690 1.7995 3.4036
v 1.1896 1.8316 3.3968
v 1.2022 1.8669 3.3893
v 1.2155 1.9018 3.3819
v 1.2366 1.9337 3.3751
v 1.2674 1.9617 3.3691
v 1.3060 1.9867 3.3638
v 1.3495 2.0097 3.3589
v 1.3955 2.0317 3.3542
v 1.4425 2.0534 3.3497
v 1.4894 2.0751 3.3450
v 1.5348 2.0973 3.3403
v 1.5775 2.1207 3.3353
v 1.6159 2.1457 3.3300
v 1.6487 2.1729 3.3242
v 1.6748 2.2028 3.3179
v 1.6935 2.2357 3.3109
v 1.3165 1.3380 3.5752
v 1.3179 1.3508 3.5725
v 1.3135 1.3659 3.5693
v 1.3038 1.3830 3.5657
v 1.2895 1.4020 3.5616
v 1.2715 1.4224 3.5573
v 1.2507 1.4440 3.5527
v 1.2279 1.4663 3.5480
v 1.2042 1.4890 3.5431
v 1.1802 1.5118 3.5383
v 1.1566 1.5344 3.5335
v 1.1338 1.5568 3.5287
v 1.1123 1.5786 3.5241
v 1.0922 1.5999 3.5196
v 1.0738 1.6205 3.5152
v 1.0574 1.6402 3.5110
v 1.0434 1.6591 3.5070
v 1.0322 1.6769 3.5032
v 1.0247 1.6932 3.4997
v 1.0222 1.7074 3.4967
v 1.0267 1.7190 3.4942
v 1.0571 1.7420 3.4893
v 1.0939 1.7625 3.4850
v 1.1322 1.7825 3.4807
v 1.1659 1.8042 3.4761
v 1.1922 1.8288 3.4709
v 1.2134 1.8555 3.4652
v 1.2348 1.8821 3.4596
v 1.2610 1.9068 3.4543
v 1.2932 1.9292 3.4496
v 1.3300 1.9497 3.4452
v 1.3696 1.9690 3.4411
v 1.4104 1.9880 3.4371
v 1.4513 2.0069 3.4330
v 1.4911 2.0262 3.4289
v 1.5292 2.0462 3.4247
v 1.5644 2.0674 3.4202
v 1.5958 2.0900 3.4154
v 1.6227 2.1144 3.4102
v 1.6442 2.1410 3.4045
v 1.6601 2.1697 3.3984
v 1.3367 1.4017 3.6352
v 1.3382 1.4121 3.6330
v 1.3358 1.4240 3.6305
v 1.3297 1.4373 3.6276
v 1.3203 1.4520 3.6245
v 1.3079 1.4678 3.6211
v 1.2930 1.4847 3.6176
v 1.2762 1.5023 3.6138
v 1.2579 1.5204 3.6100
v 1.2387 1.5389 3.6060
v 1.2191 1.5577 3.6020
v 1.1994 1.5764 3.5981
v 1.1800 1.5950 3.5941
v 1.1611 1.6134 3.5902
v 1.1429 1.6315 3.5863
v 1.1257 1.6493 3.5826
v 1.1095 1.6666 3.5789
v 1.0947 1.6835 3.5753
v 1.0816 1.6996 3.5719
v 1.0709 1.7147 3.5687
v 1.0636 1.7286 3.5657
v 1.0936 1.7455 3.5621
v 1.1268 1.7612 3.5588
v 1.1606 1.7766 3.5555
v 1.1922 1.7930 3.5520
v 1.2201 1.8108 3.5483
v 1.2454 1.8296 3.5443
v 1.2708 1.8483 3.5403
v 1.2984 1.8662 3.5365
v 1.3288 1.8830 3.5329
v 1.3611 1.8991 3.5295
v 1.3942 1.9148 3.5261
v 1.4274 1.9305 3.5228
v 1.4597 1.9465 3.5194
v 1.4906 1.9631 3.5159
v 1.5196 1.9804 3.5122
v 1.5461 1.9988 3.5083
v 1.5697 2.0183 3.5041
v 1.5899 2.0391 3.4997
v 1.6064 2.0614 3.4950
v 1.6190 2.0852 3.4899
v 1.3624 1.4790 3.6923
v 1.3639 1.4862 3.6908
v 1.3634 1.4942 3.6891
v 1.3609 1.5029 3.6872
v 1.3566 1.5124 3.6852
v 1.3506 1.5226 3.6830
v 1.3429 1.5334 3.6807
v 1.3339 1.5448 3.6783
v 1.3235 1.5566 3.6758
v 1.3121 1.5689 3.6732
v 1.2998 1.5816 3.6705
v 1.2868 1.5945 3.6677
v 1.2734 1.6076 3.6649
v 1.2596 1.6209 3.6621
v 1.2456 1.6342 3.6593
v 1.2315 1.6475 3.6565
v 1.2176 1.6608 3.6536
v 1.2039 1.6740 3.6508
v 1.1906 1.6871 3.6481
v 1.1779 1.6999 3.6453
v 1.1661 1.7124 3.6427
v 1.1903 1.7233 3.6404
v 1.2153 1.7339 3.6381
v 1.2405 1.7444 3.6359
v 1.2649 1.7553 3.6336
v 1.2883 1.7666 3.6312
v 1.3107 1.7782 3.6287
v 1.3329 1.7899 3.6262
v 1.3552 1.8016 3.6237
v 1.3779 1.8131 3.6213
v 1.4005 1.8247 3.6188
v 1.4227 1.8364 3.6163
v 1.4441 1.8485 3.6138
v 1.4645 1.8609 3.6111
v 1.4836 1.8739 3.6084
v 1.5013 1.8874 3.6055
v 1.5173 1.9015 3.6025
v 1.5317 1.9163 3.5993
v 1.5442 1.9319 3.5960
v 1.5547 1.9482 3.5925
v 1.5633 1.9653 3.5889
v 1.4211 1.6360 3.7324
v 1.4210 1.6360 3.7324
v 1.4209 1.6360 3.7324
v 1.4208 1.6361 3.7324
v 1.4207 1.6361 3.7324
v 1.4205 1.6362 3.7324
v 1.4202 1.6363 3.7324
v 1.4200 1.6364 3.7323
v 1.4197 1.6365 3.7323
v 1.4194 1.6366 3.7323
v 1.4190 1.6368 3.7323
v 1.4186 1.6369 3.7322
v 1.4182 1.6371 3.7322
v 1.4178 1.6373 3.7322
v 1.4173 1.6374 3.7321
v 1.4168 1.6377 3.7321
v 1.4162 1.6379 3.7320
v 1.4156 1.6381 3.7320
v 1.4150 1.6383 3.7319
v 1.4144 1.6386 3.7319
v 1.4137 1.6389 3.7318
v 1.4144 1.6386 3.7319
v 1.4150 1.6383 3.7319
v 1.4157 1.6381 3.7320
v 1.4162 1.6379 3.7320
v 1.4168 1.6376 3.7321
v 1.4173 1.6374 3.7321
v 1.4178 1.6373 3.7322
v 1.4182 1.6371 3.7322
v 1.4187 1.6369 3.7322
v 1.4190 1.6368 3.7323
v 1.4194 1.6366 3.7323
v 1.4197 1.6365 3.7323
v 1.4200 1.6364 3.7323
v 1.4202 1.6363 3.7324
v 1.4205 1.6362 3.7324
v 1.4207 1.6361 3.7324
v 1.4208 1.6361 3.7324
v 1.4209 1.6360 3.7324
v 1.4210 1.6360 3.7324
v 1.4211 1.6360 3.7324
v 0.5487 0.2281 -2.5113
v 0.5484 0.2282 -2.5113
v 0.5480 0.2284 -2.5113
v 0.5475 0.2286 -2.5114
v 0.5467 0.2289 -2.5115
v 0.5456 0.2293 -2.5115
v 0.5443 0.2298 -2.5117
v 0.5426 0.2305 -2.5118
v 0.5405 0.2313 -2.5120
v 0.5382 0.2323 -2.5122
v 0.5356 0.2333 -2.5124
v 0.5328 0.2344 -2.5126
v 0.5300 0.2355 -2.5129
v 0.5274 0.2365 -2.5131
v 0.5252 0.2374 -2.5133
v 0.5234 0.2381 -2.5134
v 0.5223 0.2385 -2.5135
v 0.5219 0.2387 -2.5135
v 0.5223 0.2385 -2.5135
v 0.5234 0.2381 -2.5134
v 0.5252 0.2374 -2.5133
v 0.5274 0.2365 -2.5131
v 0.5300 0.2355 -2.5129
v 0.5328 0.2344 -2.5126
v 0.5356 0.2333 -2.5124
v 0.5382 0.2323 -2.5122
v 0.5405 0.2313 -2.5120
v 0.5426 0.2305 -2.5118
v 0.5443 0.2298 -2.5117
v 0.5456 0.2293 -2.5115
v 0.5467 0.2289 -2.5115
v 0.5475 0.2286 -2.5114
v 0.5480 0.2284 -2.5113
v 0.5484 0.2282 -2.5113
v 0.5487 0.2281 -2.5113
v 0.5489 0.2280 -2.5113
v 0.5490 0.2280 -2.5113
v 0.5491 0.2279 -2.5113
v 0.5491 0.2279 -2.5113
v 0.5491 0.2279 -2.5113
v 0.5491 0.2279 -2.5113
v 0.4990 0.1176 -2.4143
v 0.5012 0.1240 -2.4156
v 0.5033 0.1304 -2.4170
v 0.5052 0.1369 -2.4184
v 0.5068 0.1435 -2.4198
v 0.5081 0.1503 -2.4212
v 0.5090 0.1572 -2.4227
v 0.5095 0.1642 -2.4242
v 0.5096 0.1715 -2.4257
v 0.5093 0.1788 -2.4273
v 0.5087 0.1863 -2.4289
v 0.5079 0.1939 -2.4305
v 0.5071 0.2015 -2.4321
v 0.5065 0.2090 -2.4337
v 0.5063 0.2163 -2.4353
v 0.5068 0.2234 -2.4368
v 0.5080 0.2302 -2.4382
v 0.5101 0.2366 -2.4396
v 0.5131 0.2426 -2.4409
v 0.5171 0.2483 -2.4421
v 0.5218 0.2537 -2.4432
v 0.5313 0.2691 -2.4465
v 0.5413 0.2842 -2.4497
v 0.5514 0.2993 -2.4529
v 0.5616 0.3144 -2.4561
v 0.5715 0.3296 -2.4593
v 0.5812 0.3448 -2.4626
v 0.5905 0.3603 -2.4659
v 0.5993 0.3759 -2.4692
v 0.6078 0.3916 -2.4725
v 0.6158 0.4075 -2.4759
v 0.6236 0.4236 -2.4793
v 0.6311 0.4397 -2.4828
v 0.6383 0.4559 -2.4862
v 0.6454 0.4722 -2.4897
v 0.6524 0.4886 -2.4931
v 0.6593 0.5049 -2.4966
v 0.6662 0.5213 -2.5001
v 0.6730 0.5377 -2.5036
v 0.6799 0.5541 -2.5071
v 0.6867 0.5705 -2.5106
v 0.4816 0.0760 -2.3319
v 0.4849 0.0852 -2.3339
v 0.4880 0.0944 -2.3358
v 0.4909 0.1037 -2.3378
v 0.4934 0.1131 -2.3398
v 0.4956 0.1227 -2.3419
v 0.4973 0.1325 -2.3439
v 0.4985 0.1424 -2.3460
v 0.4991 0.1526 -2.3482
v 0.4994 0.1629 -2.3504
v 0.4992 0.1734 -2.3526
v 0.4988 0.1840 -2.3549
v 0.4985 0.1946 -2.3571
v 0.4983 0.2051 -2.3594
v 0.4987 0.2154 -2.3616
v 0.4998 0.2254 -2.3637
v 0.5018 0.2350 -2.3657
v 0.5050 0.2442 -2.3677
v 0.5092 0.2529 -2.3695
v 0.5146 0.2612 -2.3713
v 0.5209 0.2692 -2.3730
v 0.5340 0.2915 -2.3777
v 0.5476 0.3136 -2.3824
v 0.5614 0.3355 -2.3871
v 0.5753 0.3575 -2.3918
v 0.5889 0.3796 -2.3965
v 0.6021 0.4018 -2.4012
v 0.6149 0.4243 -2.4060
v 0.6271 0.4469 -2.4108
v 0.6389 0.4697 -2.4156
v 0.6502 0.4927 -2.4205
v 0.6611 0.5158 -2.4254
v 0.6717 0.5391 -2.4304
v 0.6821 0.5624 -2.4353
v 0.6922 0.5859 -2.4403
v 0.7022 0.6094 -2.4453
v 0.7121 0.6329 -2.4503
v 0.7220 0.6565 -2.4553
v 0.7318 0.6801 -2.4603
v 0.7416 0.7037 -2.4653
v 0.7514 0.7273 -2.4704
v 0.4714 0.0434 -2.2515
v 0.4755 0.0548 -2.2539
v 0.4794 0.0663 -2.2563
v 0.4830 0.0779 -2.2588
v 0.4862 0.0896 -2.2613
v 0.4890 0.1016 -2.2639
v 0.4912 0.1138 -2.2664
v 0.4928 0.1262 -2.2691
v 0.4938 0.1388 -2.2718
v 0.4942 0.1516 -2.2745
v 0.4942 0.1647 -2.2773
v 0.4939 0.1778 -2.2801
v 0.4936 0.1910 -2.2828
v 0.4936 0.2040 -2.2856
v 0.4942 0.2168 -2.2883
v 0.4957 0.2292 -2.2910
v 0.4983 0.2412 -2.2935
v 0.5023 0.2527 -2.2960
v 0.5076 0.2636 -2.2983
v 0.5142 0.2740 -2.3005
v 0.5219 0.2840 -2.3026
v 0.5382 0.3119 -2.3085
v 0.5550 0.3395 -2.3144
v 0.5721 0.3670 -2.3203
v 0.5891 0.3946 -2.3261
v 0.6060 0.4222 -2.3320
v 0.6223 0.4500 -2.3379
v 0.6381 0.4781 -2.3439
v 0.6533 0.5064 -2.3499
v 0.6680 0.5349 -2.3559
v 0.6820 0.5636 -2.3621
v 0.6956 0.5925 -2.3682
v 0.7088 0.6216 -2.3744
v 0.7217 0.6508 -2.3806
v 0.7343 0.6801 -2.3868
v 0.7468 0.7094 -2.3930
v 0.7592 0.7388 -2.3993
v 0.7715 0.7682 -2.4056
v 0.7837 0.7977 -2.4118
v 0.7960 0.8271 -2.4181
v 0.8082 0.8566 -2.4243
v 0.4654 0.0145 -2.1718
v 0.4703 0.0279 -2.1747
v 0.4749 0.0415 -2.1776
v 0.4792 0.0552 -2.1805
v 0.4829 0.0690 -2.1834
v 0.4861 0.0831 -2.1864
v 0.4887 0.0975 -2.1895
v 0.4905 0.1121 -2.1926
v 0.4916 0.1270 -2.1957
v 0.4920 0.1422 -2.1990
v 0.4919 0.1576 -2.2022
v 0.4915 0.1731 -2.2055
v 0.4911 0.1887 -2.2088
v 0.4910 0.2041 -2.2121
v 0.4916 0.2192 -2.2153
v 0.4933 0.2339 -2.2185
v 0.4963 0.2480 -2.2215
v 0.5010 0.2615 -2.2243
v 0.5072 0.2744 -2.2271
v 0.5151 0.2867 -2.2297
v 0.5243 0.2984 -2.2322
v 0.5435 0.3312 -2.2391
v 0.5634 0.3638 -2.2461
v 0.5836 0.3962 -2.2530
v 0.6038 0.4286 -2.2598
v 0.6238 0.4612 -2.2668
v 0.6431 0.4939 -2.2737
v 0.6618 0.5269 -2.2807
v 0.6798 0.5602 -2.2878
v 0.6971 0.5938 -2.2950
v 0.7137 0.6277 -2.3022
v 0.7297 0.6618 -2.3094
v 0.7453 0.6960 -2.3167
v 0.7605 0.7304 -2.3240
v 0.7754 0.7649 -2.3313
v 0.7901 0.7995 -2.3387
v 0.8047 0.8342 -2.3461
v 0.8192 0.8689 -2.3534
v 0.8337 0.9036 -2.3608
v 0.8481 0.9383 -2.3682
v 0.8625 0.9730 -2.3756
v 0.4626 -0.0124 -2.0926
v 0.4681 0.0029 -2.0958
v 0.4734 0.0184 -2.0991
v 0.4781 0.0340 -2.1025
v 0.4823 0.0499 -2.1058
v 0.4859 0.0660 -2.1093
v 0.4887 0.0825 -2.1128
v 0.4906 0.0993 -2.1163
v 0.4916 0.1164 -2.1200
v 0.4918 0.1338 -2.1237
v 0.4915 0.1515 -2.1274
v 0.4907 0.1693 -2.1312
v 0.4899 0.1872 -2.1350
v 0.4895 0.2048 -2.1388
v 0.4900 0.2222 -2.1425
v 0.4918 0.2390 -2.1460
v 0.4951 0.2552 -2.1495
v 0.5004 0.2707 -2.1528
v 0.5076 0.2854 -2.1559
v 0.5167 0.2993 -2.1588
v 0.5274 0.3126 -2.1617
v 0.5495 0.3500 -2.1696
v 0.5725 0.3870 -2.1775
v 0.5959 0.4239 -2.1853
v 0.6192 0.4608 -2.1932
v 0.6422 0.4979 -2.2011
v 0.6646 0.5352 -2.2090
v 0.6862 0.5728 -2.2170
v 0.7069 0.6107 -2.2250
v 0.7267 0.6490 -2.2332
v 0.7458 0.6876 -2.2414
v 0.7641 0.7265 -2.2496
v 0.7820 0.7656 -2.2580
v 0.7994 0.8048 -2.2663
v 0.8164 0.8442 -2.2747
v 0.8333 0.8837 -2.2831
v 0.8499 0.9233 -2.2915
v 0.8665 0.9628 -2.2999
v 0.8830 1.0025 -2.3083
v 0.8994 1.0421 -2.3167
v 0.9158 1.0817 -2.3252
v 0.4620 -0.0380 -2.0136
v 0.4681 -0.0208 -2.0173
v 0.4739 -0.0035 -2.0210
v 0.4792 0.0141 -2.0247
v 0.4837 0.0318 -2.0285
v 0.4875 0.0499 -2.0323
v 0.4904 0.0684 -2.0362
v 0.4922 0.0873 -2.0403
v 0.4931 0.1065 -2.0444
v 0.4930 0.1262 -2.0485
v 0.4921 0.1461 -2.0528
v 0.4908 0.1662 -2.0570
v 0.4895 0.1864 -2.0613
v 0.4886 0.2063 -2.0656
v 0.4888 0.2258 -2.0697
v 0.4904 0.2448 -2.0737
v 0.4940 0.2629 -2.0776
v 0.4999 0.2802 -2.0813
v 0.5080 0.2966 -2.0848
v 0.5183 0.3121 -2.0881
v 0.5305 0.3269 -2.0912
v 0.5556 0.3685 -2.1000
v 0.5818 0.4098 -2.1088
v 0.6084 0.4508 -2.1175
v 0.6349 0.4919 -2.1263
v 0.6611 0.5332 -2.1350
v 0.6865 0.5747 -2.1439
v 0.7109 0.6166 -2.1528
v 0.7343 0.6589 -2.1618
v 0.7567 0.7016 -2.1708
v 0.7782 0.7447 -2.1800
v 0.7989 0.7881 -2.1892
v 0.8189 0.8318 -2.1985
v 0.8384 0.8756 -2.2078
v 0.8575 0.9196 -2.2172
v 0.8764 0.9638 -2.2266
v 0.8950 1.0080 -2.2360
v 0.9136 1.0522 -2.2454
v 0.9320 1.0965 -2.2548
v 0.9504 1.1408 -2.2642
v 0.9687 1.1851 -2.2736
v 0.4630 -0.0623 -1.9349
v 0.4697 -0.0434 -1.9390
v 0.4760 -0.0243 -1.9430
v 0.4816 -0.0049 -1.9471
v 0.4865 0.0147 -1.9513
v 0.4904 0.0347 -1.9556
v 0.4933 0.0552 -1.9599
v 0.4949 0.0761 -1.9644
v 0.4954 0.0975 -1.9689
v 0.4948 0.1193 -1.9736
v 0.4932 0.1415 -1.9783
v 0.4912 0.1639 -1.9830
v 0.4891 0.1863 -1.9878
v 0.4876 0.2085 -1.9925
v 0.4873 0.2302 -1.9971
v 0.4887 0.2512 -2.0016
v 0.4924 0.2713 -2.0059
v 0.4987 0.2904 -2.0099
v 0.5077 0.3084 -2.0137
v 0.5194 0.3254 -2.0174
v 0.5332 0.3415 -2.0208
v 0.5614 0.3871 -2.0305
v 0.5907 0.4323 -2.0401
v 0.6206 0.4773 -2.0496
v 0.6505 0.5223 -2.0592
v 0.6798 0.5674 -2.0688
v 0.7083 0.6130 -2.0785
v 0.7357 0.6589 -2.0883
v 0.7618 0.7054 -2.0981
v 0.7868 0.7523 -2.1081
v 0.8107 0.7996 -2.1182
v 0.8336 0.8473 -2.1283
v 0.8558 0.8954 -2.1385
v 0.8774 0.9436 -2.1488
v 0.8985 0.9920 -2.1591
v 0.9193 1.0406 -2.1694
v 0.9398 1.0893 -2.1797
v 0.9603 1.1380 -2.1901
v 0.9806 1.1867 -2.2004
v 1.0008 1.2355 -2.2108
v 1.0210 1.2843 -2.2212
v 0.4651 -0.0854 -1.8565
v 0.4723 -0.0648 -1.8609
v 0.4790 -0.0439 -1.8653
v 0.4850 -0.0228 -1.8698
v 0.4901 -0.0014 -1.8744
v 0.4940 0.0205 -1.8790
v 0.4968 0.0430 -1.8838
v 0.4981 0.0659 -1.8887
v 0.4980 0.0894 -1.8937
v 0.4967 0.1134 -1.8988
v 0.4943 0.1379 -1.9040
v 0.4913 0.1625 -1.9092
v 0.4882 0.1872 -1.9145
v 0.4859 0.2116 -1.9197
v 0.4849 0.2355 -1.9247
v 0.4859 0.2585 -1.9296
v 0.4897 0.2805 -1.9343
v 0.4964 0.3013 -1.9387
v 0.5063 0.3209 -1.9429
v 0.5193 0.3393 -1.9468
v 0.5349 0.3566 -1.9505
v 0.5661 0.4060 -1.9610
v 0.5988 0.4549 -1.9714
v 0.6321 0.5035 -1.9817
v 0.6654 0.5521 -1.9920
v 0.6980 0.6010 -2.0024
v 0.7297 0.6503 -2.0129
v 0.7600 0.7001 -2.0235
v 0.7890 0.7504 -2.0342
v 0.8165 0.8013 -2.0450
v 0.8428 0.8527 -2.0559
v 0.8680 0.9045 -2.0669
v 0.8923 0.9567 -2.0780
v 0.9159 1.0092 -2.0892
v 0.9389 1.0618 -2.1004
v 0.9616 1.1147 -2.1116
v 0.9840 1.1676 -2.1229
v 1.0062 1.2206 -2.1341
v 1.0283 1.2736 -2.1454
v 1.0504 1.3267 -2.1567
v 1.0724 1.3798 -2.1680
v 0.4677 -0.1070 -1.7784
v 0.4754 -0.0847 -1.7831
v 0.4825 -0.0623 -1.7879
v 0.4888 -0.0394 -1.7928
v 0.4940 -0.0162 -1.7977
v 0.4979 0.0076 -1.8028
v 0.5003 0.0319 -1.8079
v 0.5012 0.0569 -1.8132
v 0.5004 0.0825 -1.8187
v 0.4981 0.1087 -1.8243
v 0.4947 0.1353 -1.8299
v 0.4905 0.1623 -1.8356
v 0.4863 0.1892 -1.8414
v 0.4829 0.2159 -1.8470
v 0.4810 0.2419 -1.8526
v 0.4816 0.2670 -1.8579
v 0.4852 0.2909 -1.8630
v 0.4924 0.3133 -1.8678
v 0.5032 0.3344 -1.8722
v 0.5175 0.3540 -1.8764
v 0.5349 0.3724 -1.8803
v 0.5694 0.4254 -1.8916
v 0.6055 0.4777 -1.9027
v 0.6423 0.5297 -1.9138
v 0.6791 0.5817 -1.9248
v 0.7152 0.6341 -1.9359
v 0.7501 0.6868 -1.9471
v 0.7835 0.7402 -1.9585
v 0.8152 0.7942 -1.9700
v 0.8454 0.8489 -1.9816
v 0.8741 0.9041 -1.9933
v 0.9015 0.9599 -2.0052
v 0.9278 1.0160 -2.0171
v 0.9534 1.0725 -2.0291
v 0.9783 1.1292 -2.0412
v 1.0028 1.1861 -2.0533
v 1.0270 1.2431 -2.0654
v 1.0510 1.3003 -2.0775
v 1.0748 1.3574 -2.0897
v 1.0986 1.4146 -2.1018
v 1.1223 1.4718 -2.1140
v 0.4705 -0.1269 -1.7007
v 0.4786 -0.1030 -1.7057
v 0.4861 -0.0790 -1.7109
v 0.4926 -0.0545 -1.7161
v 0.4978 -0.0295 -1.7214
v 0.5015 -0.0040 -1.7268
v 0.5036 0.0223 -1.7324
v 0.5038 0.0492 -1.7381
v 0.5021 0.0769 -1.7440
v 0.4988 0.1053 -1.7500
v 0.4940 0.1342 -1.7562
v 0.4884 0.1634 -1.7624
v 0.4828 0.1927 -1.7686
v 0.4781 0.2216 -1.7747
v 0.4752 0.2498 -1.7807
v 0.4751 0.2768 -1.7865
v 0.4786 0.3025 -1.7919
v 0.4861 0.3266 -1.7971
v 0.4978 0.3490 -1.8018
v 0.5135 0.3698 -1.8062
v 0.5328 0.3892 -1.8104
v 0.5706 0.4454 -1.8223
v 0.6102 0.5009 -1.8341
v 0.6506 0.5561 -1.8458
v 0.6910 0.6112 -1.8576
v 0.7307 0.6667 -1.8694
v 0.7689 0.7228 -1.8813
v 0.8054 0.7795 -1.8933
v 0.8400 0.8369 -1.9055
v 0.8728 0.8951 -1.9179
v 0.9039 0.9540 -1.9304
v 0.9335 1.0134 -1.9431
v 0.9619 1.0734 -1.9558
v 0.9894 1.1336 -1.9686
v 1.0161 1.1942 -1.9815
v 1.0424 1.2550 -1.9944
v 1.0683 1.3159 -2.0073
v 1.0939 1.3769 -2.0203
v 1.1194 1.4380 -2.0333
v 1.1448 1.4991 -2.0463
v 1.1701 1.5602 -2.0593
v 0.4730 -0.1446 -1.6234
v 0.4816 -0.1193 -1.6288
v 0.4894 -0.0937 -1.6342
v 0.4960 -0.0677 -1.6397
v 0.5011 -0.0410 -1.6454
v 0.5045 -0.0137 -1.6512
v 0.5060 0.0144 -1.6572
v 0.5054 0.0433 -1.6633
v 0.5027 0.0731 -1.6697
v 0.4980 0.1036 -1.6761
v 0.4917 0.1347 -1.6828
v 0.4846 0.1663 -1.6895
v 0.4773 0.1978 -1.6962
v 0.4711 0.2289 -1.7028
v 0.4670 0.2592 -1.7092
v 0.4660 0.2883 -1.7154
v 0.4692 0.3157 -1.7212
v 0.4769 0.3413 -1.7267
v 0.4895 0.3650 -1.7317
v 0.5068 0.3869 -1.7364
v 0.5281 0.4071 -1.7407
v 0.5692 0.4664 -1.7533
v 0.6124 0.5248 -1.7657
v 0.6566 0.5828 -1.7780
v 0.7008 0.6408 -1.7903
v 0.7440 0.6991 -1.8027
v 0.7857 0.7581 -1.8153
v 0.8253 0.8179 -1.8280
v 0.8629 0.8786 -1.8409
v 0.8983 0.9400 -1.8539
v 0.9317 1.0023 -1.8672
v 0.9635 1.0652 -1.8805
v 0.9939 1.1286 -1.8940
v 1.0232 1.1925 -1.9076
v 1.0517 1.2567 -1.9212
v 1.0797 1.3212 -1.9349
v 1.1072 1.3858 -1.9487
v 1.1344 1.4505 -1.9624
v 1.1615 1.5152 -1.9762
v 1.1884 1.5800 -1.9900
v 1.2153 1.6449 -2.0038
v 0.4748 -0.1599 -1.5466
v 0.4839 -0.1333 -1.5523
v 0.4920 -0.1063 -1.5580
v 0.4987 -0.0787 -1.5639
v 0.5037 -0.0505 -1.5699
v 0.5065 -0.0214 -1.5761
v 0.5072 0.0085 -1.5824
v 0.5056 0.0394 -1.5890
v 0.5017 0.0712 -1.5957
v 0.4955 0.1038 -1.6027
v 0.4875 0.1372 -1.6098
v 0.4784 0.1710 -1.6170
v 0.4693 0.2048 -1.6241
v 0.4614 0.2382 -1.6312
v 0.4558 0.2706 -1.6381
v 0.4539 0.3016 -1.6447
v 0.4566 0.3307 -1.6509
v 0.4646 0.3578 -1.6567
v 0.4780 0.3827 -1.6619
v 0.4968 0.4055 -1.6668
v 0.5202 0.4264 -1.6713
v 0.5647 0.4884 -1.6844
v 0.6116 0.5493 -1.6974
v 0.6597 0.6099 -1.7102
v 0.7077 0.6704 -1.7231
v 0.7547 0.7314 -1.7361
v 0.7998 0.7930 -1.7492
v 0.8427 0.8556 -1.7625
v 0.8832 0.9191 -1.7760
v 0.9212 0.9836 -1.7897
v 0.9570 1.0489 -1.8036
v 0.9909 1.1151 -1.8176
v 1.0233 1.1818 -1.8318
v 1.0544 1.2490 -1.8461
v 1.0845 1.3166 -1.8605
v 1.1141 1.3845 -1.8749
v 1.1431 1.4525 -1.8893
v 1.1718 1.5206 -1.9038
v 1.2004 1.5889 -1.9183
v 1.2288 1.6572 -1.9329
v 1.2571 1.7255 -1.9474
v 0.4757 -0.1724 -1.4704
v 0.4852 -0.1445 -1.4764
v 0.4937 -0.1163 -1.4824
v 0.5006 -0.0873 -1.4885
v 0.5051 -0.0575 -1.4949
v 0.5072 -0.0267 -1.5014
v 0.5069 0.0051 -1.5082
v 0.5041 0.0378 -1.5151
v 0.4986 0.0716 -1.5223
v 0.4907 0.1064 -1.5297
v 0.4808 0.1419 -1.5373
v 0.4696 0.1780 -1.5449
v 0.4584 0.2140 -1.5526
v 0.4485 0.2496 -1.5601
v 0.4413 0.2841 -1.5675
v 0.4383 0.3169 -1.5745
v 0.4404 0.3477 -1.5810
v 0.4485 0.3761 -1.5870
v 0.4629 0.4021 -1.5926
v 0.4832 0.4257 -1.5976
v 0.5087 0.4472 -1.6022
v 0.5567 0.5115 -1.6158
v 0.6074 0.5748 -1.6293
v 0.6594 0.6375 -1.6426
v 0.7113 0.7002 -1.6559
v 0.7621 0.7634 -1.6694
v 0.8108 0.8274 -1.6830
v 0.8569 0.8924 -1.6968
v 0.9003 0.9585 -1.7108
v 0.9410 1.0257 -1.7251
v 0.9791 1.0939 -1.7396
v 1.0151 1.1629 -1.7543
v 1.0493 1.2327 -1.7691
v 1.0821 1.3030 -1.7840
v 1.1139 1.3737 -1.7991
v 1.1449 1.4447 -1.8142
v 1.1754 1.5159 -1.8293
v 1.2055 1.5872 -1.8445
v 1.2354 1.6586 -1.8596
v 1.2651 1.7301 -1.8748
v 1.2948 1.8017 -1.8900
v 0.4752 -0.1816 -1.3950
v 0.4853 -0.1527 -1.4011
v 0.4944 -0.1234 -1.4073
v 0.5014 -0.0932 -1.4138
v 0.5054 -0.0619 -1.4204
v 0.5063 -0.0293 -1.4273
v 0.5046 0.0043 -1.4345
v 0.5003 0.0389 -1.4418
v 0.4932 0.0746 -1.4494
v 0.4833 0.1115 -1.4573
v 0.4712 0.1492 -1.4653
v 0.4578 0.1874 -1.4734
v 0.4442 0.2257 -1.4816
v 0.4322 0.2634 -1.4896
v 0.4232 0.2999 -1.4973
v 0.4188 0.3346 -1.5047
v 0.4202 0.3669 -1.5116
v 0.4284 0.3966 -1.5179
v 0.4436 0.4235 -1.5236
v 0.4655 0.4478 -1.5288
v 0.4933 0.4697 -1.5334
v 0.5448 0.5360 -1.5475
v 0.5993 0.6011 -1.5614
v 0.6553 0.6657 -1.5751
v 0.7112 0.7302 -1.5888
v 0.7658 0.7953 -1.6026
v 0.8181 0.8613 -1.6166
v 0.8675 0.9284 -1.6309
v 0.9138 0.9968 -1.6454
v 0.9570 1.0663 -1.6602
v 0.9975 1.1370 -1.6753
v 1.0354 1.2086 -1.6905
v 1.0714 1.2811 -1.7059
v 1.1058 1.3541 -1.7214
v 1.1391 1.4276 -1.7370
v 1.1715 1.5015 -1.7527
v 1.2033 1.5756 -1.7685
v 1.2347 1.6498 -1.7843
v 1.2658 1.7242 -1.8001
v 1.2968 1.7986 -1.8159
v 1.3277 1.8730 -1.8317
v 0.4730 -0.1872 -1.3203
v 0.4841 -0.1575 -1.3266
v 0.4942 -0.1274 -1.3330
v 0.5014 -0.0962 -1.3396
v 0.5045 -0.0633 -1.3466
v 0.5037 -0.0290 -1.3539
v 0.5002 0.0065 -1.3614
v 0.4940 0.0430 -1.3692
v 0.4850 0.0806 -1.3772
v 0.4730 0.1195 -1.3854
v 0.4585 0.1593 -1.3939
v 0.4425 0.1997 -1.4025
v 0.4264 0.2401 -1.4111
v 0.4120 0.2799 -1.4195
v 0.4010 0.3183 -1.4277
v 0.3951 0.3547 -1.4354
v 0.3958 0.3885 -1.4426
v 0.4039 0.4193 -1.4492
v 0.4200 0.4471 -1.4551
v 0.4435 0.4719 -1.4604
v 0.4736 0.4940 -1.4651
v 0.5285 0.5620 -1.4795
v 0.5869 0.6286 -1.4937
v 0.6469 0.6945 -1.5077
v 0.7068 0.7605 -1.5217
v 0.7653 0.8271 -1.5359
v 0.8212 0.8947 -1.5502
v 0.8738 0.9635 -1.5649
v 0.9230 1.0337 -1.5798
v 0.9688 1.1053 -1.5950
v 1.0114 1.1781 -1.6105
v 1.0513 1.2520 -1.6262
v 1.0890 1.3268 -1.6421
v 1.1249 1.4023 -1.6581
v 1.1595 1.4783 -1.6743
v 1.1931 1.5547 -1.6905
v 1.2261 1.6313 -1.7068
v 1.2587 1.7081 -1.7231
v 1.2909 1.7850 -1.7395
v 1.3230 1.8620 -1.7558
v 1.3550 1.9390 -1.7722
v 0.4690 -0.1888 -1.2464
v 0.4815 -0.1586 -1.2528
v 0.4931 -0.1281 -1.2593
v 0.5007 -0.0961 -1.2661
v 0.5025 -0.0618 -1.2734
v 0.4994 -0.0255 -1.2811
v 0.4933 0.0120 -1.2891
v 0.4849 0.0504 -1.2973
v 0.4737 0.0899 -1.3056
v 0.4593 0.1306 -1.3143
v 0.4422 0.1724 -1.3232
v 0.4235 0.2149 -1.3322
v 0.4047 0.2574 -1.3412
v 0.3877 0.2992 -1.3501
v 0.3744 0.3395 -1.3587
v 0.3669 0.3775 -1.3668
v 0.3667 0.4126 -1.3742
v 0.3748 0.4445 -1.3810
v 0.3916 0.4729 -1.3871
v 0.4167 0.4980 -1.3924
v 0.4491 0.5203 -1.3971
v 0.5076 0.5895 -1.4118
v 0.5698 0.6571 -1.4262
v 0.6338 0.7241 -1.4405
v 0.6978 0.7911 -1.4547
v 0.7601 0.8587 -1.4691
v 0.8195 0.9275 -1.4837
v 0.8754 0.9977 -1.4986
v 0.9274 1.0694 -1.5138
v 0.9756 1.1426 -1.5294
v 1.0204 1.2172 -1.5453
v 1.0621 1.2929 -1.5614
v 1.1013 1.3697 -1.5777
v 1.1386 1.4472 -1.5942
v 1.1744 1.5253 -1.6108
v 1.2092 1.6039 -1.6275
v 1.2432 1.6827 -1.6442
v 1.2768 1.7617 -1.6610
v 1.3100 1.8408 -1.6778
v 1.3430 1.9200 -1.6947
v 1.3759 1.9993 -1.7115
v 0.4705 -0.1730 -1.1763
v 0.4848 -0.1436 -1.1825
v 0.4985 -0.1139 -1.1888
v 0.5067 -0.0821 -1.1956
v 0.5064 -0.0469 -1.2031
v 0.4995 -0.0090 -1.2111
v 0.4896 0.0299 -1.2194
v 0.4782 0.0695 -1.2278
v 0.4642 0.1101 -1.2364
v 0.4471 0.1520 -1.2453
v 0.4269 0.1950 -1.2545
v 0.4050 0.2388 -1.2638
v 0.3829 0.2825 -1.2731
v 0.3629 0.3255 -1.2822
v 0.3470 0.3669 -1.2910
v 0.3375 0.4057 -1.2993
v 0.3359 0.4414 -1.3069
v 0.3436 0.4735 -1.3137
v 0.3609 0.5017 -1.3197
v 0.3873 0.5264 -1.3249
v 0.4218 0.5478 -1.3295
v 0.4828 0.6160 -1.3440
v 0.5481 0.6825 -1.3581
v 0.6154 0.7482 -1.3721
v 0.6826 0.8140 -1.3860
v 0.7479 0.8805 -1.4002
v 0.8101 0.9482 -1.4146
v 0.8684 1.0175 -1.4293
v 0.9224 1.0884 -1.4444
v 0.9723 1.1610 -1.4598
v 1.0183 1.2352 -1.4756
v 1.0609 1.3106 -1.4916
v 1.1008 1.3872 -1.5079
v 1.1386 1.4646 -1.5243
v 1.1747 1.5426 -1.5409
v 1.2097 1.6211 -1.5576
v 1.2439 1.6999 -1.5743
v 1.2776 1.7789 -1.5911
v 1.3109 1.8580 -1.6080
v 1.3439 1.9373 -1.6248
v 1.3769 2.0165 -1.6417
v 0.4729 -0.1571 -1.1061
v 0.4901 -0.1288 -1.1121
v 0.5070 -0.1004 -1.1182
v 0.5162 -0.0690 -1.1248
v 0.5133 -0.0328 -1.1325
v 0.5013 0.0070 -1.1410
v 0.4867 0.0479 -1.1497
v 0.4716 0.0889 -1.1584
v 0.4547 0.1307 -1.1673
v 0.4345 0.1737 -1.1764
v 0.4112 0.2180 -1.1858
v 0.3860 0.2631 -1.1954
v 0.3606 0.3082 -1.2050
v 0.3374 0.3524 -1.2144
v 0.3189 0.3948 -1.2234
v 0.3072 0.4345 -1.2319
v 0.3043 0.4707 -1.2396
v 0.3115 0.5030 -1.2464
v 0.3292 0.5310 -1.2524
v 0.3570 0.5551 -1.2575
v 0.3936 0.5758 -1.2619
v 0.4574 0.6429 -1.2762
v 0.5258 0.7081 -1.2900
v 0.5964 0.7725 -1.3037
v 0.6669 0.8370 -1.3174
v 0.7354 0.9022 -1.3313
v 0.8004 0.9689 -1.3454
v 0.8611 1.0372 -1.3600
v 0.9172 1.1073 -1.3749
v 0.9687 1.1793 -1.3902
v 1.0159 1.2529 -1.4058
v 1.0595 1.3280 -1.4218
v 1.1001 1.4043 -1.4380
v 1.1384 1.4815 -1.4544
v 1.1749 1.5593 -1.4710
v 1.2101 1.6377 -1.4876
v 1.2444 1.7165 -1.5044
v 1.2781 1.7955 -1.5211
v 1.3115 1.8746 -1.5380
v 1.3446 1.9538 -1.5548
v 1.3776 2.0331 -1.5717
v 0.4763 -0.1415 -1.0359
v 0.4975 -0.1149 -1.0416
v 0.5191 -0.0883 -1.0472
v 0.5301 -0.0576 -1.0538
v 0.5237 -0.0200 -1.0617
v 0.5053 0.0224 -1.0707
v 0.4846 0.0656 -1.0799
v 0.4652 0.1084 -1.0890
v 0.4450 0.1514 -1.0982
v 0.4218 0.1957 -1.1076
v 0.3953 0.2412 -1.1173
v 0.3667 0.2876 -1.1271
v 0.3380 0.3341 -1.1370
v 0.3116 0.3796 -1.1467
v 0.2903 0.4231 -1.1559
v 0.2764 0.4636 -1.1645
v 0.2722 0.5004 -1.1723
v 0.2789 0.5328 -1.1792
v 0.2971 0.5607 -1.1852
v 0.3262 0.5842 -1.1902
v 0.3650 0.6040 -1.1944
v 0.4316 0.6700 -1.2084
v 0.5032 0.7340 -1.2220
v 0.5771 0.7971 -1.2354
v 0.6510 0.8602 -1.2488
v 0.7226 0.9242 -1.2624
v 0.7905 0.9897 -1.2764
v 0.8538 1.0570 -1.2907
v 0.9119 1.1263 -1.3054
v 0.9651 1.1976 -1.3206
v 1.0136 1.2708 -1.3361
v 1.0582 1.3455 -1.3520
v 1.0995 1.4214 -1.3681
v 1.1382 1.4984 -1.3845
v 1.1750 1.5762 -1.4010
v 1.2104 1.6545 -1.4177
v 1.2449 1.7332 -1.4344
v 1.2787 1.8122 -1.4512
v 1.3121 1.8913 -1.4680
v 1.3452 1.9705 -1.4848
v 1.3807 2.0488 -1.5015
v 0.4806 -0.1262 -0.9656
v 0.5073 -0.1017 -0.9709
v 0.5352 -0.0776 -0.9760
v 0.5487 -0.0479 -0.9823
v 0.5381 -0.0087 -0.9906
v 0.5116 0.0369 -1.0003
v 0.4835 0.0831 -1.0101
v 0.4590 0.1279 -1.0197
v 0.4354 0.1723 -1.0291
v 0.4091 0.2178 -1.0388
v 0.3793 0.2646 -1.0487
v 0.3473 0.3123 -1.0589
v 0.3152 0.3601 -1.0690
v 0.2856 0.4068 -1.0790
v 0.2615 0.4515 -1.0884
v 0.2455 0.4928 -1.0972
v 0.2399 0.5301 -1.1052
v 0.2462 0.5627 -1.1121
v 0.2648 0.5905 -1.1180
v 0.2953 0.6135 -1.1229
v 0.3362 0.6324 -1.1269
v 0.4056 0.6973 -1.1407
v 0.4804 0.7600 -1.1540
v 0.5577 0.8218 -1.1671
v 0.6350 0.8836 -1.1803
v 0.7098 0.9463 -1.1936
v 0.7807 1.0106 -1.2073
v 0.8464 1.0769 -1.2214
v 0.9066 1.1454 -1.2359
v 0.9614 1.2161 -1.2510
v 1.0113 1.2887 -1.2664
v 1.0568 1.3630 -1.2822
v 1.0988 1.4387 -1.2983
v 1.1380 1.5155 -1.3146
v 1.1752 1.5932 -1.3311
v 1.2108 1.6714 -1.3477
v 1.2454 1.7500 -1.3645
v 1.2793 1.8289 -1.3812
v 1.3128 1.9080 -1.3980
v 1.3473 1.9867 -1.4148
v 1.3913 2.0616 -1.4307
v 0.4859 -0.1112 -0.8953
v 0.5193 -0.0893 -0.9000
v 0.5549 -0.0683 -0.9044
v 0.5715 -0.0398 -0.9105
v 0.5562 0.0014 -0.9192
v 0.5202 0.0507 -0.9297
v 0.4833 0.1003 -0.9403
v 0.4532 0.1473 -0.9503
v 0.4259 0.1932 -0.9600
v 0.3965 0.2399 -0.9699
v 0.3635 0.2880 -0.9802
v 0.3281 0.3370 -0.9906
v 0.2926 0.3861 -1.0010
v 0.2599 0.4341 -1.0112
v 0.2330 0.4798 -1.0210
v 0.2149 0.5221 -1.0299
v 0.2079 0.5599 -1.0380
v 0.2137 0.5927 -1.0449
v 0.2328 0.6202 -1.0508
v 0.2647 0.6427 -1.0556
v 0.3077 0.6608 -1.0594
v 0.3799 0.7246 -1.0730
v 0.4578 0.7861 -1.0860
v 0.5386 0.8465 -1.0989
v 0.6191 0.9070 -1.1117
v 0.6972 0.9684 -1.1248
v 0.7709 1.0316 -1.1382
v 0.8391 1.0970 -1.1521
v 0.9014 1.1646 -1.1665
v 0.9579 1.2346 -1.1814
v 1.0090 1.3067 -1.1967
v 1.0555 1.3807 -1.2124
v 1.0982 1.4561 -1.2285
v 1.1379 1.5327 -1.2447
v 1.1754 1.6102 -1.2612
v 1.2113 1.6884 -1.2778
v 1.2460 1.7669 -1.2945
v 1.2800 1.8458 -1.3113
v 1.3137 1.9248 -1.3281
v 1.3571 2.0000 -1.3441
v 1.4140 2.0698 -1.3589
v 0.4919 -0.0963 -0.8250
v 0.5328 -0.0774 -0.8290
v 0.5772 -0.0599 -0.8327
v 0.5975 -0.0328 -0.8385
v 0.5769 0.0104 -0.8477
v 0.5303 0.0639 -0.8590
v 0.4840 0.1173 -0.8704
v 0.4478 0.1666 -0.8809
v 0.4167 0.2140 -0.8909
v 0.3842 0.2620 -0.9011
v 0.3481 0.3113 -0.9116
v 0.3094 0.3617 -0.9223
v 0.2706 0.4121 -0.9330
v 0.2348 0.4613 -0.9435
v 0.2052 0.5081 -0.9534
v 0.1849 0.5512 -0.9626
v 0.1766 0.5895 -0.9708
v 0.1819 0.6225 -0.9778
v 0.2015 0.6498 -0.9836
v 0.2347 0.6718 -0.9882
v 0.2799 0.6890 -0.9919
v 0.3547 0.7518 -1.0052
v 0.4358 0.8120 -1.0180
v 0.5198 0.8711 -1.0306
v 0.6037 0.9303 -1.0432
v 0.6849 0.9905 -1.0560
v 0.7614 1.0526 -1.0692
v 0.8320 1.1170 -1.0829
v 0.8964 1.1839 -1.0971
v 0.9545 1.2532 -1.1118
v 1.0069 1.3248 -1.1270
v 1.0543 1.3984 -1.1427
v 1.0977 1.4736 -1.1587
v 1.1379 1.5500 -1.1749
v 1.1757 1.6274 -1.1913
v 1.2118 1.7054 -1.2079
v 1.2466 1.7839 -1.2246
v 1.2807 1.8628 -1.2414
v 1.3199 1.9396 -1.2577
v 1.3786 2.0087 -1.2724
v 1.4503 2.0727 -1.2860
v 0.4981 -0.0814 -0.7546
v 0.5467 -0.0655 -0.7580
v 0.6002 -0.0516 -0.7610
v 0.6243 -0.0260 -0.7664
v 0.5983 0.0193 -0.7760
v 0.5410 0.0770 -0.7883
v 0.4850 0.1342 -0.8005
v 0.4428 0.1860 -0.8115
v 0.4080 0.2348 -0.8218
v 0.3724 0.2840 -0.8323
v 0.3332 0.3345 -0.8430
v 0.2914 0.3861 -0.8540
v 0.2494 0.4378 -0.8650
v 0.2106 0.4882 -0.8757
v 0.1784 0.5360 -0.8859
v 0.1561 0.5799 -0.8952
v 0.1465 0.6188 -0.9035
v 0.1514 0.6519 -0.9105
v 0.1714 0.6791 -0.9163
v 0.2059 0.7005 -0.9208
v 0.2531 0.7170 -0.9243
v 0.3306 0.7787 -0.9374
v 0.4146 0.8377 -0.9500
v 0.5019 0.8956 -0.9623
v 0.5890 0.9534 -0.9746
v 0.6734 1.0124 -0.9871
v 0.7530 1.0733 -1.0001
v 0.8265 1.1365 -1.0135
v 0.8933 1.2025 -1.0275
v 0.9531 1.2711 -1.0421
v 1.0065 1.3423 -1.0572
v 1.0545 1.4157 -1.0728
v 1.0980 1.4908 -1.0888
v 1.1383 1.5672 -1.1050
v 1.1762 1.6445 -1.1215
v 1.2123 1.7225 -1.1381
v 1.2473 1.8010 -1.1547
v 1.2831 1.8792 -1.1714
v 1.3359 1.9506 -1.1865
v 1.4131 2.0124 -1.1997
v 1.4982 2.0711 -1.2122
v 0.5038 -0.0662 -0.6843
v 0.5596 -0.0532 -0.6871
v 0.6215 -0.0426 -0.6894
v 0.6490 -0.0184 -0.6945
v 0.6181 0.0289 -0.7046
v 0.5509 0.0906 -0.7177
v 0.4859 0.1513 -0.7306
v 0.4381 0.2053 -0.7420
v 0.3998 0.2555 -0.7527
v 0.3613 0.3058 -0.7634
v 0.3193 0.3575 -0.7744
v 0.2744 0.4103 -0.7856
v 0.2294 0.4632 -0.7969
v 0.1878 0.5147 -0.8078
v 0.1531 0.5635 -0.8182
v 0.1289 0.6081 -0.8277
v 0.1181 0.6475 -0.8360
v 0.1225 0.6808 -0.8431
v 0.1430 0.7078 -0.8489
v 0.1787 0.7287 -0.8533
v 0.2278 0.7444 -0.8566
v 0.3077 0.8051 -0.8695
v 0.3947 0.8631 -0.8819
v 0.4851 0.9197 -0.8939
v 0.5757 0.9762 -0.9059
v 0.6639 1.0336 -0.9181
v 0.7477 1.0928 -0.9307
v 0.8254 1.1544 -0.9438
v 0.8958 1.2189 -0.9575
v 0.9579 1.2867 -0.9719
v 1.0117 1.3577 -0.9870
v 1.0587 1.4314 -1.0027
v 1.1009 1.5071 -1.0187
v 1.1400 1.5839 -1.0351
v 1.1772 1.6615 -1.0516
v 1.2132 1.7397 -1.0682
v 1.2482 1.8181 -1.0849
v 1.2917 1.8932 -1.1008
v 1.3621 1.9577 -1.1145
v 1.4579 2.0122 -1.1261
v 1.5516 2.0674 -1.1379
v 0.5086 -0.0505 -0.6142
v 0.5700 -0.0397 -0.6164
v 0.6383 -0.0317 -0.6182
v 0.6685 -0.0085 -0.6231
v 0.6335 0.0404 -0.6335
v 0.5583 0.1052 -0.6473
v 0.4861 0.1688 -0.6608
v 0.4336 0.2246 -0.6726
v 0.3922 0.2761 -0.6836
v 0.3511 0.3274 -0.6945
v 0.3064 0.3801 -0.7057
v 0.2587 0.4341 -0.7172
v 0.2110 0.4880 -0.7286
v 0.1666 0.5406 -0.7398
v 0.1297 0.5903 -0.7504
v 0.1037 0.6356 -0.7600
v 0.0917 0.6754 -0.7685
v 0.0958 0.7089 -0.7756
v 0.1166 0.7358 -0.7813
v 0.1535 0.7563 -0.7856
v 0.2044 0.7712 -0.7888
v 0.2867 0.8310 -0.8015
v 0.3763 0.8879 -0.8136
v 0.4698 0.9433 -0.8254
v 0.5640 0.9984 -0.8371
v 0.6564 1.0542 -0.8490
v 0.7452 1.1114 -0.8611
v 0.8283 1.1708 -0.8738
v 0.9034 1.2335 -0.8871
v 0.9680 1.3002 -0.9013
v 1.0218 1.3713 -0.9164
v 1.0666 1.4459 -0.9322
v 1.1060 1.5226 -0.9485
v 1.1429 1.6004 -0.9651
v 1.1788 1.6785 -0.9817
v 1.2142 1.7568 -0.9983
v 1.2508 1.8346 -1.0149
v 1.3067 1.9049 -1.0298
v 1.3959 1.9619 -1.0419
v 1.5066 2.0105 -1.0522
v 1.6010 2.0655 -1.0639
v 0.5116 -0.0341 -0.5441
v 0.5763 -0.0246 -0.5462
v 0.6484 -0.0180 -0.5476
v 0.6800 0.0046 -0.5524
v 0.6424 0.0546 -0.5630
v 0.5621 0.1214 -0.5772
v 0.4851 0.1869 -0.5911
v 0.4292 0.2440 -0.6032
v 0.3854 0.2965 -0.6144
v 0.3420 0.3487 -0.6255
v 0.2948 0.4024 -0.6369
v 0.2447 0.4573 -0.6486
v 0.1943 0.5123 -0.6603
v 0.1476 0.5658 -0.6716
v 0.1086 0.6163 -0.6824
v 0.0810 0.6623 -0.6921
v 0.0680 0.7025 -0.7007
v 0.0717 0.7361 -0.7078
v 0.0929 0.7628 -0.7135
v 0.1308 0.7829 -0.7178
v 0.1833 0.7972 -0.7208
v 0.2677 0.8562 -0.7334
v 0.3599 0.9121 -0.7452
v 0.4563 0.9663 -0.7568
v 0.5539 1.0200 -0.7682
v 0.6507 1.0740 -0.7797
v 0.7452 1.1290 -0.7914
v 0.8346 1.1860 -0.8035
v 0.9151 1.2465 -0.8163
v 0.9826 1.3122 -0.8303
v 1.0357 1.3835 -0.8454
v 1.0774 1.4593 -0.8616
v 1.1129 1.5376 -0.8782
v 1.1467 1.6165 -0.8950
v 1.1808 1.6953 -0.9117
v 1.2147 1.7743 -0.9285
v 1.2557 1.8504 -0.9447
v 1.3261 1.9149 -0.9584
v 1.4318 1.9654 -0.9691
v 1.5501 2.0110 -0.9788
v 1.6349 2.0698 -0.9913
v 0.5127 -0.0167 -0.4743
v 0.5778 -0.0074 -0.4763
v 0.6503 -0.0009 -0.4777
v 0.6817 0.0217 -0.4825
v 0.6431 0.0720 -0.4932
v 0.5612 0.1395 -0.5075
v 0.4826 0.2056 -0.5216
v 0.4250 0.2635 -0.5339
v 0.3794 0.3166 -0.5452
v 0.3341 0.3696 -0.5564
v 0.2848 0.4241 -0.5680
v 0.2324 0.4799 -0.5799
v 0.1799 0.5357 -0.5917
v 0.1311 0.5901 -0.6033
v 0.0902 0.6414 -0.6142
v 0.0611 0.6879 -0.6241
v 0.0472 0.7285 -0.6327
v 0.0507 0.7622 -0.6399
v 0.0721 0.7888 -0.6455
v 0.1109 0.8085 -0.6497
v 0.1649 0.8223 -0.6526
v 0.2511 0.8805 -0.6650
v 0.3456 0.9355 -0.6767
v 0.4446 0.9887 -0.6880
v 0.5456 1.0411 -0.6991
v 0.6470 1.0933 -0.7102
v 0.7474 1.1459 -0.7214
v 0.8437 1.2002 -0.7330
v 0.9301 1.2583 -0.7453
v 1.0006 1.3228 -0.7590
v 1.0527 1.3945 -0.7743
v 1.0905 1.4719 -0.7907
v 1.1213 1.5520 -0.8078
v 1.1513 1.6325 -0.8249
v 1.1829 1.7123 -0.8418
v 1.2135 1.7925 -0.8589
v 1.2621 1.8656 -0.8744
v 1.3462 1.9247 -0.8870
v 1.4624 1.9711 -0.8968
v 1.5779 2.0177 -0.9067
v 1.6435 2.0841 -0.9209
v 0.5117 0.0016 -0.4047
v 0.5742 0.0119 -0.4069
v 0.6436 0.0196 -0.4085
v 0.6734 0.0429 -0.4135
v 0.6355 0.0929 -0.4241
v 0.5558 0.1595 -0.4383
v 0.4786 0.2251 -0.4522
v 0.4210 0.2829 -0.4645
v 0.3744 0.3364 -0.4759
v 0.3276 0.3900 -0.4872
v 0.2766 0.4453 -0.4990
v 0.2223 0.5018 -0.5110
v 0.1678 0.5584 -0.5230
v 0.1172 0.6135 -0.5347
v 0.0748 0.6653 -0.5458
v 0.0445 0.7123 -0.5558
v 0.0299 0.7532 -0.5644
v 0.0330 0.7870 -0.5716
v 0.0548 0.8135 -0.5773
v 0.0944 0.8330 -0.5814
v 0.1495 0.8462 -0.5842
v 0.2373 0.9038 -0.5965
v 0.3337 0.9581 -0.6080
v 0.4351 1.0103 -0.6191
v 0.5393 1.0614 -0.6300
v 0.6452 1.1119 -0.6407
v 0.7518 1.1621 -0.6514
v 0.8552 1.2135 -0.6623
v 0.9477 1.2693 -0.6741
v 1.0210 1.3326 -0.6876
v 1.0717 1.4049 -0.7030
v 1.1049 1.4841 -0.7198
v 1.1304 1.5663 -0.7373
v 1.1563 1.6484 -0.7547
v 1.1807 1.7310 -0.7723
v 1.2110 1.8114 -0.7894
v 1.2692 1.8807 -0.8041
v 1.3652 1.9351 -0.8156
v 1.4860 1.9796 -0.8251
v 1.5901 2.0308 -0.8360
v 1.6446 2.1016 -0.8510
v 0.5089 0.0206 -0.3352
v 0.5662 0.0331 -0.3379
v 0.6295 0.0431 -0.3400
v 0.6562 0.0677 -0.3452
v 0.6207 0.1168 -0.3556
v 0.5463 0.1813 -0.3694
v 0.4733 0.2452 -0.3829
v 0.4174 0.3024 -0.3951
v 0.3705 0.3560 -0.4065
v 0.3226 0.4100 -0.4180
v 0.2702 0.4658 -0.4298
v 0.2144 0.5229 -0.4420
v 0.1584 0.5801 -0.4541
v 0.1064 0.6357 -0.4660
v 0.0627 0.6881 -0.4771
v 0.0315 0.7355 -0.4872
v 0.0162 0.7766 -0.4959
v 0.0192 0.8105 -0.5031
v 0.0412 0.8369 -0.5087
v 0.0813 0.8561 -0.5128
v 0.1375 0.8690 -0.5155
v 0.2266 0.9261 -0.5277
v 0.3245 0.9797 -0.5391
v 0.4280 1.0311 -0.5500
v 0.5351 1.0811 -0.5606
v 0.6454 1.1298 -0.5710
v 0.7581 1.1776 -0.5811
v 0.8686 1.2262 -0.5915
v 0.9672 1.2796 -0.6028
v 1.0429 1.3419 -0.6161
v 1.0917 1.4150 -0.6316
v 1.1200 1.4961 -0.6488
v 1.1398 1.5806 -0.6668
v 1.1585 1.6655 -0.6848
v 1.1740 1.7517 -0.7032
v 1.2076 1.8307 -0.7200
v 1.2764 1.8958 -0.7338
v 1.3819 1.9465 -0.7446
v 1.5010 1.9917 -0.7542
v 1.5915 2.0483 -0.7662
v 1.6456 2.1192 -0.7813
v 0.5048 0.0403 -0.2659
v 0.5551 0.0556 -0.2691
v 0.6101 0.0689 -0.2720
v 0.6327 0.0950 -0.2775
v 0.6007 0.1428 -0.2877
v 0.5340 0.2042 -0.3007
v 0.4675 0.2656 -0.3138
v 0.4144 0.3216 -0.3257
v 0.3679 0.3751 -0.3370
v 0.3193 0.4294 -0.3486
v 0.2658 0.4856 -0.3605
v 0.2089 0.5431 -0.3728
v 0.1519 0.6008 -0.3850
v 0.0988 0.6568 -0.3969
v 0.0542 0.7095 -0.4081
v 0.0223 0.7572 -0.4183
v 0.0066 0.7985 -0.4270
v 0.0094 0.8325 -0.4343
v 0.0315 0.8588 -0.4399
v 0.0721 0.8778 -0.4439
v 0.1290 0.8904 -0.4466
v 0.2190 0.9472 -0.4586
v 0.3182 1.0003 -0.4699
v 0.4234 1.0510 -0.4807
v 0.5331 1.1000 -0.4911
v 0.6475 1.1471 -0.5011
v 0.7662 1.1925 -0.5108
v 0.8835 1.2384 -0.5205
v 0.9876 1.2896 -0.5314
v 1.0653 1.3512 -0.5445
v 1.1117 1.4252 -0.5602
v 1.1347 1.5084 -0.5779
v 1.1484 1.5953 -0.5964
v 1.1528 1.6858 -0.6156
v 1.1640 1.7737 -0.6343
v 1.2039 1.8503 -0.6506
v 1.2832 1.9113 -0.6636
v 1.3942 1.9597 -0.6738
v 1.5050 2.0082 -0.6842
v 1.5926 2.0659 -0.6964
v 1.6467 2.1368 -0.7115
v 0.5001 0.0604 -0.1966
v 0.5424 0.0788 -0.2005
v 0.5879 0.0959 -0.2042
v 0.6061 0.1238 -0.2101
v 0.5782 0.1698 -0.2199
v 0.5206 0.2277 -0.2322
v 0.4617 0.2861 -0.2446
v 0.4122 0.3407 -0.2562
v 0.3665 0.3938 -0.2675
v 0.3177 0.4482 -0.2791
v 0.2636 0.5046 -0.2911
v 0.2061 0.5625 -0.3034
v 0.1483 0.6204 -0.3157
v 0.0946 0.6767 -0.3276
v 0.0495 0.7296 -0.3389
v 0.0171 0.7775 -0.3490
v 0.0011 0.8189 -0.3578
v 0.0038 0.8529 -0.3651
v 0.0261 0.8792 -0.3707
v 0.0670 0.8981 -0.3747
v 0.1243 0.9105 -0.3773
v 0.2149 0.9670 -0.3893
v 0.3149 1.0198 -0.4006
v 0.4214 1.0700 -0.4112
v 0.5334 1.1181 -0.4214
v 0.6516 1.1636 -0.4311
v 0.7758 1.2069 -0.4403
v 0.8994 1.2503 -0.4496
v 1.0083 1.2996 -0.4600
v 1.0871 1.3608 -0.4730
v 1.1306 1.4359 -0.4890
v 1.1482 1.5212 -0.5071
v 1.1487 1.6134 -0.5267
v 1.1412 1.7087 -0.5470
v 1.1521 1.7966 -0.5657
v 1.2003 1.8699 -0.5812
v 1.2889 1.9272 -0.5934
v 1.4004 1.9754 -0.6037
v 1.5062 2.0260 -0.6144
v 1.5937 2.0837 -0.6267
v 1.6479 2.1546 -0.6418
v 0.4955 0.0806 -0.1274
v 0.5297 0.1021 -0.1320
v 0.5657 0.1230 -0.1364
v 0.5794 0.1526 -0.1427
v 0.5559 0.1970 -0.1521
v 0.5076 0.2511 -0.1637
v 0.4566 0.3064 -0.1754
v 0.4111 0.3594 -0.1867
v 0.3666 0.4121 -0.1979
v 0.3179 0.4664 -0.2094
v 0.2636 0.5230 -0.2214
v 0.2058 0.5809 -0.2337
v 0.1479 0.6389 -0.2461
v 0.0939 0.6953 -0.2581
v 0.0486 0.7483 -0.2693
v 0.0161 0.7962 -0.2795
v 0.0000 0.8376 -0.2883
v 0.0027 0.8716 -0.2955
v 0.0249 0.8979 -0.3011
v 0.0659 0.9168 -0.3051
v 0.1234 0.9292 -0.3078
v 0.2143 0.9855 -0.3198
v 0.3147 1.0382 -0.3309
v 0.4221 1.0880 -0.3415
v 0.5359 1.1354 -0.3516
v 0.6576 1.1796 -0.3610
v 0.7867 1.2209 -0.3698
v 0.9157 1.2622 -0.3786
v 1.0282 1.3100 -0.3887
v 1.1072 1.3711 -0.4017
v 1.1474 1.4476 -0.4180
v 1.1565 1.5363 -0.4368
v 1.1402 1.6350 -0.4578
v 1.1253 1.7332 -0.4787
v 1.1398 1.8198 -0.4971
v 1.1974 1.8893 -0.5119
v 1.2928 1.9440 -0.5235
v 1.4017 1.9932 -0.5340
v 1.5073 2.0438 -0.5447
v 1.5949 2.1015 -0.5570
v 1.6491 2.1724 -0.5720
v 0.4914 0.1006 -0.0581
v 0.5182 0.1251 -0.0633
v 0.5455 0.1493 -0.0685
v 0.5552 0.1806 -0.0751
v 0.5358 0.2233 -0.0842
v 0.4964 0.2740 -0.0950
v 0.4528 0.3263 -0.1061
v 0.4112 0.3778 -0.1171
v 0.3681 0.4299 -0.1281
v 0.3199 0.4841 -0.1397
v 0.2659 0.5405 -0.1516
v 0.2083 0.5983 -0.1639
v 0.1505 0.6562 -0.1762
v 0.0968 0.7125 -0.1882
v 0.0516 0.7655 -0.1995
v 0.0192 0.8134 -0.2096
v 0.0032 0.8548 -0.2184
v 0.0059 0.8888 -0.2257
v 0.0281 0.9151 -0.2313
v 0.0691 0.9340 -0.2353
v 0.1264 0.9464 -0.2379
v 0.2172 1.0028 -0.2499
v 0.3177 1.0554 -0.2611
v 0.4255 1.1051 -0.2717
v 0.5408 1.1519 -0.2816
v 0.6652 1.1950 -0.2908
v 0.7984 1.2347 -0.2992
v 0.9316 1.2743 -0.3076
v 1.0465 1.3212 -0.3176
v 1.1247 1.3826 -0.3306
v 1.1607 1.4607 -0.3472
v 1.1542 1.5556 -0.3674
v 1.1249 1.6595 -0.3895
v 1.1072 1.7588 -0.4106
v 1.1283 1.8428 -0.4285
v 1.1957 1.9084 -0.4424
v 1.2946 1.9617 -0.4537
v 1.4029 2.0112 -0.4642
v 1.5086 2.0617 -0.4750
v 1.5961 2.1194 -0.4873
v 1.6503 2.1903 -0.5023
v 0.4882 0.1204 0.0112
v 0.5088 0.1473 0.0054
v 0.5288 0.1745 -0.0003
v 0.5351 0.2071 -0.0073
v 0.5194 0.2483 -0.0160
v 0.4876 0.2960 -0.0262
v 0.4507 0.3456 -0.0367
v 0.4127 0.3958 -0.0474
v 0.3711 0.4472 -0.0583
v 0.3236 0.5011 -0.0698
v 0.2703 0.5573 -0.0817
v 0.2134 0.6148 -0.0939
v 0.1562 0.6725 -0.1062
v 0.1031 0.7286 -0.1181
v 0.0584 0.7813 -0.1293
v 0.0265 0.8290 -0.1395
v 0.0108 0.8703 -0.1482
v 0.0135 0.9043 -0.1554
v 0.0357 0.9306 -0.1610
v 0.0763 0.9496 -0.1651
v 0.1333 0.9622 -0.1678
v 0.2236 1.0188 -0.1798
v 0.3237 1.0715 -0.1910
v 0.4316 1.1212 -0.2016
v 0.5477 1.1676 -0.2114
v 0.6742 1.2099 -0.2204
v 0.8105 1.2484 -0.2286
v 0.9463 1.2870 -0.2368
v 1.0620 1.3336 -0.2467
v 1.1383 1.3958 -0.2599
v 1.1642 1.4778 -0.2774
v 1.1429 1.5786 -0.2988
v 1.1050 1.6859 -0.3216
v 1.0889 1.7846 -0.3426
v 1.1192 1.8649 -0.3596
v 1.1956 1.9270 -0.3728
v 1.2959 1.9797 -0.3840
v 1.4042 2.0292 -0.3946
v 1.5099 2.0797 -0.4053
v 1.5974 2.1374 -0.4176
v 1.6516 2.2083 -0.4326
v 0.4861 0.1398 0.0806
v 0.5019 0.1687 0.0744
v 0.5162 0.1981 0.0682
v 0.5200 0.2317 0.0610
v 0.5073 0.2717 0.0525
v 0.4818 0.3169 0.0429
v 0.4503 0.3644 0.0328
v 0.4155 0.4133 0.0224
v 0.3756 0.4641 0.0116
v 0.3292 0.5175 0.0003
v 0.2769 0.5733 -0.0116
v 0.2210 0.6304 -0.0237
v 0.1650 0.6877 -0.0359
v 0.1128 0.7433 -0.0477
v 0.0691 0.7957 -0.0589
v 0.0378 0.8432 -0.0689
v 0.0225 0.8843 -0.0777
v 0.0254 0.9182 -0.0849
v 0.0474 0.9446 -0.0905
v 0.0876 0.9638 -0.0946
v 0.1439 0.9766 -0.0973
v 0.2335 1.0335 -0.1094
v 0.3328 1.0866 -0.1207
v 0.4402 1.1365 -0.1313
v 0.5566 1.1828 -0.1411
v 0.6843 1.2246 -0.1500
v 0.8221 1.2625 -0.1581
v 0.9589 1.3007 -0.1662
v 1.0737 1.3477 -0.1762
v 1.1450 1.4118 -0.1898
v 1.1575 1.4991 -0.2084
v 1.1243 1.6046 -0.2308
v 1.0826 1.7133 -0.2539
v 1.0724 1.8097 -0.2744
v 1.1139 1.8856 -0.2905
v 1.1968 1.9452 -0.3032
v 1.2972 1.9978 -0.3144
v 1.4055 2.0473 -0.3249
v 1.5112 2.0978 -0.3356
v 1.5987 2.1556 -0.3479
v 1.6529 2.2265 -0.3630
v 0.4850 0.1590 0.1500
v 0.4973 0.1892 0.1436
v 0.5076 0.2202 0.1370
v 0.5096 0.2545 0.1297
v 0.4994 0.2936 0.1214
v 0.4787 0.3369 0.1122
v 0.4517 0.3826 0.1025
v 0.4196 0.4304 0.0923
v 0.3814 0.4806 0.0816
v 0.3364 0.5334 0.0704
v 0.2855 0.5886 0.0587
v 0.2311 0.6452 0.0467
v 0.1766 0.7018 0.0346
v 0.1258 0.7569 0.0229
v 0.0833 0.8088 0.0119
v 0.0530 0.8559 0.0019
v 0.0382 0.8968 -0.0068
v 0.0414 0.9306 -0.0140
v 0.0632 0.9571 -0.0196
v 0.1028 0.9765 -0.0238
v 0.1582 0.9897 -0.0266
v 0.2465 1.0471 -0.0388
v 0.3447 1.1006 -0.0502
v 0.4511 1.1509 -0.0608
v 0.5671 1.1973 -0.0707
v 0.6949 1.2391 -0.0796
v 0.8328 1.2770 -0.0876
v 0.9686 1.3156 -0.0958
v 1.0804 1.3637 -0.1061
v 1.1418 1.4318 -0.1205
v 1.1420 1.5240 -0.1401
v 1.1008 1.6326 -0.1632
v 1.0602 1.7409 -0.1863
v 1.0600 1.8333 -0.2059
v 1.1134 1.9045 -0.2210
v 1.1979 1.9634 -0.2335
v 1.2985 2.0160 -0.2447
v 1.4069 2.0655 -0.2552
v 1.5125 2.1160 -0.2660
v 1.6001 2.1737 -0.2783
v 1.6542 2.2447 -0.2933
v 0.4849 0.1779 0.2195
v 0.4948 0.2090 0.2129
v 0.5024 0.2411 0.2061
v 0.5035 0.2758 0.1987
v 0.4951 0.3141 0.1905
v 0.4781 0.3559 0.1817
v 0.4545 0.4003 0.1722
v 0.4249 0.4471 0.1623
v 0.3885 0.4966 0.1518
v 0.3452 0.5488 0.1407
v 0.2961 0.6033 0.1291
v 0.2435 0.6591 0.1172
v 0.1908 0.7150 0.1053
v 0.1419 0.7694 0.0938
v 0.1008 0.8207 0.0829
v 0.0717 0.8673 0.0730
v 0.0577 0.9079 0.0643
v 0.0611 0.9417 0.0572
v 0.0827 0.9682 0.0515
v 0.1215 0.9879 0.0473
v 0.1757 1.0016 0.0444
v 0.2627 1.0596 0.0321
v 0.3593 1.1137 0.0206
v 0.4645 1.1644 0.0098
v 0.5797 1.2112 -0.0001
v 0.7072 1.2531 -0.0091
v 0.8445 1.2912 -0.0171
v 0.9785 1.3305 -0.0255
v 1.0842 1.3811 -0.0362
v 1.1343 1.4536 -0.0517
v 1.1234 1.5502 -0.0722
v 1.0773 1.6607 -0.0957
v 1.0419 1.7670 -0.1183
v 1.0547 1.8543 -0.1368
v 1.1141 1.9231 -0.1515
v 1.1991 1.9818 -0.1639
v 1.2999 2.0343 -0.1751
v 1.4083 2.0838 -0.1856
v 1.5140 2.1343 -0.1964
v 1.6015 2.1920 -0.2086
v 1.6556 2.2629 -0.2237
v 0.4855 0.1966 0.2890
v 0.4940 0.2283 0.2823
v 0.4999 0.2610 0.2753
v 0.5006 0.2959 0.2679
v 0.4938 0.3336 0.2599
v 0.4796 0.3743 0.2513
v 0.4587 0.4176 0.2421
v 0.4312 0.4636 0.2323
v 0.3968 0.5123 0.2219
v 0.3554 0.5637 0.2110
v 0.3084 0.6173 0.1996
v 0.2581 0.6723 0.1879
v 0.2075 0.7274 0.1762
v 0.1607 0.7810 0.1648
v 0.1214 0.8315 0.1541
v 0.0937 0.8776 0.1443
v 0.0807 0.9178 0.1357
v 0.0844 0.9514 0.1286
v 0.1056 0.9781 0.1229
v 0.1436 0.9982 0.1187
v 0.1964 1.0124 0.1156
v 0.2816 1.0710 0.1032
v 0.3764 1.1259 0.0915
v 0.4800 1.1772 0.0806
v 0.5943 1.2244 0.0706
v 0.7212 1.2665 0.0616
v 0.8578 1.3049 0.0535
v 0.9888 1.3454 0.0449
v 1.0862 1.3992 0.0334
v 1.1250 1.4762 0.0170
v 1.1046 1.5766 -0.0043
v 1.0570 1.6877 -0.0279
v 1.0306 1.7904 -0.0497
v 1.0544 1.8733 -0.0674
v 1.1149 1.9417 -0.0819
v 1.2004 2.0002 -0.0943
v 1.3013 2.0527 -0.1055
v 1.4098 2.1021 -0.1160
v 1.5154 2.1527 -0.1267
v 1.6029 2.2104 -0.1390
v 1.6571 2.2813 -0.1541
v 0.4866 0.2152 0.3586
v 0.4944 0.2472 0.3518
v 0.4995 0.2803 0.3448
v 0.5001 0.3151 0.3374
v 0.4946 0.3523 0.3294
v 0.4825 0.3922 0.3210
v 0.4639 0.4346 0.3120
v 0.4385 0.4797 0.3024
v 0.4061 0.5277 0.2922
v 0.3669 0.5782 0.2814
v 0.3223 0.6309 0.2702
v 0.2744 0.6849 0.2588
v 0.2264 0.7389 0.2473
v 0.1819 0.7916 0.2361
v 0.1448 0.8414 0.2255
v 0.1186 0.8868 0.2159
v 0.1066 0.9266 0.2074
v 0.1107 0.9601 0.2003
v 0.1315 0.9869 0.1946
v 0.1685 1.0074 0.1902
v 0.2197 1.0222 0.1871
v 0.3030 1.0816 0.1744
v 0.3957 1.1373 0.1626
v 0.4976 1.1893 0.1515
v 0.6107 1.2369 0.1414
v 0.7370 1.2793 0.1324
v 0.8723 1.3182 0.1242
v 0.9987 1.3605 0.1151
v 1.0870 1.4179 0.1029
v 1.1149 1.4993 0.0857
v 1.0873 1.6025 0.0637
v 1.0421 1.7126 0.0403
v 1.0276 1.8107 0.0195
v 1.0543 1.8924 0.0021
v 1.1158 1.9604 -0.0124
v 1.2018 2.0188 -0.0248
v 1.3028 2.0711 -0.0359
v 1.4113 2.1206 -0.0464
v 1.5169 2.1711 -0.0571
v 1.6044 2.2289 -0.0694
v 1.6585 2.2998 -0.0845
v 0.4882 0.2337 0.4282
v 0.4956 0.2659 0.4213
v 0.5004 0.2990 0.4143
v 0.5013 0.3338 0.4069
v 0.4969 0.3706 0.3991
v 0.4866 0.4098 0.3908
v 0.4699 0.4514 0.3819
v 0.4465 0.4957 0.3725
v 0.4162 0.5428 0.3625
v 0.3795 0.5924 0.3519
v 0.3375 0.6441 0.3410
v 0.2924 0.6970 0.3297
v 0.2472 0.7499 0.3185
v 0.2053 0.8015 0.3075
v 0.1704 0.8504 0.2971
v 0.1461 0.8951 0.2876
v 0.1352 0.9345 0.2792
v 0.1396 0.9678 0.2721
v 0.1601 0.9948 0.2664
v 0.1959 1.0157 0.2620
v 0.2454 1.0312 0.2587
v 0.3265 1.0915 0.2459
v 0.4170 1.1480 0.2338
v 0.5170 1.2008 0.2226
v 0.6288 1.2489 0.2124
v 0.7543 1.2917 0.2033
v 0.8875 1.3313 0.1949
v 1.0082 1.3759 0.1854
v 1.0872 1.4370 0.1724
v 1.1052 1.5222 0.1543
v 1.0734 1.6271 0.1320
v 1.0348 1.7347 0.1091
v 1.0263 1.8303 0.0888
v 1.0544 1.9116 0.0715
v 1.1168 1.9792 0.0572
v 1.2032 2.0374 0.0448
v 1.3044 2.0897 0.0337
v 1.4129 2.1391 0.0232
v 1.5185 2.1897 0.0124
v 1.6059 2.2474 0.0002
v 1.6600 2.3184 -0.0149
v 0.4900 0.2523 0.4977
v 0.4974 0.2844 0.4909
v 0.5023 0.3176 0.4839
v 0.5036 0.3521 0.4765
v 0.5002 0.3885 0.4688
v 0.4914 0.4271 0.4606
v 0.4765 0.4681 0.4519
v 0.4552 0.5116 0.4426
v 0.4271 0.5577 0.4328
v 0.3929 0.6063 0.4225
v 0.3538 0.6569 0.4117
v 0.3117 0.7086 0.4008
v 0.2695 0.7604 0.3898
v 0.2304 0.8109 0.3790
v 0.1980 0.8588 0.3688
v 0.1756 0.9027 0.3595
v 0.1659 0.9416 0.3512
v 0.1707 0.9748 0.3442
v 0.1908 1.0019 0.3384
v 0.2255 1.0233 0.3339
v 0.2731 1.0396 0.3304
v 0.3518 1.1007 0.3174
v 0.4400 1.1582 0.3052
v 0.5380 1.2118 0.2938
v 0.6484 1.2605 0.2835
v 0.7727 1.3036 0.2743
v 0.9031 1.3444 0.2656
v 1.0177 1.3914 0.2556
v 1.0875 1.4562 0.2419
v 1.0971 1.5447 0.2230
v 1.0646 1.6498 0.2007
v 1.0326 1.7548 0.1784
v 1.0251 1.8501 0.1581
v 1.0546 1.9307 0.1410
v 1.1179 1.9980 0.1267
v 1.2047 2.0560 0.1144
v 1.3060 2.1083 0.1032
v 1.4145 2.1577 0.0927
v 1.5200 2.2083 0.0820
v 1.6075 2.2661 0.0697
v 1.6616 2.3370 0.0546
v 0.4919 0.2709 0.5673
v 0.4995 0.3030 0.5605
v 0.5047 0.3360 0.5535
v 0.5065 0.3703 0.5462
v 0.5042 0.4064 0.5385
v 0.4968 0.4444 0.5304
v 0.4836 0.4846 0.5219
v 0.4643 0.5274 0.5128
v 0.4386 0.5726 0.5032
v 0.4071 0.6201 0.4931
v 0.3710 0.6695 0.4826
v 0.3321 0.7199 0.4719
v 0.2930 0.7704 0.4611
v 0.2569 0.8198 0.4506
v 0.2271 0.8666 0.4407
v 0.2067 0.9098 0.4315
v 0.1983 0.9482 0.4234
v 0.2036 0.9812 0.4163
v 0.2232 1.0085 0.4105
v 0.2566 1.0304 0.4059
v 0.3022 1.0474 0.4023
v 0.3786 1.1095 0.3891
v 0.4643 1.1680 0.3766
v 0.5602 1.2224 0.3651
v 0.6693 1.2716 0.3546
v 0.7921 1.3154 0.3453
v 0.9192 1.3574 0.3364
v 1.0273 1.4070 0.3258
v 1.0883 1.4752 0.3113
v 1.0919 1.5661 0.2920
v 1.0619 1.6703 0.2699
v 1.0305 1.7750 0.2476
v 1.0241 1.8699 0.2274
v 1.0549 1.9500 0.2104
v 1.1191 2.0169 0.1962
v 1.2063 2.0748 0.1839
v 1.3077 2.1270 0.1728
v 1.4161 2.1765 0.1623
v 1.5217 2.2271 0.1515
v 1.6091 2.2848 0.1392
v 1.6632 2.3558 0.1242
v 0.4940 0.2895 0.6369
v 0.5018 0.3215 0.6301
v 0.5074 0.3544 0.6231
v 0.5099 0.3885 0.6158
v 0.5085 0.4241 0.6083
v 0.5025 0.4616 0.6003
v 0.4910 0.5012 0.5919
v 0.4738 0.5431 0.5830
v 0.4505 0.5873 0.5736
v 0.4219 0.6338 0.5637
v 0.3888 0.6819 0.5535
v 0.3532 0.7311 0.5430
v 0.3174 0.7803 0.5326
v 0.2844 0.8284 0.5223
v 0.2573 0.8742 0.5126
v 0.2390 0.9165 0.5036
v 0.2319 0.9544 0.4956
v 0.2377 0.9872 0.4886
v 0.2569 1.0147 0.4827
v 0.2889 1.0371 0.4780
v 0.3325 1.0549 0.4742
v 0.4064 1.1180 0.4608
v 0.4895 1.1775 0.4481
v 0.5834 1.2327 0.4364
v 0.6910 1.2825 0.4258
v 0.8122 1.3269 0.4164
v 0.9357 1.3704 0.4071
v 1.0372 1.4226 0.3960
v 1.0903 1.4939 0.3809
v 1.0906 1.5861 0.3613
v 1.0601 1.6905 0.3391
v 1.0284 1.7953 0.3168
v 1.0232 1.8897 0.2967
v 1.0555 1.9692 0.2798
v 1.1205 2.0359 0.2657
v 1.2080 2.0936 0.2534
v 1.3094 2.1458 0.2423
v 1.4179 2.1953 0.2318
v 1.5233 2.2459 0.2210
v 1.6107 2.3037 0.2088
v 1.6648 2.3746 0.1937
v 0.4962 0.3083 0.7064
v 0.5043 0.3401 0.6996
v 0.5103 0.3729 0.6927
v 0.5135 0.4067 0.6855
v 0.5131 0.4419 0.6780
v 0.5084 0.4789 0.6701
v 0.4986 0.5178 0.6619
v 0.4834 0.5589 0.6531
v 0.4627 0.6021 0.6439
v 0.4369 0.6474 0.6343
v 0.4070 0.6943 0.6243
v 0.3748 0.7421 0.6142
v 0.3424 0.7900 0.6040
v 0.3126 0.8369 0.5940
v 0.2882 0.8816 0.5845
v 0.2720 0.9230 0.5757
v 0.2663 0.9604 0.5678
v 0.2726 0.9930 0.5609
v 0.2913 1.0207 0.5550
v 0.3220 1.0436 0.5501
v 0.3635 1.0623 0.5461
v 0.4349 1.1264 0.5325
v 0.5155 1.1868 0.5197
v 0.6074 1.2428 0.5078
v 0.7135 1.2932 0.4971
v 0.8329 1.3383 0.4875
v 0.9526 1.3833 0.4779
v 1.0475 1.4381 0.4662
v 1.0942 1.5120 0.4505
v 1.0916 1.6053 0.4307
v 1.0582 1.7108 0.4083
v 1.0264 1.8157 0.3860
v 1.0226 1.9095 0.3660
v 1.0562 1.9886 0.3492
v 1.1220 2.0549 0.3352
v 1.2098 2.1125 0.3229
v 1.3112 2.1647 0.3118
v 1.4196 2.2142 0.3013
v 1.5250 2.2648 0.2905
v 1.6124 2.3226 0.2782
v 1.6665 2.3935 0.2632
v 0.4984 0.3271 0.7759
v 0.5068 0.3588 0.7692
v 0.5133 0.3914 0.7623
v 0.5172 0.4249 0.7551
v 0.5178 0.4597 0.7477
v 0.5144 0.4962 0.7400
v 0.5063 0.5344 0.7318
v 0.4932 0.5747 0.7233
v 0.4750 0.6169 0.7143
v 0.4521 0.6611 0.7049
v 0.4254 0.7067 0.6952
v 0.3965 0.7532 0.6853
v 0.3676 0.7997 0.6755
v 0.3409 0.8453 0.6658
v 0.3194 0.8889 0.6565
v 0.3054 0.9295 0.6479
v 0.3010 0.9663 0.6400
v 0.3077 0.9988 0.6331
v 0.3260 1.0266 0.6272
v 0.3553 1.0501 0.6222
v 0.3948 1.0696 0.6181
v 0.4637 1.1347 0.6043
v 0.5419 1.1961 0.5912
v 0.6318 1.2528 0.5791
v 0.7366 1.3038 0.5683
v 0.8540 1.3497 0.5586
v 0.9698 1.3962 0.5487
v 1.0586 1.4534 0.5365
v 1.1000 1.5294 0.5204
v 1.0922 1.6248 0.5001
v 1.0561 1.7313 0.4774
v 1.0245 1.8362 0.4552
v 1.0221 1.9294 0.4353
v 1.0570 2.0079 0.4186
v 1.1235 2.0739 0.4046
v 1.2116 2.1314 0.3924
v 1.3131 2.1836 0.3813
v 1.4214 2.2331 0.3708
v 1.5268 2.2838 0.3600
v 1.6141 2.3416 0.3477
v 1.6682 2.4125 0.3326
v 0.5007 0.3460 0.8454
v 0.5094 0.3776 0.8387
v 0.5164 0.4099 0.8318
v 0.5210 0.4432 0.8248
v 0.5225 0.4777 0.8174
v 0.5204 0.5136 0.8098
v 0.5140 0.5512 0.8018
v 0.5030 0.5906 0.7934
v 0.4873 0.6319 0.7846
v 0.4673 0.6749 0.7755
v 0.4438 0.7192 0.7661
v 0.4183 0.7644 0.7565
v 0.3927 0.8096 0.7469
v 0.3692 0.8539 0.7374
v 0.3504 0.8965 0.7284
v 0.3386 0.9362 0.7200
v 0.3356 0.9725 0.7123
v 0.3428 1.0047 0.7054
v 0.3606 1.0328 0.6994
v 0.3886 1.0568 0.6943
v 0.4260 1.0771 0.6900
v 0.4924 1.1431 0.6760
v 0.5683 1.2054 0.6627
v 0.6565 1.2629 0.6505
v 0.7600 1.3143 0.6396
v 0.8755 1.3610 0.6297
v 0.9873 1.4091 0.6194
v 1.0704 1.4685 0.6068
v 1.1056 1.5470 0.5901
v 1.0923 1.6445 0.5694
v 1.0539 1.7520 0.5466
v 1.0227 1.8567 0.5243
v 1.0219 1.9493 0.5046
v 1.0581 2.0273 0.4880
v 1.1252 2.0931 0.4741
v 1.2135 2.1505 0.4619
v 1.3149 2.2027 0.4508
v 1.4232 2.2522 0.4402
v 1.5286 2.3029 0.4295
v 1.6159 2.3607 0.4172
v 1.6699 2.4317 0.4021
v 0.5030 0.3650 0.9149
v 0.5121 0.3965 0.9082
v 0.5195 0.4286 0.9014
v 0.5248 0.4616 0.8944
v 0.5273 0.4957 0.8871
v 0.5264 0.5311 0.8796
v 0.5217 0.5681 0.8717
v 0.5127 0.6067 0.8635
v 0.4995 0.6470 0.8550
v 0.4823 0.6889 0.8461
v 0.4619 0.7320 0.8369
v 0.4397 0.7758 0.8276
v 0.4174 0.8197 0.8182
v 0.3971 0.8628 0.8091
v 0.3811 0.9043 0.8003
v 0.3713 0.9432 0.7920
v 0.3697 0.9789 0.7844
v 0.3773 1.0110 0.7776
v 0.3947 1.0392 0.7716
v 0.4214 1.0637 0.7664
v 0.4568 1.0848 0.7619
v 0.5209 1.1518 0.7477
v 0.5947 1.2149 0.7342
v 0.6813 1.2730 0.7219
v 0.7835 1.3249 0.7109
v 0.8971 1.3723 0.7008
v 1.0049 1.4220 0.6902
v 1.0824 1.4837 0.6771
v 1.1105 1.5649 0.6598
v 1.0919 1.6646 0.6387
v 1.0516 1.7728 0.6156
v 1.0211 1.8772 0.5935
v 1.0218 1.9692 0.5739
v 1.0593 2.0467 0.5574
v 1.1270 2.1123 0.5435
v 1.2154 2.1696 0.5313
v 1.3169 2.2218 0.5202
v 1.4251 2.2714 0.5097
v 1.5304 2.3221 0.4989
v 1.6177 2.3799 0.4866
v 1.6717 2.4509 0.4715
v 0.5053 0.3841 0.9844
v 0.5147 0.4154 0.9777
v 0.5226 0.4474 0.9709
v 0.5285 0.4801 0.9639
v 0.5320 0.5138 0.9568
v 0.5324 0.5488 0.9493
v 0.5292 0.5851 0.9416
v 0.5223 0.6229 0.9336
v 0.5114 0.6623 0.9252
v 0.4970 0.7031 0.9165
v 0.4797 0.7450 0.9076
v 0.4607 0.7876 0.8986
v 0.4416 0.8302 0.8895
v 0.4244 0.8721 0.8806
v 0.4109 0.9125 0.8720
v 0.4033 0.9506 0.8639
v 0.4030 0.9858 0.8565
v 0.4110 1.0176 0.8497
v 0.4279 1.0461 0.8436
v 0.4534 1.0711 0.8383
v 0.4869 1.0929 0.8337
v 0.5488 1.1607 0.8193
v 0.6206 1.2247 0.8057
v 0.7059 1.2833 0.7932
v 0.8071 1.3356 0.7821
v 0.9187 1.3838 0.7719
v 1.0227 1.4350 0.7610
v 1.0936 1.4993 0.7473
v 1.1145 1.5833 0.7294
v 1.0910 1.6849 0.7078
v 1.0492 1.7938 0.6847
v 1.0197 1.8978 0.6626
v 1.0220 1.9891 0.6432
v 1.0606 2.0662 0.6268
v 1.1289 2.1315 0.6129
v 1.2174 2.1889 0.6007
v 1.3188 2.2411 0.5896
v 1.4270 2.2906 0.5791
v 1.5323 2.3414 0.5683
v 1.6195 2.3992 0.5560
v 1.6735 2.4702 0.5409
v 0.5077 0.4033 1.0538
v 0.5174 0.4345 1.0471
v 0.5257 0.4663 1.0404
v 0.5323 0.4988 1.0335
v 0.5366 0.5321 1.0264
v 0.5382 0.5666 1.0191
v 0.5366 0.6023 1.0115
v 0.5316 0.6394 1.0036
v 0.5230 0.6778 0.9954
v 0.5112 0.7176 0.9870
v 0.4968 0.7583 0.9783
v 0.4810 0.7997 0.9695
v 0.4650 0.8411 0.9607
v 0.4507 0.8818 0.9521
v 0.4398 0.9212 0.9437
v 0.4341 0.9585 0.9358
v 0.4351 0.9932 0.9284
v 0.4436 1.0249 0.9217
v 0.4601 1.0535 0.9156
v 0.4843 1.0790 0.9102
v 0.5160 1.1015 0.9054
v 0.5760 1.1701 0.8908
v 0.6460 1.2347 0.8771
v 0.7302 1.2938 0.8645
v 0.8305 1.3465 0.8533
v 0.9402 1.3954 0.8429
v 1.0398 1.4484 0.8316
v 1.1039 1.5154 0.8174
v 1.1177 1.6022 0.7990
v 1.0897 1.7056 0.7770
v 1.0469 1.8148 0.7538
v 1.0184 1.9184 0.7317
v 1.0224 2.0091 0.7125
v 1.0621 2.0857 0.6962
v 1.1308 2.1509 0.6823
v 1.2194 2.2082 0.6701
v 1.3208 2.2604 0.6590
v 1.4289 2.3100 0.6485
v 1.5342 2.3607 0.6377
v 1.6214 2.4186 0.6254
v 1.6754 2.4895 0.6103
v 0.5101 0.4228 1.1232
v 0.5201 0.4539 1.1165
v 0.5289 0.4855 1.1098
v 0.5360 0.5177 1.1030
v 0.5412 0.5507 1.0960
v 0.5439 0.5847 1.0887
v 0.5438 0.6198 1.0813
v 0.5406 0.6562 1.0735
v 0.5342 0.6938 1.0656
v 0.5249 0.7325 1.0573
v 0.5134 0.7721 1.0489
v 0.5004 0.8123 1.0404
v 0.4874 0.8525 1.0318
v 0.4759 0.8921 1.0234
v 0.4675 0.9305 1.0152
v 0.4637 0.9671 1.0075
v 0.4658 1.0013 1.0002
v 0.4748 1.0328 0.9935
v 0.4908 1.0616 0.9874
v 0.5139 1.0875 0.9819
v 0.5440 1.1107 0.9769
v 0.6021 1.1800 0.9622
v 0.6707 1.2452 0.9484
v 0.7541 1.3045 0.9357
v 0.8536 1.3574 0.9245
v 0.9613 1.4072 0.9139
v 1.0560 1.4620 0.9023
v 1.1129 1.5318 0.8874
v 1.1199 1.6213 0.8684
v 1.0878 1.7263 0.8461
v 1.0443 1.8357 0.8228
v 1.0172 1.9387 0.8009
v 1.0229 2.0287 0.7818
v 1.0637 2.1049 0.7656
v 1.1328 2.1699 0.7518
v 1.2215 2.2271 0.7396
v 1.3228 2.2794 0.7285
v 1.4308 2.3290 0.7180
v 1.5359 2.3797 0.7072
v 1.6231 2.4375 0.6949
v 1.6770 2.5085 0.6798
v 0.5127 0.4427 1.1924
v 0.5230 0.4737 1.1858
v 0.5321 0.5051 1.1792
v 0.5399 0.5371 1.1724
v 0.5458 0.5698 1.1654
v 0.5496 0.6033 1.1583
v 0.5509 0.6379 1.1510
v 0.5493 0.6735 1.1434
v 0.5450 0.7102 1.1356
v 0.5381 0.7480 1.1276
v 0.5292 0.7865 1.1194
v 0.5191 0.8256 1.1111
v 0.5088 0.8647 1.1028
v 0.4999 0.9032 1.0946
v 0.4938 0.9407 1.0866
v 0.4918 0.9765 1.0790
v 0.4950 1.0102 1.0718
v 0.5043 1.0416 1.0651
v 0.5200 1.0704 1.0590
v 0.5420 1.0968 1.0534
v 0.5705 1.1205 1.0484
v 0.6271 1.1904 1.0335
v 0.6945 1.2559 1.0196
v 0.7773 1.3154 1.0070
v 0.8762 1.3685 0.9957
v 0.9815 1.4191 0.9849
v 1.0710 1.4759 0.9728
v 1.1206 1.5485 0.9574
v 1.1208 1.6406 0.9378
v 1.0852 1.7468 0.9152
v 1.0414 1.8563 0.8920
v 1.0160 1.9586 0.8702
v 1.0234 2.0478 0.8513
v 1.0652 2.1235 0.8352
v 1.1347 2.1882 0.8214
v 1.2234 2.2453 0.8093
v 1.3246 2.2975 0.7982
v 1.4325 2.3471 0.7876
v 1.5374 2.3978 0.7769
v 1.6245 2.4556 0.7646
v 1.6783 2.5265 0.7495
v 0.5155 0.4632 1.2616
v 0.5260 0.4940 1.2550
v 0.5355 0.5252 1.2484
v 0.5438 0.5570 1.2417
v 0.5505 0.5893 1.2348
v 0.5552 0.6224 1.2278
v 0.5577 0.6564 1.2205
v 0.5578 0.6913 1.2131
v 0.5554 0.7272 1.2055
v 0.5507 0.7641 1.1977
v 0.5443 0.8016 1.1897
v 0.5367 0.8396 1.1816
v 0.5291 0.8775 1.1735
v 0.5226 0.9151 1.1656
v 0.5186 0.9516 1.1578
v 0.5182 0.9868 1.1503
v 0.5226 1.0200 1.1432
v 0.5322 1.0512 1.1366
v 0.5475 1.0801 1.1305
v 0.5685 1.1068 1.1248
v 0.5957 1.1310 1.1197
v 0.6508 1.2013 1.1047
v 0.7174 1.2670 1.0907
v 0.7999 1.3265 1.0781
v 0.8981 1.3797 1.0668
v 1.0008 1.4311 1.0559
v 1.0846 1.4900 1.0433
v 1.1268 1.5654 1.0273
v 1.1206 1.6599 1.0072
v 1.0818 1.7673 0.9844
v 1.0382 1.8766 0.9612
v 1.0146 1.9779 0.9396
v 1.0238 2.0663 0.9208
v 1.0667 2.1414 0.9049
v 1.1366 2.2058 0.8912
v 1.2253 2.2628 0.8791
v 1.3263 2.3149 0.8680
v 1.4340 2.3644 0.8575
v 1.5387 2.4151 0.8467
v 1.6255 2.4728 0.8344
v 1.6792 2.5436 0.8194
v 0.5185 0.4841 1.3307
v 0.5291 0.5148 1.3241
v 0.5390 0.5458 1.3176
v 0.5477 0.5773 1.3109
v 0.5551 0.6093 1.3041
v 0.5607 0.6419 1.2971
v 0.5644 0.6754 1.2900
v 0.5660 0.7096 1.2827
v 0.5653 0.7448 1.2753
v 0.5627 0.7807 1.2676
v 0.5585 0.8173 1.2599
v 0.5533 0.8542 1.2520
v 0.5481 0.8912 1.2441
v 0.5439 0.9277 1.2364
v 0.5419 0.9635 1.2288
v 0.5430 0.9979 1.2215
v 0.5483 1.0307 1.2145
v 0.5582 1.0617 1.2079
v 0.5732 1.0907 1.2017
v 0.5933 1.1176 1.1960
v 0.6193 1.1423 1.1908
v 0.6732 1.2128 1.1758
v 0.7392 1.2785 1.1618
v 0.8216 1.3378 1.1492
v 0.9192 1.3911 1.1379
v 1.0189 1.4435 1.1268
v 1.0969 1.5045 1.1138
v 1.1315 1.5827 1.0972
v 1.1192 1.6794 1.0766
v 1.0778 1.7876 1.0536
v 1.0347 1.8964 1.0305
v 1.0131 1.9968 1.0091
v 1.0242 2.0843 0.9906
v 1.0681 2.1587 0.9747
v 1.1384 2.2228 0.9611
v 1.2271 2.2796 0.9490
v 1.3279 2.3316 0.9380
v 1.4353 2.3810 0.9275
v 1.5397 2.4315 0.9167
v 1.6262 2.4892 0.9045
v 1.6798 2.5599 0.8895
v 0.5216 0.5056 1.3996
v 0.5324 0.5361 1.3931
v 0.5425 0.5669 1.3866
v 0.5517 0.5980 1.3800
v 0.5597 0.6297 1.3732
v 0.5661 0.6619 1.3664
v 0.5709 0.6948 1.3594
v 0.5738 0.7285 1.3522
v 0.5748 0.7629 1.3449
v 0.5740 0.7980 1.3375
v 0.5719 0.8337 1.3299
v 0.5689 0.8696 1.3222
v 0.5659 0.9056 1.3146
v 0.5637 0.9413 1.3070
v 0.5635 0.9762 1.2996
v 0.5660 1.0100 1.2924
v 0.5721 1.0423 1.2855
v 0.5823 1.0731 1.2790
v 0.5970 1.1021 1.2728
v 0.6164 1.1292 1.2671
v 0.6413 1.1542 1.2618
v 0.6944 1.2248 1.2468
v 0.7600 1.2904 1.2328
v 0.8425 1.3494 1.2203
v 0.9394 1.4027 1.2089
v 1.0359 1.4561 1.1976
v 1.1076 1.5194 1.1841
v 1.1347 1.6002 1.1670
v 1.1168 1.6989 1.1460
v 1.0732 1.8077 1.1229
v 1.0311 1.9159 1.0999
v 1.0116 2.0151 1.0788
v 1.0245 2.1016 1.0604
v 1.0695 2.1754 1.0447
v 1.1401 2.2391 1.0312
v 1.2288 2.2956 1.0191
v 1.3294 2.3474 1.0081
v 1.4365 2.3967 0.9977
v 1.5405 2.4472 0.9869
v 1.6266 2.5047 0.9747
v 1.6799 2.5752 0.9597
v 0.5248 0.5275 1.4685
v 0.5358 0.5578 1.4620
v 0.5462 0.5884 1.4555
v 0.5558 0.6193 1.4490
v 0.5643 0.6506 1.4423
v 0.5715 0.6824 1.4356
v 0.5772 0.7148 1.4287
v 0.5813 0.7479 1.4216
v 0.5837 0.7816 1.4145
v 0.5847 0.8159 1.4072
v 0.5844 0.8507 1.3998
v 0.5834 0.8858 1.3923
v 0.5824 0.9208 1.3849
v 0.5821 0.9556 1.3775
v 0.5835 0.9898 1.3702
v 0.5873 1.0229 1.3632
v 0.5940 1.0549 1.3564
v 0.6045 1.0855 1.3499
v 0.6190 1.1144 1.3437
v 0.6376 1.1417 1.3379
v 0.6617 1.1669 1.3326
v 0.7141 1.2374 1.3176
v 0.7798 1.3027 1.3037
v 0.8625 1.3613 1.2913
v 0.9586 1.4146 1.2799
v 1.0515 1.4691 1.2683
v 1.1168 1.5346 1.2544
v 1.1365 1.6180 1.2367
v 1.1133 1.7184 1.2153
v 1.0681 1.8275 1.1922
v 1.0272 1.9349 1.1693
v 1.0100 2.0330 1.1485
v 1.0248 2.1184 1.1303
v 1.0708 2.1915 1.1148
v 1.1418 2.2547 1.1014
v 1.2304 2.3109 1.0894
v 1.3308 2.3625 1.0784
v 1.4374 2.4116 1.0680
v 1.5410 2.4619 1.0573
v 1.6266 2.5193 1.0451
v 1.6797 2.5896 1.0302
v 0.5283 0.5499 1.5372
v 0.5394 0.5800 1.5308
v 0.5500 0.6104 1.5244
v 0.5599 0.6410 1.5179
v 0.5688 0.6720 1.5113
v 0.5767 0.7034 1.5046
v 0.5833 0.7353 1.4978
v 0.5884 0.7678 1.4909
v 0.5922 0.8009 1.4839
v 0.5946 0.8344 1.4768
v 0.5960 0.8684 1.4695
v 0.5968 0.9026 1.4623
v 0.5976 0.9369 1.4550
v 0.5990 0.9708 1.4478
v 0.6018 1.0042 1.4407
v 0.6065 1.0369 1.4337
v 0.6140 1.0685 1.4270
v 0.6248 1.0987 1.4206
v 0.6391 1.1276 1.4144
v 0.6572 1.1550 1.4086
v 0.6805 1.1803 1.4032
v 0.7326 1.2506 1.3883
v 0.7985 1.3154 1.3745
v 0.8815 1.3735 1.3622
v 0.9767 1.4268 1.3509
v 1.0658 1.4824 1.3390
v 1.1243 1.5501 1.3246
v 1.1369 1.6360 1.3064
v 1.1089 1.7380 1.2847
v 1.0626 1.8471 1.2615
v 1.0232 1.9536 1.2389
v 1.0083 2.0503 1.2183
v 1.0250 2.1346 1.2004
v 1.0721 2.2069 1.1850
v 1.1434 2.2695 1.1717
v 1.2319 2.3254 1.1598
v 1.3320 2.3767 1.1489
v 1.4382 2.4256 1.1385
v 1.5412 2.4758 1.1279
v 1.6263 2.5330 1.1157
v 1.6791 2.6030 1.1008
v 0.5319 0.5728 1.6059
v 0.5431 0.6027 1.5995
v 0.5539 0.6328 1.5931
v 0.5640 0.6632 1.5867
v 0.5734 0.6938 1.5802
v 0.5818 0.7249 1.5736
v 0.5892 0.7563 1.5669
v 0.5953 0.7883 1.5601
v 0.6002 0.8207 1.5532
v 0.6040 0.8536 1.5462
v 0.6069 0.8868 1.5392
v 0.6093 0.9202 1.5320
v 0.6116 0.9536 1.5249
v 0.6145 0.9868 1.5179
v 0.6184 1.0197 1.5109
v 0.6238 1.0519 1.5041
v 0.6321 1.0830 1.4974
v 0.6433 1.1129 1.4911
v 0.6574 1.1417 1.4850
v 0.6750 1.1691 1.4791
v 0.6979 1.1944 1.4738
v 0.7498 1.2643 1.4589
v 0.8161 1.3285 1.4452
v 0.8997 1.3860 1.4330
v 0.9937 1.4392 1.4217
v 1.0786 1.4961 1.4096
v 1.1303 1.5661 1.3948
v 1.1360 1.6543 1.3760
v 1.1037 1.7574 1.3541
v 1.0567 1.8665 1.3309
v 1.0190 1.9718 1.3085
v 1.0066 2.0671 1.2883
v 1.0252 2.1502 1.2706
v 1.0733 2.2216 1.2554
v 1.1450 2.2837 1.2422
v 1.2334 2.3392 1.2304
v 1.3331 2.3902 1.2196
v 1.4388 2.4388 1.2092
v 1.5412 2.4888 1.1986
v 1.6257 2.5458 1.1865
v 1.6781 2.6156 1.1717
v 0.5356 0.5962 1.6744
v 0.5469 0.6259 1.6681
v 0.5579 0.6558 1.6618
v 0.5683 0.6858 1.6554
v 0.5780 0.7162 1.6489
v 0.5869 0.7468 1.6424
v 0.5949 0.7778 1.6358
v 0.6019 0.8092 1.6291
v 0.6078 0.8411 1.6224
v 0.6128 0.8733 1.6155
v 0.6170 0.9058 1.6086
v 0.6207 0.9385 1.6017
v 0.6245 0.9712 1.5947
v 0.6287 1.0037 1.5878
v 0.6327 1.0362 1.5809
v 0.6391 1.0679 1.5742
v 0.6484 1.0984 1.5677
v 0.6600 1.1280 1.5614
v 0.6740 1.1566 1.5553
v 0.6913 1.1840 1.5495
v 0.7138 1.2092 1.5441
v 0.7658 1.2786 1.5294
v 0.8328 1.3420 1.5159
v 0.9168 1.3987 1.5038
v 1.0095 1.4521 1.4925
v 1.0899 1.5102 1.4802
v 1.1348 1.5824 1.4648
v 1.1338 1.6727 1.4456
v 1.0978 1.7769 1.4235
v 1.0504 1.8855 1.4004
v 1.0147 1.9895 1.3783
v 1.0047 2.0834 1.3583
v 1.0252 2.1652 1.3409
v 1.0744 2.2357 1.3259
v 1.1464 2.2971 1.3129
v 1.2347 2.3522 1.3012
v 1.3341 2.4028 1.2904
v 1.4392 2.4512 1.2801
v 1.5409 2.5010 1.2696
v 1.6247 2.5577 1.2575
v 1.6767 2.6271 1.2427
v 0.5396 0.6201 1.7429
v 0.5510 0.6496 1.7366
v 0.5620 0.6792 1.7303
v 0.5726 0.7090 1.7240
v 0.5826 0.7390 1.7176
v 0.5919 0.7692 1.7112
v 0.6005 0.7998 1.7047
v 0.6082 0.8307 1.6981
v 0.6150 0.8620 1.6915
v 0.6210 0.8936 1.6847
v 0.6263 0.9254 1.6780
v 0.6313 0.9574 1.6712
v 0.6362 0.9894 1.6644
v 0.6402 1.0218 1.6575
v 0.6447 1.0540 1.6506
v 0.6526 1.0848 1.6441
v 0.6630 1.1147 1.6377
v 0.6751 1.1438 1.6315
v 0.6890 1.1723 1.6255
v 0.7060 1.1995 1.6197
v 0.7285 1.2246 1.6144
v 0.7807 1.2933 1.5998
v 0.8486 1.3559 1.5865
v 0.9330 1.4118 1.5746
v 1.0241 1.4652 1.5632
v 1.0998 1.5246 1.5506
v 1.1377 1.5990 1.5348
v 1.1304 1.6912 1.5152
v 1.0911 1.7961 1.4929
v 1.0439 1.9041 1.4699
v 1.0103 2.0068 1.4481
v 1.0028 2.0991 1.4285
v 1.0252 2.1796 1.4114
v 1.0755 2.2491 1.3966
v 1.1478 2.3098 1.3837
v 1.2360 2.3644 1.3721
v 1.3350 2.4146 1.3614
v 1.4395 2.4627 1.3512
v 1.5403 2.5122 1.3407
v 1.6234 2.5687 1.3287
v 1.6749 2.6377 1.3140
v 0.5437 0.6446 1.8112
v 0.5551 0.6738 1.8050
v 0.5662 0.7031 1.7987
v 0.5770 0.7326 1.7925
v 0.5872 0.7623 1.7862
v 0.5969 0.7921 1.7798
v 0.6059 0.8223 1.7734
v 0.6142 0.8527 1.7669
v 0.6218 0.8835 1.7604
v 0.6286 0.9145 1.7538
v 0.6350 0.9457 1.7472
v 0.6410 0.9770 1.7405
v 0.6461 1.0087 1.7338
v 0.6486 1.0415 1.7268
v 0.6546 1.0728 1.7202
v 0.6644 1.1026 1.7138
v 0.6760 1.1318 1.7076
v 0.6886 1.1605 1.7015
v 0.7026 1.1887 1.6955
v 0.7193 1.2158 1.6898
v 0.7419 1.2406 1.6845
v 0.7946 1.3085 1.6701
v 0.8634 1.3700 1.6570
v 0.9483 1.4252 1.6453
v 1.0374 1.4787 1.6339
v 1.1081 1.5395 1.6210
v 1.1392 1.6159 1.6047
v 1.1260 1.7099 1.5847
v 1.0839 1.8152 1.5623
v 1.0371 1.9224 1.5396
v 1.0058 2.0236 1.5181
v 1.0008 2.1143 1.4988
v 1.0252 2.1934 1.4820
v 1.0765 2.2618 1.4674
v 1.1492 2.3218 1.4547
v 1.2372 2.3757 1.4432
v 1.3357 2.4255 1.4326
v 1.4395 2.4732 1.4225
v 1.5394 2.5225 1.4120
v 1.6216 2.5787 1.4001
v 1.6727 2.6473 1.3855
v 0.5481 0.6695 1.8794
v 0.5594 0.6985 1.8732
v 0.5706 0.7275 1.8671
v 0.5814 0.7567 1.8609
v 0.5919 0.7860 1.8546
v 0.6019 0.8155 1.8484
v 0.6113 0.8453 1.8420
v 0.6201 0.8752 1.8357
v 0.6283 0.9055 1.8292
v 0.6359 0.9359 1.8228
v 0.6430 0.9665 1.8163
v 0.6498 0.9973 1.8097
v 0.6513 1.0302 1.8027
v 0.6541 1.0625 1.7959
v 0.6626 1.0926 1.7895
v 0.6746 1.1213 1.7834
v 0.6876 1.1496 1.7773
v 0.7007 1.1779 1.7713
v 0.7147 1.2058 1.7654
v 0.7314 1.2327 1.7597
v 0.7541 1.2571 1.7545
v 0.8076 1.3241 1.7403
v 0.8774 1.3845 1.7274
v 0.9625 1.4389 1.7159
v 1.0495 1.4925 1.7045
v 1.1150 1.5547 1.6912
v 1.1392 1.6331 1.6746
v 1.1205 1.7286 1.6543
v 1.0762 1.8341 1.6318
v 1.0302 1.9404 1.6093
v 1.0012 2.0398 1.5881
v 0.9987 2.1288 1.5692
v 1.0251 2.2065 1.5527
v 1.0775 2.2738 1.5384
v 1.1505 2.3330 1.5258
v 1.2383 2.3863 1.5145
v 1.3363 2.4356 1.5040
v 1.4393 2.4829 1.4939
v 1.5383 2.5318 1.4835
v 1.6195 2.5878 1.4717
v 1.6701 2.6558 1.4572
v 0.5526 0.6950 1.9475
v 0.5639 0.7237 1.9414
v 0.5751 0.7525 1.9353
v 0.5860 0.7813 1.9292
v 0.5966 0.8103 1.9230
v 0.6068 0.8394 1.9168
v 0.6165 0.8687 1.9106
v 0.6258 0.8983 1.9043
v 0.6345 0.9280 1.8980
v 0.6427 0.9579 1.8916
v 0.6506 0.9879 1.8852
v 0.6537 1.0199 1.8784
v 0.6522 1.0536 1.8713
v 0.6570 1.0849 1.8646
v 0.6689 1.1134 1.8586
v 0.6836 1.1407 1.8528
v 0.6980 1.1682 1.8469
v 0.7116 1.1960 1.8410
v 0.7256 1.2236 1.8351
v 0.7423 1.2502 1.8295
v 0.7654 1.2742 1.8244
v 0.8196 1.3400 1.8104
v 0.8906 1.3993 1.7978
v 0.9758 1.4528 1.7864
v 1.0604 1.5067 1.7750
v 1.1204 1.5703 1.7615
v 1.1380 1.6506 1.7444
v 1.1142 1.7473 1.7238
v 1.0680 1.8528 1.7014
v 1.0230 1.9578 1.6791
v 0.9965 2.0556 1.6583
v 0.9966 2.1428 1.6398
v 1.0249 2.2189 1.6236
v 1.0784 2.2850 1.6095
v 1.1518 2.3433 1.5971
v 1.2394 2.3960 1.5859
v 1.3368 2.4447 1.5756
v 1.4389 2.4916 1.5656
v 1.5368 2.5402 1.5553
v 1.6171 2.5958 1.5435
v 1.6670 2.6633 1.5291
v 0.5573 0.7211 2.0155
v 0.5686 0.7495 2.0094
v 0.5798 0.7779 2.0034
v 0.5907 0.8064 1.9973
v 0.6014 0.8350 1.9912
v 0.6118 0.8638 1.9851
v 0.6218 0.8927 1.9790
v 0.6313 0.9218 1.9728
v 0.6405 0.9510 1.9666
v 0.6492 0.9804 1.9604
v 0.6554 1.0108 1.9539
v 0.6512 1.0453 1.9466
v 0.6495 1.0788 1.9394
v 0.6579 1.1083 1.9332
v 0.6738 1.1349 1.9275
v 0.6915 1.1608 1.9220
v 0.7073 1.1874 1.9164
v 0.7213 1.2147 1.9105
v 0.7354 1.2420 1.9047
v 0.7522 1.2682 1.8992
v 0.7758 1.2917 1.8942
v 0.8309 1.3564 1.8804
v 0.9030 1.4143 1.8681
v 0.9882 1.4671 1.8569
v 1.0700 1.5212 1.8454
v 1.1244 1.5861 1.8316
v 1.1355 1.6682 1.8142
v 1.1070 1.7659 1.7934
v 1.0593 1.8712 1.7710
v 1.0156 1.9749 1.7490
v 0.9917 2.0708 1.7286
v 0.9944 2.1562 1.7104
v 1.0247 2.2306 1.6946
v 1.0793 2.2955 1.6808
v 1.1530 2.3528 1.6686
v 1.2404 2.4048 1.6576
v 1.3371 2.4529 1.6474
v 1.4383 2.4994 1.6375
v 1.5350 2.5476 1.6272
v 1.6142 2.6028 1.6155
v 1.6635 2.6697 1.6013
v 0.5622 0.7477 2.0833
v 0.5735 0.7757 2.0774
v 0.5846 0.8038 2.0714
v 0.5956 0.8320 2.0654
v 0.6063 0.8603 2.0594
v 0.6168 0.8887 2.0534
v 0.6270 0.9171 2.0473
v 0.6368 0.9458 2.0412
v 0.6462 0.9745 2.0351
v 0.6551 1.0035 2.0290
v 0.6521 1.0372 2.0218
v 0.6435 1.0731 2.0142
v 0.6440 1.1054 2.0073
v 0.6574 1.1327 2.0015
v 0.6780 1.1570 1.9963
v 0.6987 1.1814 1.9912
v 0.7156 1.2072 1.9857
v 0.7299 1.2340 1.9800
v 0.7441 1.2609 1.9742
v 0.7611 1.2867 1.9688
v 0.7854 1.3096 1.9639
v 0.8415 1.3730 1.9504
v 0.9146 1.4296 1.9384
v 0.9995 1.4816 1.9273
v 1.0783 1.5360 1.9158
v 1.1271 1.6023 1.9017
v 1.1319 1.6860 1.8839
v 1.0992 1.7844 1.8630
v 1.0504 1.8893 1.8407
v 1.0081 1.9915 1.8190
v 0.9868 2.0855 1.7990
v 0.9922 2.1689 1.7813
v 1.0245 2.2417 1.7658
v 1.0802 2.3052 1.7523
v 1.1542 2.3615 1.7403
v 1.2413 2.4126 1.7294
v 1.3374 2.4602 1.7193
v 1.4375 2.5062 1.7096
v 1.5329 2.5540 1.6994
v 1.6109 2.6087 1.6878
v 1.6595 2.6751 1.6737
v 0.5674 0.7749 2.1511
v 0.5786 0.8026 2.1452
v 0.5896 0.8303 2.1393
v 0.6006 0.8581 2.1334
v 0.6113 0.8860 2.1274
v 0.6219 0.9140 2.1215
v 0.6322 0.9421 2.1155
v 0.6422 0.9703 2.1095
v 0.6519 0.9986 2.1035
v 0.6542 1.0298 2.0969
v 0.6421 1.0667 2.0890
v 0.6321 1.1028 2.0814
v 0.6367 1.1331 2.0749
v 0.6561 1.1576 2.0697
v 0.6819 1.1795 2.0651
v 0.7050 1.2025 2.0602
v 0.7227 1.2277 2.0548
v 0.7375 1.2539 2.0492
v 0.7520 1.2804 2.0436
v 0.7693 1.3057 2.0382
v 0.7943 1.3279 2.0335
v 0.8515 1.3899 2.0203
v 0.9256 1.4452 2.0086
v 1.0099 1.4964 1.9977
v 1.0854 1.5512 1.9861
v 1.1284 1.6188 1.9717
v 1.1272 1.7038 1.9536
v 1.0906 1.8029 1.9326
v 1.0410 1.9070 1.9104
v 1.0005 2.0076 1.8890
v 0.9819 2.0995 1.8695
v 0.9900 2.1809 1.8522
v 1.0243 2.2519 1.8371
v 1.0812 2.3140 1.8239
v 1.1554 2.3693 1.8122
v 1.2421 2.4196 1.8015
v 1.3374 2.4664 1.7915
v 1.4365 2.5119 1.7819
v 1.5305 2.5593 1.7718
v 1.6072 2.6136 1.7602
v 1.6551 2.6792 1.7463
v 0.5727 0.8026 2.2187
v 0.5838 0.8300 2.2129
v 0.5948 0.8574 2.2071
v 0.6057 0.8848 2.2012
v 0.6165 0.9123 2.1954
v 0.6270 0.9399 2.1895
v 0.6374 0.9675 2.1836
v 0.6475 0.9952 2.1777
v 0.6549 1.0241 2.1716
v 0.6452 1.0596 2.1641
v 0.6272 1.0985 2.1558
v 0.6184 1.1337 2.1483
v 0.6289 1.1613 2.1424
v 0.6552 1.1826 2.1379
v 0.6859 1.2023 2.1337
v 0.7103 1.2243 2.1290
v 0.7290 1.2487 2.1239
v 0.7443 1.2744 2.1184
v 0.7591 1.3003 2.1129
v 0.7768 1.3250 2.1076
v 0.8026 1.3466 2.1031
v 0.8608 1.4071 2.0902
v 0.9358 1.4610 2.0787
v 1.0193 1.5115 2.0680
v 1.0912 1.5666 2.0563
v 1.1284 1.6354 2.0417
v 1.1215 1.7217 2.0233
v 1.0814 1.8211 2.0022
v 1.0314 1.9244 1.9803
v 0.9927 2.0232 1.9592
v 0.9770 2.1129 1.9402
v 0.9879 2.1922 1.9233
v 1.0242 2.2613 1.9086
v 1.0821 2.3220 1.8957
v 1.1565 2.3761 1.8842
v 1.2429 2.4255 1.8737
v 1.3374 2.4717 1.8639
v 1.4352 2.5165 1.8544
v 1.5277 2.5635 1.8444
v 1.6030 2.6173 1.8330
v 1.6501 2.6822 1.8192
v 0.5783 0.8310 2.2862
v 0.5893 0.8580 2.2804
v 0.6002 0.8850 2.2747
v 0.6110 0.9120 2.2690
v 0.6217 0.9391 2.2632
v 0.6323 0.9662 2.2574
v 0.6427 0.9934 2.2516
v 0.6526 1.0208 2.2458
v 0.6501 1.0531 2.2390
v 0.6309 1.0920 2.2307
v 0.6098 1.1317 2.2223
v 0.6045 1.1651 2.2152
v 0.6222 1.1894 2.2100
v 0.6561 1.2073 2.2062
v 0.6889 1.2257 2.2023
v 0.7146 1.2468 2.1978
v 0.7343 1.2703 2.1928
v 0.7503 1.2953 2.1875
v 0.7655 1.3207 2.1821
v 0.7836 1.3448 2.1770
v 0.8104 1.3655 2.1726
v 0.8696 1.4245 2.1600
v 0.9452 1.4771 2.1488
v 1.0277 1.5269 2.1383
v 1.0958 1.5823 2.1265
v 1.1273 1.6523 2.1116
v 1.1148 1.7397 2.0930
v 1.0716 1.8391 2.0719
v 1.0215 1.9413 2.0502
v 0.9848 2.0382 2.0296
v 0.9721 2.1257 2.0110
v 0.9857 2.2027 1.9946
v 1.0241 2.2699 1.9803
v 1.0831 2.3290 1.9678
v 1.1577 2.3819 1.9565
v 1.2436 2.4304 1.9462
v 1.3372 2.4758 1.9366
v 1.4336 2.5201 1.9271
v 1.5246 2.5666 1.9173
v 1.5984 2.6198 1.9060
v 1.6447 2.6839 1.8923
v 0.5842 0.8600 2.3535
v 0.5950 0.8865 2.3479
v 0.6058 0.9131 2.3422
v 0.6165 0.9397 2.3366
v 0.6272 0.9664 2.3309
v 0.6377 0.9931 2.3252
v 0.6480 1.0199 2.3195
v 0.6532 1.0487 2.3134
v 0.6400 1.0848 2.3058
v 0.6137 1.1260 2.2970
v 0.5921 1.1654 2.2886
v 0.5924 1.1961 2.2821
v 0.6187 1.2166 2.2777
v 0.6570 1.2323 2.2744
v 0.6909 1.2498 2.2707
v 0.7180 1.2699 2.2664
v 0.7388 1.2925 2.2616
v 0.7556 1.3168 2.2564
v 0.7712 1.3415 2.2512
v 0.7899 1.3649 2.2462
v 0.8176 1.3848 2.2420
v 0.8779 1.4422 2.2298
v 0.9540 1.4933 2.2189
v 1.0351 1.5425 2.2085
v 1.0992 1.5983 2.1966
v 1.1249 1.6694 2.1815
v 1.1071 1.7576 2.1627
v 1.0612 1.8569 2.1416
v 1.0113 1.9579 2.1202
v 0.9769 2.0527 2.1000
v 0.9672 2.1377 2.0819
v 0.9837 2.2124 2.0661
v 1.0242 2.2776 2.0522
v 1.0841 2.3351 2.0400
v 1.1589 2.3867 2.0290
v 1.2442 2.4342 2.0189
v 1.3368 2.4788 2.0094
v 1.4318 2.5225 2.0002
v 1.5210 2.5684 1.9904
v 1.5933 2.6211 1.9792
v 1.6387 2.6843 1.9658
v 0.5903 0.8896 2.4208
v 0.6010 0.9157 2.4152
v 0.6116 0.9419 2.4096
v 0.6222 0.9681 2.4041
v 0.6327 0.9943 2.3985
v 0.6432 1.0205 2.3929
v 0.6526 1.0472 2.3873
v 0.6494 1.0788 2.3805
v 0.6271 1.1180 2.3722
v 0.5963 1.1605 2.3632
v 0.5768 1.1986 2.3551
v 0.5847 1.2258 2.3493
v 0.6186 1.2428 2.3457
v 0.6571 1.2580 2.3425
v 0.6919 1.2746 2.3389
v 0.7204 1.2937 2.3349
v 0.7425 1.3153 2.3303
v 0.7601 1.3387 2.3253
v 0.7764 1.3626 2.3202
v 0.7958 1.3853 2.3154
v 0.8245 1.4044 2.3113
v 0.8856 1.4601 2.2995
v 0.9619 1.5099 2.2889
v 1.0414 1.5583 2.2786
v 1.1013 1.6146 2.2666
v 1.1213 1.6866 2.2513
v 1.0986 1.7755 2.2325
v 1.0503 1.8745 2.2114
v 1.0009 1.9739 2.1903
v 0.9690 2.0664 2.1706
v 0.9624 2.1489 2.1531
v 0.9819 2.2212 2.1377
v 1.0243 2.2843 2.1243
v 1.0853 2.3401 2.1124
v 1.1600 2.3905 2.1017
v 1.2448 2.4369 2.0919
v 1.3363 2.4806 2.0826
v 1.4297 2.5236 2.0734
v 1.5171 2.5690 2.0638
v 1.5877 2.6210 2.0527
v 1.6321 2.6834 2.0395
v 0.5967 0.9199 2.4878
v 0.6072 0.9456 2.4824
v 0.6177 0.9713 2.4769
v 0.6281 0.9970 2.4714
v 0.6385 1.0227 2.4660
v 0.6489 1.0485 2.4605
v 0.6552 1.0758 2.4547
v 0.6436 1.1103 2.4474
v 0.6140 1.1518 2.4385
v 0.5813 1.1945 2.4294
v 0.5667 1.2302 2.4219
v 0.5838 1.2533 2.4170
v 0.6183 1.2695 2.4135
v 0.6563 1.2843 2.4104
v 0.6920 1.3000 2.4070
v 0.7218 1.3181 2.4032
v 0.7452 1.3387 2.3988
v 0.7639 1.3611 2.3940
v 0.7810 1.3842 2.3891
v 0.8011 1.4061 2.3845
v 0.8309 1.4242 2.3806
v 0.8927 1.4783 2.3691
v 0.9691 1.5266 2.3589
v 1.0466 1.5745 2.3487
v 1.1022 1.6311 2.3367
v 1.1166 1.7039 2.3212
v 1.0892 1.7933 2.3022
v 1.0389 1.8917 2.2813
v 0.9903 1.9894 2.2605
v 0.9611 2.0795 2.2413
v 0.9578 2.1593 2.2244
v 0.9803 2.2290 2.2096
v 1.0247 2.2900 2.1966
v 1.0866 2.3440 2.1851
v 1.1613 2.3930 2.1747
v 1.2453 2.4384 2.1651
v 1.3356 2.4812 2.1560
v 1.4273 2.5235 2.1470
v 1.5127 2.5683 2.1375
v 1.5815 2.6196 2.1265
v 1.6249 2.6810 2.1135
v 0.6034 0.9509 2.5548
v 0.6137 0.9761 2.5494
v 0.6240 1.0013 2.5440
v 0.6343 1.0265 2.5387
v 0.6445 1.0518 2.5333
v 0.6560 1.0765 2.5281
v 0.6575 1.1052 2.5220
v 0.6379 1.1422 2.5141
v 0.6032 1.1852 2.5049
v 0.5715 1.2271 2.4961
v 0.5644 1.2592 2.4892
v 0.5852 1.2802 2.4848
v 0.6176 1.2967 2.4813
v 0.6548 1.3112 2.4782
v 0.6910 1.3262 2.4750
v 0.7221 1.3432 2.4714
v 0.7470 1.3627 2.4672
v 0.7670 1.3841 2.4627
v 0.7850 1.4062 2.4580
v 0.8061 1.4272 2.4535
v 0.8370 1.4442 2.4499
v 0.8993 1.4967 2.4387
v 0.9753 1.5437 2.4288
v 1.0506 1.5910 2.4187
v 1.1017 1.6479 2.4066
v 1.1106 1.7214 2.3910
v 1.0790 1.8110 2.3719
v 1.0270 1.9085 2.3512
v 0.9796 2.0043 2.3308
v 0.9533 2.0918 2.3122
v 0.9535 2.1688 2.2959
v 0.9789 2.2358 2.2816
v 1.0253 2.2945 2.2692
v 1.0880 2.3468 2.2580
v 1.1626 2.3944 2.2479
v 1.2458 2.4386 2.2385
v 1.3347 2.4805 2.2296
v 1.4246 2.5220 2.2208
v 1.5079 2.5662 2.2114
v 1.5748 2.6168 2.2007
v 1.6171 2.6771 2.1878
v 0.6103 0.9827 2.6215
v 0.6205 1.0073 2.6163
v 0.6306 1.0320 2.6110
v 0.6407 1.0567 2.6058
v 0.6528 1.0806 2.6007
v 0.6657 1.1042 2.5957
v 0.6609 1.1348 2.5892
v 0.6343 1.1740 2.5809
v 0.5968 1.2175 2.5716
v 0.5692 1.2571 2.5632
v 0.5692 1.2858 2.5571
v 0.5869 1.3075 2.5525
v 0.6166 1.3244 2.5489
v 0.6527 1.3388 2.5458
v 0.6890 1.3532 2.5428
v 0.7213 1.3691 2.5394
v 0.7478 1.3873 2.5355
v 0.7692 1.4075 2.5312
v 0.7884 1.4286 2.5267
v 0.8105 1.4486 2.5225
v 0.8426 1.4646 2.5191
v 0.9051 1.5154 2.5083
v 0.9806 1.5610 2.4986
v 1.0533 1.6078 2.4886
v 1.0998 1.6649 2.4765
v 1.1034 1.7390 2.4608
v 1.0678 1.8285 2.4417
v 1.0147 1.9250 2.4212
v 0.9689 2.0186 2.4013
v 0.9457 2.1032 2.3833
v 0.9495 2.1772 2.3676
v 0.9779 2.2415 2.3539
v 1.0262 2.2979 2.3420
v 1.0896 2.3483 2.3312
v 1.1639 2.3945 2.3214
v 1.2462 2.4374 2.3123
v 1.3337 2.4783 2.3036
v 1.4215 2.5191 2.2949
v 1.5025 2.5626 2.2857
v 1.5675 2.6124 2.2751
v 1.6087 2.6716 2.2625
v 0.6176 1.0152 2.6881
v 0.6275 1.0393 2.6830
v 0.6374 1.0635 2.6779
v 0.6479 1.0874 2.6728
v 0.6674 1.1077 2.6685
v 0.6783 1.1315 2.6634
v 0.6666 1.1641 2.6565
v 0.6344 1.2049 2.6478
v 0.5968 1.2478 2.6387
v 0.5760 1.2841 2.6310
v 0.5749 1.3126 2.6249
v 0.5890 1.3350 2.6201
v 0.6157 1.3525 2.6164
v 0.6499 1.3671 2.6133
v 0.6860 1.3808 2.6104
v 0.7193 1.3957 2.6072
v 0.7474 1.4127 2.6036
v 0.7704 1.4316 2.5996
v 0.7910 1.4515 2.5954
v 0.8144 1.4704 2.5914
v 0.8477 1.4852 2.5882
v 0.9103 1.5343 2.5778
v 0.9847 1.5787 2.5683
v 1.0546 1.6249 2.5585
v 1.0963 1.6822 2.5463
v 1.0948 1.7566 2.5305
v 1.0558 1.8459 2.5116
v 1.0021 1.9409 2.4914
v 0.9582 2.0321 2.4720
v 0.9385 2.1137 2.4546
v 0.9461 2.1845 2.4396
v 0.9774 2.2459 2.4265
v 1.0275 2.3000 2.4150
v 1.0913 2.3485 2.4047
v 1.1653 2.3931 2.3952
v 1.2466 2.4348 2.3864
v 1.3324 2.4747 2.3779
v 1.4181 2.5146 2.3694
v 1.4967 2.5574 2.3603
v 1.5595 2.6064 2.3499
v 1.5995 2.6644 2.3376
v 0.6252 1.0486 2.7545
v 0.6349 1.0721 2.7495
v 0.6446 1.0956 2.7445
v 0.6637 1.1155 2.7403
v 0.6878 1.1333 2.7365
v 0.6941 1.1582 2.7312
v 0.6753 1.1930 2.7238
v 0.6392 1.2346 2.7150
v 0.6044 1.2757 2.7063
v 0.5861 1.3103 2.6989
v 0.5817 1.3395 2.6927
v 0.5919 1.3628 2.6877
v 0.6150 1.3811 2.6839
v 0.6468 1.3958 2.6807
v 0.6821 1.4092 2.6779
v 0.7161 1.4232 2.6749
v 0.7457 1.4389 2.6716
v 0.7705 1.4564 2.6678
v 0.7928 1.4750 2.6639
v 0.8176 1.4925 2.6602
v 0.8523 1.5062 2.6573
v 0.9144 1.5537 2.6472
v 0.9874 1.5969 2.6380
v 1.0541 1.6425 2.6283
v 1.0912 1.6999 2.6161
v 1.0850 1.7744 2.6003
v 1.0431 1.8630 2.5814
v 0.9892 1.9563 2.5616
v 0.9478 2.0447 2.5428
v 0.9319 2.1230 2.5262
v 0.9432 2.1905 2.5118
v 0.9774 2.2490 2.4994
v 1.0291 2.3006 2.4884
v 1.0934 2.3473 2.4785
v 1.1668 2.3903 2.4694
v 1.2469 2.4306 2.4608
v 1.3309 2.4695 2.4525
v 1.4142 2.5086 2.4442
v 1.4902 2.5505 2.4353
v 1.5509 2.5986 2.4251
v 1.5896 2.6553 2.4130
v 0.6332 1.0828 2.8208
v 0.6426 1.1057 2.8159
v 0.6573 1.1266 2.8115
v 0.6891 1.1407 2.8085
v 0.7133 1.1577 2.8049
v 0.7130 1.1845 2.7992
v 0.6875 1.2212 2.7914
v 0.6493 1.2630 2.7825
v 0.6178 1.3020 2.7742
v 0.5975 1.3367 2.7668
v 0.5897 1.3665 2.7605
v 0.5957 1.3907 2.7553
v 0.6148 1.4098 2.7513
v 0.6436 1.4251 2.7480
v 0.6774 1.4384 2.7452
v 0.7115 1.4515 2.7424
v 0.7425 1.4659 2.7393
v 0.7692 1.4820 2.7359
v 0.7933 1.4991 2.7323
v 0.8199 1.5152 2.7289
v 0.8561 1.5276 2.7262
v 0.9174 1.5735 2.7165
v 0.9885 1.6155 2.7076
v 1.0518 1.6606 2.6980
v 1.0842 1.7179 2.6858
v 1.0737 1.7922 2.6700
v 1.0296 1.8797 2.6514
v 0.9764 1.9709 2.6320
v 0.9379 2.0562 2.6139
v 0.9260 2.1310 2.5980
v 0.9411 2.1951 2.5843
v 0.9781 2.2506 2.5726
v 1.0312 2.2998 2.5621
v 1.0957 2.3444 2.5526
v 1.1685 2.3858 2.5438
v 1.2472 2.4248 2.5355
v 1.3291 2.4625 2.5275
v 1.4099 2.5007 2.5194
v 1.4832 2.5418 2.5107
v 1.5415 2.5889 2.5006
v 1.5789 2.6443 2.4889
v 0.6416 1.1180 2.8868
v 0.6519 1.1398 2.8822
v 0.6835 1.1532 2.8793
v 0.7219 1.1639 2.8771
v 0.7425 1.1816 2.8733
v 0.7344 1.2107 2.8671
v 0.7026 1.2491 2.8590
v 0.6643 1.2901 2.8502
v 0.6326 1.3285 2.8421
v 0.6102 1.3632 2.8347
v 0.5991 1.3935 2.8283
v 0.6009 1.4187 2.8229
v 0.6154 1.4388 2.8186
v 0.6405 1.4547 2.8152
v 0.6721 1.4681 2.8124
v 0.7057 1.4807 2.8097
v 0.7376 1.4940 2.8069
v 0.7661 1.5086 2.8038
v 0.7924 1.5240 2.8005
v 0.8210 1.5386 2.7974
v 0.8590 1.5494 2.7951
v 0.9188 1.5939 2.7857
v 0.9875 1.6348 2.7770
v 1.0472 1.6793 2.7675
v 1.0753 1.7363 2.7554
v 1.0612 1.8099 2.7397
v 1.0156 1.8960 2.7215
v 0.9638 1.9846 2.7026
v 0.9287 2.0665 2.6852
v 0.9211 2.1376 2.6701
v 0.9400 2.1982 2.6572
v 0.9796 2.2506 2.6461
v 1.0338 2.2972 2.6362
v 1.0983 2.3398 2.6271
v 1.1702 2.3795 2.6187
v 1.2473 2.4171 2.6107
v 1.3270 2.4537 2.6029
v 1.4051 2.4909 2.5950
v 1.4754 2.5312 2.5864
v 1.5312 2.5772 2.5767
v 1.5672 2.6310 2.5652
v 0.6504 1.1542 2.9526
v 0.6746 1.1697 2.9493
v 0.7202 1.1767 2.9479
v 0.7600 1.1861 2.9459
v 0.7738 1.2056 2.9417
v 0.7570 1.2373 2.9350
v 0.7199 1.2770 2.9265
v 0.6813 1.3173 2.9180
v 0.6489 1.3551 2.9099
v 0.6245 1.3898 2.9026
v 0.6102 1.4205 2.8960
v 0.6077 1.4465 2.8905
v 0.6174 1.4677 2.8860
v 0.6380 1.4846 2.8824
v 0.6664 1.4984 2.8795
v 0.6987 1.5107 2.8769
v 0.7309 1.5230 2.8742
v 0.7610 1.5361 2.8715
v 0.7895 1.5499 2.8685
v 0.8205 1.5627 2.8658
v 0.8605 1.5720 2.8638
v 0.9183 1.6150 2.8547
v 0.9841 1.6549 2.8462
v 1.0400 1.6987 2.8369
v 1.0642 1.7550 2.8249
v 1.0474 1.8275 2.8095
v 1.0015 1.9116 2.7917
v 0.9518 1.9971 2.7735
v 0.9207 2.0753 2.7569
v 0.9174 2.1424 2.7426
v 0.9400 2.1994 2.7305
v 0.9819 2.2488 2.7200
v 1.0370 2.2928 2.7106
v 1.1013 2.3333 2.7020
v 1.1721 2.3712 2.6939
v 1.2474 2.4074 2.6863
v 1.3246 2.4427 2.6788
v 1.3997 2.4790 2.6710
v 1.4669 2.5183 2.6627
v 1.5201 2.5632 2.6532
v 1.5546 2.6154 2.6421
v 0.6665 1.1889 3.0188
v 0.7110 1.1955 3.0174
v 0.7641 1.1986 3.0167
v 0.8006 1.2084 3.0146
v 0.8053 1.2306 3.0099
v 0.7791 1.2651 3.0026
v 0.7381 1.3055 2.9940
v 0.6997 1.3448 2.9856
v 0.6667 1.3820 2.9777
v 0.6406 1.4164 2.9704
v 0.6234 1.4474 2.9638
v 0.6166 1.4742 2.9581
v 0.6212 1.4966 2.9534
v 0.6367 1.5146 2.9496
v 0.6610 1.5291 2.9465
v 0.6908 1.5415 2.9438
v 0.7225 1.5531 2.9414
v 0.7537 1.5649 2.9389
v 0.7842 1.5770 2.9363
v 0.8176 1.5880 2.9340
v 0.8600 1.5954 2.9324
v 0.9151 1.6371 2.9235
v 0.9777 1.6760 2.9153
v 1.0300 1.7188 2.9061
v 1.0511 1.7740 2.8944
v 1.0327 1.8448 2.8794
v 0.9876 1.9262 2.8621
v 0.9410 2.0082 2.8446
v 0.9143 2.0823 2.8289
v 0.9154 2.1454 2.8155
v 0.9414 2.1987 2.8042
v 0.9852 2.2449 2.7943
v 1.0410 2.2864 2.7855
v 1.1047 2.3247 2.7774
v 1.1742 2.3608 2.7697
v 1.2474 2.3954 2.7623
v 1.3218 2.4296 2.7551
v 1.3936 2.4647 2.7476
v 1.4575 2.5031 2.7394
v 1.5079 2.5466 2.7302
v 1.5409 2.5972 2.7194
v 0.6988 1.2186 3.0860
v 0.7569 1.2188 3.0859
v 0.8117 1.2204 3.0856
v 0.8408 1.2320 3.0831
v 0.8343 1.2578 3.0777
v 0.7986 1.2951 3.0697
v 0.7576 1.3345 3.0614
v 0.7197 1.3727 3.0532
v 0.6863 1.4091 3.0455
v 0.6589 1.4431 3.0383
v 0.6389 1.4742 3.0317
v 0.6281 1.5016 3.0258
v 0.6275 1.5251 3.0208
v 0.6374 1.5443 3.0167
v 0.6566 1.5599 3.0134
v 0.6826 1.5728 3.0107
v 0.7126 1.5842 3.0083
v 0.7438 1.5950 3.0060
v 0.7760 1.6055 3.0037
v 0.8118 1.6145 3.0018
v 0.8568 1.6199 3.0007
v 0.9085 1.6605 2.9921
v 0.9676 1.6982 2.9840
v 1.0169 1.7398 2.9752
v 1.0361 1.7932 2.9639
v 1.0177 1.8615 2.9493
v 0.9747 1.9395 2.9328
v 0.9321 2.0174 2.9162
v 0.9100 2.0871 2.9014
v 0.9154 2.1460 2.8889
v 0.9443 2.1956 2.8783
v 0.9897 2.2387 2.8692
v 1.0457 2.2776 2.8609
v 1.1086 2.3137 2.8532
v 1.1764 2.3480 2.8459
v 1.2472 2.3810 2.8389
v 1.3186 2.4138 2.8319
v 1.3868 2.4479 2.8247
v 1.4471 2.4851 2.8168
v 1.4947 2.5273 2.8078
v 1.5260 2.5760 2.7975
v 0.7429 1.2452 3.1538
v 0.8082 1.2416 3.1546
v 0.8594 1.2436 3.1542
v 0.8775 1.2585 3.1510
v 0.8576 1.2886 3.1446
v 0.8183 1.3263 3.1366
v 0.7787 1.3640 3.1286
v 0.7415 1.4009 3.1207
v 0.7080 1.4363 3.1132
v 0.6794 1.4697 3.1061
v 0.6572 1.5007 3.0995
v 0.6426 1.5286 3.0936
v 0.6369 1.5530 3.0884
v 0.6408 1.5736 3.0840
v 0.6541 1.5905 3.0804
v 0.6751 1.6044 3.0775
v 0.7017 1.6160 3.0750
v 0.7317 1.6263 3.0728
v 0.7645 1.6355 3.0709
v 0.8022 1.6428 3.0693
v 0.8498 1.6461 3.0686
v 0.8978 1.6855 3.0603
v 0.9537 1.7217 3.0526
v 1.0009 1.7613 3.0441
v 1.0198 1.8122 3.0333
v 1.0032 1.8770 3.0195
v 0.9638 1.9509 3.0038
v 0.9258 2.0242 2.9883
v 0.9085 2.0894 2.9744
v 0.9177 2.1440 2.9628
v 0.9492 2.1899 2.9530
v 0.9956 2.2299 2.9446
v 1.0513 2.2661 2.9368
v 1.1130 2.3001 2.9296
v 1.1788 2.3324 2.9228
v 1.2469 2.3638 2.9161
v 1.3148 2.3952 2.9094
v 1.3791 2.4281 2.9024
v 1.4356 2.4641 2.8948
v 1.4801 2.5048 2.8861
v 1.5097 2.5514 2.8762
v 0.7947 1.2707 3.2219
v 0.8609 1.2656 3.2230
v 0.9033 1.2699 3.2221
v 0.9068 1.2895 3.2179
v 0.8763 1.3226 3.2109
v 0.8394 1.3583 3.2033
v 0.8016 1.3942 3.1957
v 0.7653 1.4296 3.1882
v 0.7320 1.4638 3.1809
v 0.7028 1.4964 3.1740
v 0.6786 1.5270 3.1675
v 0.6607 1.5551 3.1615
v 0.6503 1.5802 3.1562
v 0.6482 1.6021 3.1515
v 0.6549 1.6205 3.1476
v 0.6697 1.6357 3.1444
v 0.6912 1.6482 3.1417
v 0.7181 1.6586 3.1395
v 0.7496 1.6672 3.1377
v 0.7879 1.6731 3.1364
v 0.8369 1.6748 3.1361
v 0.8801 1.7131 3.1279
v 0.9322 1.7478 3.1205
v 0.9776 1.7852 3.1126
v 0.9977 1.8326 3.1025
v 0.9851 1.8929 3.0897
v 0.9519 1.9614 3.0751
v 0.9206 2.0292 3.0607
v 0.9090 2.0891 3.0480
v 0.9223 2.1392 3.0373
v 0.9559 2.1813 3.0284
v 1.0029 2.2181 3.0206
v 1.0580 2.2516 3.0134
v 1.1181 2.2832 3.0067
v 1.1814 2.3136 3.0003
v 1.2463 2.3433 2.9940
v 1.3103 2.3733 2.9876
v 1.3704 2.4049 2.9809
v 1.4228 2.4396 2.9735
v 1.4641 2.4786 2.9652
v 1.4918 2.5231 2.9557
v 0.8499 1.2970 3.2899
v 0.9108 1.2927 3.2908
v 0.9394 1.3013 3.2890
v 0.9261 1.3263 3.2836
v 0.8962 1.3579 3.2769
v 0.8621 1.3912 3.2698
v 0.8265 1.4251 3.2626
v 0.7916 1.4587 3.2555
v 0.7588 1.4915 3.2485
v 0.7293 1.5230 3.2418
v 0.7038 1.5529 3.2355
v 0.6832 1.5808 3.2295
v 0.6685 1.6064 3.2241
v 0.6608 1.6293 3.2192
v 0.6607 1.6492 3.2150
v 0.6682 1.6660 3.2114
v 0.6831 1.6799 3.2085
v 0.7045 1.6913 3.2061
v 0.7324 1.7001 3.2042
v 0.7684 1.7056 3.2030
v 0.8160 1.7067 3.2028
v 0.8531 1.7441 3.1948
v 0.9000 1.7777 3.1877
v 0.9431 1.8128 3.1802
v 0.9651 1.8563 3.1710
v 0.9594 1.9107 3.1594
v 0.9359 1.9721 3.1464
v 0.9146 2.0327 3.1335
v 0.9108 2.0863 3.1221
v 0.9289 2.1313 3.1125
v 0.9647 2.1693 3.1045
v 1.0119 2.2027 3.0973
v 1.0658 2.2336 3.0908
v 1.1238 2.2628 3.0846
v 1.1842 2.2911 3.0786
v 1.2454 2.3190 3.0726
v 1.3050 2.3476 3.0666
v 1.3604 2.3778 3.0601
v 1.4085 2.4110 3.0531
v 1.4463 2.4482 3.0452
v 1.4720 2.4902 3.0363
v 0.9041 1.3262 3.3572
v 0.9537 1.3251 3.3574
v 0.9636 1.3397 3.3543
v 0.9440 1.3658 3.3488
v 0.9176 1.3948 3.3426
v 0.8867 1.4255 3.3361
v 0.8537 1.4569 3.3294
v 0.8207 1.4885 3.3227
v 0.7890 1.5195 3.3161
v 0.7596 1.5495 3.3097
v 0.7333 1.5784 3.3036
v 0.7107 1.6058 3.2978
v 0.6927 1.6314 3.2923
v 0.6800 1.6549 3.2873
v 0.6733 1.6760 3.2828
v 0.6734 1.6944 3.2789
v 0.6803 1.7102 3.2756
v 0.6941 1.7232 3.2728
v 0.7154 1.7332 3.2707
v 0.7459 1.7396 3.2693
v 0.7883 1.7413 3.2689
v 0.8200 1.7774 3.2613
v 0.8622 1.8093 3.2545
v 0.9032 1.8417 3.2476
v 0.9284 1.8804 3.2394
v 0.9314 1.9278 3.2293
v 0.9199 1.9809 3.2180
v 0.9103 2.0333 3.2069
v 0.9154 2.0799 3.1970
v 0.9385 2.1194 3.1886
v 0.9761 2.1531 3.1814
v 1.0229 2.1832 3.1750
v 1.0751 2.2112 3.1691
v 1.1303 2.2380 3.1634
v 1.1871 2.2641 3.1578
v 1.2439 2.2903 3.1523
v 1.2986 2.3173 3.1465
v 1.3489 2.3460 3.1404
v 1.3923 2.3774 3.1337
v 1.4265 2.4125 3.1263
v 1.4500 2.4518 3.1179
v 0.9532 1.3606 3.4234
v 0.9854 1.3648 3.4225
v 0.9797 1.3840 3.4184
v 0.9633 1.4075 3.4134
v 0.9405 1.4335 3.4079
v 0.9133 1.4612 3.4020
v 0.8836 1.4899 3.3959
v 0.8531 1.5189 3.3897
v 0.8231 1.5478 3.3836
v 0.7945 1.5760 3.3776
v 0.7681 1.6034 3.3718
v 0.7444 1.6298 3.3662
v 0.7240 1.6548 3.3608
v 0.7073 1.6784 3.3558
v 0.6951 1.7002 3.3512
v 0.6881 1.7199 3.3470
v 0.6867 1.7375 3.3433
v 0.6915 1.7525 3.3401
v 0.7037 1.7647 3.3375
v 0.7250 1.7733 3.3357
v 0.7579 1.7772 3.3348
v 0.7865 1.8106 3.3277
v 0.8256 1.8398 3.3215
v 0.8658 1.8686 3.3154
v 0.8948 1.9017 3.3084
v 0.9071 1.9416 3.2999
v 0.9083 1.9858 3.2905
v 0.9108 2.0294 3.2812
v 0.9244 2.0687 3.2729
v 0.9520 2.1025 3.2657
v 0.9906 2.1319 3.2594
v 1.0363 2.1585 3.2538
v 1.0860 2.1835 3.2485
v 1.1377 2.2077 3.2433
v 1.1900 2.2317 3.2382
v 1.2416 2.2560 3.2331
v 1.2907 2.2812 3.2277
v 1.3354 2.3083 3.2220
v 1.3737 2.3378 3.2157
v 1.4040 2.3705 3.2087
v 1.4252 2.4067 3.2010
v 0.9930 1.4026 3.4880
v 1.0037 1.4137 3.4856
v 0.9973 1.4315 3.4818
v 0.9842 1.4520 3.4775
v 0.9655 1.4746 3.4727
v 0.9425 1.4990 3.4675
v 0.9168 1.5244 3.4621
v 0.8896 1.5505 3.4565
v 0.8621 1.5766 3.4510
v 0.8352 1.6025 3.4455
v 0.8096 1.6279 3.4401
v 0.7858 1.6526 3.4348
v 0.7640 1.6765 3.4298
v 0.7449 1.6993 3.4249
v 0.7286 1.7210 3.4203
v 0.7158 1.7414 3.4160
v 0.7070 1.7601 3.4120
v 0.7029 1.7771 3.4084
v 0.7046 1.7916 3.4053
v 0.7141 1.8032 3.4028
v 0.7336 1.8108 3.4012
v 0.7622 1.8397 3.3951
v 0.8001 1.8649 3.3897
v 0.8398 1.8894 3.3845
v 0.8723 1.9168 3.3787
v 0.8929 1.9489 3.3719
v 0.9055 1.9841 3.3644
v 0.9188 2.0191 3.3569
v 0.9399 2.0509 3.3502
v 0.9707 2.0790 3.3442
v 1.0093 2.1039 3.3389
v 1.0528 2.1270 3.3340
v 1.0988 2.1490 3.3293
v 1.1458 2.1706 3.3247
v 1.1927 2.1923 3.3201
v 1.2381 2.2146 3.3154
v 1.2808 2.2379 3.3104
v 1.3192 2.2630 3.3051
v 1.3520 2.2902 3.2993
v 1.3781 2.3201 3.2930
v 1.3968 2.3529 3.2860
v 1.0198 1.4553 3.5503
v 1.0212 1.4681 3.5476
v 1.0168 1.4831 3.5444
v 1.0071 1.5003 3.5407
v 0.9928 1.5192 3.5367
v 0.9748 1.5397 3.5324
v 0.9540 1.5613 3.5278
v 0.9312 1.5836 3.5230
v 0.9075 1.6063 3.5182
v 0.8835 1.6290 3.5134
v 0.8599 1.6517 3.5085
v 0.8371 1.6740 3.5038
v 0.8156 1.6959 3.4992
v 0.7955 1.7171 3.4946
v 0.7771 1.7377 3.4903
v 0.7607 1.7575 3.4861
v 0.7467 1.7764 3.4820
v 0.7355 1.7941 3.4783
v 0.7280 1.8104 3.4748
v 0.7255 1.8247 3.4718
v 0.7300 1.8362 3.4693
v 0.7604 1.8593 3.4644
v 0.7972 1.8798 3.4601
v 0.8355 1.8997 3.4558
v 0.8692 1.9214 3.4512
v 0.8955 1.9461 3.4460
v 0.9167 1.9728 3.4403
v 0.9381 1.9994 3.4346
v 0.9643 2.0241 3.4294
v 0.9965 2.0464 3.4246
v 1.0333 2.0669 3.4203
v 1.0729 2.0863 3.4162
v 1.1137 2.1052 3.4121
v 1.1546 2.1242 3.4081
v 1.1944 2.1434 3.4040
v 1.2325 2.1635 3.3998
v 1.2677 2.1846 3.3953
v 1.2991 2.2072 3.3905
v 1.3260 2.2317 3.3853
v 1.3475 2.2582 3.3796
v 1.3634 2.2870 3.3735
v 1.0400 1.5190 3.6103
v 1.0415 1.5293 3.6081
v 1.0391 1.5412 3.6055
v 1.0330 1.5546 3.6027
v 1.0236 1.5692 3.5996
v 1.0112 1.5851 3.5962
v 0.9963 1.6019 3.5926
v 0.9795 1.6195 3.5889
v 0.9612 1.6377 3.5850
v 0.9420 1.6562 3.5811
v 0.9224 1.6749 3.5771
v 0.9027 1.6936 3.5731
v 0.8833 1.7123 3.5692
v 0.8644 1.7307 3.5653
v 0.8462 1.7488 3.5614
v 0.8290 1.7666 3.5576
v 0.8128 1.7839 3.5540
v 0.7980 1.8007 3.5504
v 0.7849 1.8168 3.5470
v 0.7742 1.8320 3.5437
v 0.7669 1.8458 3.5408
v 0.7969 1.8628 3.5372
v 0.8301 1.8785 3.5339
v 0.8639 1.8939 3.5306
v 0.8955 1.9102 3.5271
v 0.9234 1.9280 3.5233
v 0.9487 1.9468 3.5193
v 0.9741 1.9656 3.5153
v 1.0017 1.9835 3.5115
v 1.0321 2.0003 3.5080
v 1.0644 2.0163 3.5046
v 1.0975 2.0320 3.5012
v 1.1307 2.0477 3.4979
v 1.1630 2.0638 3.4945
v 1.1939 2.0804 3.4909
v 1.2229 2.0977 3.4873
v 1.2494 2.1160 3.4834
v 1.2730 2.1355 3.4792
v 1.2932 2.1563 3.4748
v 1.3097 2.1786 3.4701
v 1.3223 2.2025 3.4650
v 1.0657 1.5962 3.6674
v 1.0672 1.6034 3.6658
v 1.0667 1.6114 3.6641
v 1.0642 1.6202 3.6623
v 1.0599 1.6297 3.6603
v 1.0539 1.6398 3.6581
v 1.0462 1.6507 3.6558
v 1.0372 1.6620 3.6534
v 1.0268 1.6739 3.6509
v 1.0154 1.6862 3.6482
v 1.0031 1.6988 3.6456
v 0.9901 1.7118 3.6428
v 0.9767 1.7249 3.6400
v 0.9629 1.7381 3.6372
v 0.9489 1.7515 3.6344
v 0.9348 1.7648 3.6315
v 0.9209 1.7781 3.6287
v 0.9072 1.7913 3.6259
v 0.8939 1.8043 3.6231
v 0.8812 1.8171 3.6204
v 0.8694 1.8296 3.6178
v 0.8936 1.8405 3.6154
v 0.9186 1.8511 3.6132
v 0.9438 1.8617 3.6109
v 0.9682 1.8725 3.6086
v 0.9916 1.8838 3.6062
v 1.0140 1.8954 3.6038
v 1.0362 1.9072 3.6013
v 1.0585 1.9188 3.5988
v 1.0812 1.9304 3.5963
v 1.1038 1.9419 3.5939
v 1.1260 1.9537 3.5914
v 1.1474 1.9657 3.5888
v 1.1678 1.9782 3.5862
v 1.1869 1.9911 3.5834
v 1.2046 2.0046 3.5806
v 1.2206 2.0188 3.5776
v 1.2350 2.0336 3.5744
v 1.2475 2.0492 3.5711
v 1.2580 2.0655 3.5676
v 1.2666 2.0826 3.5640
v 1.1244 1.7532 3.7075
v 1.1243 1.7532 3.7075
v 1.1242 1.7533 3.7075
v 1.1241 1.7533 3.7075
v 1.1240 1.7534 3.7075
v 1.1238 1.7534 3.7075
v 1.1235 1.7535 3.7074
v 1.1233 1.7536 3.7074
v 1.1230 1.7537 3.7074
v 1.1227 1.7539 3.7074
v 1.1223 1.7540 3.7073
v 1.1219 1.7542 3.7073
v 1.1215 1.7543 3.7073
v 1.1211 1.7545 3.7072
v 1.1206 1.7547 3.7072
v 1.1201 1.7549 3.7072
v 1.1195 1.7551 3.7071
v 1.1190 1.7554 3.7071
v 1.1183 1.7556 3.7070
v 1.1177 1.7558 3.7070
v 1.1170 1.7561 3.7069
v 1.1177 1.7558 3.7070
v 1.1183 1.7556 3.7070
v 1.1190 1.7553 3.7071
v 1.1195 1.7551 3.7071
v 1.1201 1.7549 3.7072
v 1.1206 1.7547 3.7072
v 1.1211 1.7545 3.7072
v 1.1215 1.7543 3.7073
v 1.1220 1.7542 3.7073
v 1.1223 1.7540 3.7073
v 1.1227 1.7539 3.7074
v 1.1230 1.7537 3.7074
v 1.1233 1.7536 3.7074
v 1.1235 1.7535 3.7074
v 1.1238 1.7534 3.7075
v 1.1240 1.7534 3.7075
v 1.1241 1.7533 3.7075
v 1.1242 1.7533 3.7075
v 1.1243 1.7532 3.7075
v 1.1244 1.7532 3.7075
f 1 42 43
f 1 43 2
f 3691 3733 3732
f 3691 3692 3733
f 2 43 44
f 2 44 3
f 3692 3734 3733
f 3692 3693 3734
f 3 44 45
f 3 45 4
f 3693 3735 3734
f 3693 3694 3735
f 4 45 46
f 4 46 5
f 3694 3736 3735
f 3694 3695 3736
f 5 46 47
f 5 47 6
f 3695 3737 3736
f 3695 3696 3737
f 6 47 48
f 6 48 7
f 3696 3738 3737
f 3696 3697 3738
f 7 48 49
f 7 49 8
f 3697 3739 3738
f 3697 3698 3739
f 8 49 50
f 8 50 9
f 3698 3740 3739
f 3698 3699 3740
f 9 50 51
f 9 51 10
f 3699 3741 3740
f 3699 3700 3741
f 10 51 52
f 10 52 11
f 3700 3742 3741
f 3700 3701 3742
f 11 52 53
f 11 53 12
f 3701 3743 3742
f 3701 3702 3743
f 12 53 54
f 12 54 13
f 3702 3744 3743
f 3702 3703 3744
f 13 54 55
f 13 55 14
f 3703 3745 3744
f 3703 3704 3745
f 14 55 56
f 14 56 15
f 3704 3746 3745
f 3704 3705 3746
f 15 56 57
f 15 57 16
f 3705 3747 3746
f 3705 3706 3747
f 16 57 58
f 16 58 17
f 3706 3748 3747
f 3706 3707 3748
f 17 58 59
f 17 59 18
f 3707 3749 3748
f 3707 3708 3749
f 18 59 60
f 18 60 19
f 3708 3750 3749
f 3708 3709 3750
f 19 60 61
f 19 61 20
f 3709 3751 3750
f 3709 3710 3751
f 20 61 62
f 20 62 21
f 3710 3752 3751
f 3710 3711 3752
f 21 62 63
f 21 63 22
f 3711 3753 3752
f 3711 3712 3753
f 22 63 64
f 22 64 23
f 3712 3754 3753
f 3712 3713 3754
f 23 64 65
f 23 65 24
f 3713 3755 3754
f 3713 3714 3755
f 24 65 66
f 24 66 25
f 3714 3756 3755
f 3714 3715 3756
f 25 66 67
f 25 67 26
f 3715 3757 3756
f 3715 3716 3757
f 26 67 68
f 26 68 27
f 3716 3758 3757
f 3716 3717 3758
f 27 68 69
f 27 69 28
f 3717 3759 3758
f 3717 3718 3759
f 28 69 70
f 28 70 29
f 3718 3760 3759
f 3718 3719 3760
f 29 70 71
f 29 71 30
f 3719 3761 3760
f 3719 3720 3761
f 30 71 72
f 30 72 31
f 3720 3762 3761
f 3720 3721 3762
f 31 72 73
f 31 73 32
f 3721 3763 3762
f 3721 3722 3763
f 32 73 74
f 32 74 33
f 3722 3764 3763
f 3722 3723 3764
f 33 74 75
f 33 75 34
f 3723 3765 3764
f 3723 3724 3765
f 34 75 76
f 34 76 35
f 3724 3766 3765
f 3724 3725 3766
f 35 76 77
f 35 77 36
f 3725 3767 3766
f 3725 3726 3767
f 36 77 78
f 36 78 37
f 3726 3768 3767
f 3726 3727 3768
f 37 78 79
f 37 79 38
f 3727 3769 3768
f 3727 3728 3769
f 38 79 80
f 38 80 39
f 3728 3770 3769
f 3728 3729 3770
f 39 80 81
f 39 81 40
f 3729 3771 3770
f 3729 3730 3771
f 40 81 82
f 40 82 41
f 3730 3772 3771
f 3730 3731 3772
f 42 83 84
f 42 84 43
f 3732 3774 3773
f 3732 3733 3774
f 43 84 85
f 43 85 44
f 3733 3775 3774
f 3733 3734 3775
f 44 85 86
f 44 86 45
f 3734 3776 3775
f 3734 3735 3776
f 45 86 87
f 45 87 46
f 3735 3777 3776
f 3735 3736 3777
f 46 87 88
f 46 88 47
f 3736 3778 3777
f 3736 3737 3778
f 47 88 89
f 47 89 48
f 3737 3779 3778
f 3737 3738 3779
f 48 89 90
f 48 90 49
f 3738 3780 3779
f 3738 3739 3780
f 49 90 91
f 49 91 50
f 3739 3781 3780
f 3739 3740 3781
f 50 91 92
f 50 92 51
f 3740 3782 3781
f 3740 3741 3782
f 51 92 93
f 51 93 52
f 3741 3783 3782
f 3741 3742 3783
f 52 93 94
f 52 94 53
f 3742 3784 3783
f 3742 3743 3784
f 53 94 95
f 53 95 54
f 3743 3785 3784
f 3743 3744 3785
f 54 95 96
f 54 96 55
f 3744 3786 3785
f 3744 3745 3786
f 55 96 97
f 55 97 56
f 3745 3787 3786
f 3745 3746 3787
f 56 97 98
f 56 98 57
f 3746 3788 3787
f 3746 3747 3788
f 57 98 99
f 57 99 58
f 3747 3789 3788
f 3747 3748 3789
f 58 99 100
f 58 100 59
f 3748 3790 3789
f 3748 3749 3790
f 59 100 101
f 59 101 60
f 3749 3791 3790
f 3749 3750 3791
f 60 101 102
f 60 102 61
f 3750 3792 3791
f 3750 3751 3792
f 61 102 103
f 61 103 62
f 3751 3793 3792
f 3751 3752 3793
f 62 103 104
f 62 104 63
f 3752 3794 3793
f 3752 3753 3794
f 63 104 105
f 63 105 64
f 3753 3795 3794
f 3753 3754 3795
f 64 105 106
f 64 106 65
f 3754 3796 3795
f 3754 3755 3796
f 65 106 107
f 65 107 66
f 3755 3797 3796
f 3755 3756 3797
f 66 107 108
f 66 108 67
f 3756 3798 3797
f 3756 3757 3798
f 67 108 109
f 67 109 68
f 3757 3799 3798
f 3757 3758 3799
f 68 109 110
f 68 110 69
f 3758 3800 3799
f 3758 3759 3800
f 69 110 111
f 69 111 70
f 3759 3801 3800
f 3759 3760 3801
f 70 111 112
f 70 112 71
f 3760 3802 3801
f 3760 3761 3802
f 71 112 113
f 71 113 72
f 3761 3803 3802
f 3761 3762 3803
f 72 113 114
f 72 114 73
f 3762 3804 3803
f 3762 3763 3804
f 73 114 115
f 73 115 74
f 3763 3805 3804
f 3763 3764 3805
f 74 115 116
f 74 116 75
f 3764 3806 3805
f 3764 3765 3806
f 75 116 117
f 75 117 76
f 3765 3807 3806
f 3765 3766 3807
f 76 117 118
f 76 118 77
f 3766 3808 3807
f 3766 3767 3808
f 77 118 119
f 77 119 78
f 3767 3809 3808
f 3767 3768 3809
f 78 119 120
f 78 120 79
f 3768 3810 3809
f 3768 3769 3810
f 79 120 121
f 79 121 80
f 3769 3811 3810
f 3769 3770 3811
f 80 121 122
f 80 122 81
f 3770 3812 3811
f 3770 3771 3812
f 81 122 123
f 81 123 82
f 3771 3813 3812
f 3771 3772 3813
f 83 124 125
f 83 125 84
f 3773 3815 3814
f 3773 3774 3815
f 84 125 126
f 84 126 85
f 3774 3816 3815
f 3774 3775 3816
f 85 126 127
f 85 127 86
f 3775 3817 3816
f 3775 3776 3817
f 86 127 128
f 86 128 87
f 3776 3818 3817
f 3776 3777 3818
f 87 128 129
f 87 129 88
f 3777 3819 3818
f 3777 3778 3819
f 88 129 130
f 88 130 89
f 3778 3820 3819
f 3778 3779 3820
f 89 130 131
f 89 131 90
f 3779 3821 3820
f 3779 3780 3821
f 90 131 132
f 90 132 91
f 3780 3822 3821
f 3780 3781 3822
f 91 132 133
f 91 133 92
f 3781 3823 3822
f 3781 3782 3823
f 92 133 134
f 92 134 93
f 3782 3824 3823
f 3782 3783 3824
f 93 134 135
f 93 135 94
f 3783 3825 3824
f 3783 3784 3825
f 94 135 136
f 94 136 95
f 3784 3826 3825
f 3784 3785 3826
f 95 136 137
f 95 137 96
f 3785 3827 3826
f 3785 3786 3827
f 96 137 138
f 96 138 97
f 3786 3828 3827
f 3786 3787 3828
f 97 138 139
f 97 139 98
f 3787 3829 3828
f 3787 3788 3829
f 98 139 140
f 98 140 99
f 3788 3830 3829
f 3788 3789 3830
f 99 140 141
f 99 141 100
f 3789 3831 3830
f 3789 3790 3831
f 100 141 142
f 100 142 101
f 3790 3832 3831
f 3790 3791 3832
f 101 142 143
f 101 143 102
f 3791 3833 3832
f 3791 3792 3833
f 102 143 144
f 102 144 103
f 3792 3834 3833
f 3792 3793 3834
f 103 144 145
f 103 145 104
f 3793 3835 3834
f 3793 3794 3835
f 104 145 146
f 104 146 105
f 3794 3836 3835
f 3794 3795 3836
f 105 146 147
f 105 147 106
f 3795 3837 3836
f 3795 3796 3837
f 106 147 148
f 106 148 107
f 3796 3838 3837
f 3796 3797 3838
f 107 148 149
f 107 149 108
f 3797 3839 3838
f 3797 3798 3839
f 108 149 150
f 108 150 109
f 3798 3840 3839
f 3798 3799 3840
f 109 150 151
f 109 151 110
f 3799 3841 3840
f 3799 3800 3841
f 110 151 152
f 110 152 111
f 3800 3842 3841
f 3800 3801 3842
f 111 152 153
f 111 153 112
f 3801 3843 3842
f 3801 3802 3843
f 112 153 154
f 112 154 113
f 3802 3844 3843
f 3802 3803 3844
f 113 154 155
f 113 155 114
f 3803 3845 3844
f 3803 3804 3845
f 114 155 156
f 114 156 115
f 3804 3846 3845
f 3804 3805 3846
f 115 156 157
f 115 157 116
f 3805 3847 3846
f 3805 3806 3847
f 116 157 158
f 116 158 117
f 3806 3848 3847
f 3806 3807 3848
f 117 158 159
f 117 159 118
f 3807 3849 3848
f 3807 3808 3849
f 118 159 160
f 118 160 119
f 3808 3850 3849
f 3808 3809 3850
f 119 160 161
f 119 161 120
f 3809 3851 3850
f 3809 3810 3851
f 120 161 162
f 120 162 121
f 3810 3852 3851
f 3810 3811 3852
f 121 162 163
f 121 163 122
f 3811 3853 3852
f 3811 3812 3853
f 122 163 164
f 122 164 123
f 3812 3854 3853
f 3812 3813 3854
f 124 165 166
f 124 166 125
f 3814 3856 3855
f 3814 3815 3856
f 125 166 167
f 125 167 126
f 3815 3857 3856
f 3815 3816 3857
f 126 167 168
f 126 168 127
f 3816 3858 3857
f 3816 3817 3858
f 127 168 169
f 127 169 128
f 3817 3859 3858
f 3817 3818 3859
f 128 169 170
f 128 170 129
f 3818 3860 3859
f 3818 3819 3860
f 129 170 171
f 129 171 130
f 3819 3861 3860
f 3819 3820 3861
f 130 171 172
f 130 172 131
f 3820 3862 3861
f 3820 3821 3862
f 131 172 173
f 131 173 132
f 3821 3863 3862
f 3821 3822 3863
f 132 173 174
f 132 174 133
f 3822 3864 3863
f 3822 3823 3864
f 133 174 175
f 133 175 134
f 3823 3865 3864
f 3823 3824 3865
f 134 175 176
f 134 176 135
f 3824 3866 3865
f 3824 3825 3866
f 135 176 177
f 135 177 136
f 3825 3867 3866
f 3825 3826 3867
f 136 177 178
f 136 178 137
f 3826 3868 3867
f 3826 3827 3868
f 137 178 179
f 137 179 138
f 3827 3869 3868
f 3827 3828 3869
f 138 179 180
f 138 180 139
f 3828 3870 3869
f 3828 3829 3870
f 139 180 181
f 139 181 140
f 3829 3871 3870
f 3829 3830 3871
f 140 181 182
f 140 182 141
f 3830 3872 3871
f 3830 3831 3872
f 141 182 183
f 141 183 142
f 3831 3873 3872
f 3831 3832 3873
f 142 183 184
f 142 184 143
f 3832 3874 3873
f 3832 3833 3874
f 143 184 185
f 143 185 144
f 3833 3875 3874
f 3833 3834 3875
f 144 185 186
f 144 186 145
f 3834 3876 3875
f 3834 3835 3876
f 145 186 187
f 145 187 146
f 3835 3877 3876
f 3835 3836 3877
f 146 187 188
f 146 188 147
f 3836 3878 3877
f 3836 3837 3878
f 147 188 189
f 147 189 148
f 3837 3879 3878
f 3837 3838 3879
f 148 189 190
f 148 190 149
f 3838 3880 3879
f 3838 3839 3880
f 149 190 191
f 149 191 150
f 3839 3881 3880
f 3839 3840 3881
f 150 191 192
f 150 192 151
f 3840 3882 3881
f 3840 3841 3882
f 151 192 193
f 151 193 152
f 3841 3883 3882
f 3841 3842 3883
f 152 193 194
f 152 194 153
f 3842 3884 3883
f 3842 3843 3884
f 153 194 195
f 153 195 154
f 3843 3885 3884
f 3843 3844 3885
f 154 195 196
f 154 196 155
f 3844 3886 3885
f 3844 3845 3886
f 155 196 197
f 155 197 156
f 3845 3887 3886
f 3845 3846 3887
f 156 197 198
f 156 198 157
f 3846 3888 3887
f 3846 3847 3888
f 157 198 199
f 157 199 158
f 3847 3889 3888
f 3847 3848 3889
f 158 199 200
f 158 200 159
f 3848 3890 3889
f 3848 3849 3890
f 159 200 201
f 159 201 160
f 3849 3891 3890
f 3849 3850 3891
f 160 201 202
f 160 202 161
f 3850 3892 3891
f 3850 3851 3892
f 161 202 203
f 161 203 162
f 3851 3893 3892
f 3851 3852 3893
f 162 203 204
f 162 204 163
f 3852 3894 3893
f 3852 3853 3894
f 163 204 205
f 163 205 164
f 3853 3895 3894
f 3853 3854 3895
f 165 206 207
f 165 207 166
f 3855 3897 3896
f 3855 3856 3897
f 166 207 208
f 166 208 167
f 3856 3898 3897
f 3856 3857 3898
f 167 208 209
f 167 209 168
f 3857 3899 3898
f 3857 3858 3899
f 168 209 210
f 168 210 169
f 3858 3900 3899
f 3858 3859 3900
f 169 210 211
f 169 211 170
f 3859 3901 3900
f 3859 3860 3901
f 170 211 212
f 170 212 171
f 3860 3902 3901
f 3860 3861 3902
f 171 212 213
f 171 213 172
f 3861 3903 3902
f 3861 3862 3903
f 172 213 214
f 172 214 173
f 3862 3904 3903
f 3862 3863 3904
f 173 214 215
f 173 215 174
f 3863 3905 3904
f 3863 3864 3905
f 174 215 216
f 174 216 175
f 3864 3906 3905
f 3864 3865 3906
f 175 216 217
f 175 217 176
f 3865 3907 3906
f 3865 3866 3907
f 176 217 218
f 176 218 177
f 3866 3908 3907
f 3866 3867 3908
f 177 218 219
f 177 219 178
f 3867 3909 3908
f 3867 3868 3909
f 178 219 220
f 178 220 179
f 3868 3910 3909
f 3868 3869 3910
f 179 220 221
f 179 221 180
f 3869 3911 3910
f 3869 3870 3911
f 180 221 222
f 180 222 181
f 3870 3912 3911
f 3870 3871 3912
f 181 222 223
f 181 223 182
f 3871 3913 3912
f 3871 3872 3913
f 182 223 224
f 182 224 183
f 3872 3914 3913
f 3872 3873 3914
f 183 224 225
f 183 225 184
f 3873 3915 3914
f 3873 3874 3915
f 184 225 226
f 184 226 185
f 3874 3916 3915
f 3874 3875 3916
f 185 226 227
f 185 227 186
f 3875 3917 3916
f 3875 3876 3917
f 186 227 228
f 186 228 187
f 3876 3918 3917
f 3876 3877 3918
f 187 228 229
f 187 229 188
f 3877 3919 3918
f 3877 3878 3919
f 188 229 230
f 188 230 189
f 3878 3920 3919
f 3878 3879 3920
f 189 230 231
f 189 231 190
f 3879 3921 3920
f 3879 3880 3921
f 190 231 232
f 190 232 191
f 3880 3922 3921
f 3880 3881 3922
f 191 232 233
f 191 233 192
f 3881 3923 3922
f 3881 3882 3923
f 192 233 234
f 192 234 193
f 3882 3924 3923
f 3882 3883 3924
f 193 234 235
f 193 235 194
f 3883 3925 3924
f 3883 3884 3925
f 194 235 236
f 194 236 195
f 3884 3926 3925
f 3884 3885 3926
f 195 236 237
f 195 237 196
f 3885 3927 3926
f 3885 3886 3927
f 196 237 238
f 196 238 197
f 3886 3928 3927
f 3886 3887 3928
f 197 238 239
f 197 239 198
f 3887 3929 3928
f 3887 3888 3929
f 198 239 240
f 198 240 199
f 3888 3930 3929
f 3888 3889 3930
f 199 240 241
f 199 241 200
f 3889 3931 3930
f 3889 3890 3931
f 200 241 242
f 200 242 201
f 3890 3932 3931
f 3890 3891 3932
f 201 242 243
f 201 243 202
f 3891 3933 3932
f 3891 3892 3933
f 202 243 244
f 202 244 203
f 3892 3934 3933
f 3892 3893 3934
f 203 244 245
f 203 245 204
f 3893 3935 3934
f 3893 3894 3935
f 204 245 246
f 204 246 205
f 3894 3936 3935
f 3894 3895 3936
f 206 247 248
f 206 248 207
f 3896 3938 3937
f 3896 3897 3938
f 207 248 249
f 207 249 208
f 3897 3939 3938
f 3897 3898 3939
f 208 249 250
f 208 250 209
f 3898 3940 3939
f 3898 3899 3940
f 209 250 251
f 209 251 210
f 3899 3941 3940
f 3899 3900 3941
f 210 251 252
f 210 252 211
f 3900 3942 3941
f 3900 3901 3942
f 211 252 253
f 211 253 212
f 3901 3943 3942
f 3901 3902 3943
f 212 253 254
f 212 254 213
f 3902 3944 3943
f 3902 3903 3944
f 213 254 255
f 213 255 214
f 3903 3945 3944
f 3903 3904 3945
f 214 255 256
f 214 256 215
f 3904 3946 3945
f 3904 3905 3946
f 215 256 257
f 215 257 216
f 3905 3947 3946
f 3905 3906 3947
f 216 257 258
f 216 258 217
f 3906 3948 3947
f 3906 3907 3948
f 217 258 259
f 217 259 218
f 3907 3949 3948
f 3907 3908 3949
f 218 259 260
f 218 260 219
f 3908 3950 3949
f 3908 3909 3950
f 219 260 261
f 219 261 220
f 3909 3951 3950
f 3909 3910 3951
f 220 261 262
f 220 262 221
f 3910 3952 3951
f 3910 3911 3952
f 221 262 263
f 221 263 222
f 3911 3953 3952
f 3911 3912 3953
f 222 263 264
f 222 264 223
f 3912 3954 3953
f 3912 3913 3954
f 223 264 265
f 223 265 224
f 3913 3955 3954
f 3913 3914 3955
f 224 265 266
f 224 266 225
f 3914 3956 3955
f 3914 3915 3956
f 225 266 267
f 225 267 226
f 3915 3957 3956
f 3915 3916 3957
f 226 267 268
f 226 268 227
f 3916 3958 3957
f 3916 3917 3958
f 227 268 269
f 227 269 228
f 3917 3959 3958
f 3917 3918 3959
f 228 269 270
f 228 270 229
f 3918 3960 3959
f 3918 3919 3960
f 229 270 271
f 229 271 230
f 3919 3961 3960
f 3919 3920 3961
f 230 271 272
f 230 272 231
f 3920 3962 3961
f 3920 3921 3962
f 231 272 273
f 231 273 232
f 3921 3963 3962
f 3921 3922 3963
f 232 273 274
f 232 274 233
f 3922 3964 3963
f 3922 3923 3964
f 233 274 275
f 233 275 234
f 3923 3965 3964
f 3923 3924 3965
f 234 275 276
f 234 276 235
f 3924 3966 3965
f 3924 3925 3966
f 235 276 277
f 235 277 236
f 3925 3967 3966
f 3925 3926 3967
f 236 277 278
f 236 278 237
f 3926 3968 3967
f 3926 3927 3968
f 237 278 279
f 237 279 238
f 3927 3969 3968
f 3927 3928 3969
f 238 279 280
f 238 280 239
f 3928 3970 3969
f 3928 3929 3970
f 239 280 281
f 239 281 240
f 3929 3971 3970
f 3929 3930 3971
f 240 281 282
f 240 282 241
f 3930 3972 3971
f 3930 3931 3972
f 241 282 283
f 241 283 242
f 3931 3973 3972
f 3931 3932 3973
f 242 283 284
f 242 284 243
f 3932 3974 3973
f 3932 3933 3974
f 243 284 285
f 243 285 244
f 3933 3975 3974
f 3933 3934 3975
f 244 285 286
f 244 286 245
f 3934 3976 3975
f 3934 3935 3976
f 245 286 287
f 245 287 246
f 3935 3977 3976
f 3935 3936 3977
f 247 288 289
f 247 289 248
f 3937 3979 3978
f 3937 3938 3979
f 248 289 290
f 248 290 249
f 3938 3980 3979
f 3938 3939 3980
f 249 290 291
f 249 291 250
f 3939 3981 3980
f 3939 3940 3981
f 250 291 292
f 250 292 251
f 3940 3982 3981
f 3940 3941 3982
f 251 292 293
f 251 293 252
f 3941 3983 3982
f 3941 3942 3983
f 252 293 294
f 252 294 253
f 3942 3984 3983
f 3942 3943 3984
f 253 294 295
f 253 295 254
f 3943 3985 3984
f 3943 3944 3985
f 254 295 296
f 254 296 255
f 3944 3986 3985
f 3944 3945 3986
f 255 296 297
f 255 297 256
f 3945 3987 3986
f 3945 3946 3987
f 256 297 298
f 256 298 257
f 3946 3988 3987
f 3946 3947 3988
f 257 298 299
f 257 299 258
f 3947 3989 3988
f 3947 3948 3989
f 258 299 300
f 258 300 259
f 3948 3990 3989
f 3948 3949 3990
f 259 300 301
f 259 301 260
f 3949 3991 3990
f 3949 3950 3991
f 260 301 302
f 260 302 261
f 3950 3992 3991
f 3950 3951 3992
f 261 302 303
f 261 303 262
f 3951 3993 3992
f 3951 3952 3993
f 262 303 304
f 262 304 263
f 3952 3994 3993
f 3952 3953 3994
f 263 304 305
f 263 305 264
f 3953 3995 3994
f 3953 3954 3995
f 264 305 306
f 264 306 265
f 3954 3996 3995
f 3954 3955 3996
f 265 306 307
f 265 307 266
f 3955 3997 3996
f 3955 3956 3997
f 266 307 308
f 266 308 267
f 3956 3998 3997
f 3956 3957 3998
f 267 308 309
f 267 309 268
f 3957 3999 3998
f 3957 3958 3999
f 268 309 310
f 268 310 269
f 3958 4000 3999
f 3958 3959 4000
f 269 310 311
f 269 311 270
f 3959 4001 4000
f 3959 3960 4001
f 270 311 312
f 270 312 271
f 3960 4002 4001
f 3960 3961 4002
f 271 312 313
f 271 313 272
f 3961 4003 4002
f 3961 3962 4003
f 272 313 314
f 272 314 273
f 3962 4004 4003
f 3962 3963 4004
f 273 314 315
f 273 315 274
f 3963 4005 4004
f 3963 3964 4005
f 274 315 316
f 274 316 275
f 3964 4006 4005
f 3964 3965 4006
f 275 316 317
f 275 317 276
f 3965 4007 4006
f 3965 3966 4007
f 276 317 318
f 276 318 277
f 3966 4008 4007
f 3966 3967 4008
f 277 318 319
f 277 319 278
f 3967 4009 4008
f 3967 3968 4009
f 278 319 320
f 278 320 279
f 3968 4010 4009
f 3968 3969 4010
f 279 320 321
f 279 321 280
f 3969 4011 4010
f 3969 3970 4011
f 280 321 322
f 280 322 281
f 3970 4012 4011
f 3970 3971 4012
f 281 322 323
f 281 323 282
f 3971 4013 4012
f 3971 3972 4013
f 282 323 324
f 282 324 283
f 3972 4014 4013
f 3972 3973 4014
f 283 324 325
f 283 325 284
f 3973 4015 4014
f 3973 3974 4015
f 284 325 326
f 284 326 285
f 3974 4016 4015
f 3974 3975 4016
f 285 326 327
f 285 327 286
f 3975 4017 4016
f 3975 3976 4017
f 286 327 328
f 286 328 287
f 3976 4018 4017
f 3976 3977 4018
f 288 329 330
f 288 330 289
f 3978 4020 4019
f 3978 3979 4020
f 289 330 331
f 289 331 290
f 3979 4021 4020
f 3979 3980 4021
f 290 331 332
f 290 332 291
f 3980 4022 4021
f 3980 3981 4022
f 291 332 333
f 291 333 292
f 3981 4023 4022
f 3981 3982 4023
f 292 333 334
f 292 334 293
f 3982 4024 4023
f 3982 3983 4024
f 293 334 335
f 293 335 294
f 3983 4025 4024
f 3983 3984 4025
f 294 335 336
f 294 336 295
f 3984 4026 4025
f 3984 3985 4026
f 295 336 337
f 295 337 296
f 3985 4027 4026
f 3985 3986 4027
f 296 337 338
f 296 338 297
f 3986 4028 4027
f 3986 3987 4028
f 297 338 339
f 297 339 298
f 3987 4029 4028
f 3987 3988 4029
f 298 339 340
f 298 340 299
f 3988 4030 4029
f 3988 3989 4030
f 299 340 341
f 299 341 300
f 3989 4031 4030
f 3989 3990 4031
f 300 341 342
f 300 342 301
f 3990 4032 4031
f 3990 3991 4032
f 301 342 343
f 301 343 302
f 3991 4033 4032
f 3991 3992 4033
f 302 343 344
f 302 344 303
f 3992 4034 4033
f 3992 3993 4034
f 303 344 345
f 303 345 304
f 3993 4035 4034
f 3993 3994 4035
f 304 345 346
f 304 346 305
f 3994 4036 4035
f 3994 3995 4036
f 305 346 347
f 305 347 306
f 3995 4037 4036
f 3995 3996 4037
f 306 347 348
f 306 348 307
f 3996 4038 4037
f 3996 3997 4038
f 307 348 349
f 307 349 308
f 3997 4039 4038
f 3997 3998 4039
f 308 349 350
f 308 350 309
f 3998 4040 4039
f 3998 3999 4040
f 309 350 351
f 309 351 310
f 3999 4041 4040
f 3999 4000 4041
f 310 351 352
f 310 352 311
f 4000 4042 4041
f 4000 4001 4042
f 311 352 353
f 311 353 312
f 4001 4043 4042
f 4001 4002 4043
f 312 353 354
f 312 354 313
f 4002 4044 4043
f 4002 4003 4044
f 313 354 355
f 313 355 314
f 4003 4045 4044
f 4003 4004 4045
f 314 355 356
f 314 356 315
f 4004 4046 4045
f 4004 4005 4046
f 315 356 357
f 315 357 316
f 4005 4047 4046
f 4005 4006 4047
f 316 357 358
f 316 358 317
f 4006 4048 4047
f 4006 4007 4048
f 317 358 359
f 317 359 318
f 4007 4049 4048
f 4007 4008 4049
f 318 359 360
f 318 360 319
f 4008 4050 4049
f 4008 4009 4050
f 319 360 361
f 319 361 320
f 4009 4051 4050
f 4009 4010 4051
f 320 361 362
f 320 362 321
f 4010 4052 4051
f 4010 4011 4052
f 321 362 363
f 321 363 322
f 4011 4053 4052
f 4011 4012 4053
f 322 363 364
f 322 364 323
f 4012 4054 4053
f 4012 4013 4054
f 323 364 365
f 323 365 324
f 4013 4055 4054
f 4013 4014 4055
f 324 365 366
f 324 366 325
f 4014 4056 4055
f 4014 4015 4056
f 325 366 367
f 325 367 326
f 4015 4057 4056
f 4015 4016 4057
f 326 367 368
f 326 368 327
f 4016 4058 4057
f 4016 4017 4058
f 327 368 369
f 327 369 328
f 4017 4059 4058
f 4017 4018 4059
f 329 370 371
f 329 371 330
f 4019 4061 4060
f 4019 4020 4061
f 330 371 372
f 330 372 331
f 4020 4062 4061
f 4020 4021 4062
f 331 372 373
f 331 373 332
f 4021 4063 4062
f 4021 4022 4063
f 332 373 374
f 332 374 333
f 4022 4064 4063
f 4022 4023 4064
f 333 374 375
f 333 375 334
f 4023 4065 4064
f 4023 4024 4065
f 334 375 376
f 334 376 335
f 4024 4066 4065
f 4024 4025 4066
f 335 376 377
f 335 377 336
f 4025 4067 4066
f 4025 4026 4067
f 336 377 378
f 336 378 337
f 4026 4068 4067
f 4026 4027 4068
f 337 378 379
f 337 379 338
f 4027 4069 4068
f 4027 4028 4069
f 338 379 380
f 338 380 339
f 4028 4070 4069
f 4028 4029 4070
f 339 380 381
f 339 381 340
f 4029 4071 4070
f 4029 4030 4071
f 340 381 382
f 340 382 341
f 4030 4072 4071
f 4030 4031 4072
f 341 382 383
f 341 383 342
f 4031 4073 4072
f 4031 4032 4073
f 342 383 384
f 342 384 343
f 4032 4074 4073
f 4032 4033 4074
f 343 384 385
f 343 385 344
f 4033 4075 4074
f 4033 4034 4075
f 344 385 386
f 344 386 345
f 4034 4076 4075
f 4034 4035 4076
f 345 386 387
f 345 387 346
f 4035 4077 4076
f 4035 4036 4077
f 346 387 388
f 346 388 347
f 4036 4078 4077
f 4036 4037 4078
f 347 388 389
f 347 389 348
f 4037 4079 4078
f 4037 4038 4079
f 348 389 390
f 348 390 349
f 4038 4080 4079
f 4038 4039 4080
f 349 390 391
f 349 391 350
f 4039 4081 4080
f 4039 4040 4081
f 350 391 392
f 350 392 351
f 4040 4082 4081
f 4040 4041 4082
f 351 392 393
f 351 393 352
f 4041 4083 4082
f 4041 4042 4083
f 352 393 394
f 352 394 353
f 4042 4084 4083
f 4042 4043 4084
f 353 394 395
f 353 395 354
f 4043 4085 4084
f 4043 4044 4085
f 354 395 396
f 354 396 355
f 4044 4086 4085
f 4044 4045 4086
f 355 396 397
f 355 397 356
f 4045 4087 4086
f 4045 4046 4087
f 356 397 398
f 356 398 357
f 4046 4088 4087
f 4046 4047 4088
f 357 398 399
f 357 399 358
f 4047 4089 4088
f 4047 4048 4089
f 358 399 400
f 358 400 359
f 4048 4090 4089
f 4048 4049 4090
f 359 400 401
f 359 401 360
f 4049 4091 4090
f 4049 4050 4091
f 360 401 402
f 360 402 361
f 4050 4092 4091
f 4050 4051 4092
f 361 402 403
f 361 403 362
f 4051 4093 4092
f 4051 4052 4093
f 362 403 404
f 362 404 363
f 4052 4094 4093
f 4052 4053 4094
f 363 404 405
f 363 405 364
f 4053 4095 4094
f 4053 4054 4095
f 364 405 406
f 364 406 365
f 4054 4096 4095
f 4054 4055 4096
f 365 406 407
f 365 407 366
f 4055 4097 4096
f 4055 4056 4097
f 366 407 408
f 366 408 367
f 4056 4098 4097
f 4056 4057 4098
f 367 408 409
f 367 409 368
f 4057 4099 4098
f 4057 4058 4099
f 368 409 410
f 368 410 369
f 4058 4100 4099
f 4058 4059 4100
f 370 411 412
f 370 412 371
f 4060 4102 4101
f 4060 4061 4102
f 371 412 413
f 371 413 372
f 4061 4103 4102
f 4061 4062 4103
f 372 413 414
f 372 414 373
f 4062 4104 4103
f 4062 4063 4104
f 373 414 415
f 373 415 374
f 4063 4105 4104
f 4063 4064 4105
f 374 415 416
f 374 416 375
f 4064 4106 4105
f 4064 4065 4106
f 375 416 417
f 375 417 376
f 4065 4107 4106
f 4065 4066 4107
f 376 417 418
f 376 418 377
f 4066 4108 4107
f 4066 4067 4108
f 377 418 419
f 377 419 378
f 4067 4109 4108
f 4067 4068 4109
f 378 419 420
f 378 420 379
f 4068 4110 4109
f 4068 4069 4110
f 379 420 421
f 379 421 380
f 4069 4111 4110
f 4069 4070 4111
f 380 421 422
f 380 422 381
f 4070 4112 4111
f 4070 4071 4112
f 381 422 423
f 381 423 382
f 4071 4113 4112
f 4071 4072 4113
f 382 423 424
f 382 424 383
f 4072 4114 4113
f 4072 4073 4114
f 383 424 425
f 383 425 384
f 4073 4115 4114
f 4073 4074 4115
f 384 425 426
f 384 426 385
f 4074 4116 4115
f 4074 4075 4116
f 385 426 427
f 385 427 386
f 4075 4117 4116
f 4075 4076 4117
f 386 427 428
f 386 428 387
f 4076 4118 4117
f 4076 4077 4118
f 387 428 429
f 387 429 388
f 4077 4119 4118
f 4077 4078 4119
f 388 429 430
f 388 430 389
f 4078 4120 4119
f 4078 4079 4120
f 389 430 431
f 389 431 390
f 4079 4121 4120
f 4079 4080 4121
f 390 431 432
f 390 432 391
f 4080 4122 4121
f 4080 4081 4122
f 391 432 433
f 391 433 392
f 4081 4123 4122
f 4081 4082 4123
f 392 433 434
f 392 434 393
f 4082 4124 4123
f 4082 4083 4124
f 393 434 435
f 393 435 394
f 4083 4125 4124
f 4083 4084 4125
f 394 435 436
f 394 436 395
f 4084 4126 4125
f 4084 4085 4126
f 395 436 437
f 395 437 396
f 4085 4127 4126
f 4085 4086 4127
f 396 437 438
f 396 438 397
f 4086 4128 4127
f 4086 4087 4128
f 397 438 439
f 397 439 398
f 4087 4129 4128
f 4087 4088 4129
f 398 439 440
f 398 440 399
f 4088 4130 4129
f 4088 4089 4130
f 399 440 441
f 399 441 400
f 4089 4131 4130
f 4089 4090 4131
f 400 441 442
f 400 442 401
f 4090 4132 4131
f 4090 4091 4132
f 401 442 443
f 401 443 402
f 4091 4133 4132
f 4091 4092 4133
f 402 443 444
f 402 444 403
f 4092 4134 4133
f 4092 4093 4134
f 403 444 445
f 403 445 404
f 4093 4135 4134
f 4093 4094 4135
f 404 445 446
f 404 446 405
f 4094 4136 4135
f 4094 4095 4136
f 405 446 447
f 405 447 406
f 4095 4137 4136
f 4095 4096 4137
f 406 447 448
f 406 448 407
f 4096 4138 4137
f 4096 4097 4138
f 407 448 449
f 407 449 408
f 4097 4139 4138
f 4097 4098 4139
f 408 449 450
f 408 450 409
f 4098 4140 4139
f 4098 4099 4140
f 409 450 451
f 409 451 410
f 4099 4141 4140
f 4099 4100 4141
f 411 452 453
f 411 453 412
f 4101 4143 4142
f 4101 4102 4143
f 412 453 454
f 412 454 413
f 4102 4144 4143
f 4102 4103 4144
f 413 454 455
f 413 455 414
f 4103 4145 4144
f 4103 4104 4145
f 414 455 456
f 414 456 415
f 4104 4146 4145
f 4104 4105 4146
f 415 456 457
f 415 457 416
f 4105 4147 4146
f 4105 4106 4147
f 416 457 458
f 416 458 417
f 4106 4148 4147
f 4106 4107 4148
f 417 458 459
f 417 459 418
f 4107 4149 4148
f 4107 4108 4149
f 418 459 460
f 418 460 419
f 4108 4150 4149
f 4108 4109 4150
f 419 460 461
f 419 461 420
f 4109 4151 4150
f 4109 4110 4151
f 420 461 462
f 420 462 421
f 4110 4152 4151
f 4110 4111 4152
f 421 462 463
f 421 463 422
f 4111 4153 4152
f 4111 4112 4153
f 422 463 464
f 422 464 423
f 4112 4154 4153
f 4112 4113 4154
f 423 464 465
f 423 465 424
f 4113 4155 4154
f 4113 4114 4155
f 424 465 466
f 424 466 425
f 4114 4156 4155
f 4114 4115 4156
f 425 466 467
f 425 467 426
f 4115 4157 4156
f 4115 4116 4157
f 426 467 468
f 426 468 427
f 4116 4158 4157
f 4116 4117 4158
f 427 468 469
f 427 469 428
f 4117 4159 4158
f 4117 4118 4159
f 428 469 470
f 428 470 429
f 4118 4160 4159
f 4118 4119 4160
f 429 470 471
f 429 471 430
f 4119 4161 4160
f 4119 4120 4161
f 430 471 472
f 430 472 431
f 4120 4162 4161
f 4120 4121 4162
f 431 472 473
f 431 473 432
f 4121 4163 4162
f 4121 4122 4163
f 432 473 474
f 432 474 433
f 4122 4164 4163
f 4122 4123 4164
f 433 474 475
f 433 475 434
f 4123 4165 4164
f 4123 4124 4165
f 434 475 476
f 434 476 435
f 4124 4166 4165
f 4124 4125 4166
f 435 476 477
f 435 477 436
f 4125 4167 4166
f 4125 4126 4167
f 436 477 478
f 436 478 437
f 4126 4168 4167
f 4126 4127 4168
f 437 478 479
f 437 479 438
f 4127 4169 4168
f 4127 4128 4169
f 438 479 480
f 438 480 439
f 4128 4170 4169
f 4128 4129 4170
f 439 480 481
f 439 481 440
f 4129 4171 4170
f 4129 4130 4171
f 440 481 482
f 440 482 441
f 4130 4172 4171
f 4130 4131 4172
f 441 482 483
f 441 483 442
f 4131 4173 4172
f 4131 4132 4173
f 442 483 484
f 442 484 443
f 4132 4174 4173
f 4132 4133 4174
f 443 484 485
f 443 485 444
f 4133 4175 4174
f 4133 4134 4175
f 444 485 486
f 444 486 445
f 4134 4176 4175
f 4134 4135 4176
f 445 486 487
f 445 487 446
f 4135 4177 4176
f 4135 4136 4177
f 446 487 488
f 446 488 447
f 4136 4178 4177
f 4136 4137 4178
f 447 488 489
f 447 489 448
f 4137 4179 4178
f 4137 4138 4179
f 448 489 490
f 448 490 449
f 4138 4180 4179
f 4138 4139 4180
f 449 490 491
f 449 491 450
f 4139 4181 4180
f 4139 4140 4181
f 450 491 492
f 450 492 451
f 4140 4182 4181
f 4140 4141 4182
f 452 493 494
f 452 494 453
f 4142 4184 4183
f 4142 4143 4184
f 453 494 495
f 453 495 454
f 4143 4185 4184
f 4143 4144 4185
f 454 495 496
f 454 496 455
f 4144 4186 4185
f 4144 4145 4186
f 455 496 497
f 455 497 456
f 4145 4187 4186
f 4145 4146 4187
f 456 497 498
f 456 498 457
f 4146 4188 4187
f 4146 4147 4188
f 457 498 499
f 457 499 458
f 4147 4189 4188
f 4147 4148 4189
f 458 499 500
f 458 500 459
f 4148 4190 4189
f 4148 4149 4190
f 459 500 501
f 459 501 460
f 4149 4191 4190
f 4149 4150 4191
f 460 501 502
f 460 502 461
f 4150 4192 4191
f 4150 4151 4192
f 461 502 503
f 461 503 462
f 4151 4193 4192
f 4151 4152 4193
f 462 503 504
f 462 504 463
f 4152 4194 4193
f 4152 4153 4194
f 463 504 505
f 463 505 464
f 4153 4195 4194
f 4153 4154 4195
f 464 505 506
f 464 506 465
f 4154 4196 4195
f 4154 4155 4196
f 465 506 507
f 465 507 466
f 4155 4197 4196
f 4155 4156 4197
f 466 507 508
f 466 508 467
f 4156 4198 4197
f 4156 4157 4198
f 467 508 509
f 467 509 468
f 4157 4199 4198
f 4157 4158 4199
f 468 509 510
f 468 510 469
f 4158 4200 4199
f 4158 4159 4200
f 469 510 511
f 469 511 470
f 4159 4201 4200
f 4159 4160 4201
f 470 511 512
f 470 512 471
f 4160 4202 4201
f 4160 4161 4202
f 471 512 513
f 471 513 472
f 4161 4203 4202
f 4161 4162 4203
f 472 513 514
f 472 514 473
f 4162 4204 4203
f 4162 4163 4204
f 473 514 515
f 473 515 474
f 4163 4205 4204
f 4163 4164 4205
f 474 515 516
f 474 516 475
f 4164 4206 4205
f 4164 4165 4206
f 475 516 517
f 475 517 476
f 4165 4207 4206
f 4165 4166 4207
f 476 517 518
f 476 518 477
f 4166 4208 4207
f 4166 4167 4208
f 477 518 519
f 477 519 478
f 4167 4209 4208
f 4167 4168 4209
f 478 519 520
f 478 520 479
f 4168 4210 4209
f 4168 4169 4210
f 479 520 521
f 479 521 480
f 4169 4211 4210
f 4169 4170 4211
f 480 521 522
f 480 522 481
f 4170 4212 4211
f 4170 4171 4212
f 481 522 523
f 481 523 482
f 4171 4213 4212
f 4171 4172 4213
f 482 523 524
f 482 524 483
f 4172 4214 4213
f 4172 4173 4214
f 483 524 525
f 483 525 484
f 4173 4215 4214
f 4173 4174 4215
f 484 525 526
f 484 526 485
f 4174 4216 4215
f 4174 4175 4216
f 485 526 527
f 485 527 486
f 4175 4217 4216
f 4175 4176 4217
f 486 527 528
f 486 528 487
f 4176 4218 4217
f 4176 4177 4218
f 487 528 529
f 487 529 488
f 4177 4219 4218
f 4177 4178 4219
f 488 529 530
f 488 530 489
f 4178 4220 4219
f 4178 4179 4220
f 489 530 531
f 489 531 490
f 4179 4221 4220
f 4179 4180 4221
f 490 531 532
f 490 532 491
f 4180 4222 4221
f 4180 4181 4222
f 491 532 533
f 491 533 492
f 4181 4223 4222
f 4181 4182 4223
f 493 534 535
f 493 535 494
f 4183 4225 4224
f 4183 4184 4225
f 494 535 536
f 494 536 495
f 4184 4226 4225
f 4184 4185 4226
f 495 536 537
f 495 537 496
f 4185 4227 4226
f 4185 4186 4227
f 496 537 538
f 496 538 497
f 4186 4228 4227
f 4186 4187 4228
f 497 538 539
f 497 539 498
f 4187 4229 4228
f 4187 4188 4229
f 498 539 540
f 498 540 499
f 4188 4230 4229
f 4188 4189 4230
f 499 540 541
f 499 541 500
f 4189 4231 4230
f 4189 4190 4231
f 500 541 542
f 500 542 501
f 4190 4232 4231
f 4190 4191 4232
f 501 542 543
f 501 543 502
f 4191 4233 4232
f 4191 4192 4233
f 502 543 544
f 502 544 503
f 4192 4234 4233
f 4192 4193 4234
f 503 544 545
f 503 545 504
f 4193 4235 4234
f 4193 4194 4235
f 504 545 546
f 504 546 505
f 4194 4236 4235
f 4194 4195 4236
f 505 546 547
f 505 547 506
f 4195 4237 4236
f 4195 4196 4237
f 506 547 548
f 506 548 507
f 4196 4238 4237
f 4196 4197 4238
f 507 548 549
f 507 549 508
f 4197 4239 4238
f 4197 4198 4239
f 508 549 550
f 508 550 509
f 4198 4240 4239
f 4198 4199 4240
f 509 550 551
f 509 551 510
f 4199 4241 4240
f 4199 4200 4241
f 510 551 552
f 510 552 511
f 4200 4242 4241
f 4200 4201 4242
f 511 552 553
f 511 553 512
f 4201 4243 4242
f 4201 4202 4243
f 512 553 554
f 512 554 513
f 4202 4244 4243
f 4202 4203 4244
f 513 554 555
f 513 555 514
f 4203 4245 4244
f 4203 4204 4245
f 514 555 556
f 514 556 515
f 4204 4246 4245
f 4204 4205 4246
f 515 556 557
f 515 557 516
f 4205 4247 4246
f 4205 4206 4247
f 516 557 558
f 516 558 517
f 4206 4248 4247
f 4206 4207 4248
f 517 558 559
f 517 559 518
f 4207 4249 4248
f 4207 4208 4249
f 518 559 560
f 518 560 519
f 4208 4250 4249
f 4208 4209 4250
f 519 560 561
f 519 561 520
f 4209 4251 4250
f 4209 4210 4251
f 520 561 562
f 520 562 521
f 4210 4252 4251
f 4210 4211 4252
f 521 562 563
f 521 563 522
f 4211 4253 4252
f 4211 4212 4253
f 522 563 564
f 522 564 523
f 4212 4254 4253
f 4212 4213 4254
f 523 564 565
f 523 565 524
f 4213 4255 4254
f 4213 4214 4255
f 524 565 566
f 524 566 525
f 4214 4256 4255
f 4214 4215 4256
f 525 566 567
f 525 567 526
f 4215 4257 4256
f 4215 4216 4257
f 526 567 568
f 526 568 527
f 4216 4258 4257
f 4216 4217 4258
f 527 568 569
f 527 569 528
f 4217 4259 4258
f 4217 4218 4259
f 528 569 570
f 528 570 529
f 4218 4260 4259
f 4218 4219 4260
f 529 570 571
f 529 571 530
f 4219 4261 4260
f 4219 4220 4261
f 530 571 572
f 530 572 531
f 4220 4262 4261
f 4220 4221 4262
f 531 572 573
f 531 573 532
f 4221 4263 4262
f 4221 4222 4263
f 532 573 574
f 532 574 533
f 4222 4264 4263
f 4222 4223 4264
f 534 575 576
f 534 576 535
f 4224 4266 4265
f 4224 4225 4266
f 535 576 577
f 535 577 536
f 4225 4267 4266
f 4225 4226 4267
f 536 577 578
f 536 578 537
f 4226 4268 4267
f 4226 4227 4268
f 537 578 579
f 537 579 538
f 4227 4269 4268
f 4227 4228 4269
f 538 579 580
f 538 580 539
f 4228 4270 4269
f 4228 4229 4270
f 539 580 581
f 539 581 540
f 4229 4271 4270
f 4229 4230 4271
f 540 581 582
f 540 582 541
f 4230 4272 4271
f 4230 4231 4272
f 541 582 583
f 541 583 542
f 4231 4273 4272
f 4231 4232 4273
f 542 583 584
f 542 584 543
f 4232 4274 4273
f 4232 4233 4274
f 543 584 585
f 543 585 544
f 4233 4275 4274
f 4233 4234 4275
f 544 585 586
f 544 586 545
f 4234 4276 4275
f 4234 4235 4276
f 545 586 587
f 545 587 546
f 4235 4277 4276
f 4235 4236 4277
f 546 587 588
f 546 588 547
f 4236 4278 4277
f 4236 4237 4278
f 547 588 589
f 547 589 548
f 4237 4279 4278
f 4237 4238 4279
f 548 589 590
f 548 590 549
f 4238 4280 4279
f 4238 4239 4280
f 549 590 591
f 549 591 550
f 4239 4281 4280
f 4239 4240 4281
f 550 591 592
f 550 592 551
f 4240 4282 4281
f 4240 4241 4282
f 551 592 593
f 551 593 552
f 4241 4283 4282
f 4241 4242 4283
f 552 593 594
f 552 594 553
f 4242 4284 4283
f 4242 4243 4284
f 553 594 595
f 553 595 554
f 4243 4285 4284
f 4243 4244 4285
f 554 595 596
f 554 596 555
f 4244 4286 4285
f 4244 4245 4286
f 555 596 597
f 555 597 556
f 4245 4287 4286
f 4245 4246 4287
f 556 597 598
f 556 598 557
f 4246 4288 4287
f 4246 4247 4288
f 557 598 599
f 557 599 558
f 4247 4289 4288
f 4247 4248 4289
f 558 599 600
f 558 600 559
f 4248 4290 4289
f 4248 4249 4290
f 559 600 601
f 559 601 560
f 4249 4291 4290
f 4249 4250 4291
f 560 601 602
f 560 602 561
f 4250 4292 4291
f 4250 4251 4292
f 561 602 603
f 561 603 562
f 4251 4293 4292
f 4251 4252 4293
f 562 603 604
f 562 604 563
f 4252 4294 4293
f 4252 4253 4294
f 563 604 605
f 563 605 564
f 4253 4295 4294
f 4253 4254 4295
f 564 605 606
f 564 606 565
f 4254 4296 4295
f 4254 4255 4296
f 565 606 607
f 565 607 566
f 4255 4297 4296
f 4255 4256 4297
f 566 607 608
f 566 608 567
f 4256 4298 4297
f 4256 4257 4298
f 567 608 609
f 567 609 568
f 4257 4299 4298
f 4257 4258 4299
f 568 609 610
f 568 610 569
f 4258 4300 4299
f 4258 4259 4300
f 569 610 611
f 569 611 570
f 4259 4301 4300
f 4259 4260 4301
f 570 611 612
f 570 612 571
f 4260 4302 4301
f 4260 4261 4302
f 571 612 613
f 571 613 572
f 4261 4303 4302
f 4261 4262 4303
f 572 613 614
f 572 614 573
f 4262 4304 4303
f 4262 4263 4304
f 573 614 615
f 573 615 574
f 4263 4305 4304
f 4263 4264 4305
f 575 616 617
f 575 617 576
f 4265 4307 4306
f 4265 4266 4307
f 576 617 618
f 576 618 577
f 4266 4308 4307
f 4266 4267 4308
f 577 618 619
f 577 619 578
f 4267 4309 4308
f 4267 4268 4309
f 578 619 620
f 578 620 579
f 4268 4310 4309
f 4268 4269 4310
f 579 620 621
f 579 621 580
f 4269 4311 4310
f 4269 4270 4311
f 580 621 622
f 580 622 581
f 4270 4312 4311
f 4270 4271 4312
f 581 622 623
f 581 623 582
f 4271 4313 4312
f 4271 4272 4313
f 582 623 624
f 582 624 583
f 4272 4314 4313
f 4272 4273 4314
f 583 624 625
f 583 625 584
f 4273 4315 4314
f 4273 4274 4315
f 584 625 626
f 584 626 585
f 4274 4316 4315
f 4274 4275 4316
f 585 626 627
f 585 627 586
f 4275 4317 4316
f 4275 4276 4317
f 586 627 628
f 586 628 587
f 4276 4318 4317
f 4276 4277 4318
f 587 628 629
f 587 629 588
f 4277 4319 4318
f 4277 4278 4319
f 588 629 630
f 588 630 589
f 4278 4320 4319
f 4278 4279 4320
f 589 630 631
f 589 631 590
f 4279 4321 4320
f 4279 4280 4321
f 590 631 632
f 590 632 591
f 4280 4322 4321
f 4280 4281 4322
f 591 632 633
f 591 633 592
f 4281 4323 4322
f 4281 4282 4323
f 592 633 634
f 592 634 593
f 4282 4324 4323
f 4282 4283 4324
f 593 634 635
f 593 635 594
f 4283 4325 4324
f 4283 4284 4325
f 594 635 636
f 594 636 595
f 4284 4326 4325
f 4284 4285 4326
f 595 636 637
f 595 637 596
f 4285 4327 4326
f 4285 4286 4327
f 596 637 638
f 596 638 597
f 4286 4328 4327
f 4286 4287 4328
f 597 638 639
f 597 639 598
f 4287 4329 4328
f 4287 4288 4329
f 598 639 640
f 598 640 599
f 4288 4330 4329
f 4288 4289 4330
f 599 640 641
f 599 641 600
f 4289 4331 4330
f 4289 4290 4331
f 600 641 642
f 600 642 601
f 4290 4332 4331
f 4290 4291 4332
f 601 642 643
f 601 643 602
f 4291 4333 4332
f 4291 4292 4333
f 602 643 644
f 602 644 603
f 4292 4334 4333
f 4292 4293 4334
f 603 644 645
f 603 645 604
f 4293 4335 4334
f 4293 4294 4335
f 604 645 646
f 604 646 605
f 4294 4336 4335
f 4294 4295 4336
f 605 646 647
f 605 647 606
f 4295 4337 4336
f 4295 4296 4337
f 606 647 648
f 606 648 607
f 4296 4338 4337
f 4296 4297 4338
f 607 648 649
f 607 649 608
f 4297 4339 4338
f 4297 4298 4339
f 608 649 650
f 608 650 609
f 4298 4340 4339
f 4298 4299 4340
f 609 650 651
f 609 651 610
f 4299 4341 4340
f 4299 4300 4341
f 610 651 652
f 610 652 611
f 4300 4342 4341
f 4300 4301 4342
f 611 652 653
f 611 653 612
f 4301 4343 4342
f 4301 4302 4343
f 612 653 654
f 612 654 613
f 4302 4344 4343
f 4302 4303 4344
f 613 654 655
f 613 655 614
f 4303 4345 4344
f 4303 4304 4345
f 614 655 656
f 614 656 615
f 4304 4346 4345
f 4304 4305 4346
f 616 657 658
f 616 658 617
f 4306 4348 4347
f 4306 4307 4348
f 617 658 659
f 617 659 618
f 4307 4349 4348
f 4307 4308 4349
f 618 659 660
f 618 660 619
f 4308 4350 4349
f 4308 4309 4350
f 619 660 661
f 619 661 620
f 4309 4351 4350
f 4309 4310 4351
f 620 661 662
f 620 662 621
f 4310 4352 4351
f 4310 4311 4352
f 621 662 663
f 621 663 622
f 4311 4353 4352
f 4311 4312 4353
f 622 663 664
f 622 664 623
f 4312 4354 4353
f 4312 4313 4354
f 623 664 665
f 623 665 624
f 4313 4355 4354
f 4313 4314 4355
f 624 665 666
f 624 666 625
f 4314 4356 4355
f 4314 4315 4356
f 625 666 667
f 625 667 626
f 4315 4357 4356
f 4315 4316 4357
f 626 667 668
f 626 668 627
f 4316 4358 4357
f 4316 4317 4358
f 627 668 669
f 627 669 628
f 4317 4359 4358
f 4317 4318 4359
f 628 669 670
f 628 670 629
f 4318 4360 4359
f 4318 4319 4360
f 629 670 671
f 629 671 630
f 4319 4361 4360
f 4319 4320 4361
f 630 671 672
f 630 672 631
f 4320 4362 4361
f 4320 4321 4362
f 631 672 673
f 631 673 632
f 4321 4363 4362
f 4321 4322 4363
f 632 673 674
f 632 674 633
f 4322 4364 4363
f 4322 4323 4364
f 633 674 675
f 633 675 634
f 4323 4365 4364
f 4323 4324 4365
f 634 675 676
f 634 676 635
f 4324 4366 4365
f 4324 4325 4366
f 635 676 677
f 635 677 636
f 4325 4367 4366
f 4325 4326 4367
f 636 677 678
f 636 678 637
f 4326 4368 4367
f 4326 4327 4368
f 637 678 679
f 637 679 638
f 4327 4369 4368
f 4327 4328 4369
f 638 679 680
f 638 680 639
f 4328 4370 4369
f 4328 4329 4370
f 639 680 681
f 639 681 640
f 4329 4371 4370
f 4329 4330 4371
f 640 681 682
f 640 682 641
f 4330 4372 4371
f 4330 4331 4372
f 641 682 683
f 641 683 642
f 4331 4373 4372
f 4331 4332 4373
f 642 683 684
f 642 684 643
f 4332 4374 4373
f 4332 4333 4374
f 643 684 685
f 643 685 644
f 4333 4375 4374
f 4333 4334 4375
f 644 685 686
f 644 686 645
f 4334 4376 4375
f 4334 4335 4376
f 645 686 687
f 645 687 646
f 4335 4377 4376
f 4335 4336 4377
f 646 687 688
f 646 688 647
f 4336 4378 4377
f 4336 4337 4378
f 647 688 689
f 647 689 648
f 4337 4379 4378
f 4337 4338 4379
f 648 689 690
f 648 690 649
f 4338 4380 4379
f 4338 4339 4380
f 649 690 691
f 649 691 650
f 4339 4381 4380
f 4339 4340 4381
f 650 691 692
f 650 692 651
f 4340 4382 4381
f 4340 4341 4382
f 651 692 693
f 651 693 652
f 4341 4383 4382
f 4341 4342 4383
f 652 693 694
f 652 694 653
f 4342 4384 4383
f 4342 4343 4384
f 653 694 695
f 653 695 654
f 4343 4385 4384
f 4343 4344 4385
f 654 695 696
f 654 696 655
f 4344 4386 4385
f 4344 4345 4386
f 655 696 697
f 655 697 656
f 4345 4387 4386
f 4345 4346 4387
f 657 698 699
f 657 699 658
f 4347 4389 4388
f 4347 4348 4389
f 658 699 700
f 658 700 659
f 4348 4390 4389
f 4348 4349 4390
f 659 700 701
f 659 701 660
f 4349 4391 4390
f 4349 4350 4391
f 660 701 702
f 660 702 661
f 4350 4392 4391
f 4350 4351 4392
f 661 702 703
f 661 703 662
f 4351 4393 4392
f 4351 4352 4393
f 662 703 704
f 662 704 663
f 4352 4394 4393
f 4352 4353 4394
f 663 704 705
f 663 705 664
f 4353 4395 4394
f 4353 4354 4395
f 664 705 706
f 664 706 665
f 4354 4396 4395
f 4354 4355 4396
f 665 706 707
f 665 707 666
f 4355 4397 4396
f 4355 4356 4397
f 666 707 708
f 666 708 667
f 4356 4398 4397
f 4356 4357 4398
f 667 708 709
f 667 709 668
f 4357 4399 4398
f 4357 4358 4399
f 668 709 710
f 668 710 669
f 4358 4400 4399
f 4358 4359 4400
f 669 710 711
f 669 711 670
f 4359 4401 4400
f 4359 4360 4401
f 670 711 712
f 670 712 671
f 4360 4402 4401
f 4360 4361 4402
f 671 712 713
f 671 713 672
f 4361 4403 4402
f 4361 4362 4403
f 672 713 714
f 672 714 673
f 4362 4404 4403
f 4362 4363 4404
f 673 714 715
f 673 715 674
f 4363 4405 4404
f 4363 4364 4405
f 674 715 716
f 674 716 675
f 4364 4406 4405
f 4364 4365 4406
f 675 716 717
f 675 717 676
f 4365 4407 4406
f 4365 4366 4407
f 676 717 718
f 676 718 677
f 4366 4408 4407
f 4366 4367 4408
f 677 718 719
f 677 719 678
f 4367 4409 4408
f 4367 4368 4409
f 678 719 720
f 678 720 679
f 4368 4410 4409
f 4368 4369 4410
f 679 720 721
f 679 721 680
f 4369 4411 4410
f 4369 4370 4411
f 680 721 722
f 680 722 681
f 4370 4412 4411
f 4370 4371 4412
f 681 722 723
f 681 723 682
f 4371 4413 4412
f 4371 4372 4413
f 682 723 724
f 682 724 683
f 4372 4414 4413
f 4372 4373 4414
f 683 724 725
f 683 725 684
f 4373 4415 4414
f 4373 4374 4415
f 684 725 726
f 684 726 685
f 4374 4416 4415
f 4374 4375 4416
f 685 726 727
f 685 727 686
f 4375 4417 4416
f 4375 4376 4417
f 686 727 728
f 686 728 687
f 4376 4418 4417
f 4376 4377 4418
f 687 728 729
f 687 729 688
f 4377 4419 4418
f 4377 4378 4419
f 688 729 730
f 688 730 689
f 4378 4420 4419
f 4378 4379 4420
f 689 730 731
f 689 731 690
f 4379 4421 4420
f 4379 4380 4421
f 690 731 732
f 690 732 691
f 4380 4422 4421
f 4380 4381 4422
f 691 732 733
f 691 733 692
f 4381 4423 4422
f 4381 4382 4423
f 692 733 734
f 692 734 693
f 4382 4424 4423
f 4382 4383 4424
f 693 734 735
f 693 735 694
f 4383 4425 4424
f 4383 4384 4425
f 694 735 736
f 694 736 695
f 4384 4426 4425
f 4384 4385 4426
f 695 736 737
f 695 737 696
f 4385 4427 4426
f 4385 4386 4427
f 696 737 738
f 696 738 697
f 4386 4428 4427
f 4386 4387 4428
f 698 739 740
f 698 740 699
f 4388 4430 4429
f 4388 4389 4430
f 699 740 741
f 699 741 700
f 4389 4431 4430
f 4389 4390 4431
f 700 741 742
f 700 742 701
f 4390 4432 4431
f 4390 4391 4432
f 701 742 743
f 701 743 702
f 4391 4433 4432
f 4391 4392 4433
f 702 743 744
f 702 744 703
f 4392 4434 4433
f 4392 4393 4434
f 703 744 745
f 703 745 704
f 4393 4435 4434
f 4393 4394 4435
f 704 745 746
f 704 746 705
f 4394 4436 4435
f 4394 4395 4436
f 705 746 747
f 705 747 706
f 4395 4437 4436
f 4395 4396 4437
f 706 747 748
f 706 748 707
f 4396 4438 4437
f 4396 4397 4438
f 707 748 749
f 707 749 708
f 4397 4439 4438
f 4397 4398 4439
f 708 749 750
f 708 750 709
f 4398 4440 4439
f 4398 4399 4440
f 709 750 751
f 709 751 710
f 4399 4441 4440
f 4399 4400 4441
f 710 751 752
f 710 752 711
f 4400 4442 4441
f 4400 4401 4442
f 711 752 753
f 711 753 712
f 4401 4443 4442
f 4401 4402 4443
f 712 753 754
f 712 754 713
f 4402 4444 4443
f 4402 4403 4444
f 713 754 755
f 713 755 714
f 4403 4445 4444
f 4403 4404 4445
f 714 755 756
f 714 756 715
f 4404 4446 4445
f 4404 4405 4446
f 715 756 757
f 715 757 716
f 4405 4447 4446
f 4405 4406 4447
f 716 757 758
f 716 758 717
f 4406 4448 4447
f 4406 4407 4448
f 717 758 759
f 717 759 718
f 4407 4449 4448
f 4407 4408 4449
f 718 759 760
f 718 760 719
f 4408 4450 4449
f 4408 4409 4450
f 719 760 761
f 719 761 720
f 4409 4451 4450
f 4409 4410 4451
f 720 761 762
f 720 762 721
f 4410 4452 4451
f 4410 4411 4452
f 721 762 763
f 721 763 722
f 4411 4453 4452
f 4411 4412 4453
f 722 763 764
f 722 764 723
f 4412 4454 4453
f 4412 4413 4454
f 723 764 765
f 723 765 724
f 4413 4455 4454
f 4413 4414 4455
f 724 765 766
f 724 766 725
f 4414 4456 4455
f 4414 4415 4456
f 725 766 767
f 725 767 726
f 4415 4457 4456
f 4415 4416 4457
f 726 767 768
f 726 768 727
f 4416 4458 4457
f 4416 4417 4458
f 727 768 769
f 727 769 728
f 4417 4459 4458
f 4417 4418 4459
f 728 769 770
f 728 770 729
f 4418 4460 4459
f 4418 4419 4460
f 729 770 771
f 729 771 730
f 4419 4461 4460
f 4419 4420 4461
f 730 771 772
f 730 772 731
f 4420 4462 4461
f 4420 4421 4462
f 731 772 773
f 731 773 732
f 4421 4463 4462
f 4421 4422 4463
f 732 773 774
f 732 774 733
f 4422 4464 4463
f 4422 4423 4464
f 733 774 775
f 733 775 734
f 4423 4465 4464
f 4423 4424 4465
f 734 775 776
f 734 776 735
f 4424 4466 4465
f 4424 4425 4466
f 735 776 777
f 735 777 736
f 4425 4467 4466
f 4425 4426 4467
f 736 777 778
f 736 778 737
f 4426 4468 4467
f 4426 4427 4468
f 737 778 779
f 737 779 738
f 4427 4469 4468
f 4427 4428 4469
f 739 780 781
f 739 781 740
f 4429 4471 4470
f 4429 4430 4471
f 740 781 782
f 740 782 741
f 4430 4472 4471
f 4430 4431 4472
f 741 782 783
f 741 783 742
f 4431 4473 4472
f 4431 4432 4473
f 742 783 784
f 742 784 743
f 4432 4474 4473
f 4432 4433 4474
f 743 784 785
f 743 785 744
f 4433 4475 4474
f 4433 4434 4475
f 744 785 786
f 744 786 745
f 4434 4476 4475
f 4434 4435 4476
f 745 786 787
f 745 787 746
f 4435 4477 4476
f 4435 4436 4477
f 746 787 788
f 746 788 747
f 4436 4478 4477
f 4436 4437 4478
f 747 788 789
f 747 789 748
f 4437 4479 4478
f 4437 4438 4479
f 748 789 790
f 748 790 749
f 4438 4480 4479
f 4438 4439 4480
f 749 790 791
f 749 791 750
f 4439 4481 4480
f 4439 4440 4481
f 750 791 792
f 750 792 751
f 4440 4482 4481
f 4440 4441 4482
f 751 792 793
f 751 793 752
f 4441 4483 4482
f 4441 4442 4483
f 752 793 794
f 752 794 753
f 4442 4484 4483
f 4442 4443 4484
f 753 794 795
f 753 795 754
f 4443 4485 4484
f 4443 4444 4485
f 754 795 796
f 754 796 755
f 4444 4486 4485
f 4444 4445 4486
f 755 796 797
f 755 797 756
f 4445 4487 4486
f 4445 4446 4487
f 756 797 798
f 756 798 757
f 4446 4488 4487
f 4446 4447 4488
f 757 798 799
f 757 799 758
f 4447 4489 4488
f 4447 4448 4489
f 758 799 800
f 758 800 759
f 4448 4490 4489
f 4448 4449 4490
f 759 800 801
f 759 801 760
f 4449 4491 4490
f 4449 4450 4491
f 760 801 802
f 760 802 761
f 4450 4492 4491
f 4450 4451 4492
f 761 802 803
f 761 803 762
f 4451 4493 4492
f 4451 4452 4493
f 762 803 804
f 762 804 763
f 4452 4494 4493
f 4452 4453 4494
f 763 804 805
f 763 805 764
f 4453 4495 4494
f 4453 4454 4495
f 764 805 806
f 764 806 765
f 4454 4496 4495
f 4454 4455 4496
f 765 806 807
f 765 807 766
f 4455 4497 4496
f 4455 4456 4497
f 766 807 808
f 766 808 767
f 4456 4498 4497
f 4456 4457 4498
f 767 808 809
f 767 809 768
f 4457 4499 4498
f 4457 4458 4499
f 768 809 810
f 768 810 769
f 4458 4500 4499
f 4458 4459 4500
f 769 810 811
f 769 811 770
f 4459 4501 4500
f 4459 4460 4501
f 770 811 812
f 770 812 771
f 4460 4502 4501
f 4460 4461 4502
f 771 812 813
f 771 813 772
f 4461 4503 4502
f 4461 4462 4503
f 772 813 814
f 772 814 773
f 4462 4504 4503
f 4462 4463 4504
f 773 814 815
f 773 815 774
f 4463 4505 4504
f 4463 4464 4505
f 774 815 816
f 774 816 775
f 4464 4506 4505
f 4464 4465 4506
f 775 816 817
f 775 817 776
f 4465 4507 4506
f 4465 4466 4507
f 776 817 818
f 776 818 777
f 4466 4508 4507
f 4466 4467 4508
f 777 818 819
f 777 819 778
f 4467 4509 4508
f 4467 4468 4509
f 778 819 820
f 778 820 779
f 4468 4510 4509
f 4468 4469 4510
f 780 821 822
f 780 822 781
f 4470 4512 4511
f 4470 4471 4512
f 781 822 823
f 781 823 782
f 4471 4513 4512
f 4471 4472 4513
f 782 823 824
f 782 824 783
f 4472 4514 4513
f 4472 4473 4514
f 783 824 825
f 783 825 784
f 4473 4515 4514
f 4473 4474 4515
f 784 825 826
f 784 826 785
f 4474 4516 4515
f 4474 4475 4516
f 785 826 827
f 785 827 786
f 4475 4517 4516
f 4475 4476 4517
f 786 827 828
f 786 828 787
f 4476 4518 4517
f 4476 4477 4518
f 787 828 829
f 787 829 788
f 4477 4519 4518
f 4477 4478 4519
f 788 829 830
f 788 830 789
f 4478 4520 4519
f 4478 4479 4520
f 789 830 831
f 789 831 790
f 4479 4521 4520
f 4479 4480 4521
f 790 831 832
f 790 832 791
f 4480 4522 4521
f 4480 4481 4522
f 791 832 833
f 791 833 792
f 4481 4523 4522
f 4481 4482 4523
f 792 833 834
f 792 834 793
f 4482 4524 4523
f 4482 4483 4524
f 793 834 835
f 793 835 794
f 4483 4525 4524
f 4483 4484 4525
f 794 835 836
f 794 836 795
f 4484 4526 4525
f 4484 4485 4526
f 795 836 837
f 795 837 796
f 4485 4527 4526
f 4485 4486 4527
f 796 837 838
f 796 838 797
f 4486 4528 4527
f 4486 4487 4528
f 797 838 839
f 797 839 798
f 4487 4529 4528
f 4487 4488 4529
f 798 839 840
f 798 840 799
f 4488 4530 4529
f 4488 4489 4530
f 799 840 841
f 799 841 800
f 4489 4531 4530
f 4489 4490 4531
f 800 841 842
f 800 842 801
f 4490 4532 4531
f 4490 4491 4532
f 801 842 843
f 801 843 802
f 4491 4533 4532
f 4491 4492 4533
f 802 843 844
f 802 844 803
f 4492 4534 4533
f 4492 4493 4534
f 803 844 845
f 803 845 804
f 4493 4535 4534
f 4493 4494 4535
f 804 845 846
f 804 846 805
f 4494 4536 4535
f 4494 4495 4536
f 805 846 847
f 805 847 806
f 4495 4537 4536
f 4495 4496 4537
f 806 847 848
f 806 848 807
f 4496 4538 4537
f 4496 4497 4538
f 807 848 849
f 807 849 808
f 4497 4539 4538
f 4497 4498 4539
f 808 849 850
f 808 850 809
f 4498 4540 4539
f 4498 4499 4540
f 809 850 851
f 809 851 810
f 4499 4541 4540
f 4499 4500 4541
f 810 851 852
f 810 852 811
f 4500 4542 4541
f 4500 4501 4542
f 811 852 853
f 811 853 812
f 4501 4543 4542
f 4501 4502 4543
f 812 853 854
f 812 854 813
f 4502 4544 4543
f 4502 4503 4544
f 813 854 855
f 813 855 814
f 4503 4545 4544
f 4503 4504 4545
f 814 855 856
f 814 856 815
f 4504 4546 4545
f 4504 4505 4546
f 815 856 857
f 815 857 816
f 4505 4547 4546
f 4505 4506 4547
f 816 857 858
f 816 858 817
f 4506 4548 4547
f 4506 4507 4548
f 817 858 859
f 817 859 818
f 4507 4549 4548
f 4507 4508 4549
f 818 859 860
f 818 860 819
f 4508 4550 4549
f 4508 4509 4550
f 819 860 861
f 819 861 820
f 4509 4551 4550
f 4509 4510 4551
f 821 862 863
f 821 863 822
f 4511 4553 4552
f 4511 4512 4553
f 822 863 864
f 822 864 823
f 4512 4554 4553
f 4512 4513 4554
f 823 864 865
f 823 865 824
f 4513 4555 4554
f 4513 4514 4555
f 824 865 866
f 824 866 825
f 4514 4556 4555
f 4514 4515 4556
f 825 866 867
f 825 867 826
f 4515 4557 4556
f 4515 4516 4557
f 826 867 868
f 826 868 827
f 4516 4558 4557
f 4516 4517 4558
f 827 868 869
f 827 869 828
f 4517 4559 4558
f 4517 4518 4559
f 828 869 870
f 828 870 829
f 4518 4560 4559
f 4518 4519 4560
f 829 870 871
f 829 871 830
f 4519 4561 4560
f 4519 4520 4561
f 830 871 872
f 830 872 831
f 4520 4562 4561
f 4520 4521 4562
f 831 872 873
f 831 873 832
f 4521 4563 4562
f 4521 4522 4563
f 832 873 874
f 832 874 833
f 4522 4564 4563
f 4522 4523 4564
f 833 874 875
f 833 875 834
f 4523 4565 4564
f 4523 4524 4565
f 834 875 876
f 834 876 835
f 4524 4566 4565
f 4524 4525 4566
f 835 876 877
f 835 877 836
f 4525 4567 4566
f 4525 4526 4567
f 836 877 878
f 836 878 837
f 4526 4568 4567
f 4526 4527 4568
f 837 878 879
f 837 879 838
f 4527 4569 4568
f 4527 4528 4569
f 838 879 880
f 838 880 839
f 4528 4570 4569
f 4528 4529 4570
f 839 880 881
f 839 881 840
f 4529 4571 4570
f 4529 4530 4571
f 840 881 882
f 840 882 841
f 4530 4572 4571
f 4530 4531 4572
f 841 882 883
f 841 883 842
f 4531 4573 4572
f 4531 4532 4573
f 842 883 884
f 842 884 843
f 4532 4574 4573
f 4532 4533 4574
f 843 884 885
f 843 885 844
f 4533 4575 4574
f 4533 4534 4575
f 844 885 886
f 844 886 845
f 4534 4576 4575
f 4534 4535 4576
f 845 886 887
f 845 887 846
f 4535 4577 4576
f 4535 4536 4577
f 846 887 888
f 846 888 847
f 4536 4578 4577
f 4536 4537 4578
f 847 888 889
f 847 889 848
f 4537 4579 4578
f 4537 4538 4579
f 848 889 890
f 848 890 849
f 4538 4580 4579
f 4538 4539 4580
f 849 890 891
f 849 891 850
f 4539 4581 4580
f 4539 4540 4581
f 850 891 892
f 850 892 851
f 4540 4582 4581
f 4540 4541 4582
f 851 892 893
f 851 893 852
f 4541 4583 4582
f 4541 4542 4583
f 852 893 894
f 852 894 853
f 4542 4584 4583
f 4542 4543 4584
f 853 894 895
f 853 895 854
f 4543 4585 4584
f 4543 4544 4585
f 854 895 896
f 854 896 855
f 4544 4586 4585
f 4544 4545 4586
f 855 896 897
f 855 897 856
f 4545 4587 4586
f 4545 4546 4587
f 856 897 898
f 856 898 857
f 4546 4588 4587
f 4546 4547 4588
f 857 898 899
f 857 899 858
f 4547 4589 4588
f 4547 4548 4589
f 858 899 900
f 858 900 859
f 4548 4590 4589
f 4548 4549 4590
f 859 900 901
f 859 901 860
f 4549 4591 4590
f 4549 4550 4591
f 860 901 902
f 860 902 861
f 4550 4592 4591
f 4550 4551 4592
f 862 903 904
f 862 904 863
f 4552 4594 4593
f 4552 4553 4594
f 863 904 905
f 863 905 864
f 4553 4595 4594
f 4553 4554 4595
f 864 905 906
f 864 906 865
f 4554 4596 4595
f 4554 4555 4596
f 865 906 907
f 865 907 866
f 4555 4597 4596
f 4555 4556 4597
f 866 907 908
f 866 908 867
f 4556 4598 4597
f 4556 4557 4598
f 867 908 909
f 867 909 868
f 4557 4599 4598
f 4557 4558 4599
f 868 909 910
f 868 910 869
f 4558 4600 4599
f 4558 4559 4600
f 869 910 911
f 869 911 870
f 4559 4601 4600
f 4559 4560 4601
f 870 911 912
f 870 912 871
f 4560 4602 4601
f 4560 4561 4602
f 871 912 913
f 871 913 872
f 4561 4603 4602
f 4561 4562 4603
f 872 913 914
f 872 914 873
f 4562 4604 4603
f 4562 4563 4604
f 873 914 915
f 873 915 874
f 4563 4605 4604
f 4563 4564 4605
f 874 915 916
f 874 916 875
f 4564 4606 4605
f 4564 4565 4606
f 875 916 917
f 875 917 876
f 4565 4607 4606
f 4565 4566 4607
f 876 917 918
f 876 918 877
f 4566 4608 4607
f 4566 4567 4608
f 877 918 919
f 877 919 878
f 4567 4609 4608
f 4567 4568 4609
f 878 919 920
f 878 920 879
f 4568 4610 4609
f 4568 4569 4610
f 879 920 921
f 879 921 880
f 4569 4611 4610
f 4569 4570 4611
f 880 921 922
f 880 922 881
f 4570 4612 4611
f 4570 4571 4612
f 881 922 923
f 881 923 882
f 4571 4613 4612
f 4571 4572 4613
f 882 923 924
f 882 924 883
f 4572 4614 4613
f 4572 4573 4614
f 883 924 925
f 883 925 884
f 4573 4615 4614
f 4573 4574 4615
f 884 925 926
f 884 926 885
f 4574 4616 4615
f 4574 4575 4616
f 885 926 927
f 885 927 886
f 4575 4617 4616
f 4575 4576 4617
f 886 927 928
f 886 928 887
f 4576 4618 4617
f 4576 4577 4618
f 887 928 929
f 887 929 888
f 4577 4619 4618
f 4577 4578 4619
f 888 929 930
f 888 930 889
f 4578 4620 4619
f 4578 4579 4620
f 889 930 931
f 889 931 890
f 4579 4621 4620
f 4579 4580 4621
f 890 931 932
f 890 932 891
f 4580 4622 4621
f 4580 4581 4622
f 891 932 933
f 891 933 892
f 4581 4623 4622
f 4581 4582 4623
f 892 933 934
f 892 934 893
f 4582 4624 4623
f 4582 4583 4624
f 893 934 935
f 893 935 894
f 4583 4625 4624
f 4583 4584 4625
f 894 935 936
f 894 936 895
f 4584 4626 4625
f 4584 4585 4626
f 895 936 937
f 895 937 896
f 4585 4627 4626
f 4585 4586 4627
f 896 937 938
f 896 938 897
f 4586 4628 4627
f 4586 4587 4628
f 897 938 939
f 897 939 898
f 4587 4629 4628
f 4587 4588 4629
f 898 939 940
f 898 940 899
f 4588 4630 4629
f 4588 4589 4630
f 899 940 941
f 899 941 900
f 4589 4631 4630
f 4589 4590 4631
f 900 941 942
f 900 942 901
f 4590 4632 4631
f 4590 4591 4632
f 901 942 943
f 901 943 902
f 4591 4633 4632
f 4591 4592 4633
f 903 944 945
f 903 945 904
f 4593 4635 4634
f 4593 4594 4635
f 904 945 946
f 904 946 905
f 4594 4636 4635
f 4594 4595 4636
f 905 946 947
f 905 947 906
f 4595 4637 4636
f 4595 4596 4637
f 906 947 948
f 906 948 907
f 4596 4638 4637
f 4596 4597 4638
f 907 948 949
f 907 949 908
f 4597 4639 4638
f 4597 4598 4639
f 908 949 950
f 908 950 909
f 4598 4640 4639
f 4598 4599 4640
f 909 950 951
f 909 951 910
f 4599 4641 4640
f 4599 4600 4641
f 910 951 952
f 910 952 911
f 4600 4642 4641
f 4600 4601 4642
f 911 952 953
f 911 953 912
f 4601 4643 4642
f 4601 4602 4643
f 912 953 954
f 912 954 913
f 4602 4644 4643
f 4602 4603 4644
f 913 954 955
f 913 955 914
f 4603 4645 4644
f 4603 4604 4645
f 914 955 956
f 914 956 915
f 4604 4646 4645
f 4604 4605 4646
f 915 956 957
f 915 957 916
f 4605 4647 4646
f 4605 4606 4647
f 916 957 958
f 916 958 917
f 4606 4648 4647
f 4606 4607 4648
f 917 958 959
f 917 959 918
f 4607 4649 4648
f 4607 4608 4649
f 918 959 960
f 918 960 919
f 4608 4650 4649
f 4608 4609 4650
f 919 960 961
f 919 961 920
f 4609 4651 4650
f 4609 4610 4651
f 920 961 962
f 920 962 921
f 4610 4652 4651
f 4610 4611 4652
f 921 962 963
f 921 963 922
f 4611 4653 4652
f 4611 4612 4653
f 922 963 964
f 922 964 923
f 4612 4654 4653
f 4612 4613 4654
f 923 964 965
f 923 965 924
f 4613 4655 4654
f 4613 4614 4655
f 924 965 966
f 924 966 925
f 4614 4656 4655
f 4614 4615 4656
f 925 966 967
f 925 967 926
f 4615 4657 4656
f 4615 4616 4657
f 926 967 968
f 926 968 927
f 4616 4658 4657
f 4616 4617 4658
f 927 968 969
f 927 969 928
f 4617 4659 4658
f 4617 4618 4659
f 928 969 970
f 928 970 929
f 4618 4660 4659
f 4618 4619 4660
f 929 970 971
f 929 971 930
f 4619 4661 4660
f 4619 4620 4661
f 930 971 972
f 930 972 931
f 4620 4662 4661
f 4620 4621 4662
f 931 972 973
f 931 973 932
f 4621 4663 4662
f 4621 4622 4663
f 932 973 974
f 932 974 933
f 4622 4664 4663
f 4622 4623 4664
f 933 974 975
f 933 975 934
f 4623 4665 4664
f 4623 4624 4665
f 934 975 976
f 934 976 935
f 4624 4666 4665
f 4624 4625 4666
f 935 976 977
f 935 977 936
f 4625 4667 4666
f 4625 4626 4667
f 936 977 978
f 936 978 937
f 4626 4668 4667
f 4626 4627 4668
f 937 978 979
f 937 979 938
f 4627 4669 4668
f 4627 4628 4669
f 938 979 980
f 938 980 939
f 4628 4670 4669
f 4628 4629 4670
f 939 980 981
f 939 981 940
f 4629 4671 4670
f 4629 4630 4671
f 940 981 982
f 940 982 941
f 4630 4672 4671
f 4630 4631 4672
f 941 982 983
f 941 983 942
f 4631 4673 4672
f 4631 4632 4673
f 942 983 984
f 942 984 943
f 4632 4674 4673
f 4632 4633 4674
f 944 985 986
f 944 986 945
f 4634 4676 4675
f 4634 4635 4676
f 945 986 987
f 945 987 946
f 4635 4677 4676
f 4635 4636 4677
f 946 987 988
f 946 988 947
f 4636 4678 4677
f 4636 4637 4678
f 947 988 989
f 947 989 948
f 4637 4679 4678
f 4637 4638 4679
f 948 989 990
f 948 990 949
f 4638 4680 4679
f 4638 4639 4680
f 949 990 991
f 949 991 950
f 4639 4681 4680
f 4639 4640 4681
f 950 991 992
f 950 992 951
f 4640 4682 4681
f 4640 4641 4682
f 951 992 993
f 951 993 952
f 4641 4683 4682
f 4641 4642 4683
f 952 993 994
f 952 994 953
f 4642 4684 4683
f 4642 4643 4684
f 953 994 995
f 953 995 954
f 4643 4685 4684
f 4643 4644 4685
f 954 995 996
f 954 996 955
f 4644 4686 4685
f 4644 4645 4686
f 955 996 997
f 955 997 956
f 4645 4687 4686
f 4645 4646 4687
f 956 997 998
f 956 998 957
f 4646 4688 4687
f 4646 4647 4688
f 957 998 999
f 957 999 958
f 4647 4689 4688
f 4647 4648 4689
f 958 999 1000
f 958 1000 959
f 4648 4690 4689
f 4648 4649 4690
f 959 1000 1001
f 959 1001 960
f 4649 4691 4690
f 4649 4650 4691
f 960 1001 1002
f 960 1002 961
f 4650 4692 4691
f 4650 4651 4692
f 961 1002 1003
f 961 1003 962
f 4651 4693 4692
f 4651 4652 4693
f 962 1003 1004
f 962 1004 963
f 4652 4694 4693
f 4652 4653 4694
f 963 1004 1005
f 963 1005 964
f 4653 4695 4694
f 4653 4654 4695
f 964 1005 1006
f 964 1006 965
f 4654 4696 4695
f 4654 4655 4696
f 965 1006 1007
f 965 1007 966
f 4655 4697 4696
f 4655 4656 4697
f 966 1007 1008
f 966 1008 967
f 4656 4698 4697
f 4656 4657 4698
f 967 1008 1009
f 967 1009 968
f 4657 4699 4698
f 4657 4658 4699
f 968 1009 1010
f 968 1010 969
f 4658 4700 4699
f 4658 4659 4700
f 969 1010 1011
f 969 1011 970
f 4659 4701 4700
f 4659 4660 4701
f 970 1011 1012
f 970 1012 971
f 4660 4702 4701
f 4660 4661 4702
f 971 1012 1013
f 971 1013 972
f 4661 4703 4702
f 4661 4662 4703
f 972 1013 1014
f 972 1014 973
f 4662 4704 4703
f 4662 4663 4704
f 973 1014 1015
f 973 1015 974
f 4663 4705 4704
f 4663 4664 4705
f 974 1015 1016
f 974 1016 975
f 4664 4706 4705
f 4664 4665 4706
f 975 1016 1017
f 975 1017 976
f 4665 4707 4706
f 4665 4666 4707
f 976 1017 1018
f 976 1018 977
f 4666 4708 4707
f 4666 4667 4708
f 977 1018 1019
f 977 1019 978
f 4667 4709 4708
f 4667 4668 4709
f 978 1019 1020
f 978 1020 979
f 4668 4710 4709
f 4668 4669 4710
f 979 1020 1021
f 979 1021 980
f 4669 4711 4710
f 4669 4670 4711
f 980 1021 1022
f 980 1022 981
f 4670 4712 4711
f 4670 4671 4712
f 981 1022 1023
f 981 1023 982
f 4671 4713 4712
f 4671 4672 4713
f 982 1023 1024
f 982 1024 983
f 4672 4714 4713
f 4672 4673 4714
f 983 1024 1025
f 983 1025 984
f 4673 4715 4714
f 4673 4674 4715
f 985 1026 1027
f 985 1027 986
f 4675 4717 4716
f 4675 4676 4717
f 986 1027 1028
f 986 1028 987
f 4676 4718 4717
f 4676 4677 4718
f 987 1028 1029
f 987 1029 988
f 4677 4719 4718
f 4677 4678 4719
f 988 1029 1030
f 988 1030 989
f 4678 4720 4719
f 4678 4679 4720
f 989 1030 1031
f 989 1031 990
f 4679 4721 4720
f 4679 4680 4721
f 990 1031 1032
f 990 1032 991
f 4680 4722 4721
f 4680 4681 4722
f 991 1032 1033
f 991 1033 992
f 4681 4723 4722
f 4681 4682 4723
f 992 1033 1034
f 992 1034 993
f 4682 4724 4723
f 4682 4683 4724
f 993 1034 1035
f 993 1035 994
f 4683 4725 4724
f 4683 4684 4725
f 994 1035 1036
f 994 1036 995
f 4684 4726 4725
f 4684 4685 4726
f 995 1036 1037
f 995 1037 996
f 4685 4727 4726
f 4685 4686 4727
f 996 1037 1038
f 996 1038 997
f 4686 4728 4727
f 4686 4687 4728
f 997 1038 1039
f 997 1039 998
f 4687 4729 4728
f 4687 4688 4729
f 998 1039 1040
f 998 1040 999
f 4688 4730 4729
f 4688 4689 4730
f 999 1040 1041
f 999 1041 1000
f 4689 4731 4730
f 4689 4690 4731
f 1000 1041 1042
f 1000 1042 1001
f 4690 4732 4731
f 4690 4691 4732
f 1001 1042 1043
f 1001 1043 1002
f 4691 4733 4732
f 4691 4692 4733
f 1002 1043 1044
f 1002 1044 1003
f 4692 4734 4733
f 4692 4693 4734
f 1003 1044 1045
f 1003 1045 1004
f 4693 4735 4734
f 4693 4694 4735
f 1004 1045 1046
f 1004 1046 1005
f 4694 4736 4735
f 4694 4695 4736
f 1005 1046 1047
f 1005 1047 1006
f 4695 4737 4736
f 4695 4696 4737
f 1006 1047 1048
f 1006 1048 1007
f 4696 4738 4737
f 4696 4697 4738
f 1007 1048 1049
f 1007 1049 1008
f 4697 4739 4738
f 4697 4698 4739
f 1008 1049 1050
f 1008 1050 1009
f 4698 4740 4739
f 4698 4699 4740
f 1009 1050 1051
f 1009 1051 1010
f 4699 4741 4740
f 4699 4700 4741
f 1010 1051 1052
f 1010 1052 1011
f 4700 4742 4741
f 4700 4701 4742
f 1011 1052 1053
f 1011 1053 1012
f 4701 4743 4742
f 4701 4702 4743
f 1012 1053 1054
f 1012 1054 1013
f 4702 4744 4743
f 4702 4703 4744
f 1013 1054 1055
f 1013 1055 1014
f 4703 4745 4744
f 4703 4704 4745
f 1014 1055 1056
f 1014 1056 1015
f 4704 4746 4745
f 4704 4705 4746
f 1015 1056 1057
f 1015 1057 1016
f 4705 4747 4746
f 4705 4706 4747
f 1016 1057 1058
f 1016 1058 1017
f 4706 4748 4747
f 4706 4707 4748
f 1017 1058 1059
f 1017 1059 1018
f 4707 4749 4748
f 4707 4708 4749
f 1018 1059 1060
f 1018 1060 1019
f 4708 4750 4749
f 4708 4709 4750
f 1019 1060 1061
f 1019 1061 1020
f 4709 4751 4750
f 4709 4710 4751
f 1020 1061 1062
f 1020 1062 1021
f 4710 4752 4751
f 4710 4711 4752
f 1021 1062 1063
f 1021 1063 1022
f 4711 4753 4752
f 4711 4712 4753
f 1022 1063 1064
f 1022 1064 1023
f 4712 4754 4753
f 4712 4713 4754
f 1023 1064 1065
f 1023 1065 1024
f 4713 4755 4754
f 4713 4714 4755
f 1024 1065 1066
f 1024 1066 1025
f 4714 4756 4755
f 4714 4715 4756
f 1026 1067 1068
f 1026 1068 1027
f 4716 4758 4757
f 4716 4717 4758
f 1027 1068 1069
f 1027 1069 1028
f 4717 4759 4758
f 4717 4718 4759
f 1028 1069 1070
f 1028 1070 1029
f 4718 4760 4759
f 4718 4719 4760
f 1029 1070 1071
f 1029 1071 1030
f 4719 4761 4760
f 4719 4720 4761
f 1030 1071 1072
f 1030 1072 1031
f 4720 4762 4761
f 4720 4721 4762
f 1031 1072 1073
f 1031 1073 1032
f 4721 4763 4762
f 4721 4722 4763
f 1032 1073 1074
f 1032 1074 1033
f 4722 4764 4763
f 4722 4723 4764
f 1033 1074 1075
f 1033 1075 1034
f 4723 4765 4764
f 4723 4724 4765
f 1034 1075 1076
f 1034 1076 1035
f 4724 4766 4765
f 4724 4725 4766
f 1035 1076 1077
f 1035 1077 1036
f 4725 4767 4766
f 4725 4726 4767
f 1036 1077 1078
f 1036 1078 1037
f 4726 4768 4767
f 4726 4727 4768
f 1037 1078 1079
f 1037 1079 1038
f 4727 4769 4768
f 4727 4728 4769
f 1038 1079 1080
f 1038 1080 1039
f 4728 4770 4769
f 4728 4729 4770
f 1039 1080 1081
f 1039 1081 1040
f 4729 4771 4770
f 4729 4730 4771
f 1040 1081 1082
f 1040 1082 1041
f 4730 4772 4771
f 4730 4731 4772
f 1041 1082 1083
f 1041 1083 1042
f 4731 4773 4772
f 4731 4732 4773
f 1042 1083 1084
f 1042 1084 1043
f 4732 4774 4773
f 4732 4733 4774
f 1043 1084 1085
f 1043 1085 1044
f 4733 4775 4774
f 4733 4734 4775
f 1044 1085 1086
f 1044 1086 1045
f 4734 4776 4775
f 4734 4735 4776
f 1045 1086 1087
f 1045 1087 1046
f 4735 4777 4776
f 4735 4736 4777
f 1046 1087 1088
f 1046 1088 1047
f 4736 4778 4777
f 4736 4737 4778
f 1047 1088 1089
f 1047 1089 1048
f 4737 4779 4778
f 4737 4738 4779
f 1048 1089 1090
f 1048 1090 1049
f 4738 4780 4779
f 4738 4739 4780
f 1049 1090 1091
f 1049 1091 1050
f 4739 4781 4780
f 4739 4740 4781
f 1050 1091 1092
f 1050 1092 1051
f 4740 4782 4781
f 4740 4741 4782
f 1051 1092 1093
f 1051 1093 1052
f 4741 4783 4782
f 4741 4742 4783
f 1052 1093 1094
f 1052 1094 1053
f 4742 4784 4783
f 4742 4743 4784
f 1053 1094 1095
f 1053 1095 1054
f 4743 4785 4784
f 4743 4744 4785
f 1054 1095 1096
f 1054 1096 1055
f 4744 4786 4785
f 4744 4745 4786
f 1055 1096 1097
f 1055 1097 1056
f 4745 4787 4786
f 4745 4746 4787
f 1056 1097 1098
f 1056 1098 1057
f 4746 4788 4787
f 4746 4747 4788
f 1057 1098 1099
f 1057 1099 1058
f 4747 4789 4788
f 4747 4748 4789
f 1058 1099 1100
f 1058 1100 1059
f 4748 4790 4789
f 4748 4749 4790
f 1059 1100 1101
f 1059 1101 1060
f 4749 4791 4790
f 4749 4750 4791
f 1060 1101 1102
f 1060 1102 1061
f 4750 4792 4791
f 4750 4751 4792
f 1061 1102 1103
f 1061 1103 1062
f 4751 4793 4792
f 4751 4752 4793
f 1062 1103 1104
f 1062 1104 1063
f 4752 4794 4793
f 4752 4753 4794
f 1063 1104 1105
f 1063 1105 1064
f 4753 4795 4794
f 4753 4754 4795
f 1064 1105 1106
f 1064 1106 1065
f 4754 4796 4795
f 4754 4755 4796
f 1065 1106 1107
f 1065 1107 1066
f 4755 4797 4796
f 4755 4756 4797
f 1067 1108 1109
f 1067 1109 1068
f 4757 4799 4798
f 4757 4758 4799
f 1068 1109 1110
f 1068 1110 1069
f 4758 4800 4799
f 4758 4759 4800
f 1069 1110 1111
f 1069 1111 1070
f 4759 4801 4800
f 4759 4760 4801
f 1070 1111 1112
f 1070 1112 1071
f 4760 4802 4801
f 4760 4761 4802
f 1071 1112 1113
f 1071 1113 1072
f 4761 4803 4802
f 4761 4762 4803
f 1072 1113 1114
f 1072 1114 1073
f 4762 4804 4803
f 4762 4763 4804
f 1073 1114 1115
f 1073 1115 1074
f 4763 4805 4804
f 4763 4764 4805
f 1074 1115 1116
f 1074 1116 1075
f 4764 4806 4805
f 4764 4765 4806
f 1075 1116 1117
f 1075 1117 1076
f 4765 4807 4806
f 4765 4766 4807
f 1076 1117 1118
f 1076 1118 1077
f 4766 4808 4807
f 4766 4767 4808
f 1077 1118 1119
f 1077 1119 1078
f 4767 4809 4808
f 4767 4768 4809
f 1078 1119 1120
f 1078 1120 1079
f 4768 4810 4809
f 4768 4769 4810
f 1079 1120 1121
f 1079 1121 1080
f 4769 4811 4810
f 4769 4770 4811
f 1080 1121 1122
f 1080 1122 1081
f 4770 4812 4811
f 4770 4771 4812
f 1081 1122 1123
f 1081 1123 1082
f 4771 4813 4812
f 4771 4772 4813
f 1082 1123 1124
f 1082 1124 1083
f 4772 4814 4813
f 4772 4773 4814
f 1083 1124 1125
f 1083 1125 1084
f 4773 4815 4814
f 4773 4774 4815
f 1084 1125 1126
f 1084 1126 1085
f 4774 4816 4815
f 4774 4775 4816
f 1085 1126 1127
f 1085 1127 1086
f 4775 4817 4816
f 4775 4776 4817
f 1086 1127 1128
f 1086 1128 1087
f 4776 4818 4817
f 4776 4777 4818
f 1087 1128 1129
f 1087 1129 1088
f 4777 4819 4818
f 4777 4778 4819
f 1088 1129 1130
f 1088 1130 1089
f 4778 4820 4819
f 4778 4779 4820
f 1089 1130 1131
f 1089 1131 1090
f 4779 4821 4820
f 4779 4780 4821
f 1090 1131 1132
f 1090 1132 1091
f 4780 4822 4821
f 4780 4781 4822
f 1091 1132 1133
f 1091 1133 1092
f 4781 4823 4822
f 4781 4782 4823
f 1092 1133 1134
f 1092 1134 1093
f 4782 4824 4823
f 4782 4783 4824
f 1093 1134 1135
f 1093 1135 1094
f 4783 4825 4824
f 4783 4784 4825
f 1094 1135 1136
f 1094 1136 1095
f 4784 4826 4825
f 4784 4785 4826
f 1095 1136 1137
f 1095 1137 1096
f 4785 4827 4826
f 4785 4786 4827
f 1096 1137 1138
f 1096 1138 1097
f 4786 4828 4827
f 4786 4787 4828
f 1097 1138 1139
f 1097 1139 1098
f 4787 4829 4828
f 4787 4788 4829
f 1098 1139 1140
f 1098 1140 1099
f 4788 4830 4829
f 4788 4789 4830
f 1099 1140 1141
f 1099 1141 1100
f 4789 4831 4830
f 4789 4790 4831
f 1100 1141 1142
f 1100 1142 1101
f 4790 4832 4831
f 4790 4791 4832
f 1101 1142 1143
f 1101 1143 1102
f 4791 4833 4832
f 4791 4792 4833
f 1102 1143 1144
f 1102 1144 1103
f 4792 4834 4833
f 4792 4793 4834
f 1103 1144 1145
f 1103 1145 1104
f 4793 4835 4834
f 4793 4794 4835
f 1104 1145 1146
f 1104 1146 1105
f 4794 4836 4835
f 4794 4795 4836
f 1105 1146 1147
f 1105 1147 1106
f 4795 4837 4836
f 4795 4796 4837
f 1106 1147 1148
f 1106 1148 1107
f 4796 4838 4837
f 4796 4797 4838
f 1108 1149 1150
f 1108 1150 1109
f 4798 4840 4839
f 4798 4799 4840
f 1109 1150 1151
f 1109 1151 1110
f 4799 4841 4840
f 4799 4800 4841
f 1110 1151 1152
f 1110 1152 1111
f 4800 4842 4841
f 4800 4801 4842
f 1111 1152 1153
f 1111 1153 1112
f 4801 4843 4842
f 4801 4802 4843
f 1112 1153 1154
f 1112 1154 1113
f 4802 4844 4843
f 4802 4803 4844
f 1113 1154 1155
f 1113 1155 1114
f 4803 4845 4844
f 4803 4804 4845
f 1114 1155 1156
f 1114 1156 1115
f 4804 4846 4845
f 4804 4805 4846
f 1115 1156 1157
f 1115 1157 1116
f 4805 4847 4846
f 4805 4806 4847
f 1116 1157 1158
f 1116 1158 1117
f 4806 4848 4847
f 4806 4807 4848
f 1117 1158 1159
f 1117 1159 1118
f 4807 4849 4848
f 4807 4808 4849
f 1118 1159 1160
f 1118 1160 1119
f 4808 4850 4849
f 4808 4809 4850
f 1119 1160 1161
f 1119 1161 1120
f 4809 4851 4850
f 4809 4810 4851
f 1120 1161 1162
f 1120 1162 1121
f 4810 4852 4851
f 4810 4811 4852
f 1121 1162 1163
f 1121 1163 1122
f 4811 4853 4852
f 4811 4812 4853
f 1122 1163 1164
f 1122 1164 1123
f 4812 4854 4853
f 4812 4813 4854
f 1123 1164 1165
f 1123 1165 1124
f 4813 4855 4854
f 4813 4814 4855
f 1124 1165 1166
f 1124 1166 1125
f 4814 4856 4855
f 4814 4815 4856
f 1125 1166 1167
f 1125 1167 1126
f 4815 4857 4856
f 4815 4816 4857
f 1126 1167 1168
f 1126 1168 1127
f 4816 4858 4857
f 4816 4817 4858
f 1127 1168 1169
f 1127 1169 1128
f 4817 4859 4858
f 4817 4818 4859
f 1128 1169 1170
f 1128 1170 1129
f 4818 4860 4859
f 4818 4819 4860
f 1129 1170 1171
f 1129 1171 1130
f 4819 4861 4860
f 4819 4820 4861
f 1130 1171 1172
f 1130 1172 1131
f 4820 4862 4861
f 4820 4821 4862
f 1131 1172 1173
f 1131 1173 1132
f 4821 4863 4862
f 4821 4822 4863
f 1132 1173 1174
f 1132 1174 1133
f 4822 4864 4863
f 4822 4823 4864
f 1133 1174 1175
f 1133 1175 1134
f 4823 4865 4864
f 4823 4824 4865
f 1134 1175 1176
f 1134 1176 1135
f 4824 4866 4865
f 4824 4825 4866
f 1135 1176 1177
f 1135 1177 1136
f 4825 4867 4866
f 4825 4826 4867
f 1136 1177 1178
f 1136 1178 1137
f 4826 4868 4867
f 4826 4827 4868
f 1137 1178 1179
f 1137 1179 1138
f 4827 4869 4868
f 4827 4828 4869
f 1138 1179 1180
f 1138 1180 1139
f 4828 4870 4869
f 4828 4829 4870
f 1139 1180 1181
f 1139 1181 1140
f 4829 4871 4870
f 4829 4830 4871
f 1140 1181 1182
f 1140 1182 1141
f 4830 4872 4871
f 4830 4831 4872
f 1141 1182 1183
f 1141 1183 1142
f 4831 4873 4872
f 4831 4832 4873
f 1142 1183 1184
f 1142 1184 1143
f 4832 4874 4873
f 4832 4833 4874
f 1143 1184 1185
f 1143 1185 1144
f 4833 4875 4874
f 4833 4834 4875
f 1144 1185 1186
f 1144 1186 1145
f 4834 4876 4875
f 4834 4835 4876
f 1145 1186 1187
f 1145 1187 1146
f 4835 4877 4876
f 4835 4836 4877
f 1146 1187 1188
f 1146 1188 1147
f 4836 4878 4877
f 4836 4837 4878
f 1147 1188 1189
f 1147 1189 1148
f 4837 4879 4878
f 4837 4838 4879
f 1149 1190 1191
f 1149 1191 1150
f 4839 4881 4880
f 4839 4840 4881
f 1150 1191 1192
f 1150 1192 1151
f 4840 4882 4881
f 4840 4841 4882
f 1151 1192 1193
f 1151 1193 1152
f 4841 4883 4882
f 4841 4842 4883
f 1152 1193 1194
f 1152 1194 1153
f 4842 4884 4883
f 4842 4843 4884
f 1153 1194 1195
f 1153 1195 1154
f 4843 4885 4884
f 4843 4844 4885
f 1154 1195 1196
f 1154 1196 1155
f 4844 4886 4885
f 4844 4845 4886
f 1155 1196 1197
f 1155 1197 1156
f 4845 4887 4886
f 4845 4846 4887
f 1156 1197 1198
f 1156 1198 1157
f 4846 4888 4887
f 4846 4847 4888
f 1157 1198 1199
f 1157 1199 1158
f 4847 4889 4888
f 4847 4848 4889
f 1158 1199 1200
f 1158 1200 1159
f 4848 4890 4889
f 4848 4849 4890
f 1159 1200 1201
f 1159 1201 1160
f 4849 4891 4890
f 4849 4850 4891
f 1160 1201 1202
f 1160 1202 1161
f 4850 4892 4891
f 4850 4851 4892
f 1161 1202 1203
f 1161 1203 1162
f 4851 4893 4892
f 4851 4852 4893
f 1162 1203 1204
f 1162 1204 1163
f 4852 4894 4893
f 4852 4853 4894
f 1163 1204 1205
f 1163 1205 1164
f 4853 4895 4894
f 4853 4854 4895
f 1164 1205 1206
f 1164 1206 1165
f 4854 4896 4895
f 4854 4855 4896
f 1165 1206 1207
f 1165 1207 1166
f 4855 4897 4896
f 4855 4856 4897
f 1166 1207 1208
f 1166 1208 1167
f 4856 4898 4897
f 4856 4857 4898
f 1167 1208 1209
f 1167 1209 1168
f 4857 4899 4898
f 4857 4858 4899
f 1168 1209 1210
f 1168 1210 1169
f 4858 4900 4899
f 4858 4859 4900
f 1169 1210 1211
f 1169 1211 1170
f 4859 4901 4900
f 4859 4860 4901
f 1170 1211 1212
f 1170 1212 1171
f 4860 4902 4901
f 4860 4861 4902
f 1171 1212 1213
f 1171 1213 1172
f 4861 4903 4902
f 4861 4862 4903
f 1172 1213 1214
f 1172 1214 1173
f 4862 4904 4903
f 4862 4863 4904
f 1173 1214 1215
f 1173 1215 1174
f 4863 4905 4904
f 4863 4864 4905
f 1174 1215 1216
f 1174 1216 1175
f 4864 4906 4905
f 4864 4865 4906
f 1175 1216 1217
f 1175 1217 1176
f 4865 4907 4906
f 4865 4866 4907
f 1176 1217 1218
f 1176 1218 1177
f 4866 4908 4907
f 4866 4867 4908
f 1177 1218 1219
f 1177 1219 1178
f 4867 4909 4908
f 4867 4868 4909
f 1178 1219 1220
f 1178 1220 1179
f 4868 4910 4909
f 4868 4869 4910
f 1179 1220 1221
f 1179 1221 1180
f 4869 4911 4910
f 4869 4870 4911
f 1180 1221 1222
f 1180 1222 1181
f 4870 4912 4911
f 4870 4871 4912
f 1181 1222 1223
f 1181 1223 1182
f 4871 4913 4912
f 4871 4872 4913
f 1182 1223 1224
f 1182 1224 1183
f 4872 4914 4913
f 4872 4873 4914
f 1183 1224 1225
f 1183 1225 1184
f 4873 4915 4914
f 4873 4874 4915
f 1184 1225 1226
f 1184 1226 1185
f 4874 4916 4915
f 4874 4875 4916
f 1185 1226 1227
f 1185 1227 1186
f 4875 4917 4916
f 4875 4876 4917
f 1186 1227 1228
f 1186 1228 1187
f 4876 4918 4917
f 4876 4877 4918
f 1187 1228 1229
f 1187 1229 1188
f 4877 4919 4918
f 4877 4878 4919
f 1188 1229 1230
f 1188 1230 1189
f 4878 4920 4919
f 4878 4879 4920
f 1190 1231 1232
f 1190 1232 1191
f 4880 4922 4921
f 4880 4881 4922
f 1191 1232 1233
f 1191 1233 1192
f 4881 4923 4922
f 4881 4882 4923
f 1192 1233 1234
f 1192 1234 1193
f 4882 4924 4923
f 4882 4883 4924
f 1193 1234 1235
f 1193 1235 1194
f 4883 4925 4924
f 4883 4884 4925
f 1194 1235 1236
f 1194 1236 1195
f 4884 4926 4925
f 4884 4885 4926
f 1195 1236 1237
f 1195 1237 1196
f 4885 4927 4926
f 4885 4886 4927
f 1196 1237 1238
f 1196 1238 1197
f 4886 4928 4927
f 4886 4887 4928
f 1197 1238 1239
f 1197 1239 1198
f 4887 4929 4928
f 4887 4888 4929
f 1198 1239 1240
f 1198 1240 1199
f 4888 4930 4929
f 4888 4889 4930
f 1199 1240 1241
f 1199 1241 1200
f 4889 4931 4930
f 4889 4890 4931
f 1200 1241 1242
f 1200 1242 1201
f 4890 4932 4931
f 4890 4891 4932
f 1201 1242 1243
f 1201 1243 1202
f 4891 4933 4932
f 4891 4892 4933
f 1202 1243 1244
f 1202 1244 1203
f 4892 4934 4933
f 4892 4893 4934
f 1203 1244 1245
f 1203 1245 1204
f 4893 4935 4934
f 4893 4894 4935
f 1204 1245 1246
f 1204 1246 1205
f 4894 4936 4935
f 4894 4895 4936
f 1205 1246 1247
f 1205 1247 1206
f 4895 4937 4936
f 4895 4896 4937
f 1206 1247 1248
f 1206 1248 1207
f 4896 4938 4937
f 4896 4897 4938
f 1207 1248 1249
f 1207 1249 1208
f 4897 4939 4938
f 4897 4898 4939
f 1208 1249 1250
f 1208 1250 1209
f 4898 4940 4939
f 4898 4899 4940
f 1209 1250 1251
f 1209 1251 1210
f 4899 4941 4940
f 4899 4900 4941
f 1210 1251 1252
f 1210 1252 1211
f 4900 4942 4941
f 4900 4901 4942
f 1211 1252 1253
f 1211 1253 1212
f 4901 4943 4942
f 4901 4902 4943
f 1212 1253 1254
f 1212 1254 1213
f 4902 4944 4943
f 4902 4903 4944
f 1213 1254 1255
f 1213 1255 1214
f 4903 4945 4944
f 4903 4904 4945
f 1214 1255 1256
f 1214 1256 1215
f 4904 4946 4945
f 4904 4905 4946
f 1215 1256 1257
f 1215 1257 1216
f 4905 4947 4946
f 4905 4906 4947
f 1216 1257 1258
f 1216 1258 1217
f 4906 4948 4947
f 4906 4907 4948
f 1217 1258 1259
f 1217 1259 1218
f 4907 4949 4948
f 4907 4908 4949
f 1218 1259 1260
f 1218 1260 1219
f 4908 4950 4949
f 4908 4909 4950
f 1219 1260 1261
f 1219 1261 1220
f 4909 4951 4950
f 4909 4910 4951
f 1220 1261 1262
f 1220 1262 1221
f 4910 4952 4951
f 4910 4911 4952
f 1221 1262 1263
f 1221 1263 1222
f 4911 4953 4952
f 4911 4912 4953
f 1222 1263 1264
f 1222 1264 1223
f 4912 4954 4953
f 4912 4913 4954
f 1223 1264 1265
f 1223 1265 1224
f 4913 4955 4954
f 4913 4914 4955
f 1224 1265 1266
f 1224 1266 1225
f 4914 4956 4955
f 4914 4915 4956
f 1225 1266 1267
f 1225 1267 1226
f 4915 4957 4956
f 4915 4916 4957
f 1226 1267 1268
f 1226 1268 1227
f 4916 4958 4957
f 4916 4917 4958
f 1227 1268 1269
f 1227 1269 1228
f 4917 4959 4958
f 4917 4918 4959
f 1228 1269 1270
f 1228 1270 1229
f 4918 4960 4959
f 4918 4919 4960
f 1229 1270 1271
f 1229 1271 1230
f 4919 4961 4960
f 4919 4920 4961
f 1231 1272 1273
f 1231 1273 1232
f 4921 4963 4962
f 4921 4922 4963
f 1232 1273 1274
f 1232 1274 1233
f 4922 4964 4963
f 4922 4923 4964
f 1233 1274 1275
f 1233 1275 1234
f 4923 4965 4964
f 4923 4924 4965
f 1234 1275 1276
f 1234 1276 1235
f 4924 4966 4965
f 4924 4925 4966
f 1235 1276 1277
f 1235 1277 1236
f 4925 4967 4966
f 4925 4926 4967
f 1236 1277 1278
f 1236 1278 1237
f 4926 4968 4967
f 4926 4927 4968
f 1237 1278 1279
f 1237 1279 1238
f 4927 4969 4968
f 4927 4928 4969
f 1238 1279 1280
f 1238 1280 1239
f 4928 4970 4969
f 4928 4929 4970
f 1239 1280 1281
f 1239 1281 1240
f 4929 4971 4970
f 4929 4930 4971
f 1240 1281 1282
f 1240 1282 1241
f 4930 4972 4971
f 4930 4931 4972
f 1241 1282 1283
f 1241 1283 1242
f 4931 4973 4972
f 4931 4932 4973
f 1242 1283 1284
f 1242 1284 1243
f 4932 4974 4973
f 4932 4933 4974
f 1243 1284 1285
f 1243 1285 1244
f 4933 4975 4974
f 4933 4934 4975
f 1244 1285 1286
f 1244 1286 1245
f 4934 4976 4975
f 4934 4935 4976
f 1245 1286 1287
f 1245 1287 1246
f 4935 4977 4976
f 4935 4936 4977
f 1246 1287 1288
f 1246 1288 1247
f 4936 4978 4977
f 4936 4937 4978
f 1247 1288 1289
f 1247 1289 1248
f 4937 4979 4978
f 4937 4938 4979
f 1248 1289 1290
f 1248 1290 1249
f 4938 4980 4979
f 4938 4939 4980
f 1249 1290 1291
f 1249 1291 1250
f 4939 4981 4980
f 4939 4940 4981
f 1250 1291 1292
f 1250 1292 1251
f 4940 4982 4981
f 4940 4941 4982
f 1251 1292 1293
f 1251 1293 1252
f 4941 4983 4982
f 4941 4942 4983
f 1252 1293 1294
f 1252 1294 1253
f 4942 4984 4983
f 4942 4943 4984
f 1253 1294 1295
f 1253 1295 1254
f 4943 4985 4984
f 4943 4944 4985
f 1254 1295 1296
f 1254 1296 1255
f 4944 4986 4985
f 4944 4945 4986
f 1255 1296 1297
f 1255 1297 1256
f 4945 4987 4986
f 4945 4946 4987
f 1256 1297 1298
f 1256 1298 1257
f 4946 4988 4987
f 4946 4947 4988
f 1257 1298 1299
f 1257 1299 1258
f 4947 4989 4988
f 4947 4948 4989
f 1258 1299 1300
f 1258 1300 1259
f 4948 4990 4989
f 4948 4949 4990
f 1259 1300 1301
f 1259 1301 1260
f 4949 4991 4990
f 4949 4950 4991
f 1260 1301 1302
f 1260 1302 1261
f 4950 4992 4991
f 4950 4951 4992
f 1261 1302 1303
f 1261 1303 1262
f 4951 4993 4992
f 4951 4952 4993
f 1262 1303 1304
f 1262 1304 1263
f 4952 4994 4993
f 4952 4953 4994
f 1263 1304 1305
f 1263 1305 1264
f 4953 4995 4994
f 4953 4954 4995
f 1264 1305 1306
f 1264 1306 1265
f 4954 4996 4995
f 4954 4955 4996
f 1265 1306 1307
f 1265 1307 1266
f 4955 4997 4996
f 4955 4956 4997
f 1266 1307 1308
f 1266 1308 1267
f 4956 4998 4997
f 4956 4957 4998
f 1267 1308 1309
f 1267 1309 1268
f 4957 4999 4998
f 4957 4958 4999
f 1268 1309 1310
f 1268 1310 1269
f 4958 5000 4999
f 4958 4959 5000
f 1269 1310 1311
f 1269 1311 1270
f 4959 5001 5000
f 4959 4960 5001
f 1270 1311 1312
f 1270 1312 1271
f 4960 5002 5001
f 4960 4961 5002
f 1272 1313 1314
f 1272 1314 1273
f 4962 5004 5003
f 4962 4963 5004
f 1273 1314 1315
f 1273 1315 1274
f 4963 5005 5004
f 4963 4964 5005
f 1274 1315 1316
f 1274 1316 1275
f 4964 5006 5005
f 4964 4965 5006
f 1275 1316 1317
f 1275 1317 1276
f 4965 5007 5006
f 4965 4966 5007
f 1276 1317 1318
f 1276 1318 1277
f 4966 5008 5007
f 4966 4967 5008
f 1277 1318 1319
f 1277 1319 1278
f 4967 5009 5008
f 4967 4968 5009
f 1278 1319 1320
f 1278 1320 1279
f 4968 5010 5009
f 4968 4969 5010
f 1279 1320 1321
f 1279 1321 1280
f 4969 5011 5010
f 4969 4970 5011
f 1280 1321 1322
f 1280 1322 1281
f 4970 5012 5011
f 4970 4971 5012
f 1281 1322 1323
f 1281 1323 1282
f 4971 5013 5012
f 4971 4972 5013
f 1282 1323 1324
f 1282 1324 1283
f 4972 5014 5013
f 4972 4973 5014
f 1283 1324 1325
f 1283 1325 1284
f 4973 5015 5014
f 4973 4974 5015
f 1284 1325 1326
f 1284 1326 1285
f 4974 5016 5015
f 4974 4975 5016
f 1285 1326 1327
f 1285 1327 1286
f 4975 5017 5016
f 4975 4976 5017
f 1286 1327 1328
f 1286 1328 1287
f 4976 5018 5017
f 4976 4977 5018
f 1287 1328 1329
f 1287 1329 1288
f 4977 5019 5018
f 4977 4978 5019
f 1288 1329 1330
f 1288 1330 1289
f 4978 5020 5019
f 4978 4979 5020
f 1289 1330 1331
f 1289 1331 1290
f 4979 5021 5020
f 4979 4980 5021
f 1290 1331 1332
f 1290 1332 1291
f 4980 5022 5021
f 4980 4981 5022
f 1291 1332 1333
f 1291 1333 1292
f 4981 5023 5022
f 4981 4982 5023
f 1292 1333 1334
f 1292 1334 1293
f 4982 5024 5023
f 4982 4983 5024
f 1293 1334 1335
f 1293 1335 1294
f 4983 5025 5024
f 4983 4984 5025
f 1294 1335 1336
f 1294 1336 1295
f 4984 5026 5025
f 4984 4985 5026
f 1295 1336 1337
f 1295 1337 1296
f 4985 5027 5026
f 4985 4986 5027
f 1296 1337 1338
f 1296 1338 1297
f 4986 5028 5027
f 4986 4987 5028
f 1297 1338 1339
f 1297 1339 1298
f 4987 5029 5028
f 4987 4988 5029
f 1298 1339 1340
f 1298 1340 1299
f 4988 5030 5029
f 4988 4989 5030
f 1299 1340 1341
f 1299 1341 1300
f 4989 5031 5030
f 4989 4990 5031
f 1300 1341 1342
f 1300 1342 1301
f 4990 5032 5031
f 4990 4991 5032
f 1301 1342 1343
f 1301 1343 1302
f 4991 5033 5032
f 4991 4992 5033
f 1302 1343 1344
f 1302 1344 1303
f 4992 5034 5033
f 4992 4993 5034
f 1303 1344 1345
f 1303 1345 1304
f 4993 5035 5034
f 4993 4994 5035
f 1304 1345 1346
f 1304 1346 1305
f 4994 5036 5035
f 4994 4995 5036
f 1305 1346 1347
f 1305 1347 1306
f 4995 5037 5036
f 4995 4996 5037
f 1306 1347 1348
f 1306 1348 1307
f 4996 5038 5037
f 4996 4997 5038
f 1307 1348 1349
f 1307 1349 1308
f 4997 5039 5038
f 4997 4998 5039
f 1308 1349 1350
f 1308 1350 1309
f 4998 5040 5039
f 4998 4999 5040
f 1309 1350 1351
f 1309 1351 1310
f 4999 5041 5040
f 4999 5000 5041
f 1310 1351 1352
f 1310 1352 1311
f 5000 5042 5041
f 5000 5001 5042
f 1311 1352 1353
f 1311 1353 1312
f 5001 5043 5042
f 5001 5002 5043
f 1313 1354 1355
f 1313 1355 1314
f 5003 5045 5044
f 5003 5004 5045
f 1314 1355 1356
f 1314 1356 1315
f 5004 5046 5045
f 5004 5005 5046
f 1315 1356 1357
f 1315 1357 1316
f 5005 5047 5046
f 5005 5006 5047
f 1316 1357 1358
f 1316 1358 1317
f 5006 5048 5047
f 5006 5007 5048
f 1317 1358 1359
f 1317 1359 1318
f 5007 5049 5048
f 5007 5008 5049
f 1318 1359 1360
f 1318 1360 1319
f 5008 5050 5049
f 5008 5009 5050
f 1319 1360 1361
f 1319 1361 1320
f 5009 5051 5050
f 5009 5010 5051
f 1320 1361 1362
f 1320 1362 1321
f 5010 5052 5051
f 5010 5011 5052
f 1321 1362 1363
f 1321 1363 1322
f 5011 5053 5052
f 5011 5012 5053
f 1322 1363 1364
f 1322 1364 1323
f 5012 5054 5053
f 5012 5013 5054
f 1323 1364 1365
f 1323 1365 1324
f 5013 5055 5054
f 5013 5014 5055
f 1324 1365 1366
f 1324 1366 1325
f 5014 5056 5055
f 5014 5015 5056
f 1325 1366 1367
f 1325 1367 1326
f 5015 5057 5056
f 5015 5016 5057
f 1326 1367 1368
f 1326 1368 1327
f 5016 5058 5057
f 5016 5017 5058
f 1327 1368 1369
f 1327 1369 1328
f 5017 5059 5058
f 5017 5018 5059
f 1328 1369 1370
f 1328 1370 1329
f 5018 5060 5059
f 5018 5019 5060
f 1329 1370 1371
f 1329 1371 1330
f 5019 5061 5060
f 5019 5020 5061
f 1330 1371 1372
f 1330 1372 1331
f 5020 5062 5061
f 5020 5021 5062
f 1331 1372 1373
f 1331 1373 1332
f 5021 5063 5062
f 5021 5022 5063
f 1332 1373 1374
f 1332 1374 1333
f 5022 5064 5063
f 5022 5023 5064
f 1333 1374 1375
f 1333 1375 1334
f 5023 5065 5064
f 5023 5024 5065
f 1334 1375 1376
f 1334 1376 1335
f 5024 5066 5065
f 5024 5025 5066
f 1335 1376 1377
f 1335 1377 1336
f 5025 5067 5066
f 5025 5026 5067
f 1336 1377 1378
f 1336 1378 1337
f 5026 5068 5067
f 5026 5027 5068
f 1337 1378 1379
f 1337 1379 1338
f 5027 5069 5068
f 5027 5028 5069
f 1338 1379 1380
f 1338 1380 1339
f 5028 5070 5069
f 5028 5029 5070
f 1339 1380 1381
f 1339 1381 1340
f 5029 5071 5070
f 5029 5030 5071
f 1340 1381 1382
f 1340 1382 1341
f 5030 5072 5071
f 5030 5031 5072
f 1341 1382 1383
f 1341 1383 1342
f 5031 5073 5072
f 5031 5032 5073
f 1342 1383 1384
f 1342 1384 1343
f 5032 5074 5073
f 5032 5033 5074
f 1343 1384 1385
f 1343 1385 1344
f 5033 5075 5074
f 5033 5034 5075
f 1344 1385 1386
f 1344 1386 1345
f 5034 5076 5075
f 5034 5035 5076
f 1345 1386 1387
f 1345 1387 1346
f 5035 5077 5076
f 5035 5036 5077
f 1346 1387 1388
f 1346 1388 1347
f 5036 5078 5077
f 5036 5037 5078
f 1347 1388 1389
f 1347 1389 1348
f 5037 5079 5078
f 5037 5038 5079
f 1348 1389 1390
f 1348 1390 1349
f 5038 5080 5079
f 5038 5039 5080
f 1349 1390 1391
f 1349 1391 1350
f 5039 5081 5080
f 5039 5040 5081
f 1350 1391 1392
f 1350 1392 1351
f 5040 5082 5081
f 5040 5041 5082
f 1351 1392 1393
f 1351 1393 1352
f 5041 5083 5082
f 5041 5042 5083
f 1352 1393 1394
f 1352 1394 1353
f 5042 5084 5083
f 5042 5043 5084
f 1354 1395 1396
f 1354 1396 1355
f 5044 5086 5085
f 5044 5045 5086
f 1355 1396 1397
f 1355 1397 1356
f 5045 5087 5086
f 5045 5046 5087
f 1356 1397 1398
f 1356 1398 1357
f 5046 5088 5087
f 5046 5047 5088
f 1357 1398 1399
f 1357 1399 1358
f 5047 5089 5088
f 5047 5048 5089
f 1358 1399 1400
f 1358 1400 1359
f 5048 5090 5089
f 5048 5049 5090
f 1359 1400 1401
f 1359 1401 1360
f 5049 5091 5090
f 5049 5050 5091
f 1360 1401 1402
f 1360 1402 1361
f 5050 5092 5091
f 5050 5051 5092
f 1361 1402 1403
f 1361 1403 1362
f 5051 5093 5092
f 5051 5052 5093
f 1362 1403 1404
f 1362 1404 1363
f 5052 5094 5093
f 5052 5053 5094
f 1363 1404 1405
f 1363 1405 1364
f 5053 5095 5094
f 5053 5054 5095
f 1364 1405 1406
f 1364 1406 1365
f 5054 5096 5095
f 5054 5055 5096
f 1365 1406 1407
f 1365 1407 1366
f 5055 5097 5096
f 5055 5056 5097
f 1366 1407 1408
f 1366 1408 1367
f 5056 5098 5097
f 5056 5057 5098
f 1367 1408 1409
f 1367 1409 1368
f 5057 5099 5098
f 5057 5058 5099
f 1368 1409 1410
f 1368 1410 1369
f 5058 5100 5099
f 5058 5059 5100
f 1369 1410 1411
f 1369 1411 1370
f 5059 5101 5100
f 5059 5060 5101
f 1370 1411 1412
f 1370 1412 1371
f 5060 5102 5101
f 5060 5061 5102
f 1371 1412 1413
f 1371 1413 1372
f 5061 5103 5102
f 5061 5062 5103
f 1372 1413 1414
f 1372 1414 1373
f 5062 5104 5103
f 5062 5063 5104
f 1373 1414 1415
f 1373 1415 1374
f 5063 5105 5104
f 5063 5064 5105
f 1374 1415 1416
f 1374 1416 1375
f 5064 5106 5105
f 5064 5065 5106
f 1375 1416 1417
f 1375 1417 1376
f 5065 5107 5106
f 5065 5066 5107
f 1376 1417 1418
f 1376 1418 1377
f 5066 5108 5107
f 5066 5067 5108
f 1377 1418 1419
f 1377 1419 1378
f 5067 5109 5108
f 5067 5068 5109
f 1378 1419 1420
f 1378 1420 1379
f 5068 5110 5109
f 5068 5069 5110
f 1379 1420 1421
f 1379 1421 1380
f 5069 5111 5110
f 5069 5070 5111
f 1380 1421 1422
f 1380 1422 1381
f 5070 5112 5111
f 5070 5071 5112
f 1381 1422 1423
f 1381 1423 1382
f 5071 5113 5112
f 5071 5072 5113
f 1382 1423 1424
f 1382 1424 1383
f 5072 5114 5113
f 5072 5073 5114
f 1383 1424 1425
f 1383 1425 1384
f 5073 5115 5114
f 5073 5074 5115
f 1384 1425 1426
f 1384 1426 1385
f 5074 5116 5115
f 5074 5075 5116
f 1385 1426 1427
f 1385 1427 1386
f 5075 5117 5116
f 5075 5076 5117
f 1386 1427 1428
f 1386 1428 1387
f 5076 5118 5117
f 5076 5077 5118
f 1387 1428 1429
f 1387 1429 1388
f 5077 5119 5118
f 5077 5078 5119
f 1388 1429 1430
f 1388 1430 1389
f 5078 5120 5119
f 5078 5079 5120
f 1389 1430 1431
f 1389 1431 1390
f 5079 5121 5120
f 5079 5080 5121
f 1390 1431 1432
f 1390 1432 1391
f 5080 5122 5121
f 5080 5081 5122
f 1391 1432 1433
f 1391 1433 1392
f 5081 5123 5122
f 5081 5082 5123
f 1392 1433 1434
f 1392 1434 1393
f 5082 5124 5123
f 5082 5083 5124
f 1393 1434 1435
f 1393 1435 1394
f 5083 5125 5124
f 5083 5084 5125
f 1395 1436 1437
f 1395 1437 1396
f 5085 5127 5126
f 5085 5086 5127
f 1396 1437 1438
f 1396 1438 1397
f 5086 5128 5127
f 5086 5087 5128
f 1397 1438 1439
f 1397 1439 1398
f 5087 5129 5128
f 5087 5088 5129
f 1398 1439 1440
f 1398 1440 1399
f 5088 5130 5129
f 5088 5089 5130
f 1399 1440 1441
f 1399 1441 1400
f 5089 5131 5130
f 5089 5090 5131
f 1400 1441 1442
f 1400 1442 1401
f 5090 5132 5131
f 5090 5091 5132
f 1401 1442 1443
f 1401 1443 1402
f 5091 5133 5132
f 5091 5092 5133
f 1402 1443 1444
f 1402 1444 1403
f 5092 5134 5133
f 5092 5093 5134
f 1403 1444 1445
f 1403 1445 1404
f 5093 5135 5134
f 5093 5094 5135
f 1404 1445 1446
f 1404 1446 1405
f 5094 5136 5135
f 5094 5095 5136
f 1405 1446 1447
f 1405 1447 1406
f 5095 5137 5136
f 5095 5096 5137
f 1406 1447 1448
f 1406 1448 1407
f 5096 5138 5137
f 5096 5097 5138
f 1407 1448 1449
f 1407 1449 1408
f 5097 5139 5138
f 5097 5098 5139
f 1408 1449 1450
f 1408 1450 1409
f 5098 5140 5139
f 5098 5099 5140
f 1409 1450 1451
f 1409 1451 1410
f 5099 5141 5140
f 5099 5100 5141
f 1410 1451 1452
f 1410 1452 1411
f 5100 5142 5141
f 5100 5101 5142
f 1411 1452 1453
f 1411 1453 1412
f 5101 5143 5142
f 5101 5102 5143
f 1412 1453 1454
f 1412 1454 1413
f 5102 5144 5143
f 5102 5103 5144
f 1413 1454 1455
f 1413 1455 1414
f 5103 5145 5144
f 5103 5104 5145
f 1414 1455 1456
f 1414 1456 1415
f 5104 5146 5145
f 5104 5105 5146
f 1415 1456 1457
f 1415 1457 1416
f 5105 5147 5146
f 5105 5106 5147
f 1416 1457 1458
f 1416 1458 1417
f 5106 5148 5147
f 5106 5107 5148
f 1417 1458 1459
f 1417 1459 1418
f 5107 5149 5148
f 5107 5108 5149
f 1418 1459 1460
f 1418 1460 1419
f 5108 5150 5149
f 5108 5109 5150
f 1419 1460 1461
f 1419 1461 1420
f 5109 5151 5150
f 5109 5110 5151
f 1420 1461 1462
f 1420 1462 1421
f 5110 5152 5151
f 5110 5111 5152
f 1421 1462 1463
f 1421 1463 1422
f 5111 5153 5152
f 5111 5112 5153
f 1422 1463 1464
f 1422 1464 1423
f 5112 5154 5153
f 5112 5113 5154
f 1423 1464 1465
f 1423 1465 1424
f 5113 5155 5154
f 5113 5114 5155
f 1424 1465 1466
f 1424 1466 1425
f 5114 5156 5155
f 5114 5115 5156
f 1425 1466 1467
f 1425 1467 1426
f 5115 5157 5156
f 5115 5116 5157
f 1426 1467 1468
f 1426 1468 1427
f 5116 5158 5157
f 5116 5117 5158
f 1427 1468 1469
f 1427 1469 1428
f 5117 5159 5158
f 5117 5118 5159
f 1428 1469 1470
f 1428 1470 1429
f 5118 5160 5159
f 5118 5119 5160
f 1429 1470 1471
f 1429 1471 1430
f 5119 5161 5160
f 5119 5120 5161
f 1430 1471 1472
f 1430 1472 1431
f 5120 5162 5161
f 5120 5121 5162
f 1431 1472 1473
f 1431 1473 1432
f 5121 5163 5162
f 5121 5122 5163
f 1432 1473 1474
f 1432 1474 1433
f 5122 5164 5163
f 5122 5123 5164
f 1433 1474 1475
f 1433 1475 1434
f 5123 5165 5164
f 5123 5124 5165
f 1434 1475 1476
f 1434 1476 1435
f 5124 5166 5165
f 5124 5125 5166
f 1436 1477 1478
f 1436 1478 1437
f 5126 5168 5167
f 5126 5127 5168
f 1437 1478 1479
f 1437 1479 1438
f 5127 5169 5168
f 5127 5128 5169
f 1438 1479 1480
f 1438 1480 1439
f 5128 5170 5169
f 5128 5129 5170
f 1439 1480 1481
f 1439 1481 1440
f 5129 5171 5170
f 5129 5130 5171
f 1440 1481 1482
f 1440 1482 1441
f 5130 5172 5171
f 5130 5131 5172
f 1441 1482 1483
f 1441 1483 1442
f 5131 5173 5172
f 5131 5132 5173
f 1442 1483 1484
f 1442 1484 1443
f 5132 5174 5173
f 5132 5133 5174
f 1443 1484 1485
f 1443 1485 1444
f 5133 5175 5174
f 5133 5134 5175
f 1444 1485 1486
f 1444 1486 1445
f 5134 5176 5175
f 5134 5135 5176
f 1445 1486 1487
f 1445 1487 1446
f 5135 5177 5176
f 5135 5136 5177
f 1446 1487 1488
f 1446 1488 1447
f 5136 5178 5177
f 5136 5137 5178
f 1447 1488 1489
f 1447 1489 1448
f 5137 5179 5178
f 5137 5138 5179
f 1448 1489 1490
f 1448 1490 1449
f 5138 5180 5179
f 5138 5139 5180
f 1449 1490 1491
f 1449 1491 1450
f 5139 5181 5180
f 5139 5140 5181
f 1450 1491 1492
f 1450 1492 1451
f 5140 5182 5181
f 5140 5141 5182
f 1451 1492 1493
f 1451 1493 1452
f 5141 5183 5182
f 5141 5142 5183
f 1452 1493 1494
f 1452 1494 1453
f 5142 5184 5183
f 5142 5143 5184
f 1453 1494 1495
f 1453 1495 1454
f 5143 5185 5184
f 5143 5144 5185
f 1454 1495 1496
f 1454 1496 1455
f 5144 5186 5185
f 5144 5145 5186
f 1455 1496 1497
f 1455 1497 1456
f 5145 5187 5186
f 5145 5146 5187
f 1456 1497 1498
f 1456 1498 1457
f 5146 5188 5187
f 5146 5147 5188
f 1457 1498 1499
f 1457 1499 1458
f 5147 5189 5188
f 5147 5148 5189
f 1458 1499 1500
f 1458 1500 1459
f 5148 5190 5189
f 5148 5149 5190
f 1459 1500 1501
f 1459 1501 1460
f 5149 5191 5190
f 5149 5150 5191
f 1460 1501 1502
f 1460 1502 1461
f 5150 5192 5191
f 5150 5151 5192
f 1461 1502 1503
f 1461 1503 1462
f 5151 5193 5192
f 5151 5152 5193
f 1462 1503 1504
f 1462 1504 1463
f 5152 5194 5193
f 5152 5153 5194
f 1463 1504 1505
f 1463 1505 1464
f 5153 5195 5194
f 5153 5154 5195
f 1464 1505 1506
f 1464 1506 1465
f 5154 5196 5195
f 5154 5155 5196
f 1465 1506 1507
f 1465 1507 1466
f 5155 5197 5196
f 5155 5156 5197
f 1466 1507 1508
f 1466 1508 1467
f 5156 5198 5197
f 5156 5157 5198
f 1467 1508 1509
f 1467 1509 1468
f 5157 5199 5198
f 5157 5158 5199
f 1468 1509 1510
f 1468 1510 1469
f 5158 5200 5199
f 5158 5159 5200
f 1469 1510 1511
f 1469 1511 1470
f 5159 5201 5200
f 5159 5160 5201
f 1470 1511 1512
f 1470 1512 1471
f 5160 5202 5201
f 5160 5161 5202
f 1471 1512 1513
f 1471 1513 1472
f 5161 5203 5202
f 5161 5162 5203
f 1472 1513 1514
f 1472 1514 1473
f 5162 5204 5203
f 5162 5163 5204
f 1473 1514 1515
f 1473 1515 1474
f 5163 5205 5204
f 5163 5164 5205
f 1474 1515 1516
f 1474 1516 1475
f 5164 5206 5205
f 5164 5165 5206
f 1475 1516 1517
f 1475 1517 1476
f 5165 5207 5206
f 5165 5166 5207
f 1477 1518 1519
f 1477 1519 1478
f 5167 5209 5208
f 5167 5168 5209
f 1478 1519 1520
f 1478 1520 1479
f 5168 5210 5209
f 5168 5169 5210
f 1479 1520 1521
f 1479 1521 1480
f 5169 5211 5210
f 5169 5170 5211
f 1480 1521 1522
f 1480 1522 1481
f 5170 5212 5211
f 5170 5171 5212
f 1481 1522 1523
f 1481 1523 1482
f 5171 5213 5212
f 5171 5172 5213
f 1482 1523 1524
f 1482 1524 1483
f 5172 5214 5213
f 5172 5173 5214
f 1483 1524 1525
f 1483 1525 1484
f 5173 5215 5214
f 5173 5174 5215
f 1484 1525 1526
f 1484 1526 1485
f 5174 5216 5215
f 5174 5175 5216
f 1485 1526 1527
f 1485 1527 1486
f 5175 5217 5216
f 5175 5176 5217
f 1486 1527 1528
f 1486 1528 1487
f 5176 5218 5217
f 5176 5177 5218
f 1487 1528 1529
f 1487 1529 1488
f 5177 5219 5218
f 5177 5178 5219
f 1488 1529 1530
f 1488 1530 1489
f 5178 5220 5219
f 5178 5179 5220
f 1489 1530 1531
f 1489 1531 1490
f 5179 5221 5220
f 5179 5180 5221
f 1490 1531 1532
f 1490 1532 1491
f 5180 5222 5221
f 5180 5181 5222
f 1491 1532 1533
f 1491 1533 1492
f 5181 5223 5222
f 5181 5182 5223
f 1492 1533 1534
f 1492 1534 1493
f 5182 5224 5223
f 5182 5183 5224
f 1493 1534 1535
f 1493 1535 1494
f 5183 5225 5224
f 5183 5184 5225
f 1494 1535 1536
f 1494 1536 1495
f 5184 5226 5225
f 5184 5185 5226
f 1495 1536 1537
f 1495 1537 1496
f 5185 5227 5226
f 5185 5186 5227
f 1496 1537 1538
f 1496 1538 1497
f 5186 5228 5227
f 5186 5187 5228
f 1497 1538 1539
f 1497 1539 1498
f 5187 5229 5228
f 5187 5188 5229
f 1498 1539 1540
f 1498 1540 1499
f 5188 5230 5229
f 5188 5189 5230
f 1499 1540 1541
f 1499 1541 1500
f 5189 5231 5230
f 5189 5190 5231
f 1500 1541 1542
f 1500 1542 1501
f 5190 5232 5231
f 5190 5191 5232
f 1501 1542 1543
f 1501 1543 1502
f 5191 5233 5232
f 5191 5192 5233
f 1502 1543 1544
f 1502 1544 1503
f 5192 5234 5233
f 5192 5193 5234
f 1503 1544 1545
f 1503 1545 1504
f 5193 5235 5234
f 5193 5194 5235
f 1504 1545 1546
f 1504 1546 1505
f 5194 5236 5235
f 5194 5195 5236
f 1505 1546 1547
f 1505 1547 1506
f 5195 5237 5236
f 5195 5196 5237
f 1506 1547 1548
f 1506 1548 1507
f 5196 5238 5237
f 5196 5197 5238
f 1507 1548 1549
f 1507 1549 1508
f 5197 5239 5238
f 5197 5198 5239
f 1508 1549 1550
f 1508 1550 1509
f 5198 5240 5239
f 5198 5199 5240
f 1509 1550 1551
f 1509 1551 1510
f 5199 5241 5240
f 5199 5200 5241
f 1510 1551 1552
f 1510 1552 1511
f 5200 5242 5241
f 5200 5201 5242
f 1511 1552 1553
f 1511 1553 1512
f 5201 5243 5242
f 5201 5202 5243
f 1512 1553 1554
f 1512 1554 1513
f 5202 5244 5243
f 5202 5203 5244
f 1513 1554 1555
f 1513 1555 1514
f 5203 5245 5244
f 5203 5204 5245
f 1514 1555 1556
f 1514 1556 1515
f 5204 5246 5245
f 5204 5205 5246
f 1515 1556 1557
f 1515 1557 1516
f 5205 5247 5246
f 5205 5206 5247
f 1516 1557 1558
f 1516 1558 1517
f 5206 5248 5247
f 5206 5207 5248
f 1518 1559 1560
f 1518 1560 1519
f 5208 5250 5249
f 5208 5209 5250
f 1519 1560 1561
f 1519 1561 1520
f 5209 5251 5250
f 5209 5210 5251
f 1520 1561 1562
f 1520 1562 1521
f 5210 5252 5251
f 5210 5211 5252
f 1521 1562 1563
f 1521 1563 1522
f 5211 5253 5252
f 5211 5212 5253
f 1522 1563 1564
f 1522 1564 1523
f 5212 5254 5253
f 5212 5213 5254
f 1523 1564 1565
f 1523 1565 1524
f 5213 5255 5254
f 5213 5214 5255
f 1524 1565 1566
f 1524 1566 1525
f 5214 5256 5255
f 5214 5215 5256
f 1525 1566 1567
f 1525 1567 1526
f 5215 5257 5256
f 5215 5216 5257
f 1526 1567 1568
f 1526 1568 1527
f 5216 5258 5257
f 5216 5217 5258
f 1527 1568 1569
f 1527 1569 1528
f 5217 5259 5258
f 5217 5218 5259
f 1528 1569 1570
f 1528 1570 1529
f 5218 5260 5259
f 5218 5219 5260
f 1529 1570 1571
f 1529 1571 1530
f 5219 5261 5260
f 5219 5220 5261
f 1530 1571 1572
f 1530 1572 1531
f 5220 5262 5261
f 5220 5221 5262
f 1531 1572 1573
f 1531 1573 1532
f 5221 5263 5262
f 5221 5222 5263
f 1532 1573 1574
f 1532 1574 1533
f 5222 5264 5263
f 5222 5223 5264
f 1533 1574 1575
f 1533 1575 1534
f 5223 5265 5264
f 5223 5224 5265
f 1534 1575 1576
f 1534 1576 1535
f 5224 5266 5265
f 5224 5225 5266
f 1535 1576 1577
f 1535 1577 1536
f 5225 5267 5266
f 5225 5226 5267
f 1536 1577 1578
f 1536 1578 1537
f 5226 5268 5267
f 5226 5227 5268
f 1537 1578 1579
f 1537 1579 1538
f 5227 5269 5268
f 5227 5228 5269
f 1538 1579 1580
f 1538 1580 1539
f 5228 5270 5269
f 5228 5229 5270
f 1539 1580 1581
f 1539 1581 1540
f 5229 5271 5270
f 5229 5230 5271
f 1540 1581 1582
f 1540 1582 1541
f 5230 5272 5271
f 5230 5231 5272
f 1541 1582 1583
f 1541 1583 1542
f 5231 5273 5272
f 5231 5232 5273
f 1542 1583 1584
f 1542 1584 1543
f 5232 5274 5273
f 5232 5233 5274
f 1543 1584 1585
f 1543 1585 1544
f 5233 5275 5274
f 5233 5234 5275
f 1544 1585 1586
f 1544 1586 1545
f 5234 5276 5275
f 5234 5235 5276
f 1545 1586 1587
f 1545 1587 1546
f 5235 5277 5276
f 5235 5236 5277
f 1546 1587 1588
f 1546 1588 1547
f 5236 5278 5277
f 5236 5237 5278
f 1547 1588 1589
f 1547 1589 1548
f 5237 5279 5278
f 5237 5238 5279
f 1548 1589 1590
f 1548 1590 1549
f 5238 5280 5279
f 5238 5239 5280
f 1549 1590 1591
f 1549 1591 1550
f 5239 5281 5280
f 5239 5240 5281
f 1550 1591 1592
f 1550 1592 1551
f 5240 5282 5281
f 5240 5241 5282
f 1551 1592 1593
f 1551 1593 1552
f 5241 5283 5282
f 5241 5242 5283
f 1552 1593 1594
f 1552 1594 1553
f 5242 5284 5283
f 5242 5243 5284
f 1553 1594 1595
f 1553 1595 1554
f 5243 5285 5284
f 5243 5244 5285
f 1554 1595 1596
f 1554 1596 1555
f 5244 5286 5285
f 5244 5245 5286
f 1555 1596 1597
f 1555 1597 1556
f 5245 5287 5286
f 5245 5246 5287
f 1556 1597 1598
f 1556 1598 1557
f 5246 5288 5287
f 5246 5247 5288
f 1557 1598 1599
f 1557 1599 1558
f 5247 5289 5288
f 5247 5248 5289
f 1559 1600 1601
f 1559 1601 1560
f 5249 5291 5290
f 5249 5250 5291
f 1560 1601 1602
f 1560 1602 1561
f 5250 5292 5291
f 5250 5251 5292
f 1561 1602 1603
f 1561 1603 1562
f 5251 5293 5292
f 5251 5252 5293
f 1562 1603 1604
f 1562 1604 1563
f 5252 5294 5293
f 5252 5253 5294
f 1563 1604 1605
f 1563 1605 1564
f 5253 5295 5294
f 5253 5254 5295
f 1564 1605 1606
f 1564 1606 1565
f 5254 5296 5295
f 5254 5255 5296
f 1565 1606 1607
f 1565 1607 1566
f 5255 5297 5296
f 5255 5256 5297
f 1566 1607 1608
f 1566 1608 1567
f 5256 5298 5297
f 5256 5257 5298
f 1567 1608 1609
f 1567 1609 1568
f 5257 5299 5298
f 5257 5258 5299
f 1568 1609 1610
f 1568 1610 1569
f 5258 5300 5299
f 5258 5259 5300
f 1569 1610 1611
f 1569 1611 1570
f 5259 5301 5300
f 5259 5260 5301
f 1570 1611 1612
f 1570 1612 1571
f 5260 5302 5301
f 5260 5261 5302
f 1571 1612 1613
f 1571 1613 1572
f 5261 5303 5302
f 5261 5262 5303
f 1572 1613 1614
f 1572 1614 1573
f 5262 5304 5303
f 5262 5263 5304
f 1573 1614 1615
f 1573 1615 1574
f 5263 5305 5304
f 5263 5264 5305
f 1574 1615 1616
f 1574 1616 1575
f 5264 5306 5305
f 5264 5265 5306
f 1575 1616 1617
f 1575 1617 1576
f 5265 5307 5306
f 5265 5266 5307
f 1576 1617 1618
f 1576 1618 1577
f 5266 5308 5307
f 5266 5267 5308
f 1577 1618 1619
f 1577 1619 1578
f 5267 5309 5308
f 5267 5268 5309
f 1578 1619 1620
f 1578 1620 1579
f 5268 5310 5309
f 5268 5269 5310
f 1579 1620 1621
f 1579 1621 1580
f 5269 5311 5310
f 5269 5270 5311
f 1580 1621 1622
f 1580 1622 1581
f 5270 5312 5311
f 5270 5271 5312
f 1581 1622 1623
f 1581 1623 1582
f 5271 5313 5312
f 5271 5272 5313
f 1582 1623 1624
f 1582 1624 1583
f 5272 5314 5313
f 5272 5273 5314
f 1583 1624 1625
f 1583 1625 1584
f 5273 5315 5314
f 5273 5274 5315
f 1584 1625 1626
f 1584 1626 1585
f 5274 5316 5315
f 5274 5275 5316
f 1585 1626 1627
f 1585 1627 1586
f 5275 5317 5316
f 5275 5276 5317
f 1586 1627 1628
f 1586 1628 1587
f 5276 5318 5317
f 5276 5277 5318
f 1587 1628 1629
f 1587 1629 1588
f 5277 5319 5318
f 5277 5278 5319
f 1588 1629 1630
f 1588 1630 1589
f 5278 5320 5319
f 5278 5279 5320
f 1589 1630 1631
f 1589 1631 1590
f 5279 5321 5320
f 5279 5280 5321
f 1590 1631 1632
f 1590 1632 1591
f 5280 5322 5321
f 5280 5281 5322
f 1591 1632 1633
f 1591 1633 1592
f 5281 5323 5322
f 5281 5282 5323
f 1592 1633 1634
f 1592 1634 1593
f 5282 5324 5323
f 5282 5283 5324
f 1593 1634 1635
f 1593 1635 1594
f 5283 5325 5324
f 5283 5284 5325
f 1594 1635 1636
f 1594 1636 1595
f 5284 5326 5325
f 5284 5285 5326
f 1595 1636 1637
f 1595 1637 1596
f 5285 5327 5326
f 5285 5286 5327
f 1596 1637 1638
f 1596 1638 1597
f 5286 5328 5327
f 5286 5287 5328
f 1597 1638 1639
f 1597 1639 1598
f 5287 5329 5328
f 5287 5288 5329
f 1598 1639 1640
f 1598 1640 1599
f 5288 5330 5329
f 5288 5289 5330
f 1600 1641 1642
f 1600 1642 1601
f 5290 5332 5331
f 5290 5291 5332
f 1601 1642 1643
f 1601 1643 1602
f 5291 5333 5332
f 5291 5292 5333
f 1602 1643 1644
f 1602 1644 1603
f 5292 5334 5333
f 5292 5293 5334
f 1603 1644 1645
f 1603 1645 1604
f 5293 5335 5334
f 5293 5294 5335
f 1604 1645 1646
f 1604 1646 1605
f 5294 5336 5335
f 5294 5295 5336
f 1605 1646 1647
f 1605 1647 1606
f 5295 5337 5336
f 5295 5296 5337
f 1606 1647 1648
f 1606 1648 1607
f 5296 5338 5337
f 5296 5297 5338
f 1607 1648 1649
f 1607 1649 1608
f 5297 5339 5338
f 5297 5298 5339
f 1608 1649 1650
f 1608 1650 1609
f 5298 5340 5339
f 5298 5299 5340
f 1609 1650 1651
f 1609 1651 1610
f 5299 5341 5340
f 5299 5300 5341
f 1610 1651 1652
f 1610 1652 1611
f 5300 5342 5341
f 5300 5301 5342
f 1611 1652 1653
f 1611 1653 1612
f 5301 5343 5342
f 5301 5302 5343
f 1612 1653 1654
f 1612 1654 1613
f 5302 5344 5343
f 5302 5303 5344
f 1613 1654 1655
f 1613 1655 1614
f 5303 5345 5344
f 5303 5304 5345
f 1614 1655 1656
f 1614 1656 1615
f 5304 5346 5345
f 5304 5305 5346
f 1615 1656 1657
f 1615 1657 1616
f 5305 5347 5346
f 5305 5306 5347
f 1616 1657 1658
f 1616 1658 1617
f 5306 5348 5347
f 5306 5307 5348
f 1617 1658 1659
f 1617 1659 1618
f 5307 5349 5348
f 5307 5308 5349
f 1618 1659 1660
f 1618 1660 1619
f 5308 5350 5349
f 5308 5309 5350
f 1619 1660 1661
f 1619 1661 1620
f 5309 5351 5350
f 5309 5310 5351
f 1620 1661 1662
f 1620 1662 1621
f 5310 5352 5351
f 5310 5311 5352
f 1621 1662 1663
f 1621 1663 1622
f 5311 5353 5352
f 5311 5312 5353
f 1622 1663 1664
f 1622 1664 1623
f 5312 5354 5353
f 5312 5313 5354
f 1623 1664 1665
f 1623 1665 1624
f 5313 5355 5354
f 5313 5314 5355
f 1624 1665 1666
f 1624 1666 1625
f 5314 5356 5355
f 5314 5315 5356
f 1625 1666 1667
f 1625 1667 1626
f 5315 5357 5356
f 5315 5316 5357
f 1626 1667 1668
f 1626 1668 1627
f 5316 5358 5357
f 5316 5317 5358
f 1627 1668 1669
f 1627 1669 1628
f 5317 5359 5358
f 5317 5318 5359
f 1628 1669 1670
f 1628 1670 1629
f 5318 5360 5359
f 5318 5319 5360
f 1629 1670 1671
f 1629 1671 1630
f 5319 5361 5360
f 5319 5320 5361
f 1630 1671 1672
f 1630 1672 1631
f 5320 5362 5361
f 5320 5321 5362
f 1631 1672 1673
f 1631 1673 1632
f 5321 5363 5362
f 5321 5322 5363
f 1632 1673 1674
f 1632 1674 1633
f 5322 5364 5363
f 5322 5323 5364
f 1633 1674 1675
f 1633 1675 1634
f 5323 5365 5364
f 5323 5324 5365
f 1634 1675 1676
f 1634 1676 1635
f 5324 5366 5365
f 5324 5325 5366
f 1635 1676 1677
f 1635 1677 1636
f 5325 5367 5366
f 5325 5326 5367
f 1636 1677 1678
f 1636 1678 1637
f 5326 5368 5367
f 5326 5327 5368
f 1637 1678 1679
f 1637 1679 1638
f 5327 5369 5368
f 5327 5328 5369
f 1638 1679 1680
f 1638 1680 1639
f 5328 5370 5369
f 5328 5329 5370
f 1639 1680 1681
f 1639 1681 1640
f 5329 5371 5370
f 5329 5330 5371
f 1641 1682 1683
f 1641 1683 1642
f 5331 5373 5372
f 5331 5332 5373
f 1642 1683 1684
f 1642 1684 1643
f 5332 5374 5373
f 5332 5333 5374
f 1643 1684 1685
f 1643 1685 1644
f 5333 5375 5374
f 5333 5334 5375
f 1644 1685 1686
f 1644 1686 1645
f 5334 5376 5375
f 5334 5335 5376
f 1645 1686 1687
f 1645 1687 1646
f 5335 5377 5376
f 5335 5336 5377
f 1646 1687 1688
f 1646 1688 1647
f 5336 5378 5377
f 5336 5337 5378
f 1647 1688 1689
f 1647 1689 1648
f 5337 5379 5378
f 5337 5338 5379
f 1648 1689 1690
f 1648 1690 1649
f 5338 5380 5379
f 5338 5339 5380
f 1649 1690 1691
f 1649 1691 1650
f 5339 5381 5380
f 5339 5340 5381
f 1650 1691 1692
f 1650 1692 1651
f 5340 5382 5381
f 5340 5341 5382
f 1651 1692 1693
f 1651 1693 1652
f 5341 5383 5382
f 5341 5342 5383
f 1652 1693 1694
f 1652 1694 1653
f 5342 5384 5383
f 5342 5343 5384
f 1653 1694 1695
f 1653 1695 1654
f 5343 5385 5384
f 5343 5344 5385
f 1654 1695 1696
f 1654 1696 1655
f 5344 5386 5385
f 5344 5345 5386
f 1655 1696 1697
f 1655 1697 1656
f 5345 5387 5386
f 5345 5346 5387
f 1656 1697 1698
f 1656 1698 1657
f 5346 5388 5387
f 5346 5347 5388
f 1657 1698 1699
f 1657 1699 1658
f 5347 5389 5388
f 5347 5348 5389
f 1658 1699 1700
f 1658 1700 1659
f 5348 5390 5389
f 5348 5349 5390
f 1659 1700 1701
f 1659 1701 1660
f 5349 5391 5390
f 5349 5350 5391
f 1660 1701 1702
f 1660 1702 1661
f 5350 5392 5391
f 5350 5351 5392
f 1661 1702 1703
f 1661 1703 1662
f 5351 5393 5392
f 5351 5352 5393
f 1662 1703 1704
f 1662 1704 1663
f 5352 5394 5393
f 5352 5353 5394
f 1663 1704 1705
f 1663 1705 1664
f 5353 5395 5394
f 5353 5354 5395
f 1664 1705 1706
f 1664 1706 1665
f 5354 5396 5395
f 5354 5355 5396
f 1665 1706 1707
f 1665 1707 1666
f 5355 5397 5396
f 5355 5356 5397
f 1666 1707 1708
f 1666 1708 1667
f 5356 5398 5397
f 5356 5357 5398
f 1667 1708 1709
f 1667 1709 1668
f 5357 5399 5398
f 5357 5358 5399
f 1668 1709 1710
f 1668 1710 1669
f 5358 5400 5399
f 5358 5359 5400
f 1669 1710 1711
f 1669 1711 1670
f 5359 5401 5400
f 5359 5360 5401
f 1670 1711 1712
f 1670 1712 1671
f 5360 5402 5401
f 5360 5361 5402
f 1671 1712 1713
f 1671 1713 1672
f 5361 5403 5402
f 5361 5362 5403
f 1672 1713 1714
f 1672 1714 1673
f 5362 5404 5403
f 5362 5363 5404
f 1673 1714 1715
f 1673 1715 1674
f 5363 5405 5404
f 5363 5364 5405
f 1674 1715 1716
f 1674 1716 1675
f 5364 5406 5405
f 5364 5365 5406
f 1675 1716 1717
f 1675 1717 1676
f 5365 5407 5406
f 5365 5366 5407
f 1676 1717 1718
f 1676 1718 1677
f 5366 5408 5407
f 5366 5367 5408
f 1677 1718 1719
f 1677 1719 1678
f 5367 5409 5408
f 5367 5368 5409
f 1678 1719 1720
f 1678 1720 1679
f 5368 5410 5409
f 5368 5369 5410
f 1679 1720 1721
f 1679 1721 1680
f 5369 5411 5410
f 5369 5370 5411
f 1680 1721 1722
f 1680 1722 1681
f 5370 5412 5411
f 5370 5371 5412
f 1682 1723 1724
f 1682 1724 1683
f 5372 5414 5413
f 5372 5373 5414
f 1683 1724 1725
f 1683 1725 1684
f 5373 5415 5414
f 5373 5374 5415
f 1684 1725 1726
f 1684 1726 1685
f 5374 5416 5415
f 5374 5375 5416
f 1685 1726 1727
f 1685 1727 1686
f 5375 5417 5416
f 5375 5376 5417
f 1686 1727 1728
f 1686 1728 1687
f 5376 5418 5417
f 5376 5377 5418
f 1687 1728 1729
f 1687 1729 1688
f 5377 5419 5418
f 5377 5378 5419
f 1688 1729 1730
f 1688 1730 1689
f 5378 5420 5419
f 5378 5379 5420
f 1689 1730 1731
f 1689 1731 1690
f 5379 5421 5420
f 5379 5380 5421
f 1690 1731 1732
f 1690 1732 1691
f 5380 5422 5421
f 5380 5381 5422
f 1691 1732 1733
f 1691 1733 1692
f 5381 5423 5422
f 5381 5382 5423
f 1692 1733 1734
f 1692 1734 1693
f 5382 5424 5423
f 5382 5383 5424
f 1693 1734 1735
f 1693 1735 1694
f 5383 5425 5424
f 5383 5384 5425
f 1694 1735 1736
f 1694 1736 1695
f 5384 5426 5425
f 5384 5385 5426
f 1695 1736 1737
f 1695 1737 1696
f 5385 5427 5426
f 5385 5386 5427
f 1696 1737 1738
f 1696 1738 1697
f 5386 5428 5427
f 5386 5387 5428
f 1697 1738 1739
f 1697 1739 1698
f 5387 5429 5428
f 5387 5388 5429
f 1698 1739 1740
f 1698 1740 1699
f 5388 5430 5429
f 5388 5389 5430
f 1699 1740 1741
f 1699 1741 1700
f 5389 5431 5430
f 5389 5390 5431
f 1700 1741 1742
f 1700 1742 1701
f 5390 5432 5431
f 5390 5391 5432
f 1701 1742 1743
f 1701 1743 1702
f 5391 5433 5432
f 5391 5392 5433
f 1702 1743 1744
f 1702 1744 1703
f 5392 5434 5433
f 5392 5393 5434
f 1703 1744 1745
f 1703 1745 1704
f 5393 5435 5434
f 5393 5394 5435
f 1704 1745 1746
f 1704 1746 1705
f 5394 5436 5435
f 5394 5395 5436
f 1705 1746 1747
f 1705 1747 1706
f 5395 5437 5436
f 5395 5396 5437
f 1706 1747 1748
f 1706 1748 1707
f 5396 5438 5437
f 5396 5397 5438
f 1707 1748 1749
f 1707 1749 1708
f 5397 5439 5438
f 5397 5398 5439
f 1708 1749 1750
f 1708 1750 1709
f 5398 5440 5439
f 5398 5399 5440
f 1709 1750 1751
f 1709 1751 1710
f 5399 5441 5440
f 5399 5400 5441
f 1710 1751 1752
f 1710 1752 1711
f 5400 5442 5441
f 5400 5401 5442
f 1711 1752 1753
f 1711 1753 1712
f 5401 5443 5442
f 5401 5402 5443
f 1712 1753 1754
f 1712 1754 1713
f 5402 5444 5443
f 5402 5403 5444
f 1713 1754 1755
f 1713 1755 1714
f 5403 5445 5444
f 5403 5404 5445
f 1714 1755 1756
f 1714 1756 1715
f 5404 5446 5445
f 5404 5405 5446
f 1715 1756 1757
f 1715 1757 1716
f 5405 5447 5446
f 5405 5406 5447
f 1716 1757 1758
f 1716 1758 1717
f 5406 5448 5447
f 5406 5407 5448
f 1717 1758 1759
f 1717 1759 1718
f 5407 5449 5448
f 5407 5408 5449
f 1718 1759 1760
f 1718 1760 1719
f 5408 5450 5449
f 5408 5409 5450
f 1719 1760 1761
f 1719 1761 1720
f 5409 5451 5450
f 5409 5410 5451
f 1720 1761 1762
f 1720 1762 1721
f 5410 5452 5451
f 5410 5411 5452
f 1721 1762 1763
f 1721 1763 1722
f 5411 5453 5452
f 5411 5412 5453
f 1723 1764 1765
f 1723 1765 1724
f 5413 5455 5454
f 5413 5414 5455
f 1724 1765 1766
f 1724 1766 1725
f 5414 5456 5455
f 5414 5415 5456
f 1725 1766 1767
f 1725 1767 1726
f 5415 5457 5456
f 5415 5416 5457
f 1726 1767 1768
f 1726 1768 1727
f 5416 5458 5457
f 5416 5417 5458
f 1727 1768 1769
f 1727 1769 1728
f 5417 5459 5458
f 5417 5418 5459
f 1728 1769 1770
f 1728 1770 1729
f 5418 5460 5459
f 5418 5419 5460
f 1729 1770 1771
f 1729 1771 1730
f 5419 5461 5460
f 5419 5420 5461
f 1730 1771 1772
f 1730 1772 1731
f 5420 5462 5461
f 5420 5421 5462
f 1731 1772 1773
f 1731 1773 1732
f 5421 5463 5462
f 5421 5422 5463
f 1732 1773 1774
f 1732 1774 1733
f 5422 5464 5463
f 5422 5423 5464
f 1733 1774 1775
f 1733 1775 1734
f 5423 5465 5464
f 5423 5424 5465
f 1734 1775 1776
f 1734 1776 1735
f 5424 5466 5465
f 5424 5425 5466
f 1735 1776 1777
f 1735 1777 1736
f 5425 5467 5466
f 5425 5426 5467
f 1736 1777 1778
f 1736 1778 1737
f 5426 5468 5467
f 5426 5427 5468
f 1737 1778 1779
f 1737 1779 1738
f 5427 5469 5468
f 5427 5428 5469
f 1738 1779 1780
f 1738 1780 1739
f 5428 5470 5469
f 5428 5429 5470
f 1739 1780 1781
f 1739 1781 1740
f 5429 5471 5470
f 5429 5430 5471
f 1740 1781 1782
f 1740 1782 1741
f 5430 5472 5471
f 5430 5431 5472
f 1741 1782 1783
f 1741 1783 1742
f 5431 5473 5472
f 5431 5432 5473
f 1742 1783 1784
f 1742 1784 1743
f 5432 5474 5473
f 5432 5433 5474
f 1743 1784 1785
f 1743 1785 1744
f 5433 5475 5474
f 5433 5434 5475
f 1744 1785 1786
f 1744 1786 1745
f 5434 5476 5475
f 5434 5435 5476
f 1745 1786 1787
f 1745 1787 1746
f 5435 5477 5476
f 5435 5436 5477
f 1746 1787 1788
f 1746 1788 1747
f 5436 5478 5477
f 5436 5437 5478
f 1747 1788 1789
f 1747 1789 1748
f 5437 5479 5478
f 5437 5438 5479
f 1748 1789 1790
f 1748 1790 1749
f 5438 5480 5479
f 5438 5439 5480
f 1749 1790 1791
f 1749 1791 1750
f 5439 5481 5480
f 5439 5440 5481
f 1750 1791 1792
f 1750 1792 1751
f 5440 5482 5481
f 5440 5441 5482
f 1751 1792 1793
f 1751 1793 1752
f 5441 5483 5482
f 5441 5442 5483
f 1752 1793 1794
f 1752 1794 1753
f 5442 5484 5483
f 5442 5443 5484
f 1753 1794 1795
f 1753 1795 1754
f 5443 5485 5484
f 5443 5444 5485
f 1754 1795 1796
f 1754 1796 1755
f 5444 5486 5485
f 5444 5445 5486
f 1755 1796 1797
f 1755 1797 1756
f 5445 5487 5486
f 5445 5446 5487
f 1756 1797 1798
f 1756 1798 1757
f 5446 5488 5487
f 5446 5447 5488
f 1757 1798 1799
f 1757 1799 1758
f 5447 5489 5488
f 5447 5448 5489
f 1758 1799 1800
f 1758 1800 1759
f 5448 5490 5489
f 5448 5449 5490
f 1759 1800 1801
f 1759 1801 1760
f 5449 5491 5490
f 5449 5450 5491
f 1760 1801 1802
f 1760 1802 1761
f 5450 5492 5491
f 5450 5451 5492
f 1761 1802 1803
f 1761 1803 1762
f 5451 5493 5492
f 5451 5452 5493
f 1762 1803 1804
f 1762 1804 1763
f 5452 5494 5493
f 5452 5453 5494
f 1764 1805 1806
f 1764 1806 1765
f 5454 5496 5495
f 5454 5455 5496
f 1765 1806 1807
f 1765 1807 1766
f 5455 5497 5496
f 5455 5456 5497
f 1766 1807 1808
f 1766 1808 1767
f 5456 5498 5497
f 5456 5457 5498
f 1767 1808 1809
f 1767 1809 1768
f 5457 5499 5498
f 5457 5458 5499
f 1768 1809 1810
f 1768 1810 1769
f 5458 5500 5499
f 5458 5459 5500
f 1769 1810 1811
f 1769 1811 1770
f 5459 5501 5500
f 5459 5460 5501
f 1770 1811 1812
f 1770 1812 1771
f 5460 5502 5501
f 5460 5461 5502
f 1771 1812 1813
f 1771 1813 1772
f 5461 5503 5502
f 5461 5462 5503
f 1772 1813 1814
f 1772 1814 1773
f 5462 5504 5503
f 5462 5463 5504
f 1773 1814 1815
f 1773 1815 1774
f 5463 5505 5504
f 5463 5464 5505
f 1774 1815 1816
f 1774 1816 1775
f 5464 5506 5505
f 5464 5465 5506
f 1775 1816 1817
f 1775 1817 1776
f 5465 5507 5506
f 5465 5466 5507
f 1776 1817 1818
f 1776 1818 1777
f 5466 5508 5507
f 5466 5467 5508
f 1777 1818 1819
f 1777 1819 1778
f 5467 5509 5508
f 5467 5468 5509
f 1778 1819 1820
f 1778 1820 1779
f 5468 5510 5509
f 5468 5469 5510
f 1779 1820 1821
f 1779 1821 1780
f 5469 5511 5510
f 5469 5470 5511
f 1780 1821 1822
f 1780 1822 1781
f 5470 5512 5511
f 5470 5471 5512
f 1781 1822 1823
f 1781 1823 1782
f 5471 5513 5512
f 5471 5472 5513
f 1782 1823 1824
f 1782 1824 1783
f 5472 5514 5513
f 5472 5473 5514
f 1783 1824 1825
f 1783 1825 1784
f 5473 5515 5514
f 5473 5474 5515
f 1784 1825 1826
f 1784 1826 1785
f 5474 5516 5515
f 5474 5475 5516
f 1785 1826 1827
f 1785 1827 1786
f 5475 5517 5516
f 5475 5476 5517
f 1786 1827 1828
f 1786 1828 1787
f 5476 5518 5517
f 5476 5477 5518
f 1787 1828 1829
f 1787 1829 1788
f 5477 5519 5518
f 5477 5478 5519
f 1788 1829 1830
f 1788 1830 1789
f 5478 5520 5519
f 5478 5479 5520
f 1789 1830 1831
f 1789 1831 1790
f 5479 5521 5520
f 5479 5480 5521
f 1790 1831 1832
f 1790 1832 1791
f 5480 5522 5521
f 5480 5481 5522
f 1791 1832 1833
f 1791 1833 1792
f 5481 5523 5522
f 5481 5482 5523
f 1792 1833 1834
f 1792 1834 1793
f 5482 5524 5523
f 5482 5483 5524
f 1793 1834 1835
f 1793 1835 1794
f 5483 5525 5524
f 5483 5484 5525
f 1794 1835 1836
f 1794 1836 1795
f 5484 5526 5525
f 5484 5485 5526
f 1795 1836 1837
f 1795 1837 1796
f 5485 5527 5526
f 5485 5486 5527
f 1796 1837 1838
f 1796 1838 1797
f 5486 5528 5527
f 5486 5487 5528
f 1797 1838 1839
f 1797 1839 1798
f 5487 5529 5528
f 5487 5488 5529
f 1798 1839 1840
f 1798 1840 1799
f 5488 5530 5529
f 5488 5489 5530
f 1799 1840 1841
f 1799 1841 1800
f 5489 5531 5530
f 5489 5490 5531
f 1800 1841 1842
f 1800 1842 1801
f 5490 5532 5531
f 5490 5491 5532
f 1801 1842 1843
f 1801 1843 1802
f 5491 5533 5532
f 5491 5492 5533
f 1802 1843 1844
f 1802 1844 1803
f 5492 5534 5533
f 5492 5493 5534
f 1803 1844 1845
f 1803 1845 1804
f 5493 5535 5534
f 5493 5494 5535
f 1805 1846 1847
f 1805 1847 1806
f 5495 5537 5536
f 5495 5496 5537
f 1806 1847 1848
f 1806 1848 1807
f 5496 5538 5537
f 5496 5497 5538
f 1807 1848 1849
f 1807 1849 1808
f 5497 5539 5538
f 5497 5498 5539
f 1808 1849 1850
f 1808 1850 1809
f 5498 5540 5539
f 5498 5499 5540
f 1809 1850 1851
f 1809 1851 1810
f 5499 5541 5540
f 5499 5500 5541
f 1810 1851 1852
f 1810 1852 1811
f 5500 5542 5541
f 5500 5501 5542
f 1811 1852 1853
f 1811 1853 1812
f 5501 5543 5542
f 5501 5502 5543
f 1812 1853 1854
f 1812 1854 1813
f 5502 5544 5543
f 5502 5503 5544
f 1813 1854 1855
f 1813 1855 1814
f 5503 5545 5544
f 5503 5504 5545
f 1814 1855 1856
f 1814 1856 1815
f 5504 5546 5545
f 5504 5505 5546
f 1815 1856 1857
f 1815 1857 1816
f 5505 5547 5546
f 5505 5506 5547
f 1816 1857 1858
f 1816 1858 1817
f 5506 5548 5547
f 5506 5507 5548
f 1817 1858 1859
f 1817 1859 1818
f 5507 5549 5548
f 5507 5508 5549
f 1818 1859 1860
f 1818 1860 1819
f 5508 5550 5549
f 5508 5509 5550
f 1819 1860 1861
f 1819 1861 1820
f 5509 5551 5550
f 5509 5510 5551
f 1820 1861 1862
f 1820 1862 1821
f 5510 5552 5551
f 5510 5511 5552
f 1821 1862 1863
f 1821 1863 1822
f 5511 5553 5552
f 5511 5512 5553
f 1822 1863 1864
f 1822 1864 1823
f 5512 5554 5553
f 5512 5513 5554
f 1823 1864 1865
f 1823 1865 1824
f 5513 5555 5554
f 5513 5514 5555
f 1824 1865 1866
f 1824 1866 1825
f 5514 5556 5555
f 5514 5515 5556
f 1825 1866 1867
f 1825 1867 1826
f 5515 5557 5556
f 5515 5516 5557
f 1826 1867 1868
f 1826 1868 1827
f 5516 5558 5557
f 5516 5517 5558
f 1827 1868 1869
f 1827 1869 1828
f 5517 5559 5558
f 5517 5518 5559
f 1828 1869 1870
f 1828 1870 1829
f 5518 5560 5559
f 5518 5519 5560
f 1829 1870 1871
f 1829 1871 1830
f 5519 5561 5560
f 5519 5520 5561
f 1830 1871 1872
f 1830 1872 1831
f 5520 5562 5561
f 5520 5521 5562
f 1831 1872 1873
f 1831 1873 1832
f 5521 5563 5562
f 5521 5522 5563
f 1832 1873 1874
f 1832 1874 1833
f 5522 5564 5563
f 5522 5523 5564
f 1833 1874 1875
f 1833 1875 1834
f 5523 5565 5564
f 5523 5524 5565
f 1834 1875 1876
f 1834 1876 1835
f 5524 5566 5565
f 5524 5525 5566
f 1835 1876 1877
f 1835 1877 1836
f 5525 5567 5566
f 5525 5526 5567
f 1836 1877 1878
f 1836 1878 1837
f 5526 5568 5567
f 5526 5527 5568
f 1837 1878 1879
f 1837 1879 1838
f 5527 5569 5568
f 5527 5528 5569
f 1838 1879 1880
f 1838 1880 1839
f 5528 5570 5569
f 5528 5529 5570
f 1839 1880 1881
f 1839 1881 1840
f 5529 5571 5570
f 5529 5530 5571
f 1840 1881 1882
f 1840 1882 1841
f 5530 5572 5571
f 5530 5531 5572
f 1841 1882 1883
f 1841 1883 1842
f 5531 5573 5572
f 5531 5532 5573
f 1842 1883 1884
f 1842 1884 1843
f 5532 5574 5573
f 5532 5533 5574
f 1843 1884 1885
f 1843 1885 1844
f 5533 5575 5574
f 5533 5534 5575
f 1844 1885 1886
f 1844 1886 1845
f 5534 5576 5575
f 5534 5535 5576
f 1846 1887 1888
f 1846 1888 1847
f 5536 5578 5577
f 5536 5537 5578
f 1847 1888 1889
f 1847 1889 1848
f 5537 5579 5578
f 5537 5538 5579
f 1848 1889 1890
f 1848 1890 1849
f 5538 5580 5579
f 5538 5539 5580
f 1849 1890 1891
f 1849 1891 1850
f 5539 5581 5580
f 5539 5540 5581
f 1850 1891 1892
f 1850 1892 1851
f 5540 5582 5581
f 5540 5541 5582
f 1851 1892 1893
f 1851 1893 1852
f 5541 5583 5582
f 5541 5542 5583
f 1852 1893 1894
f 1852 1894 1853
f 5542 5584 5583
f 5542 5543 5584
f 1853 1894 1895
f 1853 1895 1854
f 5543 5585 5584
f 5543 5544 5585
f 1854 1895 1896
f 1854 1896 1855
f 5544 5586 5585
f 5544 5545 5586
f 1855 1896 1897
f 1855 1897 1856
f 5545 5587 5586
f 5545 5546 5587
f 1856 1897 1898
f 1856 1898 1857
f 5546 5588 5587
f 5546 5547 5588
f 1857 1898 1899
f 1857 1899 1858
f 5547 5589 5588
f 5547 5548 5589
f 1858 1899 1900
f 1858 1900 1859
f 5548 5590 5589
f 5548 5549 5590
f 1859 1900 1901
f 1859 1901 1860
f 5549 5591 5590
f 5549 5550 5591
f 1860 1901 1902
f 1860 1902 1861
f 5550 5592 5591
f 5550 5551 5592
f 1861 1902 1903
f 1861 1903 1862
f 5551 5593 5592
f 5551 5552 5593
f 1862 1903 1904
f 1862 1904 1863
f 5552 5594 5593
f 5552 5553 5594
f 1863 1904 1905
f 1863 1905 1864
f 5553 5595 5594
f 5553 5554 5595
f 1864 1905 1906
f 1864 1906 1865
f 5554 5596 5595
f 5554 5555 5596
f 1865 1906 1907
f 1865 1907 1866
f 5555 5597 5596
f 5555 5556 5597
f 1866 1907 1908
f 1866 1908 1867
f 5556 5598 5597
f 5556 5557 5598
f 1867 1908 1909
f 1867 1909 1868
f 5557 5599 5598
f 5557 5558 5599
f 1868 1909 1910
f 1868 1910 1869
f 5558 5600 5599
f 5558 5559 5600
f 1869 1910 1911
f 1869 1911 1870
f 5559 5601 5600
f 5559 5560 5601
f 1870 1911 1912
f 1870 1912 1871
f 5560 5602 5601
f 5560 5561 5602
f 1871 1912 1913
f 1871 1913 1872
f 5561 5603 5602
f 5561 5562 5603
f 1872 1913 1914
f 1872 1914 1873
f 5562 5604 5603
f 5562 5563 5604
f 1873 1914 1915
f 1873 1915 1874
f 5563 5605 5604
f 5563 5564 5605
f 1874 1915 1916
f 1874 1916 1875
f 5564 5606 5605
f 5564 5565 5606
f 1875 1916 1917
f 1875 1917 1876
f 5565 5607 5606
f 5565 5566 5607
f 1876 1917 1918
f 1876 1918 1877
f 5566 5608 5607
f 5566 5567 5608
f 1877 1918 1919
f 1877 1919 1878
f 5567 5609 5608
f 5567 5568 5609
f 1878 1919 1920
f 1878 1920 1879
f 5568 5610 5609
f 5568 5569 5610
f 1879 1920 1921
f 1879 1921 1880
f 5569 5611 5610
f 5569 5570 5611
f 1880 1921 1922
f 1880 1922 1881
f 5570 5612 5611
f 5570 5571 5612
f 1881 1922 1923
f 1881 1923 1882
f 5571 5613 5612
f 5571 5572 5613
f 1882 1923 1924
f 1882 1924 1883
f 5572 5614 5613
f 5572 5573 5614
f 1883 1924 1925
f 1883 1925 1884
f 5573 5615 5614
f 5573 5574 5615
f 1884 1925 1926
f 1884 1926 1885
f 5574 5616 5615
f 5574 5575 5616
f 1885 1926 1927
f 1885 1927 1886
f 5575 5617 5616
f 5575 5576 5617
f 1887 1928 1929
f 1887 1929 1888
f 5577 5619 5618
f 5577 5578 5619
f 1888 1929 1930
f 1888 1930 1889
f 5578 5620 5619
f 5578 5579 5620
f 1889 1930 1931
f 1889 1931 1890
f 5579 5621 5620
f 5579 5580 5621
f 1890 1931 1932
f 1890 1932 1891
f 5580 5622 5621
f 5580 5581 5622
f 1891 1932 1933
f 1891 1933 1892
f 5581 5623 5622
f 5581 5582 5623
f 1892 1933 1934
f 1892 1934 1893
f 5582 5624 5623
f 5582 5583 5624
f 1893 1934 1935
f 1893 1935 1894
f 5583 5625 5624
f 5583 5584 5625
f 1894 1935 1936
f 1894 1936 1895
f 5584 5626 5625
f 5584 5585 5626
f 1895 1936 1937
f 1895 1937 1896
f 5585 5627 5626
f 5585 5586 5627
f 1896 1937 1938
f 1896 1938 1897
f 5586 5628 5627
f 5586 5587 5628
f 1897 1938 1939
f 1897 1939 1898
f 5587 5629 5628
f 5587 5588 5629
f 1898 1939 1940
f 1898 1940 1899
f 5588 5630 5629
f 5588 5589 5630
f 1899 1940 1941
f 1899 1941 1900
f 5589 5631 5630
f 5589 5590 5631
f 1900 1941 1942
f 1900 1942 1901
f 5590 5632 5631
f 5590 5591 5632
f 1901 1942 1943
f 1901 1943 1902
f 5591 5633 5632
f 5591 5592 5633
f 1902 1943 1944
f 1902 1944 1903
f 5592 5634 5633
f 5592 5593 5634
f 1903 1944 1945
f 1903 1945 1904
f 5593 5635 5634
f 5593 5594 5635
f 1904 1945 1946
f 1904 1946 1905
f 5594 5636 5635
f 5594 5595 5636
f 1905 1946 1947
f 1905 1947 1906
f 5595 5637 5636
f 5595 5596 5637
f 1906 1947 1948
f 1906 1948 1907
f 5596 5638 5637
f 5596 5597 5638
f 1907 1948 1949
f 1907 1949 1908
f 5597 5639 5638
f 5597 5598 5639
f 1908 1949 1950
f 1908 1950 1909
f 5598 5640 5639
f 5598 5599 5640
f 1909 1950 1951
f 1909 1951 1910
f 5599 5641 5640
f 5599 5600 5641
f 1910 1951 1952
f 1910 1952 1911
f 5600 5642 5641
f 5600 5601 5642
f 1911 1952 1953
f 1911 1953 1912
f 5601 5643 5642
f 5601 5602 5643
f 1912 1953 1954
f 1912 1954 1913
f 5602 5644 5643
f 5602 5603 5644
f 1913 1954 1955
f 1913 1955 1914
f 5603 5645 5644
f 5603 5604 5645
f 1914 1955 1956
f 1914 1956 1915
f 5604 5646 5645
f 5604 5605 5646
f 1915 1956 1957
f 1915 1957 1916
f 5605 5647 5646
f 5605 5606 5647
f 1916 1957 1958
f 1916 1958 1917
f 5606 5648 5647
f 5606 5607 5648
f 1917 1958 1959
f 1917 1959 1918
f 5607 5649 5648
f 5607 5608 5649
f 1918 1959 1960
f 1918 1960 1919
f 5608 5650 5649
f 5608 5609 5650
f 1919 1960 1961
f 1919 1961 1920
f 5609 5651 5650
f 5609 5610 5651
f 1920 1961 1962
f 1920 1962 1921
f 5610 5652 5651
f 5610 5611 5652
f 1921 1962 1963
f 1921 1963 1922
f 5611 5653 5652
f 5611 5612 5653
f 1922 1963 1964
f 1922 1964 1923
f 5612 5654 5653
f 5612 5613 5654
f 1923 1964 1965
f 1923 1965 1924
f 5613 5655 5654
f 5613 5614 5655
f 1924 1965 1966
f 1924 1966 1925
f 5614 5656 5655
f 5614 5615 5656
f 1925 1966 1967
f 1925 1967 1926
f 5615 5657 5656
f 5615 5616 5657
f 1926 1967 1968
f 1926 1968 1927
f 5616 5658 5657
f 5616 5617 5658
f 1928 1969 1970
f 1928 1970 1929
f 5618 5660 5659
f 5618 5619 5660
f 1929 1970 1971
f 1929 1971 1930
f 5619 5661 5660
f 5619 5620 5661
f 1930 1971 1972
f 1930 1972 1931
f 5620 5662 5661
f 5620 5621 5662
f 1931 1972 1973
f 1931 1973 1932
f 5621 5663 5662
f 5621 5622 5663
f 1932 1973 1974
f 1932 1974 1933
f 5622 5664 5663
f 5622 5623 5664
f 1933 1974 1975
f 1933 1975 1934
f 5623 5665 5664
f 5623 5624 5665
f 1934 1975 1976
f 1934 1976 1935
f 5624 5666 5665
f 5624 5625 5666
f 1935 1976 1977
f 1935 1977 1936
f 5625 5667 5666
f 5625 5626 5667
f 1936 1977 1978
f 1936 1978 1937
f 5626 5668 5667
f 5626 5627 5668
f 1937 1978 1979
f 1937 1979 1938
f 5627 5669 5668
f 5627 5628 5669
f 1938 1979 1980
f 1938 1980 1939
f 5628 5670 5669
f 5628 5629 5670
f 1939 1980 1981
f 1939 1981 1940
f 5629 5671 5670
f 5629 5630 5671
f 1940 1981 1982
f 1940 1982 1941
f 5630 5672 5671
f 5630 5631 5672
f 1941 1982 1983
f 1941 1983 1942
f 5631 5673 5672
f 5631 5632 5673
f 1942 1983 1984
f 1942 1984 1943
f 5632 5674 5673
f 5632 5633 5674
f 1943 1984 1985
f 1943 1985 1944
f 5633 5675 5674
f 5633 5634 5675
f 1944 1985 1986
f 1944 1986 1945
f 5634 5676 5675
f 5634 5635 5676
f 1945 1986 1987
f 1945 1987 1946
f 5635 5677 5676
f 5635 5636 5677
f 1946 1987 1988
f 1946 1988 1947
f 5636 5678 5677
f 5636 5637 5678
f 1947 1988 1989
f 1947 1989 1948
f 5637 5679 5678
f 5637 5638 5679
f 1948 1989 1990
f 1948 1990 1949
f 5638 5680 5679
f 5638 5639 5680
f 1949 1990 1991
f 1949 1991 1950
f 5639 5681 5680
f 5639 5640 5681
f 1950 1991 1992
f 1950 1992 1951
f 5640 5682 5681
f 5640 5641 5682
f 1951 1992 1993
f 1951 1993 1952
f 5641 5683 5682
f 5641 5642 5683
f 1952 1993 1994
f 1952 1994 1953
f 5642 5684 5683
f 5642 5643 5684
f 1953 1994 1995
f 1953 1995 1954
f 5643 5685 5684
f 5643 5644 5685
f 1954 1995 1996
f 1954 1996 1955
f 5644 5686 5685
f 5644 5645 5686
f 1955 1996 1997
f 1955 1997 1956
f 5645 5687 5686
f 5645 5646 5687
f 1956 1997 1998
f 1956 1998 1957
f 5646 5688 5687
f 5646 5647 5688
f 1957 1998 1999
f 1957 1999 1958
f 5647 5689 5688
f 5647 5648 5689
f 1958 1999 2000
f 1958 2000 1959
f 5648 5690 5689
f 5648 5649 5690
f 1959 2000 2001
f 1959 2001 1960
f 5649 5691 5690
f 5649 5650 5691
f 1960 2001 2002
f 1960 2002 1961
f 5650 5692 5691
f 5650 5651 5692
f 1961 2002 2003
f 1961 2003 1962
f 5651 5693 5692
f 5651 5652 5693
f 1962 2003 2004
f 1962 2004 1963
f 5652 5694 5693
f 5652 5653 5694
f 1963 2004 2005
f 1963 2005 1964
f 5653 5695 5694
f 5653 5654 5695
f 1964 2005 2006
f 1964 2006 1965
f 5654 5696 5695
f 5654 5655 5696
f 1965 2006 2007
f 1965 2007 1966
f 5655 5697 5696
f 5655 5656 5697
f 1966 2007 2008
f 1966 2008 1967
f 5656 5698 5697
f 5656 5657 5698
f 1967 2008 2009
f 1967 2009 1968
f 5657 5699 5698
f 5657 5658 5699
f 1969 2010 2011
f 1969 2011 1970
f 5659 5701 5700
f 5659 5660 5701
f 1970 2011 2012
f 1970 2012 1971
f 5660 5702 5701
f 5660 5661 5702
f 1971 2012 2013
f 1971 2013 1972
f 5661 5703 5702
f 5661 5662 5703
f 1972 2013 2014
f 1972 2014 1973
f 5662 5704 5703
f 5662 5663 5704
f 1973 2014 2015
f 1973 2015 1974
f 5663 5705 5704
f 5663 5664 5705
f 1974 2015 2016
f 1974 2016 1975
f 5664 5706 5705
f 5664 5665 5706
f 1975 2016 2017
f 1975 2017 1976
f 5665 5707 5706
f 5665 5666 5707
f 1976 2017 2018
f 1976 2018 1977
f 5666 5708 5707
f 5666 5667 5708
f 1977 2018 2019
f 1977 2019 1978
f 5667 5709 5708
f 5667 5668 5709
f 1978 2019 2020
f 1978 2020 1979
f 5668 5710 5709
f 5668 5669 5710
f 1979 2020 2021
f 1979 2021 1980
f 5669 5711 5710
f 5669 5670 5711
f 1980 2021 2022
f 1980 2022 1981
f 5670 5712 5711
f 5670 5671 5712
f 1981 2022 2023
f 1981 2023 1982
f 5671 5713 5712
f 5671 5672 5713
f 1982 2023 2024
f 1982 2024 1983
f 5672 5714 5713
f 5672 5673 5714
f 1983 2024 2025
f 1983 2025 1984
f 5673 5715 5714
f 5673 5674 5715
f 1984 2025 2026
f 1984 2026 1985
f 5674 5716 5715
f 5674 5675 5716
f 1985 2026 2027
f 1985 2027 1986
f 5675 5717 5716
f 5675 5676 5717
f 1986 2027 2028
f 1986 2028 1987
f 5676 5718 5717
f 5676 5677 5718
f 1987 2028 2029
f 1987 2029 1988
f 5677 5719 5718
f 5677 5678 5719
f 1988 2029 2030
f 1988 2030 1989
f 5678 5720 5719
f 5678 5679 5720
f 1989 2030 2031
f 1989 2031 1990
f 5679 5721 5720
f 5679 5680 5721
f 1990 2031 2032
f 1990 2032 1991
f 5680 5722 5721
f 5680 5681 5722
f 1991 2032 2033
f 1991 2033 1992
f 5681 5723 5722
f 5681 5682 5723
f 1992 2033 2034
f 1992 2034 1993
f 5682 5724 5723
f 5682 5683 5724
f 1993 2034 2035
f 1993 2035 1994
f 5683 5725 5724
f 5683 5684 5725
f 1994 2035 2036
f 1994 2036 1995
f 5684 5726 5725
f 5684 5685 5726
f 1995 2036 2037
f 1995 2037 1996
f 5685 5727 5726
f 5685 5686 5727
f 1996 2037 2038
f 1996 2038 1997
f 5686 5728 5727
f 5686 5687 5728
f 1997 2038 2039
f 1997 2039 1998
f 5687 5729 5728
f 5687 5688 5729
f 1998 2039 2040
f 1998 2040 1999
f 5688 5730 5729
f 5688 5689 5730
f 1999 2040 2041
f 1999 2041 2000
f 5689 5731 5730
f 5689 5690 5731
f 2000 2041 2042
f 2000 2042 2001
f 5690 5732 5731
f 5690 5691 5732
f 2001 2042 2043
f 2001 2043 2002
f 5691 5733 5732
f 5691 5692 5733
f 2002 2043 2044
f 2002 2044 2003
f 5692 5734 5733
f 5692 5693 5734
f 2003 2044 2045
f 2003 2045 2004
f 5693 5735 5734
f 5693 5694 5735
f 2004 2045 2046
f 2004 2046 2005
f 5694 5736 5735
f 5694 5695 5736
f 2005 2046 2047
f 2005 2047 2006
f 5695 5737 5736
f 5695 5696 5737
f 2006 2047 2048
f 2006 2048 2007
f 5696 5738 5737
f 5696 5697 5738
f 2007 2048 2049
f 2007 2049 2008
f 5697 5739 5738
f 5697 5698 5739
f 2008 2049 2050
f 2008 2050 2009
f 5698 5740 5739
f 5698 5699 5740
f 2010 2051 2052
f 2010 2052 2011
f 5700 5742 5741
f 5700 5701 5742
f 2011 2052 2053
f 2011 2053 2012
f 5701 5743 5742
f 5701 5702 5743
f 2012 2053 2054
f 2012 2054 2013
f 5702 5744 5743
f 5702 5703 5744
f 2013 2054 2055
f 2013 2055 2014
f 5703 5745 5744
f 5703 5704 5745
f 2014 2055 2056
f 2014 2056 2015
f 5704 5746 5745
f 5704 5705 5746
f 2015 2056 2057
f 2015 2057 2016
f 5705 5747 5746
f 5705 5706 5747
f 2016 2057 2058
f 2016 2058 2017
f 5706 5748 5747
f 5706 5707 5748
f 2017 2058 2059
f 2017 2059 2018
f 5707 5749 5748
f 5707 5708 5749
f 2018 2059 2060
f 2018 2060 2019
f 5708 5750 5749
f 5708 5709 5750
f 2019 2060 2061
f 2019 2061 2020
f 5709 5751 5750
f 5709 5710 5751
f 2020 2061 2062
f 2020 2062 2021
f 5710 5752 5751
f 5710 5711 5752
f 2021 2062 2063
f 2021 2063 2022
f 5711 5753 5752
f 5711 5712 5753
f 2022 2063 2064
f 2022 2064 2023
f 5712 5754 5753
f 5712 5713 5754
f 2023 2064 2065
f 2023 2065 2024
f 5713 5755 5754
f 5713 5714 5755
f 2024 2065 2066
f 2024 2066 2025
f 5714 5756 5755
f 5714 5715 5756
f 2025 2066 2067
f 2025 2067 2026
f 5715 5757 5756
f 5715 5716 5757
f 2026 2067 2068
f 2026 2068 2027
f 5716 5758 5757
f 5716 5717 5758
f 2027 2068 2069
f 2027 2069 2028
f 5717 5759 5758
f 5717 5718 5759
f 2028 2069 2070
f 2028 2070 2029
f 5718 5760 5759
f 5718 5719 5760
f 2029 2070 2071
f 2029 2071 2030
f 5719 5761 5760
f 5719 5720 5761
f 2030 2071 2072
f 2030 2072 2031
f 5720 5762 5761
f 5720 5721 5762
f 2031 2072 2073
f 2031 2073 2032
f 5721 5763 5762
f 5721 5722 5763
f 2032 2073 2074
f 2032 2074 2033
f 5722 5764 5763
f 5722 5723 5764
f 2033 2074 2075
f 2033 2075 2034
f 5723 5765 5764
f 5723 5724 5765
f 2034 2075 2076
f 2034 2076 2035
f 5724 5766 5765
f 5724 5725 5766
f 2035 2076 2077
f 2035 2077 2036
f 5725 5767 5766
f 5725 5726 5767
f 2036 2077 2078
f 2036 2078 2037
f 5726 5768 5767
f 5726 5727 5768
f 2037 2078 2079
f 2037 2079 2038
f 5727 5769 5768
f 5727 5728 5769
f 2038 2079 2080
f 2038 2080 2039
f 5728 5770 5769
f 5728 5729 5770
f 2039 2080 2081
f 2039 2081 2040
f 5729 5771 5770
f 5729 5730 5771
f 2040 2081 2082
f 2040 2082 2041
f 5730 5772 5771
f 5730 5731 5772
f 2041 2082 2083
f 2041 2083 2042
f 5731 5773 5772
f 5731 5732 5773
f 2042 2083 2084
f 2042 2084 2043
f 5732 5774 5773
f 5732 5733 5774
f 2043 2084 2085
f 2043 2085 2044
f 5733 5775 5774
f 5733 5734 5775
f 2044 2085 2086
f 2044 2086 2045
f 5734 5776 5775
f 5734 5735 5776
f 2045 2086 2087
f 2045 2087 2046
f 5735 5777 5776
f 5735 5736 5777
f 2046 2087 2088
f 2046 2088 2047
f 5736 5778 5777
f 5736 5737 5778
f 2047 2088 2089
f 2047 2089 2048
f 5737 5779 5778
f 5737 5738 5779
f 2048 2089 2090
f 2048 2090 2049
f 5738 5780 5779
f 5738 5739 5780
f 2049 2090 2091
f 2049 2091 2050
f 5739 5781 5780
f 5739 5740 5781
f 2051 2092 2093
f 2051 2093 2052
f 5741 5783 5782
f 5741 5742 5783
f 2052 2093 2094
f 2052 2094 2053
f 5742 5784 5783
f 5742 5743 5784
f 2053 2094 2095
f 2053 2095 2054
f 5743 5785 5784
f 5743 5744 5785
f 2054 2095 2096
f 2054 2096 2055
f 5744 5786 5785
f 5744 5745 5786
f 2055 2096 2097
f 2055 2097 2056
f 5745 5787 5786
f 5745 5746 5787
f 2056 2097 2098
f 2056 2098 2057
f 5746 5788 5787
f 5746 5747 5788
f 2057 2098 2099
f 2057 2099 2058
f 5747 5789 5788
f 5747 5748 5789
f 2058 2099 2100
f 2058 2100 2059
f 5748 5790 5789
f 5748 5749 5790
f 2059 2100 2101
f 2059 2101 2060
f 5749 5791 5790
f 5749 5750 5791
f 2060 2101 2102
f 2060 2102 2061
f 5750 5792 5791
f 5750 5751 5792
f 2061 2102 2103
f 2061 2103 2062
f 5751 5793 5792
f 5751 5752 5793
f 2062 2103 2104
f 2062 2104 2063
f 5752 5794 5793
f 5752 5753 5794
f 2063 2104 2105
f 2063 2105 2064
f 5753 5795 5794
f 5753 5754 5795
f 2064 2105 2106
f 2064 2106 2065
f 5754 5796 5795
f 5754 5755 5796
f 2065 2106 2107
f 2065 2107 2066
f 5755 5797 5796
f 5755 5756 5797
f 2066 2107 2108
f 2066 2108 2067
f 5756 5798 5797
f 5756 5757 5798
f 2067 2108 2109
f 2067 2109 2068
f 5757 5799 5798
f 5757 5758 5799
f 2068 2109 2110
f 2068 2110 2069
f 5758 5800 5799
f 5758 5759 5800
f 2069 2110 2111
f 2069 2111 2070
f 5759 5801 5800
f 5759 5760 5801
f 2070 2111 2112
f 2070 2112 2071
f 5760 5802 5801
f 5760 5761 5802
f 2071 2112 2113
f 2071 2113 2072
f 5761 5803 5802
f 5761 5762 5803
f 2072 2113 2114
f 2072 2114 2073
f 5762 5804 5803
f 5762 5763 5804
f 2073 2114 2115
f 2073 2115 2074
f 5763 5805 5804
f 5763 5764 5805
f 2074 2115 2116
f 2074 2116 2075
f 5764 5806 5805
f 5764 5765 5806
f 2075 2116 2117
f 2075 2117 2076
f 5765 5807 5806
f 5765 5766 5807
f 2076 2117 2118
f 2076 2118 2077
f 5766 5808 5807
f 5766 5767 5808
f 2077 2118 2119
f 2077 2119 2078
f 5767 5809 5808
f 5767 5768 5809
f 2078 2119 2120
f 2078 2120 2079
f 5768 5810 5809
f 5768 5769 5810
f 2079 2120 2121
f 2079 2121 2080
f 5769 5811 5810
f 5769 5770 5811
f 2080 2121 2122
f 2080 2122 2081
f 5770 5812 5811
f 5770 5771 5812
f 2081 2122 2123
f 2081 2123 2082
f 5771 5813 5812
f 5771 5772 5813
f 2082 2123 2124
f 2082 2124 2083
f 5772 5814 5813
f 5772 5773 5814
f 2083 2124 2125
f 2083 2125 2084
f 5773 5815 5814
f 5773 5774 5815
f 2084 2125 2126
f 2084 2126 2085
f 5774 5816 5815
f 5774 5775 5816
f 2085 2126 2127
f 2085 2127 2086
f 5775 5817 5816
f 5775 5776 5817
f 2086 2127 2128
f 2086 2128 2087
f 5776 5818 5817
f 5776 5777 5818
f 2087 2128 2129
f 2087 2129 2088
f 5777 5819 5818
f 5777 5778 5819
f 2088 2129 2130
f 2088 2130 2089
f 5778 5820 5819
f 5778 5779 5820
f 2089 2130 2131
f 2089 2131 2090
f 5779 5821 5820
f 5779 5780 5821
f 2090 2131 2132
f 2090 2132 2091
f 5780 5822 5821
f 5780 5781 5822
f 2092 2133 2134
f 2092 2134 2093
f 5782 5824 5823
f 5782 5783 5824
f 2093 2134 2135
f 2093 2135 2094
f 5783 5825 5824
f 5783 5784 5825
f 2094 2135 2136
f 2094 2136 2095
f 5784 5826 5825
f 5784 5785 5826
f 2095 2136 2137
f 2095 2137 2096
f 5785 5827 5826
f 5785 5786 5827
f 2096 2137 2138
f 2096 2138 2097
f 5786 5828 5827
f 5786 5787 5828
f 2097 2138 2139
f 2097 2139 2098
f 5787 5829 5828
f 5787 5788 5829
f 2098 2139 2140
f 2098 2140 2099
f 5788 5830 5829
f 5788 5789 5830
f 2099 2140 2141
f 2099 2141 2100
f 5789 5831 5830
f 5789 5790 5831
f 2100 2141 2142
f 2100 2142 2101
f 5790 5832 5831
f 5790 5791 5832
f 2101 2142 2143
f 2101 2143 2102
f 5791 5833 5832
f 5791 5792 5833
f 2102 2143 2144
f 2102 2144 2103
f 5792 5834 5833
f 5792 5793 5834
f 2103 2144 2145
f 2103 2145 2104
f 5793 5835 5834
f 5793 5794 5835
f 2104 2145 2146
f 2104 2146 2105
f 5794 5836 5835
f 5794 5795 5836
f 2105 2146 2147
f 2105 2147 2106
f 5795 5837 5836
f 5795 5796 5837
f 2106 2147 2148
f 2106 2148 2107
f 5796 5838 5837
f 5796 5797 5838
f 2107 2148 2149
f 2107 2149 2108
f 5797 5839 5838
f 5797 5798 5839
f 2108 2149 2150
f 2108 2150 2109
f 5798 5840 5839
f 5798 5799 5840
f 2109 2150 2151
f 2109 2151 2110
f 5799 5841 5840
f 5799 5800 5841
f 2110 2151 2152
f 2110 2152 2111
f 5800 5842 5841
f 5800 5801 5842
f 2111 2152 2153
f 2111 2153 2112
f 5801 5843 5842
f 5801 5802 5843
f 2112 2153 2154
f 2112 2154 2113
f 5802 5844 5843
f 5802 5803 5844
f 2113 2154 2155
f 2113 2155 2114
f 5803 5845 5844
f 5803 5804 5845
f 2114 2155 2156
f 2114 2156 2115
f 5804 5846 5845
f 5804 5805 5846
f 2115 2156 2157
f 2115 2157 2116
f 5805 5847 5846
f 5805 5806 5847
f 2116 2157 2158
f 2116 2158 2117
f 5806 5848 5847
f 5806 5807 5848
f 2117 2158 2159
f 2117 2159 2118
f 5807 5849 5848
f 5807 5808 5849
f 2118 2159 2160
f 2118 2160 2119
f 5808 5850 5849
f 5808 5809 5850
f 2119 2160 2161
f 2119 2161 2120
f 5809 5851 5850
f 5809 5810 5851
f 2120 2161 2162
f 2120 2162 2121
f 5810 5852 5851
f 5810 5811 5852
f 2121 2162 2163
f 2121 2163 2122
f 5811 5853 5852
f 5811 5812 5853
f 2122 2163 2164
f 2122 2164 2123
f 5812 5854 5853
f 5812 5813 5854
f 2123 2164 2165
f 2123 2165 2124
f 5813 5855 5854
f 5813 5814 5855
f 2124 2165 2166
f 2124 2166 2125
f 5814 5856 5855
f 5814 5815 5856
f 2125 2166 2167
f 2125 2167 2126
f 5815 5857 5856
f 5815 5816 5857
f 2126 2167 2168
f 2126 2168 2127
f 5816 5858 5857
f 5816 5817 5858
f 2127 2168 2169
f 2127 2169 2128
f 5817 5859 5858
f 5817 5818 5859
f 2128 2169 2170
f 2128 2170 2129
f 5818 5860 5859
f 5818 5819 5860
f 2129 2170 2171
f 2129 2171 2130
f 5819 5861 5860
f 5819 5820 5861
f 2130 2171 2172
f 2130 2172 2131
f 5820 5862 5861
f 5820 5821 5862
f 2131 2172 2173
f 2131 2173 2132
f 5821 5863 5862
f 5821 5822 5863
f 2133 2174 2175
f 2133 2175 2134
f 5823 5865 5864
f 5823 5824 5865
f 2134 2175 2176
f 2134 2176 2135
f 5824 5866 5865
f 5824 5825 5866
f 2135 2176 2177
f 2135 2177 2136
f 5825 5867 5866
f 5825 5826 5867
f 2136 2177 2178
f 2136 2178 2137
f 5826 5868 5867
f 5826 5827 5868
f 2137 2178 2179
f 2137 2179 2138
f 5827 5869 5868
f 5827 5828 5869
f 2138 2179 2180
f 2138 2180 2139
f 5828 5870 5869
f 5828 5829 5870
f 2139 2180 2181
f 2139 2181 2140
f 5829 5871 5870
f 5829 5830 5871
f 2140 2181 2182
f 2140 2182 2141
f 5830 5872 5871
f 5830 5831 5872
f 2141 2182 2183
f 2141 2183 2142
f 5831 5873 5872
f 5831 5832 5873
f 2142 2183 2184
f 2142 2184 2143
f 5832 5874 5873
f 5832 5833 5874
f 2143 2184 2185
f 2143 2185 2144
f 5833 5875 5874
f 5833 5834 5875
f 2144 2185 2186
f 2144 2186 2145
f 5834 5876 5875
f 5834 5835 5876
f 2145 2186 2187
f 2145 2187 2146
f 5835 5877 5876
f 5835 5836 5877
f 2146 2187 2188
f 2146 2188 2147
f 5836 5878 5877
f 5836 5837 5878
f 2147 2188 2189
f 2147 2189 2148
f 5837 5879 5878
f 5837 5838 5879
f 2148 2189 2190
f 2148 2190 2149
f 5838 5880 5879
f 5838 5839 5880
f 2149 2190 2191
f 2149 2191 2150
f 5839 5881 5880
f 5839 5840 5881
f 2150 2191 2192
f 2150 2192 2151
f 5840 5882 5881
f 5840 5841 5882
f 2151 2192 2193
f 2151 2193 2152
f 5841 5883 5882
f 5841 5842 5883
f 2152 2193 2194
f 2152 2194 2153
f 5842 5884 5883
f 5842 5843 5884
f 2153 2194 2195
f 2153 2195 2154
f 5843 5885 5884
f 5843 5844 5885
f 2154 2195 2196
f 2154 2196 2155
f 5844 5886 5885
f 5844 5845 5886
f 2155 2196 2197
f 2155 2197 2156
f 5845 5887 5886
f 5845 5846 5887
f 2156 2197 2198
f 2156 2198 2157
f 5846 5888 5887
f 5846 5847 5888
f 2157 2198 2199
f 2157 2199 2158
f 5847 5889 5888
f 5847 5848 5889
f 2158 2199 2200
f 2158 2200 2159
f 5848 5890 5889
f 5848 5849 5890
f 2159 2200 2201
f 2159 2201 2160
f 5849 5891 5890
f 5849 5850 5891
f 2160 2201 2202
f 2160 2202 2161
f 5850 5892 5891
f 5850 5851 5892
f 2161 2202 2203
f 2161 2203 2162
f 5851 5893 5892
f 5851 5852 5893
f 2162 2203 2204
f 2162 2204 2163
f 5852 5894 5893
f 5852 5853 5894
f 2163 2204 2205
f 2163 2205 2164
f 5853 5895 5894
f 5853 5854 5895
f 2164 2205 2206
f 2164 2206 2165
f 5854 5896 5895
f 5854 5855 5896
f 2165 2206 2207
f 2165 2207 2166
f 5855 5897 5896
f 5855 5856 5897
f 2166 2207 2208
f 2166 2208 2167
f 5856 5898 5897
f 5856 5857 5898
f 2167 2208 2209
f 2167 2209 2168
f 5857 5899 5898
f 5857 5858 5899
f 2168 2209 2210
f 2168 2210 2169
f 5858 5900 5899
f 5858 5859 5900
f 2169 2210 2211
f 2169 2211 2170
f 5859 5901 5900
f 5859 5860 5901
f 2170 2211 2212
f 2170 2212 2171
f 5860 5902 5901
f 5860 5861 5902
f 2171 2212 2213
f 2171 2213 2172
f 5861 5903 5902
f 5861 5862 5903
f 2172 2213 2214
f 2172 2214 2173
f 5862 5904 5903
f 5862 5863 5904
f 2174 2215 2216
f 2174 2216 2175
f 5864 5906 5905
f 5864 5865 5906
f 2175 2216 2217
f 2175 2217 2176
f 5865 5907 5906
f 5865 5866 5907
f 2176 2217 2218
f 2176 2218 2177
f 5866 5908 5907
f 5866 5867 5908
f 2177 2218 2219
f 2177 2219 2178
f 5867 5909 5908
f 5867 5868 5909
f 2178 2219 2220
f 2178 2220 2179
f 5868 5910 5909
f 5868 5869 5910
f 2179 2220 2221
f 2179 2221 2180
f 5869 5911 5910
f 5869 5870 5911
f 2180 2221 2222
f 2180 2222 2181
f 5870 5912 5911
f 5870 5871 5912
f 2181 2222 2223
f 2181 2223 2182
f 5871 5913 5912
f 5871 5872 5913
f 2182 2223 2224
f 2182 2224 2183
f 5872 5914 5913
f 5872 5873 5914
f 2183 2224 2225
f 2183 2225 2184
f 5873 5915 5914
f 5873 5874 5915
f 2184 2225 2226
f 2184 2226 2185
f 5874 5916 5915
f 5874 5875 5916
f 2185 2226 2227
f 2185 2227 2186
f 5875 5917 5916
f 5875 5876 5917
f 2186 2227 2228
f 2186 2228 2187
f 5876 5918 5917
f 5876 5877 5918
f 2187 2228 2229
f 2187 2229 2188
f 5877 5919 5918
f 5877 5878 5919
f 2188 2229 2230
f 2188 2230 2189
f 5878 5920 5919
f 5878 5879 5920
f 2189 2230 2231
f 2189 2231 2190
f 5879 5921 5920
f 5879 5880 5921
f 2190 2231 2232
f 2190 2232 2191
f 5880 5922 5921
f 5880 5881 5922
f 2191 2232 2233
f 2191 2233 2192
f 5881 5923 5922
f 5881 5882 5923
f 2192 2233 2234
f 2192 2234 2193
f 5882 5924 5923
f 5882 5883 5924
f 2193 2234 2235
f 2193 2235 2194
f 5883 5925 5924
f 5883 5884 5925
f 2194 2235 2236
f 2194 2236 2195
f 5884 5926 5925
f 5884 5885 5926
f 2195 2236 2237
f 2195 2237 2196
f 5885 5927 5926
f 5885 5886 5927
f 2196 2237 2238
f 2196 2238 2197
f 5886 5928 5927
f 5886 5887 5928
f 2197 2238 2239
f 2197 2239 2198
f 5887 5929 5928
f 5887 5888 5929
f 2198 2239 2240
f 2198 2240 2199
f 5888 5930 5929
f 5888 5889 5930
f 2199 2240 2241
f 2199 2241 2200
f 5889 5931 5930
f 5889 5890 5931
f 2200 2241 2242
f 2200 2242 2201
f 5890 5932 5931
f 5890 5891 5932
f 2201 2242 2243
f 2201 2243 2202
f 5891 5933 5932
f 5891 5892 5933
f 2202 2243 2244
f 2202 2244 2203
f 5892 5934 5933
f 5892 5893 5934
f 2203 2244 2245
f 2203 2245 2204
f 5893 5935 5934
f 5893 5894 5935
f 2204 2245 2246
f 2204 2246 2205
f 5894 5936 5935
f 5894 5895 5936
f 2205 2246 2247
f 2205 2247 2206
f 5895 5937 5936
f 5895 5896 5937
f 2206 2247 2248
f 2206 2248 2207
f 5896 5938 5937
f 5896 5897 5938
f 2207 2248 2249
f 2207 2249 2208
f 5897 5939 5938
f 5897 5898 5939
f 2208 2249 2250
f 2208 2250 2209
f 5898 5940 5939
f 5898 5899 5940
f 2209 2250 2251
f 2209 2251 2210
f 5899 5941 5940
f 5899 5900 5941
f 2210 2251 2252
f 2210 2252 2211
f 5900 5942 5941
f 5900 5901 5942
f 2211 2252 2253
f 2211 2253 2212
f 5901 5943 5942
f 5901 5902 5943
f 2212 2253 2254
f 2212 2254 2213
f 5902 5944 5943
f 5902 5903 5944
f 2213 2254 2255
f 2213 2255 2214
f 5903 5945 5944
f 5903 5904 5945
f 2215 2256 2257
f 2215 2257 2216
f 5905 5947 5946
f 5905 5906 5947
f 2216 2257 2258
f 2216 2258 2217
f 5906 5948 5947
f 5906 5907 5948
f 2217 2258 2259
f 2217 2259 2218
f 5907 5949 5948
f 5907 5908 5949
f 2218 2259 2260
f 2218 2260 2219
f 5908 5950 5949
f 5908 5909 5950
f 2219 2260 2261
f 2219 2261 2220
f 5909 5951 5950
f 5909 5910 5951
f 2220 2261 2262
f 2220 2262 2221
f 5910 5952 5951
f 5910 5911 5952
f 2221 2262 2263
f 2221 2263 2222
f 5911 5953 5952
f 5911 5912 5953
f 2222 2263 2264
f 2222 2264 2223
f 5912 5954 5953
f 5912 5913 5954
f 2223 2264 2265
f 2223 2265 2224
f 5913 5955 5954
f 5913 5914 5955
f 2224 2265 2266
f 2224 2266 2225
f 5914 5956 5955
f 5914 5915 5956
f 2225 2266 2267
f 2225 2267 2226
f 5915 5957 5956
f 5915 5916 5957
f 2226 2267 2268
f 2226 2268 2227
f 5916 5958 5957
f 5916 5917 5958
f 2227 2268 2269
f 2227 2269 2228
f 5917 5959 5958
f 5917 5918 5959
f 2228 2269 2270
f 2228 2270 2229
f 5918 5960 5959
f 5918 5919 5960
f 2229 2270 2271
f 2229 2271 2230
f 5919 5961 5960
f 5919 5920 5961
f 2230 2271 2272
f 2230 2272 2231
f 5920 5962 5961
f 5920 5921 5962
f 2231 2272 2273
f 2231 2273 2232
f 5921 5963 5962
f 5921 5922 5963
f 2232 2273 2274
f 2232 2274 2233
f 5922 5964 5963
f 5922 5923 5964
f 2233 2274 2275
f 2233 2275 2234
f 5923 5965 5964
f 5923 5924 5965
f 2234 2275 2276
f 2234 2276 2235
f 5924 5966 5965
f 5924 5925 5966
f 2235 2276 2277
f 2235 2277 2236
f 5925 5967 5966
f 5925 5926 5967
f 2236 2277 2278
f 2236 2278 2237
f 5926 5968 5967
f 5926 5927 5968
f 2237 2278 2279
f 2237 2279 2238
f 5927 5969 5968
f 5927 5928 5969
f 2238 2279 2280
f 2238 2280 2239
f 5928 5970 5969
f 5928 5929 5970
f 2239 2280 2281
f 2239 2281 2240
f 5929 5971 5970
f 5929 5930 5971
f 2240 2281 2282
f 2240 2282 2241
f 5930 5972 5971
f 5930 5931 5972
f 2241 2282 2283
f 2241 2283 2242
f 5931 5973 5972
f 5931 5932 5973
f 2242 2283 2284
f 2242 2284 2243
f 5932 5974 5973
f 5932 5933 5974
f 2243 2284 2285
f 2243 2285 2244
f 5933 5975 5974
f 5933 5934 5975
f 2244 2285 2286
f 2244 2286 2245
f 5934 5976 5975
f 5934 5935 5976
f 2245 2286 2287
f 2245 2287 2246
f 5935 5977 5976
f 5935 5936 5977
f 2246 2287 2288
f 2246 2288 2247
f 5936 5978 5977
f 5936 5937 5978
f 2247 2288 2289
f 2247 2289 2248
f 5937 5979 5978
f 5937 5938 5979
f 2248 2289 2290
f 2248 2290 2249
f 5938 5980 5979
f 5938 5939 5980
f 2249 2290 2291
f 2249 2291 2250
f 5939 5981 5980
f 5939 5940 5981
f 2250 2291 2292
f 2250 2292 2251
f 5940 5982 5981
f 5940 5941 5982
f 2251 2292 2293
f 2251 2293 2252
f 5941 5983 5982
f 5941 5942 5983
f 2252 2293 2294
f 2252 2294 2253
f 5942 5984 5983
f 5942 5943 5984
f 2253 2294 2295
f 2253 2295 2254
f 5943 5985 5984
f 5943 5944 5985
f 2254 2295 2296
f 2254 2296 2255
f 5944 5986 5985
f 5944 5945 5986
f 2256 2297 2298
f 2256 2298 2257
f 5946 5988 5987
f 5946 5947 5988
f 2257 2298 2299
f 2257 2299 2258
f 5947 5989 5988
f 5947 5948 5989
f 2258 2299 2300
f 2258 2300 2259
f 5948 5990 5989
f 5948 5949 5990
f 2259 2300 2301
f 2259 2301 2260
f 5949 5991 5990
f 5949 5950 5991
f 2260 2301 2302
f 2260 2302 2261
f 5950 5992 5991
f 5950 5951 5992
f 2261 2302 2303
f 2261 2303 2262
f 5951 5993 5992
f 5951 5952 5993
f 2262 2303 2304
f 2262 2304 2263
f 5952 5994 5993
f 5952 5953 5994
f 2263 2304 2305
f 2263 2305 2264
f 5953 5995 5994
f 5953 5954 5995
f 2264 2305 2306
f 2264 2306 2265
f 5954 5996 5995
f 5954 5955 5996
f 2265 2306 2307
f 2265 2307 2266
f 5955 5997 5996
f 5955 5956 5997
f 2266 2307 2308
f 2266 2308 2267
f 5956 5998 5997
f 5956 5957 5998
f 2267 2308 2309
f 2267 2309 2268
f 5957 5999 5998
f 5957 5958 5999
f 2268 2309 2310
f 2268 2310 2269
f 5958 6000 5999
f 5958 5959 6000
f 2269 2310 2311
f 2269 2311 2270
f 5959 6001 6000
f 5959 5960 6001
f 2270 2311 2312
f 2270 2312 2271
f 5960 6002 6001
f 5960 5961 6002
f 2271 2312 2313
f 2271 2313 2272
f 5961 6003 6002
f 5961 5962 6003
f 2272 2313 2314
f 2272 2314 2273
f 5962 6004 6003
f 5962 5963 6004
f 2273 2314 2315
f 2273 2315 2274
f 5963 6005 6004
f 5963 5964 6005
f 2274 2315 2316
f 2274 2316 2275
f 5964 6006 6005
f 5964 5965 6006
f 2275 2316 2317
f 2275 2317 2276
f 5965 6007 6006
f 5965 5966 6007
f 2276 2317 2318
f 2276 2318 2277
f 5966 6008 6007
f 5966 5967 6008
f 2277 2318 2319
f 2277 2319 2278
f 5967 6009 6008
f 5967 5968 6009
f 2278 2319 2320
f 2278 2320 2279
f 5968 6010 6009
f 5968 5969 6010
f 2279 2320 2321
f 2279 2321 2280
f 5969 6011 6010
f 5969 5970 6011
f 2280 2321 2322
f 2280 2322 2281
f 5970 6012 6011
f 5970 5971 6012
f 2281 2322 2323
f 2281 2323 2282
f 5971 6013 6012
f 5971 5972 6013
f 2282 2323 2324
f 2282 2324 2283
f 5972 6014 6013
f 5972 5973 6014
f 2283 2324 2325
f 2283 2325 2284
f 5973 6015 6014
f 5973 5974 6015
f 2284 2325 2326
f 2284 2326 2285
f 5974 6016 6015
f 5974 5975 6016
f 2285 2326 2327
f 2285 2327 2286
f 5975 6017 6016
f 5975 5976 6017
f 2286 2327 2328
f 2286 2328 2287
f 5976 6018 6017
f 5976 5977 6018
f 2287 2328 2329
f 2287 2329 2288
f 5977 6019 6018
f 5977 5978 6019
f 2288 2329 2330
f 2288 2330 2289
f 5978 6020 6019
f 5978 5979 6020
f 2289 2330 2331
f 2289 2331 2290
f 5979 6021 6020
f 5979 5980 6021
f 2290 2331 2332
f 2290 2332 2291
f 5980 6022 6021
f 5980 5981 6022
f 2291 2332 2333
f 2291 2333 2292
f 5981 6023 6022
f 5981 5982 6023
f 2292 2333 2334
f 2292 2334 2293
f 5982 6024 6023
f 5982 5983 6024
f 2293 2334 2335
f 2293 2335 2294
f 5983 6025 6024
f 5983 5984 6025
f 2294 2335 2336
f 2294 2336 2295
f 5984 6026 6025
f 5984 5985 6026
f 2295 2336 2337
f 2295 2337 2296
f 5985 6027 6026
f 5985 5986 6027
f 2297 2338 2339
f 2297 2339 2298
f 5987 6029 6028
f 5987 5988 6029
f 2298 2339 2340
f 2298 2340 2299
f 5988 6030 6029
f 5988 5989 6030
f 2299 2340 2341
f 2299 2341 2300
f 5989 6031 6030
f 5989 5990 6031
f 2300 2341 2342
f 2300 2342 2301
f 5990 6032 6031
f 5990 5991 6032
f 2301 2342 2343
f 2301 2343 2302
f 5991 6033 6032
f 5991 5992 6033
f 2302 2343 2344
f 2302 2344 2303
f 5992 6034 6033
f 5992 5993 6034
f 2303 2344 2345
f 2303 2345 2304
f 5993 6035 6034
f 5993 5994 6035
f 2304 2345 2346
f 2304 2346 2305
f 5994 6036 6035
f 5994 5995 6036
f 2305 2346 2347
f 2305 2347 2306
f 5995 6037 6036
f 5995 5996 6037
f 2306 2347 2348
f 2306 2348 2307
f 5996 6038 6037
f 5996 5997 6038
f 2307 2348 2349
f 2307 2349 2308
f 5997 6039 6038
f 5997 5998 6039
f 2308 2349 2350
f 2308 2350 2309
f 5998 6040 6039
f 5998 5999 6040
f 2309 2350 2351
f 2309 2351 2310
f 5999 6041 6040
f 5999 6000 6041
f 2310 2351 2352
f 2310 2352 2311
f 6000 6042 6041
f 6000 6001 6042
f 2311 2352 2353
f 2311 2353 2312
f 6001 6043 6042
f 6001 6002 6043
f 2312 2353 2354
f 2312 2354 2313
f 6002 6044 6043
f 6002 6003 6044
f 2313 2354 2355
f 2313 2355 2314
f 6003 6045 6044
f 6003 6004 6045
f 2314 2355 2356
f 2314 2356 2315
f 6004 6046 6045
f 6004 6005 6046
f 2315 2356 2357
f 2315 2357 2316
f 6005 6047 6046
f 6005 6006 6047
f 2316 2357 2358
f 2316 2358 2317
f 6006 6048 6047
f 6006 6007 6048
f 2317 2358 2359
f 2317 2359 2318
f 6007 6049 6048
f 6007 6008 6049
f 2318 2359 2360
f 2318 2360 2319
f 6008 6050 6049
f 6008 6009 6050
f 2319 2360 2361
f 2319 2361 2320
f 6009 6051 6050
f 6009 6010 6051
f 2320 2361 2362
f 2320 2362 2321
f 6010 6052 6051
f 6010 6011 6052
f 2321 2362 2363
f 2321 2363 2322
f 6011 6053 6052
f 6011 6012 6053
f 2322 2363 2364
f 2322 2364 2323
f 6012 6054 6053
f 6012 6013 6054
f 2323 2364 2365
f 2323 2365 2324
f 6013 6055 6054
f 6013 6014 6055
f 2324 2365 2366
f 2324 2366 2325
f 6014 6056 6055
f 6014 6015 6056
f 2325 2366 2367
f 2325 2367 2326
f 6015 6057 6056
f 6015 6016 6057
f 2326 2367 2368
f 2326 2368 2327
f 6016 6058 6057
f 6016 6017 6058
f 2327 2368 2369
f 2327 2369 2328
f 6017 6059 6058
f 6017 6018 6059
f 2328 2369 2370
f 2328 2370 2329
f 6018 6060 6059
f 6018 6019 6060
f 2329 2370 2371
f 2329 2371 2330
f 6019 6061 6060
f 6019 6020 6061
f 2330 2371 2372
f 2330 2372 2331
f 6020 6062 6061
f 6020 6021 6062
f 2331 2372 2373
f 2331 2373 2332
f 6021 6063 6062
f 6021 6022 6063
f 2332 2373 2374
f 2332 2374 2333
f 6022 6064 6063
f 6022 6023 6064
f 2333 2374 2375
f 2333 2375 2334
f 6023 6065 6064
f 6023 6024 6065
f 2334 2375 2376
f 2334 2376 2335
f 6024 6066 6065
f 6024 6025 6066
f 2335 2376 2377
f 2335 2377 2336
f 6025 6067 6066
f 6025 6026 6067
f 2336 2377 2378
f 2336 2378 2337
f 6026 6068 6067
f 6026 6027 6068
f 2338 2379 2380
f 2338 2380 2339
f 6028 6070 6069
f 6028 6029 6070
f 2339 2380 2381
f 2339 2381 2340
f 6029 6071 6070
f 6029 6030 6071
f 2340 2381 2382
f 2340 2382 2341
f 6030 6072 6071
f 6030 6031 6072
f 2341 2382 2383
f 2341 2383 2342
f 6031 6073 6072
f 6031 6032 6073
f 2342 2383 2384
f 2342 2384 2343
f 6032 6074 6073
f 6032 6033 6074
f 2343 2384 2385
f 2343 2385 2344
f 6033 6075 6074
f 6033 6034 6075
f 2344 2385 2386
f 2344 2386 2345
f 6034 6076 6075
f 6034 6035 6076
f 2345 2386 2387
f 2345 2387 2346
f 6035 6077 6076
f 6035 6036 6077
f 2346 2387 2388
f 2346 2388 2347
f 6036 6078 6077
f 6036 6037 6078
f 2347 2388 2389
f 2347 2389 2348
f 6037 6079 6078
f 6037 6038 6079
f 2348 2389 2390
f 2348 2390 2349
f 6038 6080 6079
f 6038 6039 6080
f 2349 2390 2391
f 2349 2391 2350
f 6039 6081 6080
f 6039 6040 6081
f 2350 2391 2392
f 2350 2392 2351
f 6040 6082 6081
f 6040 6041 6082
f 2351 2392 2393
f 2351 2393 2352
f 6041 6083 6082
f 6041 6042 6083
f 2352 2393 2394
f 2352 2394 2353
f 6042 6084 6083
f 6042 6043 6084
f 2353 2394 2395
f 2353 2395 2354
f 6043 6085 6084
f 6043 6044 6085
f 2354 2395 2396
f 2354 2396 2355
f 6044 6086 6085
f 6044 6045 6086
f 2355 2396 2397
f 2355 2397 2356
f 6045 6087 6086
f 6045 6046 6087
f 2356 2397 2398
f 2356 2398 2357
f 6046 6088 6087
f 6046 6047 6088
f 2357 2398 2399
f 2357 2399 2358
f 6047 6089 6088
f 6047 6048 6089
f 2358 2399 2400
f 2358 2400 2359
f 6048 6090 6089
f 6048 6049 6090
f 2359 2400 2401
f 2359 2401 2360
f 6049 6091 6090
f 6049 6050 6091
f 2360 2401 2402
f 2360 2402 2361
f 6050 6092 6091
f 6050 6051 6092
f 2361 2402 2403
f 2361 2403 2362
f 6051 6093 6092
f 6051 6052 6093
f 2362 2403 2404
f 2362 2404 2363
f 6052 6094 6093
f 6052 6053 6094
f 2363 2404 2405
f 2363 2405 2364
f 6053 6095 6094
f 6053 6054 6095
f 2364 2405 2406
f 2364 2406 2365
f 6054 6096 6095
f 6054 6055 6096
f 2365 2406 2407
f 2365 2407 2366
f 6055 6097 6096
f 6055 6056 6097
f 2366 2407 2408
f 2366 2408 2367
f 6056 6098 6097
f 6056 6057 6098
f 2367 2408 2409
f 2367 2409 2368
f 6057 6099 6098
f 6057 6058 6099
f 2368 2409 2410
f 2368 2410 2369
f 6058 6100 6099
f 6058 6059 6100
f 2369 2410 2411
f 2369 2411 2370
f 6059 6101 6100
f 6059 6060 6101
f 2370 2411 2412
f 2370 2412 2371
f 6060 6102 6101
f 6060 6061 6102
f 2371 2412 2413
f 2371 2413 2372
f 6061 6103 6102
f 6061 6062 6103
f 2372 2413 2414
f 2372 2414 2373
f 6062 6104 6103
f 6062 6063 6104
f 2373 2414 2415
f 2373 2415 2374
f 6063 6105 6104
f 6063 6064 6105
f 2374 2415 2416
f 2374 2416 2375
f 6064 6106 6105
f 6064 6065 6106
f 2375 2416 2417
f 2375 2417 2376
f 6065 6107 6106
f 6065 6066 6107
f 2376 2417 2418
f 2376 2418 2377
f 6066 6108 6107
f 6066 6067 6108
f 2377 2418 2419
f 2377 2419 2378
f 6067 6109 6108
f 6067 6068 6109
f 2379 2420 2421
f 2379 2421 2380
f 6069 6111 6110
f 6069 6070 6111
f 2380 2421 2422
f 2380 2422 2381
f 6070 6112 6111
f 6070 6071 6112
f 2381 2422 2423
f 2381 2423 2382
f 6071 6113 6112
f 6071 6072 6113
f 2382 2423 2424
f 2382 2424 2383
f 6072 6114 6113
f 6072 6073 6114
f 2383 2424 2425
f 2383 2425 2384
f 6073 6115 6114
f 6073 6074 6115
f 2384 2425 2426
f 2384 2426 2385
f 6074 6116 6115
f 6074 6075 6116
f 2385 2426 2427
f 2385 2427 2386
f 6075 6117 6116
f 6075 6076 6117
f 2386 2427 2428
f 2386 2428 2387
f 6076 6118 6117
f 6076 6077 6118
f 2387 2428 2429
f 2387 2429 2388
f 6077 6119 6118
f 6077 6078 6119
f 2388 2429 2430
f 2388 2430 2389
f 6078 6120 6119
f 6078 6079 6120
f 2389 2430 2431
f 2389 2431 2390
f 6079 6121 6120
f 6079 6080 6121
f 2390 2431 2432
f 2390 2432 2391
f 6080 6122 6121
f 6080 6081 6122
f 2391 2432 2433
f 2391 2433 2392
f 6081 6123 6122
f 6081 6082 6123
f 2392 2433 2434
f 2392 2434 2393
f 6082 6124 6123
f 6082 6083 6124
f 2393 2434 2435
f 2393 2435 2394
f 6083 6125 6124
f 6083 6084 6125
f 2394 2435 2436
f 2394 2436 2395
f 6084 6126 6125
f 6084 6085 6126
f 2395 2436 2437
f 2395 2437 2396
f 6085 6127 6126
f 6085 6086 6127
f 2396 2437 2438
f 2396 2438 2397
f 6086 6128 6127
f 6086 6087 6128
f 2397 2438 2439
f 2397 2439 2398
f 6087 6129 6128
f 6087 6088 6129
f 2398 2439 2440
f 2398 2440 2399
f 6088 6130 6129
f 6088 6089 6130
f 2399 2440 2441
f 2399 2441 2400
f 6089 6131 6130
f 6089 6090 6131
f 2400 2441 2442
f 2400 2442 2401
f 6090 6132 6131
f 6090 6091 6132
f 2401 2442 2443
f 2401 2443 2402
f 6091 6133 6132
f 6091 6092 6133
f 2402 2443 2444
f 2402 2444 2403
f 6092 6134 6133
f 6092 6093 6134
f 2403 2444 2445
f 2403 2445 2404
f 6093 6135 6134
f 6093 6094 6135
f 2404 2445 2446
f 2404 2446 2405
f 6094 6136 6135
f 6094 6095 6136
f 2405 2446 2447
f 2405 2447 2406
f 6095 6137 6136
f 6095 6096 6137
f 2406 2447 2448
f 2406 2448 2407
f 6096 6138 6137
f 6096 6097 6138
f 2407 2448 2449
f 2407 2449 2408
f 6097 6139 6138
f 6097 6098 6139
f 2408 2449 2450
f 2408 2450 2409
f 6098 6140 6139
f 6098 6099 6140
f 2409 2450 2451
f 2409 2451 2410
f 6099 6141 6140
f 6099 6100 6141
f 2410 2451 2452
f 2410 2452 2411
f 6100 6142 6141
f 6100 6101 6142
f 2411 2452 2453
f 2411 2453 2412
f 6101 6143 6142
f 6101 6102 6143
f 2412 2453 2454
f 2412 2454 2413
f 6102 6144 6143
f 6102 6103 6144
f 2413 2454 2455
f 2413 2455 2414
f 6103 6145 6144
f 6103 6104 6145
f 2414 2455 2456
f 2414 2456 2415
f 6104 6146 6145
f 6104 6105 6146
f 2415 2456 2457
f 2415 2457 2416
f 6105 6147 6146
f 6105 6106 6147
f 2416 2457 2458
f 2416 2458 2417
f 6106 6148 6147
f 6106 6107 6148
f 2417 2458 2459
f 2417 2459 2418
f 6107 6149 6148
f 6107 6108 6149
f 2418 2459 2460
f 2418 2460 2419
f 6108 6150 6149
f 6108 6109 6150
f 2420 2461 2462
f 2420 2462 2421
f 6110 6152 6151
f 6110 6111 6152
f 2421 2462 2463
f 2421 2463 2422
f 6111 6153 6152
f 6111 6112 6153
f 2422 2463 2464
f 2422 2464 2423
f 6112 6154 6153
f 6112 6113 6154
f 2423 2464 2465
f 2423 2465 2424
f 6113 6155 6154
f 6113 6114 6155
f 2424 2465 2466
f 2424 2466 2425
f 6114 6156 6155
f 6114 6115 6156
f 2425 2466 2467
f 2425 2467 2426
f 6115 6157 6156
f 6115 6116 6157
f 2426 2467 2468
f 2426 2468 2427
f 6116 6158 6157
f 6116 6117 6158
f 2427 2468 2469
f 2427 2469 2428
f 6117 6159 6158
f 6117 6118 6159
f 2428 2469 2470
f 2428 2470 2429
f 6118 6160 6159
f 6118 6119 6160
f 2429 2470 2471
f 2429 2471 2430
f 6119 6161 6160
f 6119 6120 6161
f 2430 2471 2472
f 2430 2472 2431
f 6120 6162 6161
f 6120 6121 6162
f 2431 2472 2473
f 2431 2473 2432
f 6121 6163 6162
f 6121 6122 6163
f 2432 2473 2474
f 2432 2474 2433
f 6122 6164 6163
f 6122 6123 6164
f 2433 2474 2475
f 2433 2475 2434
f 6123 6165 6164
f 6123 6124 6165
f 2434 2475 2476
f 2434 2476 2435
f 6124 6166 6165
f 6124 6125 6166
f 2435 2476 2477
f 2435 2477 2436
f 6125 6167 6166
f 6125 6126 6167
f 2436 2477 2478
f 2436 2478 2437
f 6126 6168 6167
f 6126 6127 6168
f 2437 2478 2479
f 2437 2479 2438
f 6127 6169 6168
f 6127 6128 6169
f 2438 2479 2480
f 2438 2480 2439
f 6128 6170 6169
f 6128 6129 6170
f 2439 2480 2481
f 2439 2481 2440
f 6129 6171 6170
f 6129 6130 6171
f 2440 2481 2482
f 2440 2482 2441
f 6130 6172 6171
f 6130 6131 6172
f 2441 2482 2483
f 2441 2483 2442
f 6131 6173 6172
f 6131 6132 6173
f 2442 2483 2484
f 2442 2484 2443
f 6132 6174 6173
f 6132 6133 6174
f 2443 2484 2485
f 2443 2485 2444
f 6133 6175 6174
f 6133 6134 6175
f 2444 2485 2486
f 2444 2486 2445
f 6134 6176 6175
f 6134 6135 6176
f 2445 2486 2487
f 2445 2487 2446
f 6135 6177 6176
f 6135 6136 6177
f 2446 2487 2488
f 2446 2488 2447
f 6136 6178 6177
f 6136 6137 6178
f 2447 2488 2489
f 2447 2489 2448
f 6137 6179 6178
f 6137 6138 6179
f 2448 2489 2490
f 2448 2490 2449
f 6138 6180 6179
f 6138 6139 6180
f 2449 2490 2491
f 2449 2491 2450
f 6139 6181 6180
f 6139 6140 6181
f 2450 2491 2492
f 2450 2492 2451
f 6140 6182 6181
f 6140 6141 6182
f 2451 2492 2493
f 2451 2493 2452
f 6141 6183 6182
f 6141 6142 6183
f 2452 2493 2494
f 2452 2494 2453
f 6142 6184 6183
f 6142 6143 6184
f 2453 2494 2495
f 2453 2495 2454
f 6143 6185 6184
f 6143 6144 6185
f 2454 2495 2496
f 2454 2496 2455
f 6144 6186 6185
f 6144 6145 6186
f 2455 2496 2497
f 2455 2497 2456
f 6145 6187 6186
f 6145 6146 6187
f 2456 2497 2498
f 2456 2498 2457
f 6146 6188 6187
f 6146 6147 6188
f 2457 2498 2499
f 2457 2499 2458
f 6147 6189 6188
f 6147 6148 6189
f 2458 2499 2500
f 2458 2500 2459
f 6148 6190 6189
f 6148 6149 6190
f 2459 2500 2501
f 2459 2501 2460
f 6149 6191 6190
f 6149 6150 6191
f 2461 2502 2503
f 2461 2503 2462
f 6151 6193 6192
f 6151 6152 6193
f 2462 2503 2504
f 2462 2504 2463
f 6152 6194 6193
f 6152 6153 6194
f 2463 2504 2505
f 2463 2505 2464
f 6153 6195 6194
f 6153 6154 6195
f 2464 2505 2506
f 2464 2506 2465
f 6154 6196 6195
f 6154 6155 6196
f 2465 2506 2507
f 2465 2507 2466
f 6155 6197 6196
f 6155 6156 6197
f 2466 2507 2508
f 2466 2508 2467
f 6156 6198 6197
f 6156 6157 6198
f 2467 2508 2509
f 2467 2509 2468
f 6157 6199 6198
f 6157 6158 6199
f 2468 2509 2510
f 2468 2510 2469
f 6158 6200 6199
f 6158 6159 6200
f 2469 2510 2511
f 2469 2511 2470
f 6159 6201 6200
f 6159 6160 6201
f 2470 2511 2512
f 2470 2512 2471
f 6160 6202 6201
f 6160 6161 6202
f 2471 2512 2513
f 2471 2513 2472
f 6161 6203 6202
f 6161 6162 6203
f 2472 2513 2514
f 2472 2514 2473
f 6162 6204 6203
f 6162 6163 6204
f 2473 2514 2515
f 2473 2515 2474
f 6163 6205 6204
f 6163 6164 6205
f 2474 2515 2516
f 2474 2516 2475
f 6164 6206 6205
f 6164 6165 6206
f 2475 2516 2517
f 2475 2517 2476
f 6165 6207 6206
f 6165 6166 6207
f 2476 2517 2518
f 2476 2518 2477
f 6166 6208 6207
f 6166 6167 6208
f 2477 2518 2519
f 2477 2519 2478
f 6167 6209 6208
f 6167 6168 6209
f 2478 2519 2520
f 2478 2520 2479
f 6168 6210 6209
f 6168 6169 6210
f 2479 2520 2521
f 2479 2521 2480
f 6169 6211 6210
f 6169 6170 6211
f 2480 2521 2522
f 2480 2522 2481
f 6170 6212 6211
f 6170 6171 6212
f 2481 2522 2523
f 2481 2523 2482
f 6171 6213 6212
f 6171 6172 6213
f 2482 2523 2524
f 2482 2524 2483
f 6172 6214 6213
f 6172 6173 6214
f 2483 2524 2525
f 2483 2525 2484
f 6173 6215 6214
f 6173 6174 6215
f 2484 2525 2526
f 2484 2526 2485
f 6174 6216 6215
f 6174 6175 6216
f 2485 2526 2527
f 2485 2527 2486
f 6175 6217 6216
f 6175 6176 6217
f 2486 2527 2528
f 2486 2528 2487
f 6176 6218 6217
f 6176 6177 6218
f 2487 2528 2529
f 2487 2529 2488
f 6177 6219 6218
f 6177 6178 6219
f 2488 2529 2530
f 2488 2530 2489
f 6178 6220 6219
f 6178 6179 6220
f 2489 2530 2531
f 2489 2531 2490
f 6179 6221 6220
f 6179 6180 6221
f 2490 2531 2532
f 2490 2532 2491
f 6180 6222 6221
f 6180 6181 6222
f 2491 2532 2533
f 2491 2533 2492
f 6181 6223 6222
f 6181 6182 6223
f 2492 2533 2534
f 2492 2534 2493
f 6182 6224 6223
f 6182 6183 6224
f 2493 2534 2535
f 2493 2535 2494
f 6183 6225 6224
f 6183 6184 6225
f 2494 2535 2536
f 2494 2536 2495
f 6184 6226 6225
f 6184 6185 6226
f 2495 2536 2537
f 2495 2537 2496
f 6185 6227 6226
f 6185 6186 6227
f 2496 2537 2538
f 2496 2538 2497
f 6186 6228 6227
f 6186 6187 6228
f 2497 2538 2539
f 2497 2539 2498
f 6187 6229 6228
f 6187 6188 6229
f 2498 2539 2540
f 2498 2540 2499
f 6188 6230 6229
f 6188 6189 6230
f 2499 2540 2541
f 2499 2541 2500
f 6189 6231 6230
f 6189 6190 6231
f 2500 2541 2542
f 2500 2542 2501
f 6190 6232 6231
f 6190 6191 6232
f 2502 2543 2544
f 2502 2544 2503
f 6192 6234 6233
f 6192 6193 6234
f 2503 2544 2545
f 2503 2545 2504
f 6193 6235 6234
f 6193 6194 6235
f 2504 2545 2546
f 2504 2546 2505
f 6194 6236 6235
f 6194 6195 6236
f 2505 2546 2547
f 2505 2547 2506
f 6195 6237 6236
f 6195 6196 6237
f 2506 2547 2548
f 2506 2548 2507
f 6196 6238 6237
f 6196 6197 6238
f 2507 2548 2549
f 2507 2549 2508
f 6197 6239 6238
f 6197 6198 6239
f 2508 2549 2550
f 2508 2550 2509
f 6198 6240 6239
f 6198 6199 6240
f 2509 2550 2551
f 2509 2551 2510
f 6199 6241 6240
f 6199 6200 6241
f 2510 2551 2552
f 2510 2552 2511
f 6200 6242 6241
f 6200 6201 6242
f 2511 2552 2553
f 2511 2553 2512
f 6201 6243 6242
f 6201 6202 6243
f 2512 2553 2554
f 2512 2554 2513
f 6202 6244 6243
f 6202 6203 6244
f 2513 2554 2555
f 2513 2555 2514
f 6203 6245 6244
f 6203 6204 6245
f 2514 2555 2556
f 2514 2556 2515
f 6204 6246 6245
f 6204 6205 6246
f 2515 2556 2557
f 2515 2557 2516
f 6205 6247 6246
f 6205 6206 6247
f 2516 2557 2558
f 2516 2558 2517
f 6206 6248 6247
f 6206 6207 6248
f 2517 2558 2559
f 2517 2559 2518
f 6207 6249 6248
f 6207 6208 6249
f 2518 2559 2560
f 2518 2560 2519
f 6208 6250 6249
f 6208 6209 6250
f 2519 2560 2561
f 2519 2561 2520
f 6209 6251 6250
f 6209 6210 6251
f 2520 2561 2562
f 2520 2562 2521
f 6210 6252 6251
f 6210 6211 6252
f 2521 2562 2563
f 2521 2563 2522
f 6211 6253 6252
f 6211 6212 6253
f 2522 2563 2564
f 2522 2564 2523
f 6212 6254 6253
f 6212 6213 6254
f 2523 2564 2565
f 2523 2565 2524
f 6213 6255 6254
f 6213 6214 6255
f 2524 2565 2566
f 2524 2566 2525
f 6214 6256 6255
f 6214 6215 6256
f 2525 2566 2567
f 2525 2567 2526
f 6215 6257 6256
f 6215 6216 6257
f 2526 2567 2568
f 2526 2568 2527
f 6216 6258 6257
f 6216 6217 6258
f 2527 2568 2569
f 2527 2569 2528
f 6217 6259 6258
f 6217 6218 6259
f 2528 2569 2570
f 2528 2570 2529
f 6218 6260 6259
f 6218 6219 6260
f 2529 2570 2571
f 2529 2571 2530
f 6219 6261 6260
f 6219 6220 6261
f 2530 2571 2572
f 2530 2572 2531
f 6220 6262 6261
f 6220 6221 6262
f 2531 2572 2573
f 2531 2573 2532
f 6221 6263 6262
f 6221 6222 6263
f 2532 2573 2574
f 2532 2574 2533
f 6222 6264 6263
f 6222 6223 6264
f 2533 2574 2575
f 2533 2575 2534
f 6223 6265 6264
f 6223 6224 6265
f 2534 2575 2576
f 2534 2576 2535
f 6224 6266 6265
f 6224 6225 6266
f 2535 2576 2577
f 2535 2577 2536
f 6225 6267 6266
f 6225 6226 6267
f 2536 2577 2578
f 2536 2578 2537
f 6226 6268 6267
f 6226 6227 6268
f 2537 2578 2579
f 2537 2579 2538
f 6227 6269 6268
f 6227 6228 6269
f 2538 2579 2580
f 2538 2580 2539
f 6228 6270 6269
f 6228 6229 6270
f 2539 2580 2581
f 2539 2581 2540
f 6229 6271 6270
f 6229 6230 6271
f 2540 2581 2582
f 2540 2582 2541
f 6230 6272 6271
f 6230 6231 6272
f 2541 2582 2583
f 2541 2583 2542
f 6231 6273 6272
f 6231 6232 6273
f 2543 2584 2585
f 2543 2585 2544
f 6233 6275 6274
f 6233 6234 6275
f 2544 2585 2586
f 2544 2586 2545
f 6234 6276 6275
f 6234 6235 6276
f 2545 2586 2587
f 2545 2587 2546
f 6235 6277 6276
f 6235 6236 6277
f 2546 2587 2588
f 2546 2588 2547
f 6236 6278 6277
f 6236 6237 6278
f 2547 2588 2589
f 2547 2589 2548
f 6237 6279 6278
f 6237 6238 6279
f 2548 2589 2590
f 2548 2590 2549
f 6238 6280 6279
f 6238 6239 6280
f 2549 2590 2591
f 2549 2591 2550
f 6239 6281 6280
f 6239 6240 6281
f 2550 2591 2592
f 2550 2592 2551
f 6240 6282 6281
f 6240 6241 6282
f 2551 2592 2593
f 2551 2593 2552
f 6241 6283 6282
f 6241 6242 6283
f 2552 2593 2594
f 2552 2594 2553
f 6242 6284 6283
f 6242 6243 6284
f 2553 2594 2595
f 2553 2595 2554
f 6243 6285 6284
f 6243 6244 6285
f 2554 2595 2596
f 2554 2596 2555
f 6244 6286 6285
f 6244 6245 6286
f 2555 2596 2597
f 2555 2597 2556
f 6245 6287 6286
f 6245 6246 6287
f 2556 2597 2598
f 2556 2598 2557
f 6246 6288 6287
f 6246 6247 6288
f 2557 2598 2599
f 2557 2599 2558
f 6247 6289 6288
f 6247 6248 6289
f 2558 2599 2600
f 2558 2600 2559
f 6248 6290 6289
f 6248 6249 6290
f 2559 2600 2601
f 2559 2601 2560
f 6249 6291 6290
f 6249 6250 6291
f 2560 2601 2602
f 2560 2602 2561
f 6250 6292 6291
f 6250 6251 6292
f 2561 2602 2603
f 2561 2603 2562
f 6251 6293 6292
f 6251 6252 6293
f 2562 2603 2604
f 2562 2604 2563
f 6252 6294 6293
f 6252 6253 6294
f 2563 2604 2605
f 2563 2605 2564
f 6253 6295 6294
f 6253 6254 6295
f 2564 2605 2606
f 2564 2606 2565
f 6254 6296 6295
f 6254 6255 6296
f 2565 2606 2607
f 2565 2607 2566
f 6255 6297 6296
f 6255 6256 6297
f 2566 2607 2608
f 2566 2608 2567
f 6256 6298 6297
f 6256 6257 6298
f 2567 2608 2609
f 2567 2609 2568
f 6257 6299 6298
f 6257 6258 6299
f 2568 2609 2610
f 2568 2610 2569
f 6258 6300 6299
f 6258 6259 6300
f 2569 2610 2611
f 2569 2611 2570
f 6259 6301 6300
f 6259 6260 6301
f 2570 2611 2612
f 2570 2612 2571
f 6260 6302 6301
f 6260 6261 6302
f 2571 2612 2613
f 2571 2613 2572
f 6261 6303 6302
f 6261 6262 6303
f 2572 2613 2614
f 2572 2614 2573
f 6262 6304 6303
f 6262 6263 6304
f 2573 2614 2615
f 2573 2615 2574
f 6263 6305 6304
f 6263 6264 6305
f 2574 2615 2616
f 2574 2616 2575
f 6264 6306 6305
f 6264 6265 6306
f 2575 2616 2617
f 2575 2617 2576
f 6265 6307 6306
f 6265 6266 6307
f 2576 2617 2618
f 2576 2618 2577
f 6266 6308 6307
f 6266 6267 6308
f 2577 2618 2619
f 2577 2619 2578
f 6267 6309 6308
f 6267 6268 6309
f 2578 2619 2620
f 2578 2620 2579
f 6268 6310 6309
f 6268 6269 6310
f 2579 2620 2621
f 2579 2621 2580
f 6269 6311 6310
f 6269 6270 6311
f 2580 2621 2622
f 2580 2622 2581
f 6270 6312 6311
f 6270 6271 6312
f 2581 2622 2623
f 2581 2623 2582
f 6271 6313 6312
f 6271 6272 6313
f 2582 2623 2624
f 2582 2624 2583
f 6272 6314 6313
f 6272 6273 6314
f 2584 2625 2626
f 2584 2626 2585
f 6274 6316 6315
f 6274 6275 6316
f 2585 2626 2627
f 2585 2627 2586
f 6275 6317 6316
f 6275 6276 6317
f 2586 2627 2628
f 2586 2628 2587
f 6276 6318 6317
f 6276 6277 6318
f 2587 2628 2629
f 2587 2629 2588
f 6277 6319 6318
f 6277 6278 6319
f 2588 2629 2630
f 2588 2630 2589
f 6278 6320 6319
f 6278 6279 6320
f 2589 2630 2631
f 2589 2631 2590
f 6279 6321 6320
f 6279 6280 6321
f 2590 2631 2632
f 2590 2632 2591
f 6280 6322 6321
f 6280 6281 6322
f 2591 2632 2633
f 2591 2633 2592
f 6281 6323 6322
f 6281 6282 6323
f 2592 2633 2634
f 2592 2634 2593
f 6282 6324 6323
f 6282 6283 6324
f 2593 2634 2635
f 2593 2635 2594
f 6283 6325 6324
f 6283 6284 6325
f 2594 2635 2636
f 2594 2636 2595
f 6284 6326 6325
f 6284 6285 6326
f 2595 2636 2637
f 2595 2637 2596
f 6285 6327 6326
f 6285 6286 6327
f 2596 2637 2638
f 2596 2638 2597
f 6286 6328 6327
f 6286 6287 6328
f 2597 2638 2639
f 2597 2639 2598
f 6287 6329 6328
f 6287 6288 6329
f 2598 2639 2640
f 2598 2640 2599
f 6288 6330 6329
f 6288 6289 6330
f 2599 2640 2641
f 2599 2641 2600
f 6289 6331 6330
f 6289 6290 6331
f 2600 2641 2642
f 2600 2642 2601
f 6290 6332 6331
f 6290 6291 6332
f 2601 2642 2643
f 2601 2643 2602
f 6291 6333 6332
f 6291 6292 6333
f 2602 2643 2644
f 2602 2644 2603
f 6292 6334 6333
f 6292 6293 6334
f 2603 2644 2645
f 2603 2645 2604
f 6293 6335 6334
f 6293 6294 6335
f 2604 2645 2646
f 2604 2646 2605
f 6294 6336 6335
f 6294 6295 6336
f 2605 2646 2647
f 2605 2647 2606
f 6295 6337 6336
f 6295 6296 6337
f 2606 2647 2648
f 2606 2648 2607
f 6296 6338 6337
f 6296 6297 6338
f 2607 2648 2649
f 2607 2649 2608
f 6297 6339 6338
f 6297 6298 6339
f 2608 2649 2650
f 2608 2650 2609
f 6298 6340 6339
f 6298 6299 6340
f 2609 2650 2651
f 2609 2651 2610
f 6299 6341 6340
f 6299 6300 6341
f 2610 2651 2652
f 2610 2652 2611
f 6300 6342 6341
f 6300 6301 6342
f 2611 2652 2653
f 2611 2653 2612
f 6301 6343 6342
f 6301 6302 6343
f 2612 2653 2654
f 2612 2654 2613
f 6302 6344 6343
f 6302 6303 6344
f 2613 2654 2655
f 2613 2655 2614
f 6303 6345 6344
f 6303 6304 6345
f 2614 2655 2656
f 2614 2656 2615
f 6304 6346 6345
f 6304 6305 6346
f 2615 2656 2657
f 2615 2657 2616
f 6305 6347 6346
f 6305 6306 6347
f 2616 2657 2658
f 2616 2658 2617
f 6306 6348 6347
f 6306 6307 6348
f 2617 2658 2659
f 2617 2659 2618
f 6307 6349 6348
f 6307 6308 6349
f 2618 2659 2660
f 2618 2660 2619
f 6308 6350 6349
f 6308 6309 6350
f 2619 2660 2661
f 2619 2661 2620
f 6309 6351 6350
f 6309 6310 6351
f 2620 2661 2662
f 2620 2662 2621
f 6310 6352 6351
f 6310 6311 6352
f 2621 2662 2663
f 2621 2663 2622
f 6311 6353 6352
f 6311 6312 6353
f 2622 2663 2664
f 2622 2664 2623
f 6312 6354 6353
f 6312 6313 6354
f 2623 2664 2665
f 2623 2665 2624
f 6313 6355 6354
f 6313 6314 6355
f 2625 2666 2667
f 2625 2667 2626
f 6315 6357 6356
f 6315 6316 6357
f 2626 2667 2668
f 2626 2668 2627
f 6316 6358 6357
f 6316 6317 6358
f 2627 2668 2669
f 2627 2669 2628
f 6317 6359 6358
f 6317 6318 6359
f 2628 2669 2670
f 2628 2670 2629
f 6318 6360 6359
f 6318 6319 6360
f 2629 2670 2671
f 2629 2671 2630
f 6319 6361 6360
f 6319 6320 6361
f 2630 2671 2672
f 2630 2672 2631
f 6320 6362 6361
f 6320 6321 6362
f 2631 2672 2673
f 2631 2673 2632
f 6321 6363 6362
f 6321 6322 6363
f 2632 2673 2674
f 2632 2674 2633
f 6322 6364 6363
f 6322 6323 6364
f 2633 2674 2675
f 2633 2675 2634
f 6323 6365 6364
f 6323 6324 6365
f 2634 2675 2676
f 2634 2676 2635
f 6324 6366 6365
f 6324 6325 6366
f 2635 2676 2677
f 2635 2677 2636
f 6325 6367 6366
f 6325 6326 6367
f 2636 2677 2678
f 2636 2678 2637
f 6326 6368 6367
f 6326 6327 6368
f 2637 2678 2679
f 2637 2679 2638
f 6327 6369 6368
f 6327 6328 6369
f 2638 2679 2680
f 2638 2680 2639
f 6328 6370 6369
f 6328 6329 6370
f 2639 2680 2681
f 2639 2681 2640
f 6329 6371 6370
f 6329 6330 6371
f 2640 2681 2682
f 2640 2682 2641
f 6330 6372 6371
f 6330 6331 6372
f 2641 2682 2683
f 2641 2683 2642
f 6331 6373 6372
f 6331 6332 6373
f 2642 2683 2684
f 2642 2684 2643
f 6332 6374 6373
f 6332 6333 6374
f 2643 2684 2685
f 2643 2685 2644
f 6333 6375 6374
f 6333 6334 6375
f 2644 2685 2686
f 2644 2686 2645
f 6334 6376 6375
f 6334 6335 6376
f 2645 2686 2687
f 2645 2687 2646
f 6335 6377 6376
f 6335 6336 6377
f 2646 2687 2688
f 2646 2688 2647
f 6336 6378 6377
f 6336 6337 6378
f 2647 2688 2689
f 2647 2689 2648
f 6337 6379 6378
f 6337 6338 6379
f 2648 2689 2690
f 2648 2690 2649
f 6338 6380 6379
f 6338 6339 6380
f 2649 2690 2691
f 2649 2691 2650
f 6339 6381 6380
f 6339 6340 6381
f 2650 2691 2692
f 2650 2692 2651
f 6340 6382 6381
f 6340 6341 6382
f 2651 2692 2693
f 2651 2693 2652
f 6341 6383 6382
f 6341 6342 6383
f 2652 2693 2694
f 2652 2694 2653
f 6342 6384 6383
f 6342 6343 6384
f 2653 2694 2695
f 2653 2695 2654
f 6343 6385 6384
f 6343 6344 6385
f 2654 2695 2696
f 2654 2696 2655
f 6344 6386 6385
f 6344 6345 6386
f 2655 2696 2697
f 2655 2697 2656
f 6345 6387 6386
f 6345 6346 6387
f 2656 2697 2698
f 2656 2698 2657
f 6346 6388 6387
f 6346 6347 6388
f 2657 2698 2699
f 2657 2699 2658
f 6347 6389 6388
f 6347 6348 6389
f 2658 2699 2700
f 2658 2700 2659
f 6348 6390 6389
f 6348 6349 6390
f 2659 2700 2701
f 2659 2701 2660
f 6349 6391 6390
f 6349 6350 6391
f 2660 2701 2702
f 2660 2702 2661
f 6350 6392 6391
f 6350 6351 6392
f 2661 2702 2703
f 2661 2703 2662
f 6351 6393 6392
f 6351 6352 6393
f 2662 2703 2704
f 2662 2704 2663
f 6352 6394 6393
f 6352 6353 6394
f 2663 2704 2705
f 2663 2705 2664
f 6353 6395 6394
f 6353 6354 6395
f 2664 2705 2706
f 2664 2706 2665
f 6354 6396 6395
f 6354 6355 6396
f 2666 2707 2708
f 2666 2708 2667
f 6356 6398 6397
f 6356 6357 6398
f 2667 2708 2709
f 2667 2709 2668
f 6357 6399 6398
f 6357 6358 6399
f 2668 2709 2710
f 2668 2710 2669
f 6358 6400 6399
f 6358 6359 6400
f 2669 2710 2711
f 2669 2711 2670
f 6359 6401 6400
f 6359 6360 6401
f 2670 2711 2712
f 2670 2712 2671
f 6360 6402 6401
f 6360 6361 6402
f 2671 2712 2713
f 2671 2713 2672
f 6361 6403 6402
f 6361 6362 6403
f 2672 2713 2714
f 2672 2714 2673
f 6362 6404 6403
f 6362 6363 6404
f 2673 2714 2715
f 2673 2715 2674
f 6363 6405 6404
f 6363 6364 6405
f 2674 2715 2716
f 2674 2716 2675
f 6364 6406 6405
f 6364 6365 6406
f 2675 2716 2717
f 2675 2717 2676
f 6365 6407 6406
f 6365 6366 6407
f 2676 2717 2718
f 2676 2718 2677
f 6366 6408 6407
f 6366 6367 6408
f 2677 2718 2719
f 2677 2719 2678
f 6367 6409 6408
f 6367 6368 6409
f 2678 2719 2720
f 2678 2720 2679
f 6368 6410 6409
f 6368 6369 6410
f 2679 2720 2721
f 2679 2721 2680
f 6369 6411 6410
f 6369 6370 6411
f 2680 2721 2722
f 2680 2722 2681
f 6370 6412 6411
f 6370 6371 6412
f 2681 2722 2723
f 2681 2723 2682
f 6371 6413 6412
f 6371 6372 6413
f 2682 2723 2724
f 2682 2724 2683
f 6372 6414 6413
f 6372 6373 6414
f 2683 2724 2725
f 2683 2725 2684
f 6373 6415 6414
f 6373 6374 6415
f 2684 2725 2726
f 2684 2726 2685
f 6374 6416 6415
f 6374 6375 6416
f 2685 2726 2727
f 2685 2727 2686
f 6375 6417 6416
f 6375 6376 6417
f 2686 2727 2728
f 2686 2728 2687
f 6376 6418 6417
f 6376 6377 6418
f 2687 2728 2729
f 2687 2729 2688
f 6377 6419 6418
f 6377 6378 6419
f 2688 2729 2730
f 2688 2730 2689
f 6378 6420 6419
f 6378 6379 6420
f 2689 2730 2731
f 2689 2731 2690
f 6379 6421 6420
f 6379 6380 6421
f 2690 2731 2732
f 2690 2732 2691
f 6380 6422 6421
f 6380 6381 6422
f 2691 2732 2733
f 2691 2733 2692
f 6381 6423 6422
f 6381 6382 6423
f 2692 2733 2734
f 2692 2734 2693
f 6382 6424 6423
f 6382 6383 6424
f 2693 2734 2735
f 2693 2735 2694
f 6383 6425 6424
f 6383 6384 6425
f 2694 2735 2736
f 2694 2736 2695
f 6384 6426 6425
f 6384 6385 6426
f 2695 2736 2737
f 2695 2737 2696
f 6385 6427 6426
f 6385 6386 6427
f 2696 2737 2738
f 2696 2738 2697
f 6386 6428 6427
f 6386 6387 6428
f 2697 2738 2739
f 2697 2739 2698
f 6387 6429 6428
f 6387 6388 6429
f 2698 2739 2740
f 2698 2740 2699
f 6388 6430 6429
f 6388 6389 6430
f 2699 2740 2741
f 2699 2741 2700
f 6389 6431 6430
f 6389 6390 6431
f 2700 2741 2742
f 2700 2742 2701
f 6390 6432 6431
f 6390 6391 6432
f 2701 2742 2743
f 2701 2743 2702
f 6391 6433 6432
f 6391 6392 6433
f 2702 2743 2744
f 2702 2744 2703
f 6392 6434 6433
f 6392 6393 6434
f 2703 2744 2745
f 2703 2745 2704
f 6393 6435 6434
f 6393 6394 6435
f 2704 2745 2746
f 2704 2746 2705
f 6394 6436 6435
f 6394 6395 6436
f 2705 2746 2747
f 2705 2747 2706
f 6395 6437 6436
f 6395 6396 6437
f 2707 2748 2749
f 2707 2749 2708
f 6397 6439 6438
f 6397 6398 6439
f 2708 2749 2750
f 2708 2750 2709
f 6398 6440 6439
f 6398 6399 6440
f 2709 2750 2751
f 2709 2751 2710
f 6399 6441 6440
f 6399 6400 6441
f 2710 2751 2752
f 2710 2752 2711
f 6400 6442 6441
f 6400 6401 6442
f 2711 2752 2753
f 2711 2753 2712
f 6401 6443 6442
f 6401 6402 6443
f 2712 2753 2754
f 2712 2754 2713
f 6402 6444 6443
f 6402 6403 6444
f 2713 2754 2755
f 2713 2755 2714
f 6403 6445 6444
f 6403 6404 6445
f 2714 2755 2756
f 2714 2756 2715
f 6404 6446 6445
f 6404 6405 6446
f 2715 2756 2757
f 2715 2757 2716
f 6405 6447 6446
f 6405 6406 6447
f 2716 2757 2758
f 2716 2758 2717
f 6406 6448 6447
f 6406 6407 6448
f 2717 2758 2759
f 2717 2759 2718
f 6407 6449 6448
f 6407 6408 6449
f 2718 2759 2760
f 2718 2760 2719
f 6408 6450 6449
f 6408 6409 6450
f 2719 2760 2761
f 2719 2761 2720
f 6409 6451 6450
f 6409 6410 6451
f 2720 2761 2762
f 2720 2762 2721
f 6410 6452 6451
f 6410 6411 6452
f 2721 2762 2763
f 2721 2763 2722
f 6411 6453 6452
f 6411 6412 6453
f 2722 2763 2764
f 2722 2764 2723
f 6412 6454 6453
f 6412 6413 6454
f 2723 2764 2765
f 2723 2765 2724
f 6413 6455 6454
f 6413 6414 6455
f 2724 2765 2766
f 2724 2766 2725
f 6414 6456 6455
f 6414 6415 6456
f 2725 2766 2767
f 2725 2767 2726
f 6415 6457 6456
f 6415 6416 6457
f 2726 2767 2768
f 2726 2768 2727
f 6416 6458 6457
f 6416 6417 6458
f 2727 2768 2769
f 2727 2769 2728
f 6417 6459 6458
f 6417 6418 6459
f 2728 2769 2770
f 2728 2770 2729
f 6418 6460 6459
f 6418 6419 6460
f 2729 2770 2771
f 2729 2771 2730
f 6419 6461 6460
f 6419 6420 6461
f 2730 2771 2772
f 2730 2772 2731
f 6420 6462 6461
f 6420 6421 6462
f 2731 2772 2773
f 2731 2773 2732
f 6421 6463 6462
f 6421 6422 6463
f 2732 2773 2774
f 2732 2774 2733
f 6422 6464 6463
f 6422 6423 6464
f 2733 2774 2775
f 2733 2775 2734
f 6423 6465 6464
f 6423 6424 6465
f 2734 2775 2776
f 2734 2776 2735
f 6424 6466 6465
f 6424 6425 6466
f 2735 2776 2777
f 2735 2777 2736
f 6425 6467 6466
f 6425 6426 6467
f 2736 2777 2778
f 2736 2778 2737
f 6426 6468 6467
f 6426 6427 6468
f 2737 2778 2779
f 2737 2779 2738
f 6427 6469 6468
f 6427 6428 6469
f 2738 2779 2780
f 2738 2780 2739
f 6428 6470 6469
f 6428 6429 6470
f 2739 2780 2781
f 2739 2781 2740
f 6429 6471 6470
f 6429 6430 6471
f 2740 2781 2782
f 2740 2782 2741
f 6430 6472 6471
f 6430 6431 6472
f 2741 2782 2783
f 2741 2783 2742
f 6431 6473 6472
f 6431 6432 6473
f 2742 2783 2784
f 2742 2784 2743
f 6432 6474 6473
f 6432 6433 6474
f 2743 2784 2785
f 2743 2785 2744
f 6433 6475 6474
f 6433 6434 6475
f 2744 2785 2786
f 2744 2786 2745
f 6434 6476 6475
f 6434 6435 6476
f 2745 2786 2787
f 2745 2787 2746
f 6435 6477 6476
f 6435 6436 6477
f 2746 2787 2788
f 2746 2788 2747
f 6436 6478 6477
f 6436 6437 6478
f 2748 2789 2790
f 2748 2790 2749
f 6438 6480 6479
f 6438 6439 6480
f 2749 2790 2791
f 2749 2791 2750
f 6439 6481 6480
f 6439 6440 6481
f 2750 2791 2792
f 2750 2792 2751
f 6440 6482 6481
f 6440 6441 6482
f 2751 2792 2793
f 2751 2793 2752
f 6441 6483 6482
f 6441 6442 6483
f 2752 2793 2794
f 2752 2794 2753
f 6442 6484 6483
f 6442 6443 6484
f 2753 2794 2795
f 2753 2795 2754
f 6443 6485 6484
f 6443 6444 6485
f 2754 2795 2796
f 2754 2796 2755
f 6444 6486 6485
f 6444 6445 6486
f 2755 2796 2797
f 2755 2797 2756
f 6445 6487 6486
f 6445 6446 6487
f 2756 2797 2798
f 2756 2798 2757
f 6446 6488 6487
f 6446 6447 6488
f 2757 2798 2799
f 2757 2799 2758
f 6447 6489 6488
f 6447 6448 6489
f 2758 2799 2800
f 2758 2800 2759
f 6448 6490 6489
f 6448 6449 6490
f 2759 2800 2801
f 2759 2801 2760
f 6449 6491 6490
f 6449 6450 6491
f 2760 2801 2802
f 2760 2802 2761
f 6450 6492 6491
f 6450 6451 6492
f 2761 2802 2803
f 2761 2803 2762
f 6451 6493 6492
f 6451 6452 6493
f 2762 2803 2804
f 2762 2804 2763
f 6452 6494 6493
f 6452 6453 6494
f 2763 2804 2805
f 2763 2805 2764
f 6453 6495 6494
f 6453 6454 6495
f 2764 2805 2806
f 2764 2806 2765
f 6454 6496 6495
f 6454 6455 6496
f 2765 2806 2807
f 2765 2807 2766
f 6455 6497 6496
f 6455 6456 6497
f 2766 2807 2808
f 2766 2808 2767
f 6456 6498 6497
f 6456 6457 6498
f 2767 2808 2809
f 2767 2809 2768
f 6457 6499 6498
f 6457 6458 6499
f 2768 2809 2810
f 2768 2810 2769
f 6458 6500 6499
f 6458 6459 6500
f 2769 2810 2811
f 2769 2811 2770
f 6459 6501 6500
f 6459 6460 6501
f 2770 2811 2812
f 2770 2812 2771
f 6460 6502 6501
f 6460 6461 6502
f 2771 2812 2813
f 2771 2813 2772
f 6461 6503 6502
f 6461 6462 6503
f 2772 2813 2814
f 2772 2814 2773
f 6462 6504 6503
f 6462 6463 6504
f 2773 2814 2815
f 2773 2815 2774
f 6463 6505 6504
f 6463 6464 6505
f 2774 2815 2816
f 2774 2816 2775
f 6464 6506 6505
f 6464 6465 6506
f 2775 2816 2817
f 2775 2817 2776
f 6465 6507 6506
f 6465 6466 6507
f 2776 2817 2818
f 2776 2818 2777
f 6466 6508 6507
f 6466 6467 6508
f 2777 2818 2819
f 2777 2819 2778
f 6467 6509 6508
f 6467 6468 6509
f 2778 2819 2820
f 2778 2820 2779
f 6468 6510 6509
f 6468 6469 6510
f 2779 2820 2821
f 2779 2821 2780
f 6469 6511 6510
f 6469 6470 6511
f 2780 2821 2822
f 2780 2822 2781
f 6470 6512 6511
f 6470 6471 6512
f 2781 2822 2823
f 2781 2823 2782
f 6471 6513 6512
f 6471 6472 6513
f 2782 2823 2824
f 2782 2824 2783
f 6472 6514 6513
f 6472 6473 6514
f 2783 2824 2825
f 2783 2825 2784
f 6473 6515 6514
f 6473 6474 6515
f 2784 2825 2826
f 2784 2826 2785
f 6474 6516 6515
f 6474 6475 6516
f 2785 2826 2827
f 2785 2827 2786
f 6475 6517 6516
f 6475 6476 6517
f 2786 2827 2828
f 2786 2828 2787
f 6476 6518 6517
f 6476 6477 6518
f 2787 2828 2829
f 2787 2829 2788
f 6477 6519 6518
f 6477 6478 6519
f 2789 2830 2831
f 2789 2831 2790
f 6479 6521 6520
f 6479 6480 6521
f 2790 2831 2832
f 2790 2832 2791
f 6480 6522 6521
f 6480 6481 6522
f 2791 2832 2833
f 2791 2833 2792
f 6481 6523 6522
f 6481 6482 6523
f 2792 2833 2834
f 2792 2834 2793
f 6482 6524 6523
f 6482 6483 6524
f 2793 2834 2835
f 2793 2835 2794
f 6483 6525 6524
f 6483 6484 6525
f 2794 2835 2836
f 2794 2836 2795
f 6484 6526 6525
f 6484 6485 6526
f 2795 2836 2837
f 2795 2837 2796
f 6485 6527 6526
f 6485 6486 6527
f 2796 2837 2838
f 2796 2838 2797
f 6486 6528 6527
f 6486 6487 6528
f 2797 2838 2839
f 2797 2839 2798
f 6487 6529 6528
f 6487 6488 6529
f 2798 2839 2840
f 2798 2840 2799
f 6488 6530 6529
f 6488 6489 6530
f 2799 2840 2841
f 2799 2841 2800
f 6489 6531 6530
f 6489 6490 6531
f 2800 2841 2842
f 2800 2842 2801
f 6490 6532 6531
f 6490 6491 6532
f 2801 2842 2843
f 2801 2843 2802
f 6491 6533 6532
f 6491 6492 6533
f 2802 2843 2844
f 2802 2844 2803
f 6492 6534 6533
f 6492 6493 6534
f 2803 2844 2845
f 2803 2845 2804
f 6493 6535 6534
f 6493 6494 6535
f 2804 2845 2846
f 2804 2846 2805
f 6494 6536 6535
f 6494 6495 6536
f 2805 2846 2847
f 2805 2847 2806
f 6495 6537 6536
f 6495 6496 6537
f 2806 2847 2848
f 2806 2848 2807
f 6496 6538 6537
f 6496 6497 6538
f 2807 2848 2849
f 2807 2849 2808
f 6497 6539 6538
f 6497 6498 6539
f 2808 2849 2850
f 2808 2850 2809
f 6498 6540 6539
f 6498 6499 6540
f 2809 2850 2851
f 2809 2851 2810
f 6499 6541 6540
f 6499 6500 6541
f 2810 2851 2852
f 2810 2852 2811
f 6500 6542 6541
f 6500 6501 6542
f 2811 2852 2853
f 2811 2853 2812
f 6501 6543 6542
f 6501 6502 6543
f 2812 2853 2854
f 2812 2854 2813
f 6502 6544 6543
f 6502 6503 6544
f 2813 2854 2855
f 2813 2855 2814
f 6503 6545 6544
f 6503 6504 6545
f 2814 2855 2856
f 2814 2856 2815
f 6504 6546 6545
f 6504 6505 6546
f 2815 2856 2857
f 2815 2857 2816
f 6505 6547 6546
f 6505 6506 6547
f 2816 2857 2858
f 2816 2858 2817
f 6506 6548 6547
f 6506 6507 6548
f 2817 2858 2859
f 2817 2859 2818
f 6507 6549 6548
f 6507 6508 6549
f 2818 2859 2860
f 2818 2860 2819
f 6508 6550 6549
f 6508 6509 6550
f 2819 2860 2861
f 2819 2861 2820
f 6509 6551 6550
f 6509 6510 6551
f 2820 2861 2862
f 2820 2862 2821
f 6510 6552 6551
f 6510 6511 6552
f 2821 2862 2863
f 2821 2863 2822
f 6511 6553 6552
f 6511 6512 6553
f 2822 2863 2864
f 2822 2864 2823
f 6512 6554 6553
f 6512 6513 6554
f 2823 2864 2865
f 2823 2865 2824
f 6513 6555 6554
f 6513 6514 6555
f 2824 2865 2866
f 2824 2866 2825
f 6514 6556 6555
f 6514 6515 6556
f 2825 2866 2867
f 2825 2867 2826
f 6515 6557 6556
f 6515 6516 6557
f 2826 2867 2868
f 2826 2868 2827
f 6516 6558 6557
f 6516 6517 6558
f 2827 2868 2869
f 2827 2869 2828
f 6517 6559 6558
f 6517 6518 6559
f 2828 2869 2870
f 2828 2870 2829
f 6518 6560 6559
f 6518 6519 6560
f 2830 2871 2872
f 2830 2872 2831
f 6520 6562 6561
f 6520 6521 6562
f 2831 2872 2873
f 2831 2873 2832
f 6521 6563 6562
f 6521 6522 6563
f 2832 2873 2874
f 2832 2874 2833
f 6522 6564 6563
f 6522 6523 6564
f 2833 2874 2875
f 2833 2875 2834
f 6523 6565 6564
f 6523 6524 6565
f 2834 2875 2876
f 2834 2876 2835
f 6524 6566 6565
f 6524 6525 6566
f 2835 2876 2877
f 2835 2877 2836
f 6525 6567 6566
f 6525 6526 6567
f 2836 2877 2878
f 2836 2878 2837
f 6526 6568 6567
f 6526 6527 6568
f 2837 2878 2879
f 2837 2879 2838
f 6527 6569 6568
f 6527 6528 6569
f 2838 2879 2880
f 2838 2880 2839
f 6528 6570 6569
f 6528 6529 6570
f 2839 2880 2881
f 2839 2881 2840
f 6529 6571 6570
f 6529 6530 6571
f 2840 2881 2882
f 2840 2882 2841
f 6530 6572 6571
f 6530 6531 6572
f 2841 2882 2883
f 2841 2883 2842
f 6531 6573 6572
f 6531 6532 6573
f 2842 2883 2884
f 2842 2884 2843
f 6532 6574 6573
f 6532 6533 6574
f 2843 2884 2885
f 2843 2885 2844
f 6533 6575 6574
f 6533 6534 6575
f 2844 2885 2886
f 2844 2886 2845
f 6534 6576 6575
f 6534 6535 6576
f 2845 2886 2887
f 2845 2887 2846
f 6535 6577 6576
f 6535 6536 6577
f 2846 2887 2888
f 2846 2888 2847
f 6536 6578 6577
f 6536 6537 6578
f 2847 2888 2889
f 2847 2889 2848
f 6537 6579 6578
f 6537 6538 6579
f 2848 2889 2890
f 2848 2890 2849
f 6538 6580 6579
f 6538 6539 6580
f 2849 2890 2891
f 2849 2891 2850
f 6539 6581 6580
f 6539 6540 6581
f 2850 2891 2892
f 2850 2892 2851
f 6540 6582 6581
f 6540 6541 6582
f 2851 2892 2893
f 2851 2893 2852
f 6541 6583 6582
f 6541 6542 6583
f 2852 2893 2894
f 2852 2894 2853
f 6542 6584 6583
f 6542 6543 6584
f 2853 2894 2895
f 2853 2895 2854
f 6543 6585 6584
f 6543 6544 6585
f 2854 2895 2896
f 2854 2896 2855
f 6544 6586 6585
f 6544 6545 6586
f 2855 2896 2897
f 2855 2897 2856
f 6545 6587 6586
f 6545 6546 6587
f 2856 2897 2898
f 2856 2898 2857
f 6546 6588 6587
f 6546 6547 6588
f 2857 2898 2899
f 2857 2899 2858
f 6547 6589 6588
f 6547 6548 6589
f 2858 2899 2900
f 2858 2900 2859
f 6548 6590 6589
f 6548 6549 6590
f 2859 2900 2901
f 2859 2901 2860
f 6549 6591 6590
f 6549 6550 6591
f 2860 2901 2902
f 2860 2902 2861
f 6550 6592 6591
f 6550 6551 6592
f 2861 2902 2903
f 2861 2903 2862
f 6551 6593 6592
f 6551 6552 6593
f 2862 2903 2904
f 2862 2904 2863
f 6552 6594 6593
f 6552 6553 6594
f 2863 2904 2905
f 2863 2905 2864
f 6553 6595 6594
f 6553 6554 6595
f 2864 2905 2906
f 2864 2906 2865
f 6554 6596 6595
f 6554 6555 6596
f 2865 2906 2907
f 2865 2907 2866
f 6555 6597 6596
f 6555 6556 6597
f 2866 2907 2908
f 2866 2908 2867
f 6556 6598 6597
f 6556 6557 6598
f 2867 2908 2909
f 2867 2909 2868
f 6557 6599 6598
f 6557 6558 6599
f 2868 2909 2910
f 2868 2910 2869
f 6558 6600 6599
f 6558 6559 6600
f 2869 2910 2911
f 2869 2911 2870
f 6559 6601 6600
f 6559 6560 6601
f 2871 2912 2913
f 2871 2913 2872
f 6561 6603 6602
f 6561 6562 6603
f 2872 2913 2914
f 2872 2914 2873
f 6562 6604 6603
f 6562 6563 6604
f 2873 2914 2915
f 2873 2915 2874
f 6563 6605 6604
f 6563 6564 6605
f 2874 2915 2916
f 2874 2916 2875
f 6564 6606 6605
f 6564 6565 6606
f 2875 2916 2917
f 2875 2917 2876
f 6565 6607 6606
f 6565 6566 6607
f 2876 2917 2918
f 2876 2918 2877
f 6566 6608 6607
f 6566 6567 6608
f 2877 2918 2919
f 2877 2919 2878
f 6567 6609 6608
f 6567 6568 6609
f 2878 2919 2920
f 2878 2920 2879
f 6568 6610 6609
f 6568 6569 6610
f 2879 2920 2921
f 2879 2921 2880
f 6569 6611 6610
f 6569 6570 6611
f 2880 2921 2922
f 2880 2922 2881
f 6570 6612 6611
f 6570 6571 6612
f 2881 2922 2923
f 2881 2923 2882
f 6571 6613 6612
f 6571 6572 6613
f 2882 2923 2924
f 2882 2924 2883
f 6572 6614 6613
f 6572 6573 6614
f 2883 2924 2925
f 2883 2925 2884
f 6573 6615 6614
f 6573 6574 6615
f 2884 2925 2926
f 2884 2926 2885
f 6574 6616 6615
f 6574 6575 6616
f 2885 2926 2927
f 2885 2927 2886
f 6575 6617 6616
f 6575 6576 6617
f 2886 2927 2928
f 2886 2928 2887
f 6576 6618 6617
f 6576 6577 6618
f 2887 2928 2929
f 2887 2929 2888
f 6577 6619 6618
f 6577 6578 6619
f 2888 2929 2930
f 2888 2930 2889
f 6578 6620 6619
f 6578 6579 6620
f 2889 2930 2931
f 2889 2931 2890
f 6579 6621 6620
f 6579 6580 6621
f 2890 2931 2932
f 2890 2932 2891
f 6580 6622 6621
f 6580 6581 6622
f 2891 2932 2933
f 2891 2933 2892
f 6581 6623 6622
f 6581 6582 6623
f 2892 2933 2934
f 2892 2934 2893
f 6582 6624 6623
f 6582 6583 6624
f 2893 2934 2935
f 2893 2935 2894
f 6583 6625 6624
f 6583 6584 6625
f 2894 2935 2936
f 2894 2936 2895
f 6584 6626 6625
f 6584 6585 6626
f 2895 2936 2937
f 2895 2937 2896
f 6585 6627 6626
f 6585 6586 6627
f 2896 2937 2938
f 2896 2938 2897
f 6586 6628 6627
f 6586 6587 6628
f 2897 2938 2939
f 2897 2939 2898
f 6587 6629 6628
f 6587 6588 6629
f 2898 2939 2940
f 2898 2940 2899
f 6588 6630 6629
f 6588 6589 6630
f 2899 2940 2941
f 2899 2941 2900
f 6589 6631 6630
f 6589 6590 6631
f 2900 2941 2942
f 2900 2942 2901
f 6590 6632 6631
f 6590 6591 6632
f 2901 2942 2943
f 2901 2943 2902
f 6591 6633 6632
f 6591 6592 6633
f 2902 2943 2944
f 2902 2944 2903
f 6592 6634 6633
f 6592 6593 6634
f 2903 2944 2945
f 2903 2945 2904
f 6593 6635 6634
f 6593 6594 6635
f 2904 2945 2946
f 2904 2946 2905
f 6594 6636 6635
f 6594 6595 6636
f 2905 2946 2947
f 2905 2947 2906
f 6595 6637 6636
f 6595 6596 6637
f 2906 2947 2948
f 2906 2948 2907
f 6596 6638 6637
f 6596 6597 6638
f 2907 2948 2949
f 2907 2949 2908
f 6597 6639 6638
f 6597 6598 6639
f 2908 2949 2950
f 2908 2950 2909
f 6598 6640 6639
f 6598 6599 6640
f 2909 2950 2951
f 2909 2951 2910
f 6599 6641 6640
f 6599 6600 6641
f 2910 2951 2952
f 2910 2952 2911
f 6600 6642 6641
f 6600 6601 6642
f 2912 2953 2954
f 2912 2954 2913
f 6602 6644 6643
f 6602 6603 6644
f 2913 2954 2955
f 2913 2955 2914
f 6603 6645 6644
f 6603 6604 6645
f 2914 2955 2956
f 2914 2956 2915
f 6604 6646 6645
f 6604 6605 6646
f 2915 2956 2957
f 2915 2957 2916
f 6605 6647 6646
f 6605 6606 6647
f 2916 2957 2958
f 2916 2958 2917
f 6606 6648 6647
f 6606 6607 6648
f 2917 2958 2959
f 2917 2959 2918
f 6607 6649 6648
f 6607 6608 6649
f 2918 2959 2960
f 2918 2960 2919
f 6608 6650 6649
f 6608 6609 6650
f 2919 2960 2961
f 2919 2961 2920
f 6609 6651 6650
f 6609 6610 6651
f 2920 2961 2962
f 2920 2962 2921
f 6610 6652 6651
f 6610 6611 6652
f 2921 2962 2963
f 2921 2963 2922
f 6611 6653 6652
f 6611 6612 6653
f 2922 2963 2964
f 2922 2964 2923
f 6612 6654 6653
f 6612 6613 6654
f 2923 2964 2965
f 2923 2965 2924
f 6613 6655 6654
f 6613 6614 6655
f 2924 2965 2966
f 2924 2966 2925
f 6614 6656 6655
f 6614 6615 6656
f 2925 2966 2967
f 2925 2967 2926
f 6615 6657 6656
f 6615 6616 6657
f 2926 2967 2968
f 2926 2968 2927
f 6616 6658 6657
f 6616 6617 6658
f 2927 2968 2969
f 2927 2969 2928
f 6617 6659 6658
f 6617 6618 6659
f 2928 2969 2970
f 2928 2970 2929
f 6618 6660 6659
f 6618 6619 6660
f 2929 2970 2971
f 2929 2971 2930
f 6619 6661 6660
f 6619 6620 6661
f 2930 2971 2972
f 2930 2972 2931
f 6620 6662 6661
f 6620 6621 6662
f 2931 2972 2973
f 2931 2973 2932
f 6621 6663 6662
f 6621 6622 6663
f 2932 2973 2974
f 2932 2974 2933
f 6622 6664 6663
f 6622 6623 6664
f 2933 2974 2975
f 2933 2975 2934
f 6623 6665 6664
f 6623 6624 6665
f 2934 2975 2976
f 2934 2976 2935
f 6624 6666 6665
f 6624 6625 6666
f 2935 2976 2977
f 2935 2977 2936
f 6625 6667 6666
f 6625 6626 6667
f 2936 2977 2978
f 2936 2978 2937
f 6626 6668 6667
f 6626 6627 6668
f 2937 2978 2979
f 2937 2979 2938
f 6627 6669 6668
f 6627 6628 6669
f 2938 2979 2980
f 2938 2980 2939
f 6628 6670 6669
f 6628 6629 6670
f 2939 2980 2981
f 2939 2981 2940
f 6629 6671 6670
f 6629 6630 6671
f 2940 2981 2982
f 2940 2982 2941
f 6630 6672 6671
f 6630 6631 6672
f 2941 2982 2983
f 2941 2983 2942
f 6631 6673 6672
f 6631 6632 6673
f 2942 2983 2984
f 2942 2984 2943
f 6632 6674 6673
f 6632 6633 6674
f 2943 2984 2985
f 2943 2985 2944
f 6633 6675 6674
f 6633 6634 6675
f 2944 2985 2986
f 2944 2986 2945
f 6634 6676 6675
f 6634 6635 6676
f 2945 2986 2987
f 2945 2987 2946
f 6635 6677 6676
f 6635 6636 6677
f 2946 2987 2988
f 2946 2988 2947
f 6636 6678 6677
f 6636 6637 6678
f 2947 2988 2989
f 2947 2989 2948
f 6637 6679 6678
f 6637 6638 6679
f 2948 2989 2990
f 2948 2990 2949
f 6638 6680 6679
f 6638 6639 6680
f 2949 2990 2991
f 2949 2991 2950
f 6639 6681 6680
f 6639 6640 6681
f 2950 2991 2992
f 2950 2992 2951
f 6640 6682 6681
f 6640 6641 6682
f 2951 2992 2993
f 2951 2993 2952
f 6641 6683 6682
f 6641 6642 6683
f 2953 2994 2995
f 2953 2995 2954
f 6643 6685 6684
f 6643 6644 6685
f 2954 2995 2996
f 2954 2996 2955
f 6644 6686 6685
f 6644 6645 6686
f 2955 2996 2997
f 2955 2997 2956
f 6645 6687 6686
f 6645 6646 6687
f 2956 2997 2998
f 2956 2998 2957
f 6646 6688 6687
f 6646 6647 6688
f 2957 2998 2999
f 2957 2999 2958
f 6647 6689 6688
f 6647 6648 6689
f 2958 2999 3000
f 2958 3000 2959
f 6648 6690 6689
f 6648 6649 6690
f 2959 3000 3001
f 2959 3001 2960
f 6649 6691 6690
f 6649 6650 6691
f 2960 3001 3002
f 2960 3002 2961
f 6650 6692 6691
f 6650 6651 6692
f 2961 3002 3003
f 2961 3003 2962
f 6651 6693 6692
f 6651 6652 6693
f 2962 3003 3004
f 2962 3004 2963
f 6652 6694 6693
f 6652 6653 6694
f 2963 3004 3005
f 2963 3005 2964
f 6653 6695 6694
f 6653 6654 6695
f 2964 3005 3006
f 2964 3006 2965
f 6654 6696 6695
f 6654 6655 6696
f 2965 3006 3007
f 2965 3007 2966
f 6655 6697 6696
f 6655 6656 6697
f 2966 3007 3008
f 2966 3008 2967
f 6656 6698 6697
f 6656 6657 6698
f 2967 3008 3009
f 2967 3009 2968
f 6657 6699 6698
f 6657 6658 6699
f 2968 3009 3010
f 2968 3010 2969
f 6658 6700 6699
f 6658 6659 6700
f 2969 3010 3011
f 2969 3011 2970
f 6659 6701 6700
f 6659 6660 6701
f 2970 3011 3012
f 2970 3012 2971
f 6660 6702 6701
f 6660 6661 6702
f 2971 3012 3013
f 2971 3013 2972
f 6661 6703 6702
f 6661 6662 6703
f 2972 3013 3014
f 2972 3014 2973
f 6662 6704 6703
f 6662 6663 6704
f 2973 3014 3015
f 2973 3015 2974
f 6663 6705 6704
f 6663 6664 6705
f 2974 3015 3016
f 2974 3016 2975
f 6664 6706 6705
f 6664 6665 6706
f 2975 3016 3017
f 2975 3017 2976
f 6665 6707 6706
f 6665 6666 6707
f 2976 3017 3018
f 2976 3018 2977
f 6666 6708 6707
f 6666 6667 6708
f 2977 3018 3019
f 2977 3019 2978
f 6667 6709 6708
f 6667 6668 6709
f 2978 3019 3020
f 2978 3020 2979
f 6668 6710 6709
f 6668 6669 6710
f 2979 3020 3021
f 2979 3021 2980
f 6669 6711 6710
f 6669 6670 6711
f 2980 3021 3022
f 2980 3022 2981
f 6670 6712 6711
f 6670 6671 6712
f 2981 3022 3023
f 2981 3023 2982
f 6671 6713 6712
f 6671 6672 6713
f 2982 3023 3024
f 2982 3024 2983
f 6672 6714 6713
f 6672 6673 6714
f 2983 3024 3025
f 2983 3025 2984
f 6673 6715 6714
f 6673 6674 6715
f 2984 3025 3026
f 2984 3026 2985
f 6674 6716 6715
f 6674 6675 6716
f 2985 3026 3027
f 2985 3027 2986
f 6675 6717 6716
f 6675 6676 6717
f 2986 3027 3028
f 2986 3028 2987
f 6676 6718 6717
f 6676 6677 6718
f 2987 3028 3029
f 2987 3029 2988
f 6677 6719 6718
f 6677 6678 6719
f 2988 3029 3030
f 2988 3030 2989
f 6678 6720 6719
f 6678 6679 6720
f 2989 3030 3031
f 2989 3031 2990
f 6679 6721 6720
f 6679 6680 6721
f 2990 3031 3032
f 2990 3032 2991
f 6680 6722 6721
f 6680 6681 6722
f 2991 3032 3033
f 2991 3033 2992
f 6681 6723 6722
f 6681 6682 6723
f 2992 3033 3034
f 2992 3034 2993
f 6682 6724 6723
f 6682 6683 6724
f 2994 3035 3036
f 2994 3036 2995
f 6684 6726 6725
f 6684 6685 6726
f 2995 3036 3037
f 2995 3037 2996
f 6685 6727 6726
f 6685 6686 6727
f 2996 3037 3038
f 2996 3038 2997
f 6686 6728 6727
f 6686 6687 6728
f 2997 3038 3039
f 2997 3039 2998
f 6687 6729 6728
f 6687 6688 6729
f 2998 3039 3040
f 2998 3040 2999
f 6688 6730 6729
f 6688 6689 6730
f 2999 3040 3041
f 2999 3041 3000
f 6689 6731 6730
f 6689 6690 6731
f 3000 3041 3042
f 3000 3042 3001
f 6690 6732 6731
f 6690 6691 6732
f 3001 3042 3043
f 3001 3043 3002
f 6691 6733 6732
f 6691 6692 6733
f 3002 3043 3044
f 3002 3044 3003
f 6692 6734 6733
f 6692 6693 6734
f 3003 3044 3045
f 3003 3045 3004
f 6693 6735 6734
f 6693 6694 6735
f 3004 3045 3046
f 3004 3046 3005
f 6694 6736 6735
f 6694 6695 6736
f 3005 3046 3047
f 3005 3047 3006
f 6695 6737 6736
f 6695 6696 6737
f 3006 3047 3048
f 3006 3048 3007
f 6696 6738 6737
f 6696 6697 6738
f 3007 3048 3049
f 3007 3049 3008
f 6697 6739 6738
f 6697 6698 6739
f 3008 3049 3050
f 3008 3050 3009
f 6698 6740 6739
f 6698 6699 6740
f 3009 3050 3051
f 3009 3051 3010
f 6699 6741 6740
f 6699 6700 6741
f 3010 3051 3052
f 3010 3052 3011
f 6700 6742 6741
f 6700 6701 6742
f 3011 3052 3053
f 3011 3053 3012
f 6701 6743 6742
f 6701 6702 6743
f 3012 3053 3054
f 3012 3054 3013
f 6702 6744 6743
f 6702 6703 6744
f 3013 3054 3055
f 3013 3055 3014
f 6703 6745 6744
f 6703 6704 6745
f 3014 3055 3056
f 3014 3056 3015
f 6704 6746 6745
f 6704 6705 6746
f 3015 3056 3057
f 3015 3057 3016
f 6705 6747 6746
f 6705 6706 6747
f 3016 3057 3058
f 3016 3058 3017
f 6706 6748 6747
f 6706 6707 6748
f 3017 3058 3059
f 3017 3059 3018
f 6707 6749 6748
f 6707 6708 6749
f 3018 3059 3060
f 3018 3060 3019
f 6708 6750 6749
f 6708 6709 6750
f 3019 3060 3061
f 3019 3061 3020
f 6709 6751 6750
f 6709 6710 6751
f 3020 3061 3062
f 3020 3062 3021
f 6710 6752 6751
f 6710 6711 6752
f 3021 3062 3063
f 3021 3063 3022
f 6711 6753 6752
f 6711 6712 6753
f 3022 3063 3064
f 3022 3064 3023
f 6712 6754 6753
f 6712 6713 6754
f 3023 3064 3065
f 3023 3065 3024
f 6713 6755 6754
f 6713 6714 6755
f 3024 3065 3066
f 3024 3066 3025
f 6714 6756 6755
f 6714 6715 6756
f 3025 3066 3067
f 3025 3067 3026
f 6715 6757 6756
f 6715 6716 6757
f 3026 3067 3068
f 3026 3068 3027
f 6716 6758 6757
f 6716 6717 6758
f 3027 3068 3069
f 3027 3069 3028
f 6717 6759 6758
f 6717 6718 6759
f 3028 3069 3070
f 3028 3070 3029
f 6718 6760 6759
f 6718 6719 6760
f 3029 3070 3071
f 3029 3071 3030
f 6719 6761 6760
f 6719 6720 6761
f 3030 3071 3072
f 3030 3072 3031
f 6720 6762 6761
f 6720 6721 6762
f 3031 3072 3073
f 3031 3073 3032
f 6721 6763 6762
f 6721 6722 6763
f 3032 3073 3074
f 3032 3074 3033
f 6722 6764 6763
f 6722 6723 6764
f 3033 3074 3075
f 3033 3075 3034
f 6723 6765 6764
f 6723 6724 6765
f 3035 3076 3077
f 3035 3077 3036
f 6725 6767 6766
f 6725 6726 6767
f 3036 3077 3078
f 3036 3078 3037
f 6726 6768 6767
f 6726 6727 6768
f 3037 3078 3079
f 3037 3079 3038
f 6727 6769 6768
f 6727 6728 6769
f 3038 3079 3080
f 3038 3080 3039
f 6728 6770 6769
f 6728 6729 6770
f 3039 3080 3081
f 3039 3081 3040
f 6729 6771 6770
f 6729 6730 6771
f 3040 3081 3082
f 3040 3082 3041
f 6730 6772 6771
f 6730 6731 6772
f 3041 3082 3083
f 3041 3083 3042
f 6731 6773 6772
f 6731 6732 6773
f 3042 3083 3084
f 3042 3084 3043
f 6732 6774 6773
f 6732 6733 6774
f 3043 3084 3085
f 3043 3085 3044
f 6733 6775 6774
f 6733 6734 6775
f 3044 3085 3086
f 3044 3086 3045
f 6734 6776 6775
f 6734 6735 6776
f 3045 3086 3087
f 3045 3087 3046
f 6735 6777 6776
f 6735 6736 6777
f 3046 3087 3088
f 3046 3088 3047
f 6736 6778 6777
f 6736 6737 6778
f 3047 3088 3089
f 3047 3089 3048
f 6737 6779 6778
f 6737 6738 6779
f 3048 3089 3090
f 3048 3090 3049
f 6738 6780 6779
f 6738 6739 6780
f 3049 3090 3091
f 3049 3091 3050
f 6739 6781 6780
f 6739 6740 6781
f 3050 3091 3092
f 3050 3092 3051
f 6740 6782 6781
f 6740 6741 6782
f 3051 3092 3093
f 3051 3093 3052
f 6741 6783 6782
f 6741 6742 6783
f 3052 3093 3094
f 3052 3094 3053
f 6742 6784 6783
f 6742 6743 6784
f 3053 3094 3095
f 3053 3095 3054
f 6743 6785 6784
f 6743 6744 6785
f 3054 3095 3096
f 3054 3096 3055
f 6744 6786 6785
f 6744 6745 6786
f 3055 3096 3097
f 3055 3097 3056
f 6745 6787 6786
f 6745 6746 6787
f 3056 3097 3098
f 3056 3098 3057
f 6746 6788 6787
f 6746 6747 6788
f 3057 3098 3099
f 3057 3099 3058
f 6747 6789 6788
f 6747 6748 6789
f 3058 3099 3100
f 3058 3100 3059
f 6748 6790 6789
f 6748 6749 6790
f 3059 3100 3101
f 3059 3101 3060
f 6749 6791 6790
f 6749 6750 6791
f 3060 3101 3102
f 3060 3102 3061
f 6750 6792 6791
f 6750 6751 6792
f 3061 3102 3103
f 3061 3103 3062
f 6751 6793 6792
f 6751 6752 6793
f 3062 3103 3104
f 3062 3104 3063
f 6752 6794 6793
f 6752 6753 6794
f 3063 3104 3105
f 3063 3105 3064
f 6753 6795 6794
f 6753 6754 6795
f 3064 3105 3106
f 3064 3106 3065
f 6754 6796 6795
f 6754 6755 6796
f 3065 3106 3107
f 3065 3107 3066
f 6755 6797 6796
f 6755 6756 6797
f 3066 3107 3108
f 3066 3108 3067
f 6756 6798 6797
f 6756 6757 6798
f 3067 3108 3109
f 3067 3109 3068
f 6757 6799 6798
f 6757 6758 6799
f 3068 3109 3110
f 3068 3110 3069
f 6758 6800 6799
f 6758 6759 6800
f 3069 3110 3111
f 3069 3111 3070
f 6759 6801 6800
f 6759 6760 6801
f 3070 3111 3112
f 3070 3112 3071
f 6760 6802 6801
f 6760 6761 6802
f 3071 3112 3113
f 3071 3113 3072
f 6761 6803 6802
f 6761 6762 6803
f 3072 3113 3114
f 3072 3114 3073
f 6762 6804 6803
f 6762 6763 6804
f 3073 3114 3115
f 3073 3115 3074
f 6763 6805 6804
f 6763 6764 6805
f 3074 3115 3116
f 3074 3116 3075
f 6764 6806 6805
f 6764 6765 6806
f 3076 3117 3118
f 3076 3118 3077
f 6766 6808 6807
f 6766 6767 6808
f 3077 3118 3119
f 3077 3119 3078
f 6767 6809 6808
f 6767 6768 6809
f 3078 3119 3120
f 3078 3120 3079
f 6768 6810 6809
f 6768 6769 6810
f 3079 3120 3121
f 3079 3121 3080
f 6769 6811 6810
f 6769 6770 6811
f 3080 3121 3122
f 3080 3122 3081
f 6770 6812 6811
f 6770 6771 6812
f 3081 3122 3123
f 3081 3123 3082
f 6771 6813 6812
f 6771 6772 6813
f 3082 3123 3124
f 3082 3124 3083
f 6772 6814 6813
f 6772 6773 6814
f 3083 3124 3125
f 3083 3125 3084
f 6773 6815 6814
f 6773 6774 6815
f 3084 3125 3126
f 3084 3126 3085
f 6774 6816 6815
f 6774 6775 6816
f 3085 3126 3127
f 3085 3127 3086
f 6775 6817 6816
f 6775 6776 6817
f 3086 3127 3128
f 3086 3128 3087
f 6776 6818 6817
f 6776 6777 6818
f 3087 3128 3129
f 3087 3129 3088
f 6777 6819 6818
f 6777 6778 6819
f 3088 3129 3130
f 3088 3130 3089
f 6778 6820 6819
f 6778 6779 6820
f 3089 3130 3131
f 3089 3131 3090
f 6779 6821 6820
f 6779 6780 6821
f 3090 3131 3132
f 3090 3132 3091
f 6780 6822 6821
f 6780 6781 6822
f 3091 3132 3133
f 3091 3133 3092
f 6781 6823 6822
f 6781 6782 6823
f 3092 3133 3134
f 3092 3134 3093
f 6782 6824 6823
f 6782 6783 6824
f 3093 3134 3135
f 3093 3135 3094
f 6783 6825 6824
f 6783 6784 6825
f 3094 3135 3136
f 3094 3136 3095
f 6784 6826 6825
f 6784 6785 6826
f 3095 3136 3137
f 3095 3137 3096
f 6785 6827 6826
f 6785 6786 6827
f 3096 3137 3138
f 3096 3138 3097
f 6786 6828 6827
f 6786 6787 6828
f 3097 3138 3139
f 3097 3139 3098
f 6787 6829 6828
f 6787 6788 6829
f 3098 3139 3140
f 3098 3140 3099
f 6788 6830 6829
f 6788 6789 6830
f 3099 3140 3141
f 3099 3141 3100
f 6789 6831 6830
f 6789 6790 6831
f 3100 3141 3142
f 3100 3142 3101
f 6790 6832 6831
f 6790 6791 6832
f 3101 3142 3143
f 3101 3143 3102
f 6791 6833 6832
f 6791 6792 6833
f 3102 3143 3144
f 3102 3144 3103
f 6792 6834 6833
f 6792 6793 6834
f 3103 3144 3145
f 3103 3145 3104
f 6793 6835 6834
f 6793 6794 6835
f 3104 3145 3146
f 3104 3146 3105
f 6794 6836 6835
f 6794 6795 6836
f 3105 3146 3147
f 3105 3147 3106
f 6795 6837 6836
f 6795 6796 6837
f 3106 3147 3148
f 3106 3148 3107
f 6796 6838 6837
f 6796 6797 6838
f 3107 3148 3149
f 3107 3149 3108
f 6797 6839 6838
f 6797 6798 6839
f 3108 3149 3150
f 3108 3150 3109
f 6798 6840 6839
f 6798 6799 6840
f 3109 3150 3151
f 3109 3151 3110
f 6799 6841 6840
f 6799 6800 6841
f 3110 3151 3152
f 3110 3152 3111
f 6800 6842 6841
f 6800 6801 6842
f 3111 3152 3153
f 3111 3153 3112
f 6801 6843 6842
f 6801 6802 6843
f 3112 3153 3154
f 3112 3154 3113
f 6802 6844 6843
f 6802 6803 6844
f 3113 3154 3155
f 3113 3155 3114
f 6803 6845 6844
f 6803 6804 6845
f 3114 3155 3156
f 3114 3156 3115
f 6804 6846 6845
f 6804 6805 6846
f 3115 3156 3157
f 3115 3157 3116
f 6805 6847 6846
f 6805 6806 6847
f 3117 3158 3159
f 3117 3159 3118
f 6807 6849 6848
f 6807 6808 6849
f 3118 3159 3160
f 3118 3160 3119
f 6808 6850 6849
f 6808 6809 6850
f 3119 3160 3161
f 3119 3161 3120
f 6809 6851 6850
f 6809 6810 6851
f 3120 3161 3162
f 3120 3162 3121
f 6810 6852 6851
f 6810 6811 6852
f 3121 3162 3163
f 3121 3163 3122
f 6811 6853 6852
f 6811 6812 6853
f 3122 3163 3164
f 3122 3164 3123
f 6812 6854 6853
f 6812 6813 6854
f 3123 3164 3165
f 3123 3165 3124
f 6813 6855 6854
f 6813 6814 6855
f 3124 3165 3166
f 3124 3166 3125
f 6814 6856 6855
f 6814 6815 6856
f 3125 3166 3167
f 3125 3167 3126
f 6815 6857 6856
f 6815 6816 6857
f 3126 3167 3168
f 3126 3168 3127
f 6816 6858 6857
f 6816 6817 6858
f 3127 3168 3169
f 3127 3169 3128
f 6817 6859 6858
f 6817 6818 6859
f 3128 3169 3170
f 3128 3170 3129
f 6818 6860 6859
f 6818 6819 6860
f 3129 3170 3171
f 3129 3171 3130
f 6819 6861 6860
f 6819 6820 6861
f 3130 3171 3172
f 3130 3172 3131
f 6820 6862 6861
f 6820 6821 6862
f 3131 3172 3173
f 3131 3173 3132
f 6821 6863 6862
f 6821 6822 6863
f 3132 3173 3174
f 3132 3174 3133
f 6822 6864 6863
f 6822 6823 6864
f 3133 3174 3175
f 3133 3175 3134
f 6823 6865 6864
f 6823 6824 6865
f 3134 3175 3176
f 3134 3176 3135
f 6824 6866 6865
f 6824 6825 6866
f 3135 3176 3177
f 3135 3177 3136
f 6825 6867 6866
f 6825 6826 6867
f 3136 3177 3178
f 3136 3178 3137
f 6826 6868 6867
f 6826 6827 6868
f 3137 3178 3179
f 3137 3179 3138
f 6827 6869 6868
f 6827 6828 6869
f 3138 3179 3180
f 3138 3180 3139
f 6828 6870 6869
f 6828 6829 6870
f 3139 3180 3181
f 3139 3181 3140
f 6829 6871 6870
f 6829 6830 6871
f 3140 3181 3182
f 3140 3182 3141
f 6830 6872 6871
f 6830 6831 6872
f 3141 3182 3183
f 3141 3183 3142
f 6831 6873 6872
f 6831 6832 6873
f 3142 3183 3184
f 3142 3184 3143
f 6832 6874 6873
f 6832 6833 6874
f 3143 3184 3185
f 3143 3185 3144
f 6833 6875 6874
f 6833 6834 6875
f 3144 3185 3186
f 3144 3186 3145
f 6834 6876 6875
f 6834 6835 6876
f 3145 3186 3187
f 3145 3187 3146
f 6835 6877 6876
f 6835 6836 6877
f 3146 3187 3188
f 3146 3188 3147
f 6836 6878 6877
f 6836 6837 6878
f 3147 3188 3189
f 3147 3189 3148
f 6837 6879 6878
f 6837 6838 6879
f 3148 3189 3190
f 3148 3190 3149
f 6838 6880 6879
f 6838 6839 6880
f 3149 3190 3191
f 3149 3191 3150
f 6839 6881 6880
f 6839 6840 6881
f 3150 3191 3192
f 3150 3192 3151
f 6840 6882 6881
f 6840 6841 6882
f 3151 3192 3193
f 3151 3193 3152
f 6841 6883 6882
f 6841 6842 6883
f 3152 3193 3194
f 3152 3194 3153
f 6842 6884 6883
f 6842 6843 6884
f 3153 3194 3195
f 3153 3195 3154
f 6843 6885 6884
f 6843 6844 6885
f 3154 3195 3196
f 3154 3196 3155
f 6844 6886 6885
f 6844 6845 6886
f 3155 3196 3197
f 3155 3197 3156
f 6845 6887 6886
f 6845 6846 6887
f 3156 3197 3198
f 3156 3198 3157
f 6846 6888 6887
f 6846 6847 6888
f 3158 3199 3200
f 3158 3200 3159
f 6848 6890 6889
f 6848 6849 6890
f 3159 3200 3201
f 3159 3201 3160
f 6849 6891 6890
f 6849 6850 6891
f 3160 3201 3202
f 3160 3202 3161
f 6850 6892 6891
f 6850 6851 6892
f 3161 3202 3203
f 3161 3203 3162
f 6851 6893 6892
f 6851 6852 6893
f 3162 3203 3204
f 3162 3204 3163
f 6852 6894 6893
f 6852 6853 6894
f 3163 3204 3205
f 3163 3205 3164
f 6853 6895 6894
f 6853 6854 6895
f 3164 3205 3206
f 3164 3206 3165
f 6854 6896 6895
f 6854 6855 6896
f 3165 3206 3207
f 3165 3207 3166
f 6855 6897 6896
f 6855 6856 6897
f 3166 3207 3208
f 3166 3208 3167
f 6856 6898 6897
f 6856 6857 6898
f 3167 3208 3209
f 3167 3209 3168
f 6857 6899 6898
f 6857 6858 6899
f 3168 3209 3210
f 3168 3210 3169
f 6858 6900 6899
f 6858 6859 6900
f 3169 3210 3211
f 3169 3211 3170
f 6859 6901 6900
f 6859 6860 6901
f 3170 3211 3212
f 3170 3212 3171
f 6860 6902 6901
f 6860 6861 6902
f 3171 3212 3213
f 3171 3213 3172
f 6861 6903 6902
f 6861 6862 6903
f 3172 3213 3214
f 3172 3214 3173
f 6862 6904 6903
f 6862 6863 6904
f 3173 3214 3215
f 3173 3215 3174
f 6863 6905 6904
f 6863 6864 6905
f 3174 3215 3216
f 3174 3216 3175
f 6864 6906 6905
f 6864 6865 6906
f 3175 3216 3217
f 3175 3217 3176
f 6865 6907 6906
f 6865 6866 6907
f 3176 3217 3218
f 3176 3218 3177
f 6866 6908 6907
f 6866 6867 6908
f 3177 3218 3219
f 3177 3219 3178
f 6867 6909 6908
f 6867 6868 6909
f 3178 3219 3220
f 3178 3220 3179
f 6868 6910 6909
f 6868 6869 6910
f 3179 3220 3221
f 3179 3221 3180
f 6869 6911 6910
f 6869 6870 6911
f 3180 3221 3222
f 3180 3222 3181
f 6870 6912 6911
f 6870 6871 6912
f 3181 3222 3223
f 3181 3223 3182
f 6871 6913 6912
f 6871 6872 6913
f 3182 3223 3224
f 3182 3224 3183
f 6872 6914 6913
f 6872 6873 6914
f 3183 3224 3225
f 3183 3225 3184
f 6873 6915 6914
f 6873 6874 6915
f 3184 3225 3226
f 3184 3226 3185
f 6874 6916 6915
f 6874 6875 6916
f 3185 3226 3227
f 3185 3227 3186
f 6875 6917 6916
f 6875 6876 6917
f 3186 3227 3228
f 3186 3228 3187
f 6876 6918 6917
f 6876 6877 6918
f 3187 3228 3229
f 3187 3229 3188
f 6877 6919 6918
f 6877 6878 6919
f 3188 3229 3230
f 3188 3230 3189
f 6878 6920 6919
f 6878 6879 6920
f 3189 3230 3231
f 3189 3231 3190
f 6879 6921 6920
f 6879 6880 6921
f 3190 3231 3232
f 3190 3232 3191
f 6880 6922 6921
f 6880 6881 6922
f 3191 3232 3233
f 3191 3233 3192
f 6881 6923 6922
f 6881 6882 6923
f 3192 3233 3234
f 3192 3234 3193
f 6882 6924 6923
f 6882 6883 6924
f 3193 3234 3235
f 3193 3235 3194
f 6883 6925 6924
f 6883 6884 6925
f 3194 3235 3236
f 3194 3236 3195
f 6884 6926 6925
f 6884 6885 6926
f 3195 3236 3237
f 3195 3237 3196
f 6885 6927 6926
f 6885 6886 6927
f 3196 3237 3238
f 3196 3238 3197
f 6886 6928 6927
f 6886 6887 6928
f 3197 3238 3239
f 3197 3239 3198
f 6887 6929 6928
f 6887 6888 6929
f 3199 3240 3241
f 3199 3241 3200
f 6889 6931 6930
f 6889 6890 6931
f 3200 3241 3242
f 3200 3242 3201
f 6890 6932 6931
f 6890 6891 6932
f 3201 3242 3243
f 3201 3243 3202
f 6891 6933 6932
f 6891 6892 6933
f 3202 3243 3244
f 3202 3244 3203
f 6892 6934 6933
f 6892 6893 6934
f 3203 3244 3245
f 3203 3245 3204
f 6893 6935 6934
f 6893 6894 6935
f 3204 3245 3246
f 3204 3246 3205
f 6894 6936 6935
f 6894 6895 6936
f 3205 3246 3247
f 3205 3247 3206
f 6895 6937 6936
f 6895 6896 6937
f 3206 3247 3248
f 3206 3248 3207
f 6896 6938 6937
f 6896 6897 6938
f 3207 3248 3249
f 3207 3249 3208
f 6897 6939 6938
f 6897 6898 6939
f 3208 3249 3250
f 3208 3250 3209
f 6898 6940 6939
f 6898 6899 6940
f 3209 3250 3251
f 3209 3251 3210
f 6899 6941 6940
f 6899 6900 6941
f 3210 3251 3252
f 3210 3252 3211
f 6900 6942 6941
f 6900 6901 6942
f 3211 3252 3253
f 3211 3253 3212
f 6901 6943 6942
f 6901 6902 6943
f 3212 3253 3254
f 3212 3254 3213
f 6902 6944 6943
f 6902 6903 6944
f 3213 3254 3255
f 3213 3255 3214
f 6903 6945 6944
f 6903 6904 6945
f 3214 3255 3256
f 3214 3256 3215
f 6904 6946 6945
f 6904 6905 6946
f 3215 3256 3257
f 3215 3257 3216
f 6905 6947 6946
f 6905 6906 6947
f 3216 3257 3258
f 3216 3258 3217
f 6906 6948 6947
f 6906 6907 6948
f 3217 3258 3259
f 3217 3259 3218
f 6907 6949 6948
f 6907 6908 6949
f 3218 3259 3260
f 3218 3260 3219
f 6908 6950 6949
f 6908 6909 6950
f 3219 3260 3261
f 3219 3261 3220
f 6909 6951 6950
f 6909 6910 6951
f 3220 3261 3262
f 3220 3262 3221
f 6910 6952 6951
f 6910 6911 6952
f 3221 3262 3263
f 3221 3263 3222
f 6911 6953 6952
f 6911 6912 6953
f 3222 3263 3264
f 3222 3264 3223
f 6912 6954 6953
f 6912 6913 6954
f 3223 3264 3265
f 3223 3265 3224
f 6913 6955 6954
f 6913 6914 6955
f 3224 3265 3266
f 3224 3266 3225
f 6914 6956 6955
f 6914 6915 6956
f 3225 3266 3267
f 3225 3267 3226
f 6915 6957 6956
f 6915 6916 6957
f 3226 3267 3268
f 3226 3268 3227
f 6916 6958 6957
f 6916 6917 6958
f 3227 3268 3269
f 3227 3269 3228
f 6917 6959 6958
f 6917 6918 6959
f 3228 3269 3270
f 3228 3270 3229
f 6918 6960 6959
f 6918 6919 6960
f 3229 3270 3271
f 3229 3271 3230
f 6919 6961 6960
f 6919 6920 6961
f 3230 3271 3272
f 3230 3272 3231
f 6920 6962 6961
f 6920 6921 6962
f 3231 3272 3273
f 3231 3273 3232
f 6921 6963 6962
f 6921 6922 6963
f 3232 3273 3274
f 3232 3274 3233
f 6922 6964 6963
f 6922 6923 6964
f 3233 3274 3275
f 3233 3275 3234
f 6923 6965 6964
f 6923 6924 6965
f 3234 3275 3276
f 3234 3276 3235
f 6924 6966 6965
f 6924 6925 6966
f 3235 3276 3277
f 3235 3277 3236
f 6925 6967 6966
f 6925 6926 6967
f 3236 3277 3278
f 3236 3278 3237
f 6926 6968 6967
f 6926 6927 6968
f 3237 3278 3279
f 3237 3279 3238
f 6927 6969 6968
f 6927 6928 6969
f 3238 3279 3280
f 3238 3280 3239
f 6928 6970 6969
f 6928 6929 6970
f 3240 3281 3282
f 3240 3282 3241
f 6930 6972 6971
f 6930 6931 6972
f 3241 3282 3283
f 3241 3283 3242
f 6931 6973 6972
f 6931 6932 6973
f 3242 3283 3284
f 3242 3284 3243
f 6932 6974 6973
f 6932 6933 6974
f 3243 3284 3285
f 3243 3285 3244
f 6933 6975 6974
f 6933 6934 6975
f 3244 3285 3286
f 3244 3286 3245
f 6934 6976 6975
f 6934 6935 6976
f 3245 3286 3287
f 3245 3287 3246
f 6935 6977 6976
f 6935 6936 6977
f 3246 3287 3288
f 3246 3288 3247
f 6936 6978 6977
f 6936 6937 6978
f 3247 3288 3289
f 3247 3289 3248
f 6937 6979 6978
f 6937 6938 6979
f 3248 3289 3290
f 3248 3290 3249
f 6938 6980 6979
f 6938 6939 6980
f 3249 3290 3291
f 3249 3291 3250
f 6939 6981 6980
f 6939 6940 6981
f 3250 3291 3292
f 3250 3292 3251
f 6940 6982 6981
f 6940 6941 6982
f 3251 3292 3293
f 3251 3293 3252
f 6941 6983 6982
f 6941 6942 6983
f 3252 3293 3294
f 3252 3294 3253
f 6942 6984 6983
f 6942 6943 6984
f 3253 3294 3295
f 3253 3295 3254
f 6943 6985 6984
f 6943 6944 6985
f 3254 3295 3296
f 3254 3296 3255
f 6944 6986 6985
f 6944 6945 6986
f 3255 3296 3297
f 3255 3297 3256
f 6945 6987 6986
f 6945 6946 6987
f 3256 3297 3298
f 3256 3298 3257
f 6946 6988 6987
f 6946 6947 6988
f 3257 3298 3299
f 3257 3299 3258
f 6947 6989 6988
f 6947 6948 6989
f 3258 3299 3300
f 3258 3300 3259
f 6948 6990 6989
f 6948 6949 6990
f 3259 3300 3301
f 3259 3301 3260
f 6949 6991 6990
f 6949 6950 6991
f 3260 3301 3302
f 3260 3302 3261
f 6950 6992 6991
f 6950 6951 6992
f 3261 3302 3303
f 3261 3303 3262
f 6951 6993 6992
f 6951 6952 6993
f 3262 3303 3304
f 3262 3304 3263
f 6952 6994 6993
f 6952 6953 6994
f 3263 3304 3305
f 3263 3305 3264
f 6953 6995 6994
f 6953 6954 6995
f 3264 3305 3306
f 3264 3306 3265
f 6954 6996 6995
f 6954 6955 6996
f 3265 3306 3307
f 3265 3307 3266
f 6955 6997 6996
f 6955 6956 6997
f 3266 3307 3308
f 3266 3308 3267
f 6956 6998 6997
f 6956 6957 6998
f 3267 3308 3309
f 3267 3309 3268
f 6957 6999 6998
f 6957 6958 6999
f 3268 3309 3310
f 3268 3310 3269
f 6958 7000 6999
f 6958 6959 7000
f 3269 3310 3311
f 3269 3311 3270
f 6959 7001 7000
f 6959 6960 7001
f 3270 3311 3312
f 3270 3312 3271
f 6960 7002 7001
f 6960 6961 7002
f 3271 3312 3313
f 3271 3313 3272
f 6961 7003 7002
f 6961 6962 7003
f 3272 3313 3314
f 3272 3314 3273
f 6962 7004 7003
f 6962 6963 7004
f 3273 3314 3315
f 3273 3315 3274
f 6963 7005 7004
f 6963 6964 7005
f 3274 3315 3316
f 3274 3316 3275
f 6964 7006 7005
f 6964 6965 7006
f 3275 3316 3317
f 3275 3317 3276
f 6965 7007 7006
f 6965 6966 7007
f 3276 3317 3318
f 3276 3318 3277
f 6966 7008 7007
f 6966 6967 7008
f 3277 3318 3319
f 3277 3319 3278
f 6967 7009 7008
f 6967 6968 7009
f 3278 3319 3320
f 3278 3320 3279
f 6968 7010 7009
f 6968 6969 7010
f 3279 3320 3321
f 3279 3321 3280
f 6969 7011 7010
f 6969 6970 7011
f 3281 3322 3323
f 3281 3323 3282
f 6971 7013 7012
f 6971 6972 7013
f 3282 3323 3324
f 3282 3324 3283
f 6972 7014 7013
f 6972 6973 7014
f 3283 3324 3325
f 3283 3325 3284
f 6973 7015 7014
f 6973 6974 7015
f 3284 3325 3326
f 3284 3326 3285
f 6974 7016 7015
f 6974 6975 7016
f 3285 3326 3327
f 3285 3327 3286
f 6975 7017 7016
f 6975 6976 7017
f 3286 3327 3328
f 3286 3328 3287
f 6976 7018 7017
f 6976 6977 7018
f 3287 3328 3329
f 3287 3329 3288
f 6977 7019 7018
f 6977 6978 7019
f 3288 3329 3330
f 3288 3330 3289
f 6978 7020 7019
f 6978 6979 7020
f 3289 3330 3331
f 3289 3331 3290
f 6979 7021 7020
f 6979 6980 7021
f 3290 3331 3332
f 3290 3332 3291
f 6980 7022 7021
f 6980 6981 7022
f 3291 3332 3333
f 3291 3333 3292
f 6981 7023 7022
f 6981 6982 7023
f 3292 3333 3334
f 3292 3334 3293
f 6982 7024 7023
f 6982 6983 7024
f 3293 3334 3335
f 3293 3335 3294
f 6983 7025 7024
f 6983 6984 7025
f 3294 3335 3336
f 3294 3336 3295
f 6984 7026 7025
f 6984 6985 7026
f 3295 3336 3337
f 3295 3337 3296
f 6985 7027 7026
f 6985 6986 7027
f 3296 3337 3338
f 3296 3338 3297
f 6986 7028 7027
f 6986 6987 7028
f 3297 3338 3339
f 3297 3339 3298
f 6987 7029 7028
f 6987 6988 7029
f 3298 3339 3340
f 3298 3340 3299
f 6988 7030 7029
f 6988 6989 7030
f 3299 3340 3341
f 3299 3341 3300
f 6989 7031 7030
f 6989 6990 7031
f 3300 3341 3342
f 3300 3342 3301
f 6990 7032 7031
f 6990 6991 7032
f 3301 3342 3343
f 3301 3343 3302
f 6991 7033 7032
f 6991 6992 7033
f 3302 3343 3344
f 3302 3344 3303
f 6992 7034 7033
f 6992 6993 7034
f 3303 3344 3345
f 3303 3345 3304
f 6993 7035 7034
f 6993 6994 7035
f 3304 3345 3346
f 3304 3346 3305
f 6994 7036 7035
f 6994 6995 7036
f 3305 3346 3347
f 3305 3347 3306
f 6995 7037 7036
f 6995 6996 7037
f 3306 3347 3348
f 3306 3348 3307
f 6996 7038 7037
f 6996 6997 7038
f 3307 3348 3349
f 3307 3349 3308
f 6997 7039 7038
f 6997 6998 7039
f 3308 3349 3350
f 3308 3350 3309
f 6998 7040 7039
f 6998 6999 7040
f 3309 3350 3351
f 3309 3351 3310
f 6999 7041 7040
f 6999 7000 7041
f 3310 3351 3352
f 3310 3352 3311
f 7000 7042 7041
f 7000 7001 7042
f 3311 3352 3353
f 3311 3353 3312
f 7001 7043 7042
f 7001 7002 7043
f 3312 3353 3354
f 3312 3354 3313
f 7002 7044 7043
f 7002 7003 7044
f 3313 3354 3355
f 3313 3355 3314
f 7003 7045 7044
f 7003 7004 7045
f 3314 3355 3356
f 3314 3356 3315
f 7004 7046 7045
f 7004 7005 7046
f 3315 3356 3357
f 3315 3357 3316
f 7005 7047 7046
f 7005 7006 7047
f 3316 3357 3358
f 3316 3358 3317
f 7006 7048 7047
f 7006 7007 7048
f 3317 3358 3359
f 3317 3359 3318
f 7007 7049 7048
f 7007 7008 7049
f 3318 3359 3360
f 3318 3360 3319
f 7008 7050 7049
f 7008 7009 7050
f 3319 3360 3361
f 3319 3361 3320
f 7009 7051 7050
f 7009 7010 7051
f 3320 3361 3362
f 3320 3362 3321
f 7010 7052 7051
f 7010 7011 7052
f 3322 3363 3364
f 3322 3364 3323
f 7012 7054 7053
f 7012 7013 7054
f 3323 3364 3365
f 3323 3365 3324
f 7013 7055 7054
f 7013 7014 7055
f 3324 3365 3366
f 3324 3366 3325
f 7014 7056 7055
f 7014 7015 7056
f 3325 3366 3367
f 3325 3367 3326
f 7015 7057 7056
f 7015 7016 7057
f 3326 3367 3368
f 3326 3368 3327
f 7016 7058 7057
f 7016 7017 7058
f 3327 3368 3369
f 3327 3369 3328
f 7017 7059 7058
f 7017 7018 7059
f 3328 3369 3370
f 3328 3370 3329
f 7018 7060 7059
f 7018 7019 7060
f 3329 3370 3371
f 3329 3371 3330
f 7019 7061 7060
f 7019 7020 7061
f 3330 3371 3372
f 3330 3372 3331
f 7020 7062 7061
f 7020 7021 7062
f 3331 3372 3373
f 3331 3373 3332
f 7021 7063 7062
f 7021 7022 7063
f 3332 3373 3374
f 3332 3374 3333
f 7022 7064 7063
f 7022 7023 7064
f 3333 3374 3375
f 3333 3375 3334
f 7023 7065 7064
f 7023 7024 7065
f 3334 3375 3376
f 3334 3376 3335
f 7024 7066 7065
f 7024 7025 7066
f 3335 3376 3377
f 3335 3377 3336
f 7025 7067 7066
f 7025 7026 7067
f 3336 3377 3378
f 3336 3378 3337
f 7026 7068 7067
f 7026 7027 7068
f 3337 3378 3379
f 3337 3379 3338
f 7027 7069 7068
f 7027 7028 7069
f 3338 3379 3380
f 3338 3380 3339
f 7028 7070 7069
f 7028 7029 7070
f 3339 3380 3381
f 3339 3381 3340
f 7029 7071 7070
f 7029 7030 7071
f 3340 3381 3382
f 3340 3382 3341
f 7030 7072 7071
f 7030 7031 7072
f 3341 3382 3383
f 3341 3383 3342
f 7031 7073 7072
f 7031 7032 7073
f 3342 3383 3384
f 3342 3384 3343
f 7032 7074 7073
f 7032 7033 7074
f 3343 3384 3385
f 3343 3385 3344
f 7033 7075 7074
f 7033 7034 7075
f 3344 3385 3386
f 3344 3386 3345
f 7034 7076 7075
f 7034 7035 7076
f 3345 3386 3387
f 3345 3387 3346
f 7035 7077 7076
f 7035 7036 7077
f 3346 3387 3388
f 3346 3388 3347
f 7036 7078 7077
f 7036 7037 7078
f 3347 3388 3389
f 3347 3389 3348
f 7037 7079 7078
f 7037 7038 7079
f 3348 3389 3390
f 3348 3390 3349
f 7038 7080 7079
f 7038 7039 7080
f 3349 3390 3391
f 3349 3391 3350
f 7039 7081 7080
f 7039 7040 7081
f 3350 3391 3392
f 3350 3392 3351
f 7040 7082 7081
f 7040 7041 7082
f 3351 3392 3393
f 3351 3393 3352
f 7041 7083 7082
f 7041 7042 7083
f 3352 3393 3394
f 3352 3394 3353
f 7042 7084 7083
f 7042 7043 7084
f 3353 3394 3395
f 3353 3395 3354
f 7043 7085 7084
f 7043 7044 7085
f 3354 3395 3396
f 3354 3396 3355
f 7044 7086 7085
f 7044 7045 7086
f 3355 3396 3397
f 3355 3397 3356
f 7045 7087 7086
f 7045 7046 7087
f 3356 3397 3398
f 3356 3398 3357
f 7046 7088 7087
f 7046 7047 7088
f 3357 3398 3399
f 3357 3399 3358
f 7047 7089 7088
f 7047 7048 7089
f 3358 3399 3400
f 3358 3400 3359
f 7048 7090 7089
f 7048 7049 7090
f 3359 3400 3401
f 3359 3401 3360
f 7049 7091 7090
f 7049 7050 7091
f 3360 3401 3402
f 3360 3402 3361
f 7050 7092 7091
f 7050 7051 7092
f 3361 3402 3403
f 3361 3403 3362
f 7051 7093 7092
f 7051 7052 7093
f 3363 3404 3405
f 3363 3405 3364
f 7053 7095 7094
f 7053 7054 7095
f 3364 3405 3406
f 3364 3406 3365
f 7054 7096 7095
f 7054 7055 7096
f 3365 3406 3407
f 3365 3407 3366
f 7055 7097 7096
f 7055 7056 7097
f 3366 3407 3408
f 3366 3408 3367
f 7056 7098 7097
f 7056 7057 7098
f 3367 3408 3409
f 3367 3409 3368
f 7057 7099 7098
f 7057 7058 7099
f 3368 3409 3410
f 3368 3410 3369
f 7058 7100 7099
f 7058 7059 7100
f 3369 3410 3411
f 3369 3411 3370
f 7059 7101 7100
f 7059 7060 7101
f 3370 3411 3412
f 3370 3412 3371
f 7060 7102 7101
f 7060 7061 7102
f 3371 3412 3413
f 3371 3413 3372
f 7061 7103 7102
f 7061 7062 7103
f 3372 3413 3414
f 3372 3414 3373
f 7062 7104 7103
f 7062 7063 7104
f 3373 3414 3415
f 3373 3415 3374
f 7063 7105 7104
f 7063 7064 7105
f 3374 3415 3416
f 3374 3416 3375
f 7064 7106 7105
f 7064 7065 7106
f 3375 3416 3417
f 3375 3417 3376
f 7065 7107 7106
f 7065 7066 7107
f 3376 3417 3418
f 3376 3418 3377
f 7066 7108 7107
f 7066 7067 7108
f 3377 3418 3419
f 3377 3419 3378
f 7067 7109 7108
f 7067 7068 7109
f 3378 3419 3420
f 3378 3420 3379
f 7068 7110 7109
f 7068 7069 7110
f 3379 3420 3421
f 3379 3421 3380
f 7069 7111 7110
f 7069 7070 7111
f 3380 3421 3422
f 3380 3422 3381
f 7070 7112 7111
f 7070 7071 7112
f 3381 3422 3423
f 3381 3423 3382
f 7071 7113 7112
f 7071 7072 7113
f 3382 3423 3424
f 3382 3424 3383
f 7072 7114 7113
f 7072 7073 7114
f 3383 3424 3425
f 3383 3425 3384
f 7073 7115 7114
f 7073 7074 7115
f 3384 3425 3426
f 3384 3426 3385
f 7074 7116 7115
f 7074 7075 7116
f 3385 3426 3427
f 3385 3427 3386
f 7075 7117 7116
f 7075 7076 7117
f 3386 3427 3428
f 3386 3428 3387
f 7076 7118 7117
f 7076 7077 7118
f 3387 3428 3429
f 3387 3429 3388
f 7077 7119 7118
f 7077 7078 7119
f 3388 3429 3430
f 3388 3430 3389
f 7078 7120 7119
f 7078 7079 7120
f 3389 3430 3431
f 3389 3431 3390
f 7079 7121 7120
f 7079 7080 7121
f 3390 3431 3432
f 3390 3432 3391
f 7080 7122 7121
f 7080 7081 7122
f 3391 3432 3433
f 3391 3433 3392
f 7081 7123 7122
f 7081 7082 7123
f 3392 3433 3434
f 3392 3434 3393
f 7082 7124 7123
f 7082 7083 7124
f 3393 3434 3435
f 3393 3435 3394
f 7083 7125 7124
f 7083 7084 7125
f 3394 3435 3436
f 3394 3436 3395
f 7084 7126 7125
f 7084 7085 7126
f 3395 3436 3437
f 3395 3437 3396
f 7085 7127 7126
f 7085 7086 7127
f 3396 3437 3438
f 3396 3438 3397
f 7086 7128 7127
f 7086 7087 7128
f 3397 3438 3439
f 3397 3439 3398
f 7087 7129 7128
f 7087 7088 7129
f 3398 3439 3440
f 3398 3440 3399
f 7088 7130 7129
f 7088 7089 7130
f 3399 3440 3441
f 3399 3441 3400
f 7089 7131 7130
f 7089 7090 7131
f 3400 3441 3442
f 3400 3442 3401
f 7090 7132 7131
f 7090 7091 7132
f 3401 3442 3443
f 3401 3443 3402
f 7091 7133 7132
f 7091 7092 7133
f 3402 3443 3444
f 3402 3444 3403
f 7092 7134 7133
f 7092 7093 7134
f 3404 3445 3446
f 3404 3446 3405
f 7094 7136 7135
f 7094 7095 7136
f 3405 3446 3447
f 3405 3447 3406
f 7095 7137 7136
f 7095 7096 7137
f 3406 3447 3448
f 3406 3448 3407
f 7096 7138 7137
f 7096 7097 7138
f 3407 3448 3449
f 3407 3449 3408
f 7097 7139 7138
f 7097 7098 7139
f 3408 3449 3450
f 3408 3450 3409
f 7098 7140 7139
f 7098 7099 7140
f 3409 3450 3451
f 3409 3451 3410
f 7099 7141 7140
f 7099 7100 7141
f 3410 3451 3452
f 3410 3452 3411
f 7100 7142 7141
f 7100 7101 7142
f 3411 3452 3453
f 3411 3453 3412
f 7101 7143 7142
f 7101 7102 7143
f 3412 3453 3454
f 3412 3454 3413
f 7102 7144 7143
f 7102 7103 7144
f 3413 3454 3455
f 3413 3455 3414
f 7103 7145 7144
f 7103 7104 7145
f 3414 3455 3456
f 3414 3456 3415
f 7104 7146 7145
f 7104 7105 7146
f 3415 3456 3457
f 3415 3457 3416
f 7105 7147 7146
f 7105 7106 7147
f 3416 3457 3458
f 3416 3458 3417
f 7106 7148 7147
f 7106 7107 7148
f 3417 3458 3459
f 3417 3459 3418
f 7107 7149 7148
f 7107 7108 7149
f 3418 3459 3460
f 3418 3460 3419
f 7108 7150 7149
f 7108 7109 7150
f 3419 3460 3461
f 3419 3461 3420
f 7109 7151 7150
f 7109 7110 7151
f 3420 3461 3462
f 3420 3462 3421
f 7110 7152 7151
f 7110 7111 7152
f 3421 3462 3463
f 3421 3463 3422
f 7111 7153 7152
f 7111 7112 7153
f 3422 3463 3464
f 3422 3464 3423
f 7112 7154 7153
f 7112 7113 7154
f 3423 3464 3465
f 3423 3465 3424
f 7113 7155 7154
f 7113 7114 7155
f 3424 3465 3466
f 3424 3466 3425
f 7114 7156 7155
f 7114 7115 7156
f 3425 3466 3467
f 3425 3467 3426
f 7115 7157 7156
f 7115 7116 7157
f 3426 3467 3468
f 3426 3468 3427
f 7116 7158 7157
f 7116 7117 7158
f 3427 3468 3469
f 3427 3469 3428
f 7117 7159 7158
f 7117 7118 7159
f 3428 3469 3470
f 3428 3470 3429
f 7118 7160 7159
f 7118 7119 7160
f 3429 3470 3471
f 3429 3471 3430
f 7119 7161 7160
f 7119 7120 7161
f 3430 3471 3472
f 3430 3472 3431
f 7120 7162 7161
f 7120 7121 7162
f 3431 3472 3473
f 3431 3473 3432
f 7121 7163 7162
f 7121 7122 7163
f 3432 3473 3474
f 3432 3474 3433
f 7122 7164 7163
f 7122 7123 7164
f 3433 3474 3475
f 3433 3475 3434
f 7123 7165 7164
f 7123 7124 7165
f 3434 3475 3476
f 3434 3476 3435
f 7124 7166 7165
f 7124 7125 7166
f 3435 3476 3477
f 3435 3477 3436
f 7125 7167 7166
f 7125 7126 7167
f 3436 3477 3478
f 3436 3478 3437
f 7126 7168 7167
f 7126 7127 7168
f 3437 3478 3479
f 3437 3479 3438
f 7127 7169 7168
f 7127 7128 7169
f 3438 3479 3480
f 3438 3480 3439
f 7128 7170 7169
f 7128 7129 7170
f 3439 3480 3481
f 3439 3481 3440
f 7129 7171 7170
f 7129 7130 7171
f 3440 3481 3482
f 3440 3482 3441
f 7130 7172 7171
f 7130 7131 7172
f 3441 3482 3483
f 3441 3483 3442
f 7131 7173 7172
f 7131 7132 7173
f 3442 3483 3484
f 3442 3484 3443
f 7132 7174 7173
f 7132 7133 7174
f 3443 3484 3485
f 3443 3485 3444
f 7133 7175 7174
f 7133 7134 7175
f 3445 3486 3487
f 3445 3487 3446
f 7135 7177 7176
f 7135 7136 7177
f 3446 3487 3488
f 3446 3488 3447
f 7136 7178 7177
f 7136 7137 7178
f 3447 3488 3489
f 3447 3489 3448
f 7137 7179 7178
f 7137 7138 7179
f 3448 3489 3490
f 3448 3490 3449
f 7138 7180 7179
f 7138 7139 7180
f 3449 3490 3491
f 3449 3491 3450
f 7139 7181 7180
f 7139 7140 7181
f 3450 3491 3492
f 3450 3492 3451
f 7140 7182 7181
f 7140 7141 7182
f 3451 3492 3493
f 3451 3493 3452
f 7141 7183 7182
f 7141 7142 7183
f 3452 3493 3494
f 3452 3494 3453
f 7142 7184 7183
f 7142 7143 7184
f 3453 3494 3495
f 3453 3495 3454
f 7143 7185 7184
f 7143 7144 7185
f 3454 3495 3496
f 3454 3496 3455
f 7144 7186 7185
f 7144 7145 7186
f 3455 3496 3497
f 3455 3497 3456
f 7145 7187 7186
f 7145 7146 7187
f 3456 3497 3498
f 3456 3498 3457
f 7146 7188 7187
f 7146 7147 7188
f 3457 3498 3499
f 3457 3499 3458
f 7147 7189 7188
f 7147 7148 7189
f 3458 3499 3500
f 3458 3500 3459
f 7148 7190 7189
f 7148 7149 7190
f 3459 3500 3501
f 3459 3501 3460
f 7149 7191 7190
f 7149 7150 7191
f 3460 3501 3502
f 3460 3502 3461
f 7150 7192 7191
f 7150 7151 7192
f 3461 3502 3503
f 3461 3503 3462
f 7151 7193 7192
f 7151 7152 7193
f 3462 3503 3504
f 3462 3504 3463
f 7152 7194 7193
f 7152 7153 7194
f 3463 3504 3505
f 3463 3505 3464
f 7153 7195 7194
f 7153 7154 7195
f 3464 3505 3506
f 3464 3506 3465
f 7154 7196 7195
f 7154 7155 7196
f 3465 3506 3507
f 3465 3507 3466
f 7155 7197 7196
f 7155 7156 7197
f 3466 3507 3508
f 3466 3508 3467
f 7156 7198 7197
f 7156 7157 7198
f 3467 3508 3509
f 3467 3509 3468
f 7157 7199 7198
f 7157 7158 7199
f 3468 3509 3510
f 3468 3510 3469
f 7158 7200 7199
f 7158 7159 7200
f 3469 3510 3511
f 3469 3511 3470
f 7159 7201 7200
f 7159 7160 7201
f 3470 3511 3512
f 3470 3512 3471
f 7160 7202 7201
f 7160 7161 7202
f 3471 3512 3513
f 3471 3513 3472
f 7161 7203 7202
f 7161 7162 7203
f 3472 3513 3514
f 3472 3514 3473
f 7162 7204 7203
f 7162 7163 7204
f 3473 3514 3515
f 3473 3515 3474
f 7163 7205 7204
f 7163 7164 7205
f 3474 3515 3516
f 3474 3516 3475
f 7164 7206 7205
f 7164 7165 7206
f 3475 3516 3517
f 3475 3517 3476
f 7165 7207 7206
f 7165 7166 7207
f 3476 3517 3518
f 3476 3518 3477
f 7166 7208 7207
f 7166 7167 7208
f 3477 3518 3519
f 3477 3519 3478
f 7167 7209 7208
f 7167 7168 7209
f 3478 3519 3520
f 3478 3520 3479
f 7168 7210 7209
f 7168 7169 7210
f 3479 3520 3521
f 3479 3521 3480
f 7169 7211 7210
f 7169 7170 7211
f 3480 3521 3522
f 3480 3522 3481
f 7170 7212 7211
f 7170 7171 7212
f 3481 3522 3523
f 3481 3523 3482
f 7171 7213 7212
f 7171 7172 7213
f 3482 3523 3524
f 3482 3524 3483
f 7172 7214 7213
f 7172 7173 7214
f 3483 3524 3525
f 3483 3525 3484
f 7173 7215 7214
f 7173 7174 7215
f 3484 3525 3526
f 3484 3526 3485
f 7174 7216 7215
f 7174 7175 7216
f 3486 3527 3528
f 3486 3528 3487
f 7176 7218 7217
f 7176 7177 7218
f 3487 3528 3529
f 3487 3529 3488
f 7177 7219 7218
f 7177 7178 7219
f 3488 3529 3530
f 3488 3530 3489
f 7178 7220 7219
f 7178 7179 7220
f 3489 3530 3531
f 3489 3531 3490
f 7179 7221 7220
f 7179 7180 7221
f 3490 3531 3532
f 3490 3532 3491
f 7180 7222 7221
f 7180 7181 7222
f 3491 3532 3533
f 3491 3533 3492
f 7181 7223 7222
f 7181 7182 7223
f 3492 3533 3534
f 3492 3534 3493
f 7182 7224 7223
f 7182 7183 7224
f 3493 3534 3535
f 3493 3535 3494
f 7183 7225 7224
f 7183 7184 7225
f 3494 3535 3536
f 3494 3536 3495
f 7184 7226 7225
f 7184 7185 7226
f 3495 3536 3537
f 3495 3537 3496
f 7185 7227 7226
f 7185 7186 7227
f 3496 3537 3538
f 3496 3538 3497
f 7186 7228 7227
f 7186 7187 7228
f 3497 3538 3539
f 3497 3539 3498
f 7187 7229 7228
f 7187 7188 7229
f 3498 3539 3540
f 3498 3540 3499
f 7188 7230 7229
f 7188 7189 7230
f 3499 3540 3541
f 3499 3541 3500
f 7189 7231 7230
f 7189 7190 7231
f 3500 3541 3542
f 3500 3542 3501
f 7190 7232 7231
f 7190 7191 7232
f 3501 3542 3543
f 3501 3543 3502
f 7191 7233 7232
f 7191 7192 7233
f 3502 3543 3544
f 3502 3544 3503
f 7192 7234 7233
f 7192 7193 7234
f 3503 3544 3545
f 3503 3545 3504
f 7193 7235 7234
f 7193 7194 7235
f 3504 3545 3546
f 3504 3546 3505
f 7194 7236 7235
f 7194 7195 7236
f 3505 3546 3547
f 3505 3547 3506
f 7195 7237 7236
f 7195 7196 7237
f 3506 3547 3548
f 3506 3548 3507
f 7196 7238 7237
f 7196 7197 7238
f 3507 3548 3549
f 3507 3549 3508
f 7197 7239 7238
f 7197 7198 7239
f 3508 3549 3550
f 3508 3550 3509
f 7198 7240 7239
f 7198 7199 7240
f 3509 3550 3551
f 3509 3551 3510
f 7199 7241 7240
f 7199 7200 7241
f 3510 3551 3552
f 3510 3552 3511
f 7200 7242 7241
f 7200 7201 7242
f 3511 3552 3553
f 3511 3553 3512
f 7201 7243 7242
f 7201 7202 7243
f 3512 3553 3554
f 3512 3554 3513
f 7202 7244 7243
f 7202 7203 7244
f 3513 3554 3555
f 3513 3555 3514
f 7203 7245 7244
f 7203 7204 7245
f 3514 3555 3556
f 3514 3556 3515
f 7204 7246 7245
f 7204 7205 7246
f 3515 3556 3557
f 3515 3557 3516
f 7205 7247 7246
f 7205 7206 7247
f 3516 3557 3558
f 3516 3558 3517
f 7206 7248 7247
f 7206 7207 7248
f 3517 3558 3559
f 3517 3559 3518
f 7207 7249 7248
f 7207 7208 7249
f 3518 3559 3560
f 3518 3560 3519
f 7208 7250 7249
f 7208 7209 7250
f 3519 3560 3561
f 3519 3561 3520
f 7209 7251 7250
f 7209 7210 7251
f 3520 3561 3562
f 3520 3562 3521
f 7210 7252 7251
f 7210 7211 7252
f 3521 3562 3563
f 3521 3563 3522
f 7211 7253 7252
f 7211 7212 7253
f 3522 3563 3564
f 3522 3564 3523
f 7212 7254 7253
f 7212 7213 7254
f 3523 3564 3565
f 3523 3565 3524
f 7213 7255 7254
f 7213 7214 7255
f 3524 3565 3566
f 3524 3566 3525
f 7214 7256 7255
f 7214 7215 7256
f 3525 3566 3567
f 3525 3567 3526
f 7215 7257 7256
f 7215 7216 7257
f 3527 3568 3569
f 3527 3569 3528
f 7217 7259 7258
f 7217 7218 7259
f 3528 3569 3570
f 3528 3570 3529
f 7218 7260 7259
f 7218 7219 7260
f 3529 3570 3571
f 3529 3571 3530
f 7219 7261 7260
f 7219 7220 7261
f 3530 3571 3572
f 3530 3572 3531
f 7220 7262 7261
f 7220 7221 7262
f 3531 3572 3573
f 3531 3573 3532
f 7221 7263 7262
f 7221 7222 7263
f 3532 3573 3574
f 3532 3574 3533
f 7222 7264 7263
f 7222 7223 7264
f 3533 3574 3575
f 3533 3575 3534
f 7223 7265 7264
f 7223 7224 7265
f 3534 3575 3576
f 3534 3576 3535
f 7224 7266 7265
f 7224 7225 7266
f 3535 3576 3577
f 3535 3577 3536
f 7225 7267 7266
f 7225 7226 7267
f 3536 3577 3578
f 3536 3578 3537
f 7226 7268 7267
f 7226 7227 7268
f 3537 3578 3579
f 3537 3579 3538
f 7227 7269 7268
f 7227 7228 7269
f 3538 3579 3580
f 3538 3580 3539
f 7228 7270 7269
f 7228 7229 7270
f 3539 3580 3581
f 3539 3581 3540
f 7229 7271 7270
f 7229 7230 7271
f 3540 3581 3582
f 3540 3582 3541
f 7230 7272 7271
f 7230 7231 7272
f 3541 3582 3583
f 3541 3583 3542
f 7231 7273 7272
f 7231 7232 7273
f 3542 3583 3584
f 3542 3584 3543
f 7232 7274 7273
f 7232 7233 7274
f 3543 3584 3585
f 3543 3585 3544
f 7233 7275 7274
f 7233 7234 7275
f 3544 3585 3586
f 3544 3586 3545
f 7234 7276 7275
f 7234 7235 7276
f 3545 3586 3587
f 3545 3587 3546
f 7235 7277 7276
f 7235 7236 7277
f 3546 3587 3588
f 3546 3588 3547
f 7236 7278 7277
f 7236 7237 7278
f 3547 3588 3589
f 3547 3589 3548
f 7237 7279 7278
f 7237 7238 7279
f 3548 3589 3590
f 3548 3590 3549
f 7238 7280 7279
f 7238 7239 7280
f 3549 3590 3591
f 3549 3591 3550
f 7239 7281 7280
f 7239 7240 7281
f 3550 3591 3592
f 3550 3592 3551
f 7240 7282 7281
f 7240 7241 7282
f 3551 3592 3593
f 3551 3593 3552
f 7241 7283 7282
f 7241 7242 7283
f 3552 3593 3594
f 3552 3594 3553
f 7242 7284 7283
f 7242 7243 7284
f 3553 3594 3595
f 3553 3595 3554
f 7243 7285 7284
f 7243 7244 7285
f 3554 3595 3596
f 3554 3596 3555
f 7244 7286 7285
f 7244 7245 7286
f 3555 3596 3597
f 3555 3597 3556
f 7245 7287 7286
f 7245 7246 7287
f 3556 3597 3598
f 3556 3598 3557
f 7246 7288 7287
f 7246 7247 7288
f 3557 3598 3599
f 3557 3599 3558
f 7247 7289 7288
f 7247 7248 7289
f 3558 3599 3600
f 3558 3600 3559
f 7248 7290 7289
f 7248 7249 7290
f 3559 3600 3601
f 3559 3601 3560
f 7249 7291 7290
f 7249 7250 7291
f 3560 3601 3602
f 3560 3602 3561
f 7250 7292 7291
f 7250 7251 7292
f 3561 3602 3603
f 3561 3603 3562
f 7251 7293 7292
f 7251 7252 7293
f 3562 3603 3604
f 3562 3604 3563
f 7252 7294 7293
f 7252 7253 7294
f 3563 3604 3605
f 3563 3605 3564
f 7253 7295 7294
f 7253 7254 7295
f 3564 3605 3606
f 3564 3606 3565
f 7254 7296 7295
f 7254 7255 7296
f 3565 3606 3607
f 3565 3607 3566
f 7255 7297 7296
f 7255 7256 7297
f 3566 3607 3608
f 3566 3608 3567
f 7256 7298 7297
f 7256 7257 7298
f 3568 3609 3610
f 3568 3610 3569
f 7258 7300 7299
f 7258 7259 7300
f 3569 3610 3611
f 3569 3611 3570
f 7259 7301 7300
f 7259 7260 7301
f 3570 3611 3612
f 3570 3612 3571
f 7260 7302 7301
f 7260 7261 7302
f 3571 3612 3613
f 3571 3613 3572
f 7261 7303 7302
f 7261 7262 7303
f 3572 3613 3614
f 3572 3614 3573
f 7262 7304 7303
f 7262 7263 7304
f 3573 3614 3615
f 3573 3615 3574
f 7263 7305 7304
f 7263 7264 7305
f 3574 3615 3616
f 3574 3616 3575
f 7264 7306 7305
f 7264 7265 7306
f 3575 3616 3617
f 3575 3617 3576
f 7265 7307 7306
f 7265 7266 7307
f 3576 3617 3618
f 3576 3618 3577
f 7266 7308 7307
f 7266 7267 7308
f 3577 3618 3619
f 3577 3619 3578
f 7267 7309 7308
f 7267 7268 7309
f 3578 3619 3620
f 3578 3620 3579
f 7268 7310 7309
f 7268 7269 7310
f 3579 3620 3621
f 3579 3621 3580
f 7269 7311 7310
f 7269 7270 7311
f 3580 3621 3622
f 3580 3622 3581
f 7270 7312 7311
f 7270 7271 7312
f 3581 3622 3623
f 3581 3623 3582
f 7271 7313 7312
f 7271 7272 7313
f 3582 3623 3624
f 3582 3624 3583
f 7272 7314 7313
f 7272 7273 7314
f 3583 3624 3625
f 3583 3625 3584
f 7273 7315 7314
f 7273 7274 7315
f 3584 3625 3626
f 3584 3626 3585
f 7274 7316 7315
f 7274 7275 7316
f 3585 3626 3627
f 3585 3627 3586
f 7275 7317 7316
f 7275 7276 7317
f 3586 3627 3628
f 3586 3628 3587
f 7276 7318 7317
f 7276 7277 7318
f 3587 3628 3629
f 3587 3629 3588
f 7277 7319 7318
f 7277 7278 7319
f 3588 3629 3630
f 3588 3630 3589
f 7278 7320 7319
f 7278 7279 7320
f 3589 3630 3631
f 3589 3631 3590
f 7279 7321 7320
f 7279 7280 7321
f 3590 3631 3632
f 3590 3632 3591
f 7280 7322 7321
f 7280 7281 7322
f 3591 3632 3633
f 3591 3633 3592
f 7281 7323 7322
f 7281 7282 7323
f 3592 3633 3634
f 3592 3634 3593
f 7282 7324 7323
f 7282 7283 7324
f 3593 3634 3635
f 3593 3635 3594
f 7283 7325 7324
f 7283 7284 7325
f 3594 3635 3636
f 3594 3636 3595
f 7284 7326 7325
f 7284 7285 7326
f 3595 3636 3637
f 3595 3637 3596
f 7285 7327 7326
f 7285 7286 7327
f 3596 3637 3638
f 3596 3638 3597
f 7286 7328 7327
f 7286 7287 7328
f 3597 3638 3639
f 3597 3639 3598
f 7287 7329 7328
f 7287 7288 7329
f 3598 3639 3640
f 3598 3640 3599
f 7288 7330 7329
f 7288 7289 7330
f 3599 3640 3641
f 3599 3641 3600
f 7289 7331 7330
f 7289 7290 7331
f 3600 3641 3642
f 3600 3642 3601
f 7290 7332 7331
f 7290 7291 7332
f 3601 3642 3643
f 3601 3643 3602
f 7291 7333 7332
f 7291 7292 7333
f 3602 3643 3644
f 3602 3644 3603
f 7292 7334 7333
f 7292 7293 7334
f 3603 3644 3645
f 3603 3645 3604
f 7293 7335 7334
f 7293 7294 7335
f 3604 3645 3646
f 3604 3646 3605
f 7294 7336 7335
f 7294 7295 7336
f 3605 3646 3647
f 3605 3647 3606
f 7295 7337 7336
f 7295 7296 7337
f 3606 3647 3648
f 3606 3648 3607
f 7296 7338 7337
f 7296 7297 7338
f 3607 3648 3649
f 3607 3649 3608
f 7297 7339 7338
f 7297 7298 7339
f 3609 3650 3651
f 3609 3651 3610
f 7299 7341 7340
f 7299 7300 7341
f 3610 3651 3652
f 3610 3652 3611
f 7300 7342 7341
f 7300 7301 7342
f 3611 3652 3653
f 3611 3653 3612
f 7301 7343 7342
f 7301 7302 7343
f 3612 3653 3654
f 3612 3654 3613
f 7302 7344 7343
f 7302 7303 7344
f 3613 3654 3655
f 3613 3655 3614
f 7303 7345 7344
f 7303 7304 7345
f 3614 3655 3656
f 3614 3656 3615
f 7304 7346 7345
f 7304 7305 7346
f 3615 3656 3657
f 3615 3657 3616
f 7305 7347 7346
f 7305 7306 7347
f 3616 3657 3658
f 3616 3658 3617
f 7306 7348 7347
f 7306 7307 7348
f 3617 3658 3659
f 3617 3659 3618
f 7307 7349 7348
f 7307 7308 7349
f 3618 3659 3660
f 3618 3660 3619
f 7308 7350 7349
f 7308 7309 7350
f 3619 3660 3661
f 3619 3661 3620
f 7309 7351 7350
f 7309 7310 7351
f 3620 3661 3662
f 3620 3662 3621
f 7310 7352 7351
f 7310 7311 7352
f 3621 3662 3663
f 3621 3663 3622
f 7311 7353 7352
f 7311 7312 7353
f 3622 3663 3664
f 3622 3664 3623
f 7312 7354 7353
f 7312 7313 7354
f 3623 3664 3665
f 3623 3665 3624
f 7313 7355 7354
f 7313 7314 7355
f 3624 3665 3666
f 3624 3666 3625
f 7314 7356 7355
f 7314 7315 7356
f 3625 3666 3667
f 3625 3667 3626
f 7315 7357 7356
f 7315 7316 7357
f 3626 3667 3668
f 3626 3668 3627
f 7316 7358 7357
f 7316 7317 7358
f 3627 3668 3669
f 3627 3669 3628
f 7317 7359 7358
f 7317 7318 7359
f 3628 3669 3670
f 3628 3670 3629
f 7318 7360 7359
f 7318 7319 7360
f 3629 3670 3671
f 3629 3671 3630
f 7319 7361 7360
f 7319 7320 7361
f 3630 3671 3672
f 3630 3672 3631
f 7320 7362 7361
f 7320 7321 7362
f 3631 3672 3673
f 3631 3673 3632
f 7321 7363 7362
f 7321 7322 7363
f 3632 3673 3674
f 3632 3674 3633
f 7322 7364 7363
f 7322 7323 7364
f 3633 3674 3675
f 3633 3675 3634
f 7323 7365 7364
f 7323 7324 7365
f 3634 3675 3676
f 3634 3676 3635
f 7324 7366 7365
f 7324 7325 7366
f 3635 3676 3677
f 3635 3677 3636
f 7325 7367 7366
f 7325 7326 7367
f 3636 3677 3678
f 3636 3678 3637
f 7326 7368 7367
f 7326 7327 7368
f 3637 3678 3679
f 3637 3679 3638
f 7327 7369 7368
f 7327 7328 7369
f 3638 3679 3680
f 3638 3680 3639
f 7328 7370 7369
f 7328 7329 7370
f 3639 3680 3681
f 3639 3681 3640
f 7329 7371 7370
f 7329 7330 7371
f 3640 3681 3682
f 3640 3682 3641
f 7330 7372 7371
f 7330 7331 7372
f 3641 3682 3683
f 3641 3683 3642
f 7331 7373 7372
f 7331 7332 7373
f 3642 3683 3684
f 3642 3684 3643
f 7332 7374 7373
f 7332 7333 7374
f 3643 3684 3685
f 3643 3685 3644
f 7333 7375 7374
f 7333 7334 7375
f 3644 3685 3686
f 3644 3686 3645
f 7334 7376 7375
f 7334 7335 7376
f 3645 3686 3687
f 3645 3687 3646
f 7335 7377 7376
f 7335 7336 7377
f 3646 3687 3688
f 3646 3688 3647
f 7336 7378 7377
f 7336 7337 7378
f 3647 3688 3689
f 3647 3689 3648
f 7337 7379 7378
f 7337 7338 7379
f 3648 3689 3690
f 3648 3690 3649
f 7338 7380 7379
f 7338 7339 7380
f 1 3691 3732
f 1 3732 42
f 42 3732 3773
f 42 3773 83
f 83 3773 3814
f 83 3814 124
f 124 3814 3855
f 124 3855 165
f 165 3855 3896
f 165 3896 206
f 206 3896 3937
f 206 3937 247
f 247 3937 3978
f 247 3978 288
f 288 3978 4019
f 288 4019 329
f 329 4019 4060
f 329 4060 370
f 370 4060 4101
f 370 4101 411
f 411 4101 4142
f 411 4142 452
f 452 4142 4183
f 452 4183 493
f 493 4183 4224
f 493 4224 534
f 534 4224 4265
f 534 4265 575
f 575 4265 4306
f 575 4306 616
f 616 4306 4347
f 616 4347 657
f 657 4347 4388
f 657 4388 698
f 698 4388 4429
f 698 4429 739
f 739 4429 4470
f 739 4470 780
f 780 4470 4511
f 780 4511 821
f 821 4511 4552
f 821 4552 862
f 862 4552 4593
f 862 4593 903
f 903 4593 4634
f 903 4634 944
f 944 4634 4675
f 944 4675 985
f 985 4675 4716
f 985 4716 1026
f 1026 4716 4757
f 1026 4757 1067
f 1067 4757 4798
f 1067 4798 1108
f 1108 4798 4839
f 1108 4839 1149
f 1149 4839 4880
f 1149 4880 1190
f 1190 4880 4921
f 1190 4921 1231
f 1231 4921 4962
f 1231 4962 1272
f 1272 4962 5003
f 1272 5003 1313
f 1313 5003 5044
f 1313 5044 1354
f 1354 5044 5085
f 1354 5085 1395
f 1395 5085 5126
f 1395 5126 1436
f 1436 5126 5167
f 1436 5167 1477
f 1477 5167 5208
f 1477 5208 1518
f 1518 5208 5249
f 1518 5249 1559
f 1559 5249 5290
f 1559 5290 1600
f 1600 5290 5331
f 1600 5331 1641
f 1641 5331 5372
f 1641 5372 1682
f 1682 5372 5413
f 1682 5413 1723
f 1723 5413 5454
f 1723 5454 1764
f 1764 5454 5495
f 1764 5495 1805
f 1805 5495 5536
f 1805 5536 1846
f 1846 5536 5577
f 1846 5577 1887
f 1887 5577 5618
f 1887 5618 1928
f 1928 5618 5659
f 1928 5659 1969
f 1969 5659 5700
f 1969 5700 2010
f 2010 5700 5741
f 2010 5741 2051
f 2051 5741 5782
f 2051 5782 2092
f 2092 5782 5823
f 2092 5823 2133
f 2133 5823 5864
f 2133 5864 2174
f 2174 5864 5905
f 2174 5905 2215
f 2215 5905 5946
f 2215 5946 2256
f 2256 5946 5987
f 2256 5987 2297
f 2297 5987 6028
f 2297 6028 2338
f 2338 6028 6069
f 2338 6069 2379
f 2379 6069 6110
f 2379 6110 2420
f 2420 6110 6151
f 2420 6151 2461
f 2461 6151 6192
f 2461 6192 2502
f 2502 6192 6233
f 2502 6233 2543
f 2543 6233 6274
f 2543 6274 2584
f 2584 6274 6315
f 2584 6315 2625
f 2625 6315 6356
f 2625 6356 2666
f 2666 6356 6397
f 2666 6397 2707
f 2707 6397 6438
f 2707 6438 2748
f 2748 6438 6479
f 2748 6479 2789
f 2789 6479 6520
f 2789 6520 2830
f 2830 6520 6561
f 2830 6561 2871
f 2871 6561 6602
f 2871 6602 2912
f 2912 6602 6643
f 2912 6643 2953
f 2953 6643 6684
f 2953 6684 2994
f 2994 6684 6725
f 2994 6725 3035
f 3035 6725 6766
f 3035 6766 3076
f 3076 6766 6807
f 3076 6807 3117
f 3117 6807 6848
f 3117 6848 3158
f 3158 6848 6889
f 3158 6889 3199
f 3199 6889 6930
f 3199 6930 3240
f 3240 6930 6971
f 3240 6971 3281
f 3281 6971 7012
f 3281 7012 3322
f 3322 7012 7053
f 3322 7053 3363
f 3363 7053 7094
f 3363 7094 3404
f 3404 7094 7135
f 3404 7135 3445
f 3445 7135 7176
f 3445 7176 3486
f 3486 7176 7217
f 3486 7217 3527
f 3527 7217 7258
f 3527 7258 3568
f 3568 7258 7299
f 3568 7299 3609
f 3609 7299 7340
f 3609 7340 3650
f 3650 7340 7340
f 3650 7340 3650
f 3650 7340 7341
f 3650 7341 3651
f 3651 7341 7342
f 3651 7342 3652
f 3652 7342 7343
f 3652 7343 3653
f 3653 7343 7344
f 3653 7344 3654
f 3654 7344 7345
f 3654 7345 3655
f 3655 7345 7346
f 3655 7346 3656
f 3656 7346 7347
f 3656 7347 3657
f 3657 7347 7348
f 3657 7348 3658
f 3658 7348 7349
f 3658 7349 3659
f 3659 7349 7350
f 3659 7350 3660
f 3660 7350 7351
f 3660 7351 3661
f 3661 7351 7352
f 3661 7352 3662
f 3662 7352 7353
f 3662 7353 3663
f 3663 7353 7354
f 3663 7354 3664
f 3664 7354 7355
f 3664 7355 3665
f 3665 7355 7356
f 3665 7356 3666
f 3666 7356 7357
f 3666 7357 3667
f 3667 7357 7358
f 3667 7358 3668
f 3668 7358 7359
f 3668 7359 3669
f 3669 7359 7360
f 3669 7360 3670
f 3670 7360 7361
f 3670 7361 3671
f 3671 7361 7362
f 3671 7362 3672
f 3672 7362 7363
f 3672 7363 3673
f 3673 7363 7364
f 3673 7364 3674
f 3674 7364 7365
f 3674 7365 3675
f 3675 7365 7366
f 3675 7366 3676
f 3676 7366 7367
f 3676 7367 3677
f 3677 7367 7368
f 3677 7368 3678
f 3678 7368 7369
f 3678 7369 3679
f 3679 7369 7370
f 3679 7370 3680
f 3680 7370 7371
f 3680 7371 3681
f 3681 7371 7372
f 3681 7372 3682
f 3682 7372 7373
f 3682 7373 3683
f 3683 7373 7374
f 3683 7374 3684
f 3684 7374 7375
f 3684 7375 3685
f 3685 7375 7376
f 3685 7376 3686
f 3686 7376 7377
f 3686 7377 3687
f 3687 7377 7378
f 3687 7378 3688
f 3688 7378 7379
f 3688 7379 3689
f 3689 7379 7380
f 3689 7380 3690
f 3690 7380 7380
f 3690 7380 3690
f 3690 7380 7339
f 3690 7339 3649
f 3649 7339 7298
f 3649 7298 3608
f 3608 7298 7257
f 3608 7257 3567
f 3567 7257 7216
f 3567 7216 3526
f 3526 7216 7175
f 3526 7175 3485
f 3485 7175 7134
f 3485 7134 3444
f 3444 7134 7093
f 3444 7093 3403
f 3403 7093 7052
f 3403 7052 3362
f 3362 7052 7011
f 3362 7011 3321
f 3321 7011 6970
f 3321 6970 3280
f 3280 6970 6929
f 3280 6929 3239
f 3239 6929 6888
f 3239 6888 3198
f 3198 6888 6847
f 3198 6847 3157
f 3157 6847 6806
f 3157 6806 3116
f 3116 6806 6765
f 3116 6765 3075
f 3075 6765 6724
f 3075 6724 3034
f 3034 6724 6683
f 3034 6683 2993
f 2993 6683 6642
f 2993 6642 2952
f 2952 6642 6601
f 2952 6601 2911
f 2911 6601 6560
f 2911 6560 2870
f 2870 6560 6519
f 2870 6519 2829
f 2829 6519 6478
f 2829 6478 2788
f 2788 6478 6437
f 2788 6437 2747
f 2747 6437 6396
f 2747 6396 2706
f 2706 6396 6355
f 2706 6355 2665
f 2665 6355 6314
f 2665 6314 2624
f 2624 6314 6273
f 2624 6273 2583
f 2583 6273 6232
f 2583 6232 2542
f 2542 6232 6191
f 2542 6191 2501
f 2501 6191 6150
f 2501 6150 2460
f 2460 6150 6109
f 2460 6109 2419
f 2419 6109 6068
f 2419 6068 2378
f 2378 6068 6027
f 2378 6027 2337
f 2337 6027 5986
f 2337 5986 2296
f 2296 5986 5945
f 2296 5945 2255
f 2255 5945 5904
f 2255 5904 2214
f 2214 5904 5863
f 2214 5863 2173
f 2173 5863 5822
f 2173 5822 2132
f 2132 5822 5781
f 2132 5781 2091
f 2091 5781 5740
f 2091 5740 2050
f 2050 5740 5699
f 2050 5699 2009
f 2009 5699 5658
f 2009 5658 1968
f 1968 5658 5617
f 1968 5617 1927
f 1927 5617 5576
f 1927 5576 1886
f 1886 5576 5535
f 1886 5535 1845
f 1845 5535 5494
f 1845 5494 1804
f 1804 5494 5453
f 1804 5453 1763
f 1763 5453 5412
f 1763 5412 1722
f 1722 5412 5371
f 1722 5371 1681
f 1681 5371 5330
f 1681 5330 1640
f 1640 5330 5289
f 1640 5289 1599
f 1599 5289 5248
f 1599 5248 1558
f 1558 5248 5207
f 1558 5207 1517
f 1517 5207 5166
f 1517 5166 1476
f 1476 5166 5125
f 1476 5125 1435
f 1435 5125 5084
f 1435 5084 1394
f 1394 5084 5043
f 1394 5043 1353
f 1353 5043 5002
f 1353 5002 1312
f 1312 5002 4961
f 1312 4961 1271
f 1271 4961 4920
f 1271 4920 1230
f 1230 4920 4879
f 1230 4879 1189
f 1189 4879 4838
f 1189 4838 1148
f 1148 4838 4797
f 1148 4797 1107
f 1107 4797 4756
f 1107 4756 1066
f 1066 4756 4715
f 1066 4715 1025
f 1025 4715 4674
f 1025 4674 984
f 984 4674 4633
f 984 4633 943
f 943 4633 4592
f 943 4592 902
f 902 4592 4551
f 902 4551 861
f 861 4551 4510
f 861 4510 820
f 820 4510 4469
f 820 4469 779
f 779 4469 4428
f 779 4428 738
f 738 4428 4387
f 738 4387 697
f 697 4387 4346
f 697 4346 656
f 656 4346 4305
f 656 4305 615
f 615 4305 4264
f 615 4264 574
f 574 4264 4223
f 574 4223 533
f 533 4223 4182
f 533 4182 492
f 492 4182 4141
f 492 4141 451
f 451 4141 4100
f 451 4100 410
f 410 4100 4059
f 410 4059 369
f 369 4059 4018
f 369 4018 328
f 328 4018 3977
f 328 3977 287
f 287 3977 3936
f 287 3936 246
f 246 3936 3895
f 246 3895 205
f 205 3895 3854
f 205 3854 164
f 164 3854 3813
f 164 3813 123
f 123 3813 3772
f 123 3772 82
f 82 3772 3731
f 82 3731 41
f 41 3731 3731
f 41 3731 41
f 41 3731 3730
f 41 3730 40
f 40 3730 3729
f 40 3729 39
f 39 3729 3728
f 39 3728 38
f 38 3728 3727
f 38 3727 37
f 37 3727 3726
f 37 3726 36
f 36 3726 3725
f 36 3725 35
f 35 3725 3724
f 35 3724 34
f 34 3724 3723
f 34 3723 33
f 33 3723 3722
f 33 3722 32
f 32 3722 3721
f 32 3721 31
f 31 3721 3720
f 31 3720 30
f 30 3720 3719
f 30 3719 29
f 29 3719 3718
f 29 3718 28
f 28 3718 3717
f 28 3717 27
f 27 3717 3716
f 27 3716 26
f 26 3716 3715
f 26 3715 25
f 25 3715 3714
f 25 3714 24
f 24 3714 3713
f 24 3713 23
f 23 3713 3712
f 23 3712 22
f 22 3712 3711
f 22 3711 21
f 21 3711 3710
f 21 3710 20
f 20 3710 3709
f 20 3709 19
f 19 3709 3708
f 19 3708 18
f 18 3708 3707
f 18 3707 17
f 17 3707 3706
f 17 3706 16
f 16 3706 3705
f 16 3705 15
f 15 3705 3704
f 15 3704 14
f 14 3704 3703
f 14 3703 13
f 13 3703 3702
f 13 3702 12
f 12 3702 3701
f 12 3701 11
f 11 3701 3700
f 11 3700 10
f 10 3700 3699
f 10 3699 9
f 9 3699 3698
f 9 3698 8
f 8 3698 3697
f 8 3697 7
f 7 3697 3696
f 7 3696 6
f 6 3696 3695
f 6 3695 5
f 5 3695 3694
f 5 3694 4
f 4 3694 3693
f 4 3693 3
f 3 3693 3692
f 3 3692 2
f 2 3692 3691
f 2 3691 1
