v 0.9050 -1.6893 -2.6830
v 0.9051 -1.6891 -2.6831
v 0.9052 -1.6890 -2.6833
v 0.9053 -1.6888 -2.6834
v 0.9054 -1.6886 -2.6836
v 0.9055 -1.6885 -2.6837
v 0.9056 -1.6883 -2.6839
v 0.9058 -1.6881 -2.6840
v 0.9059 -1.6879 -2.6842
v 0.9060 -1.6878 -2.6843
v 0.9061 -1.6876 -2.6845
v 0.9062 -1.6874 -2.6846
v 0.9063 -1.6872 -2.6848
v 0.9064 -1.6871 -2.6849
v 0.9065 -1.6869 -2.6851
v 0.9066 -1.6867 -2.6852
v 0.9068 -1.6865 -2.6853
v 0.9069 -1.6864 -2.6855
v 0.9070 -1.6862 -2.6856
v 0.9071 -1.6860 -2.6858
v 0.9072 -1.6858 -2.6859
v 0.9073 -1.6857 -2.6861
v 0.9074 -1.6855 -2.6862
v 0.9075 -1.6853 -2.6864
v 0.9076 -1.6851 -2.6865
v 0.9078 -1.6850 -2.6867
v 0.9079 -1.6848 -2.6868
v 0.9080 -1.6846 -2.6870
v 0.9081 -1.6844 -2.6871
v 0.9082 -1.6843 -2.6872
v 0.9083 -1.6841 -2.6874
v 0.9086 -1.6836 -2.6878
v 0.9089 -1.6832 -2.6882
v 0.9092 -1.6827 -2.6885
v 0.9095 -1.6823 -2.6889
v 0.9098 -1.6818 -2.6893
v 0.9101 -1.6813 -2.6897
v 0.9104 -1.6809 -2.6901
v 0.9106 -1.6804 -2.6905
v 0.9109 -1.6800 -2.6909
v 0.9112 -1.6795 -2.6912
v 0.9115 -1.6790 -2.6916
v 0.9118 -1.6786 -2.6920
v 0.9121 -1.6781 -2.6924
v 0.9124 -1.6777 -2.6928
v 0.9127 -1.6772 -2.6932
v 0.9130 -1.6767 -2.6936
v 0.9133 -1.6763 -2.6939
v 0.9136 -1.6758 -2.6943
v 0.9139 -1.6754 -2.6947
v 0.9142 -1.6749 -2.6951
v 0.9144 -1.6745 -2.6955
v 0.9147 -1.6740 -2.6959
v 0.9150 -1.6735 -2.6963
v 0.9153 -1.6731 -2.6966
v 0.9156 -1.6726 -2.6970
v 0.9159 -1.6722 -2.6974
v 0.9162 -1.6717 -2.6978
v 0.9165 -1.6712 -2.6982
v 0.9168 -1.6708 -2.6986
v 0.9171 -1.6703 -2.6989
v 0.8404 -1.7454 -2.5438
v 0.8426 -1.7419 -2.5468
v 0.8449 -1.7383 -2.5498
v 0.8472 -1.7348 -2.5527
v 0.8494 -1.7312 -2.5557
v 0.8517 -1.7276 -2.5587
v 0.8540 -1.7241 -2.5617
v 0.8562 -1.7205 -2.5647
v 0.8585 -1.7170 -2.5677
v 0.8608 -1.7134 -2.5707
v 0.8630 -1.7098 -2.5736
v 0.8653 -1.7063 -2.5766
v 0.8676 -1.7027 -2.5796
v 0.8698 -1.6992 -2.5826
v 0.8721 -1.6956 -2.5856
v 0.8744 -1.6920 -2.5886
v 0.8766 -1.6885 -2.5916
v 0.8789 -1.6849 -2.5946
v 0.8812 -1.6814 -2.5975
v 0.8834 -1.6778 -2.6005
v 0.8857 -1.6742 -2.6035
v 0.8880 -1.6707 -2.6065
v 0.8902 -1.6671 -2.6095
v 0.8925 -1.6636 -2.6125
v 0.8948 -1.6600 -2.6155
v 0.8970 -1.6564 -2.6185
v 0.8993 -1.6529 -2.6214
v 0.9016 -1.6493 -2.6244
v 0.9038 -1.6458 -2.6274
v 0.9061 -1.6422 -2.6304
v 0.9084 -1.6386 -2.6334
v 0.9143 -1.6293 -2.6413
v 0.9203 -1.6199 -2.6491
v 0.9263 -1.6105 -2.6570
v 0.9322 -1.6012 -2.6648
v 0.9382 -1.5918 -2.6727
v 0.9442 -1.5824 -2.6806
v 0.9501 -1.5731 -2.6884
v 0.9561 -1.5637 -2.6963
v 0.9620 -1.5543 -2.7041
v 0.9680 -1.5450 -2.7120
v 0.9740 -1.5356 -2.7199
v 0.9799 -1.5262 -2.7277
v 0.9859 -1.5168 -2.7356
v 0.9919 -1.5075 -2.7434
v 0.9978 -1.4981 -2.7513
v 1.0038 -1.4887 -2.7592
v 1.0098 -1.4794 -2.7670
v 1.0157 -1.4700 -2.7749
v 1.0217 -1.4606 -2.7827
v 1.0277 -1.4513 -2.7906
v 1.0336 -1.4419 -2.7985
v 1.0396 -1.4325 -2.8063
v 1.0455 -1.4232 -2.8142
v 1.0515 -1.4138 -2.8220
v 1.0575 -1.4044 -2.8299
v 1.0634 -1.3951 -2.8378
v 1.0694 -1.3857 -2.8456
v 1.0754 -1.3763 -2.8535
v 1.0813 -1.3670 -2.8614
v 1.0873 -1.3576 -2.8692
v 0.8125 -1.7438 -2.4530
v 0.8157 -1.7387 -2.4572
v 0.8189 -1.7337 -2.4615
v 0.8221 -1.7287 -2.4657
v 0.8253 -1.7237 -2.4699
v 0.8285 -1.7186 -2.4741
v 0.8317 -1.7136 -2.4783
v 0.8349 -1.7086 -2.4825
v 0.8381 -1.7036 -2.4868
v 0.8413 -1.6985 -2.4910
v 0.8445 -1.6935 -2.4952
v 0.8477 -1.6885 -2.4994
v 0.8509 -1.6835 -2.5036
v 0.8541 -1.6784 -2.5078
v 0.8573 -1.6734 -2.5121
v 0.8605 -1.6684 -2.5163
v 0.8637 -1.6634 -2.5205
v 0.8669 -1.6583 -2.5247
v 0.8701 -1.6533 -2.5289
v 0.8733 -1.6483 -2.5331
v 0.8765 -1.6433 -2.5374
v 0.8797 -1.6382 -2.5416
v 0.8829 -1.6332 -2.5458
v 0.8861 -1.6282 -2.5500
v 0.8893 -1.6232 -2.5542
v 0.8925 -1.6181 -2.5584
v 0.8957 -1.6131 -2.5627
v 0.8989 -1.6081 -2.5669
v 0.9021 -1.6031 -2.5711
v 0.9053 -1.5980 -2.5753
v 0.9085 -1.5930 -2.5795
v 0.9169 -1.5798 -2.5906
v 0.9254 -1.5666 -2.6017
v 0.9338 -1.5533 -2.6128
v 0.9422 -1.5401 -2.6239
v 0.9506 -1.5269 -2.6350
v 0.9590 -1.5137 -2.6461
v 0.9675 -1.5004 -2.6572
v 0.9759 -1.4872 -2.6683
v 0.9843 -1.4740 -2.6794
v 0.9927 -1.4608 -2.6905
v 1.0011 -1.4476 -2.7016
v 1.0096 -1.4343 -2.7127
v 1.0180 -1.4211 -2.7238
v 1.0264 -1.4079 -2.7349
v 1.0348 -1.3947 -2.7460
v 1.0432 -1.3814 -2.7571
v 1.0516 -1.3682 -2.7682
v 1.0601 -1.3550 -2.7792
v 1.0685 -1.3418 -2.7903
v 1.0769 -1.3285 -2.8014
v 1.0853 -1.3153 -2.8125
v 1.0937 -1.3021 -2.8236
v 1.1022 -1.2889 -2.8347
v 1.1106 -1.2756 -2.8458
v 1.1190 -1.2624 -2.8569
v 1.1274 -1.2492 -2.8680
v 1.1358 -1.2360 -2.8791
v 1.1443 -1.2228 -2.8902
v 1.1527 -1.2095 -2.9013
v 1.1611 -1.1963 -2.9124
v 0.7902 -1.7335 -2.3695
v 0.7942 -1.7273 -2.3747
v 0.7981 -1.7211 -2.3799
v 0.8021 -1.7148 -2.3851
v 0.8060 -1.7086 -2.3904
v 0.8100 -1.7024 -2.3956
v 0.8139 -1.6962 -2.4008
v 0.8179 -1.6900 -2.4060
v 0.8218 -1.6838 -2.4112
v 0.8258 -1.6776 -2.4164
v 0.8297 -1.6714 -2.4216
v 0.8337 -1.6652 -2.4268
v 0.8376 -1.6590 -2.4320
v 0.8416 -1.6528 -2.4372
v 0.8455 -1.6466 -2.4424
v 0.8495 -1.6404 -2.4477
v 0.8534 -1.6341 -2.4529
v 0.8574 -1.6279 -2.4581
v 0.8613 -1.6217 -2.4633
v 0.8653 -1.6155 -2.4685
v 0.8693 -1.6093 -2.4737
v 0.8732 -1.6031 -2.4789
v 0.8772 -1.5969 -2.4841
v 0.8811 -1.5907 -2.4893
v 0.8851 -1.5845 -2.4945
v 0.8890 -1.5783 -2.4998
v 0.8930 -1.5721 -2.5050
v 0.8969 -1.5659 -2.5102
v 0.9009 -1.5596 -2.5154
v 0.9048 -1.5534 -2.5206
v 0.9088 -1.5472 -2.5258
v 0.9192 -1.5309 -2.5395
v 0.9296 -1.5146 -2.5532
v 0.9400 -1.4982 -2.5669
v 0.9504 -1.4819 -2.5806
v 0.9608 -1.4655 -2.5943
v 0.9712 -1.4492 -2.6081
v 0.9816 -1.4329 -2.6218
v 0.9920 -1.4165 -2.6355
v 1.0024 -1.4002 -2.6492
v 1.0128 -1.3839 -2.6629
v 1.0232 -1.3675 -2.6766
v 1.0336 -1.3512 -2.6903
v 1.0440 -1.3348 -2.7040
v 1.0544 -1.3185 -2.7177
v 1.0648 -1.3022 -2.7314
v 1.0752 -1.2858 -2.7451
v 1.0856 -1.2695 -2.7588
v 1.0960 -1.2532 -2.7726
v 1.1064 -1.2368 -2.7863
v 1.1168 -1.2205 -2.8000
v 1.1272 -1.2041 -2.8137
v 1.1376 -1.1878 -2.8274
v 1.1480 -1.1715 -2.8411
v 1.1584 -1.1551 -2.8548
v 1.1688 -1.1388 -2.8685
v 1.1792 -1.1225 -2.8822
v 1.1896 -1.1061 -2.8959
v 1.2000 -1.0898 -2.9096
v 1.2104 -1.0734 -2.9234
v 1.2208 -1.0571 -2.9371
v 0.7705 -1.7191 -2.2894
v 0.7751 -1.7118 -2.2955
v 0.7797 -1.7046 -2.3016
v 0.7843 -1.6973 -2.3077
v 0.7890 -1.6900 -2.3138
v 0.7936 -1.6828 -2.3199
v 0.7982 -1.6755 -2.3260
v 0.8028 -1.6683 -2.3321
v 0.8075 -1.6610 -2.3382
v 0.8121 -1.6537 -2.3443
v 0.8167 -1.6465 -2.3504
v 0.8213 -1.6392 -2.3565
v 0.8259 -1.6320 -2.3626
v 0.8306 -1.6247 -2.3686
v 0.8352 -1.6174 -2.3747
v 0.8398 -1.6102 -2.3808
v 0.8444 -1.6029 -2.3869
v 0.8491 -1.5957 -2.3930
v 0.8537 -1.5884 -2.3991
v 0.8583 -1.5811 -2.4052
v 0.8629 -1.5739 -2.4113
v 0.8675 -1.5666 -2.4174
v 0.8722 -1.5594 -2.4235
v 0.8768 -1.5521 -2.4296
v 0.8814 -1.5448 -2.4357
v 0.8860 -1.5376 -2.4417
v 0.8907 -1.5303 -2.4478
v 0.8953 -1.5231 -2.4539
v 0.8999 -1.5158 -2.4600
v 0.9045 -1.5085 -2.4661
v 0.9091 -1.5013 -2.4722
v 0.9213 -1.4822 -2.4882
v 0.9335 -1.4631 -2.5043
v 0.9456 -1.4440 -2.5203
v 0.9578 -1.4248 -2.5363
v 0.9700 -1.4057 -2.5524
v 0.9821 -1.3866 -2.5684
v 0.9943 -1.3675 -2.5844
v 1.0065 -1.3484 -2.6005
v 1.0186 -1.3293 -2.6165
v 1.0308 -1.3102 -2.6325
v 1.0430 -1.2911 -2.6486
v 1.0551 -1.2720 -2.6646
v 1.0673 -1.2529 -2.6806
v 1.0795 -1.2338 -2.6967
v 1.0916 -1.2147 -2.7127
v 1.1038 -1.1956 -2.7287
v 1.1159 -1.1765 -2.7448
v 1.1281 -1.1574 -2.7608
v 1.1403 -1.1383 -2.7768
v 1.1524 -1.1191 -2.7929
v 1.1646 -1.1000 -2.8089
v 1.1768 -1.0809 -2.8249
v 1.1889 -1.0618 -2.8409
v 1.2011 -1.0427 -2.8570
v 1.2133 -1.0236 -2.8730
v 1.2254 -1.0045 -2.8890
v 1.2376 -0.9854 -2.9051
v 1.2498 -0.9663 -2.9211
v 1.2619 -0.9472 -2.9371
v 1.2741 -0.9281 -2.9532
v 0.7523 -1.7022 -2.2114
v 0.7575 -1.6940 -2.2183
v 0.7628 -1.6858 -2.2253
v 0.7680 -1.6775 -2.2322
v 0.7733 -1.6693 -2.2391
v 0.7785 -1.6611 -2.2460
v 0.7838 -1.6528 -2.2529
v 0.7890 -1.6446 -2.2598
v 0.7943 -1.6364 -2.2667
v 0.7995 -1.6281 -2.2736
v 0.8047 -1.6199 -2.2805
v 0.8100 -1.6116 -2.2875
v 0.8152 -1.6034 -2.2944
v 0.8205 -1.5952 -2.3013
v 0.8257 -1.5869 -2.3082
v 0.8310 -1.5787 -2.3151
v 0.8362 -1.5705 -2.3220
v 0.8414 -1.5622 -2.3289
v 0.8467 -1.5540 -2.3358
v 0.8519 -1.5458 -2.3427
v 0.8572 -1.5375 -2.3497
v 0.8624 -1.5293 -2.3566
v 0.8677 -1.5210 -2.3635
v 0.8729 -1.5128 -2.3704
v 0.8782 -1.5046 -2.3773
v 0.8834 -1.4963 -2.3842
v 0.8886 -1.4881 -2.3911
v 0.8939 -1.4799 -2.3980
v 0.8991 -1.4716 -2.4049
v 0.9044 -1.4634 -2.4119
v 0.9096 -1.4552 -2.4188
v 0.9234 -1.4335 -2.4370
v 0.9372 -1.4118 -2.4551
v 0.9510 -1.3901 -2.4733
v 0.9648 -1.3685 -2.4915
v 0.9786 -1.3468 -2.5097
v 0.9924 -1.3251 -2.5279
v 1.0062 -1.3034 -2.5461
v 1.0200 -1.2818 -2.5643
v 1.0338 -1.2601 -2.5824
v 1.0476 -1.2384 -2.6006
v 1.0614 -1.2167 -2.6188
v 1.0752 -1.1951 -2.6370
v 1.0890 -1.1734 -2.6552
v 1.1028 -1.1517 -2.6734
v 1.1166 -1.1300 -2.6916
v 1.1304 -1.1084 -2.7098
v 1.1442 -1.0867 -2.7279
v 1.1580 -1.0650 -2.7461
v 1.1718 -1.0433 -2.7643
v 1.1856 -1.0217 -2.7825
v 1.1994 -1.0000 -2.8007
v 1.2132 -0.9783 -2.8189
v 1.2270 -0.9566 -2.8371
v 1.2408 -0.9350 -2.8553
v 1.2546 -0.9133 -2.8734
v 1.2684 -0.8916 -2.8916
v 1.2822 -0.8699 -2.9098
v 1.2960 -0.8483 -2.9280
v 1.3098 -0.8266 -2.9462
v 1.3236 -0.8049 -2.9644
v 0.7352 -1.6837 -2.1348
v 0.7410 -1.6746 -2.1425
v 0.7469 -1.6654 -2.1502
v 0.7527 -1.6562 -2.1579
v 0.7585 -1.6471 -2.1656
v 0.7644 -1.6379 -2.1733
v 0.7702 -1.6287 -2.1810
v 0.7760 -1.6196 -2.1886
v 0.7819 -1.6104 -2.1963
v 0.7877 -1.6013 -2.2040
v 0.7935 -1.5921 -2.2117
v 0.7994 -1.5829 -2.2194
v 0.8052 -1.5738 -2.2271
v 0.8110 -1.5646 -2.2348
v 0.8169 -1.5555 -2.2425
v 0.8227 -1.5463 -2.2501
v 0.8285 -1.5371 -2.2578
v 0.8344 -1.5280 -2.2655
v 0.8402 -1.5188 -2.2732
v 0.8460 -1.5096 -2.2809
v 0.8519 -1.5005 -2.2886
v 0.8577 -1.4913 -2.2963
v 0.8635 -1.4822 -2.3040
v 0.8694 -1.4730 -2.3116
v 0.8752 -1.4638 -2.3193
v 0.8810 -1.4547 -2.3270
v 0.8869 -1.4455 -2.3347
v 0.8927 -1.4364 -2.3424
v 0.8985 -1.4272 -2.3501
v 0.9044 -1.4180 -2.3578
v 0.9102 -1.4089 -2.3655
v 0.9255 -1.3848 -2.3857
v 0.9409 -1.3607 -2.4059
v 0.9562 -1.3365 -2.4261
v 0.9716 -1.3124 -2.4464
v 0.9869 -1.2883 -2.4666
v 1.0023 -1.2642 -2.4868
v 1.0176 -1.2401 -2.5071
v 1.0330 -1.2160 -2.5273
v 1.0483 -1.1919 -2.5475
v 1.0637 -1.1678 -2.5678
v 1.0790 -1.1437 -2.5880
v 1.0944 -1.1196 -2.6082
v 1.1097 -1.0955 -2.6284
v 1.1251 -1.0713 -2.6487
v 1.1404 -1.0472 -2.6689
v 1.1558 -1.0231 -2.6891
v 1.1711 -0.9990 -2.7094
v 1.1865 -0.9749 -2.7296
v 1.2018 -0.9508 -2.7498
v 1.2172 -0.9267 -2.7701
v 1.2325 -0.9026 -2.7903
v 1.2479 -0.8785 -2.8105
v 1.2632 -0.8544 -2.8307
v 1.2786 -0.8303 -2.8510
v 1.2940 -0.8061 -2.8712
v 1.3093 -0.7820 -2.8914
v 1.3247 -0.7579 -2.9117
v 1.3400 -0.7338 -2.9319
v 1.3554 -0.7097 -2.9521
v 1.3707 -0.6856 -2.9723
v 0.7189 -1.6639 -2.0593
v 0.7253 -1.6538 -2.0678
v 0.7317 -1.6438 -2.0762
v 0.7381 -1.6337 -2.0846
v 0.7445 -1.6237 -2.0931
v 0.7509 -1.6136 -2.1015
v 0.7573 -1.6036 -2.1099
v 0.7637 -1.5935 -2.1184
v 0.7701 -1.5835 -2.1268
v 0.7765 -1.5734 -2.1352
v 0.7829 -1.5634 -2.1436
v 0.7893 -1.5533 -2.1521
v 0.7957 -1.5433 -2.1605
v 0.8021 -1.5332 -2.1689
v 0.8085 -1.5232 -2.1774
v 0.8149 -1.5131 -2.1858
v 0.8213 -1.5031 -2.1942
v 0.8277 -1.4930 -2.2027
v 0.8341 -1.4830 -2.2111
v 0.8405 -1.4730 -2.2195
v 0.8469 -1.4629 -2.2280
v 0.8533 -1.4529 -2.2364
v 0.8597 -1.4428 -2.2448
v 0.8661 -1.4328 -2.2533
v 0.8725 -1.4227 -2.2617
v 0.8789 -1.4127 -2.2701
v 0.8853 -1.4026 -2.2786
v 0.8917 -1.3926 -2.2870
v 0.8981 -1.3825 -2.2954
v 0.9045 -1.3725 -2.3039
v 0.9109 -1.3624 -2.3123
v 0.9277 -1.3360 -2.3345
v 0.9445 -1.3095 -2.3567
v 0.9614 -1.2831 -2.3789
v 0.9782 -1.2566 -2.4010
v 0.9950 -1.2302 -2.4232
v 1.0119 -1.2038 -2.4454
v 1.0287 -1.1773 -2.4676
v 1.0455 -1.1509 -2.4898
v 1.0624 -1.1244 -2.5120
v 1.0792 -1.0980 -2.5342
v 1.0961 -1.0715 -2.5564
v 1.1129 -1.0451 -2.5786
v 1.1297 -1.0186 -2.6007
v 1.1466 -0.9922 -2.6229
v 1.1634 -0.9658 -2.6451
v 1.1802 -0.9393 -2.6673
v 1.1971 -0.9129 -2.6895
v 1.2139 -0.8864 -2.7117
v 1.2308 -0.8600 -2.7339
v 1.2476 -0.8335 -2.7561
v 1.2644 -0.8071 -2.7783
v 1.2813 -0.7807 -2.8004
v 1.2981 -0.7542 -2.8226
v 1.3150 -0.7278 -2.8448
v 1.3318 -0.7013 -2.8670
v 1.3486 -0.6749 -2.8892
v 1.3655 -0.6484 -2.9114
v 1.3823 -0.6220 -2.9336
v 1.3991 -0.5956 -2.9558
v 1.4160 -0.5691 -2.9779
v 0.7034 -1.6429 -1.9848
v 0.7103 -1.6320 -1.9939
v 0.7173 -1.6211 -2.0031
v 0.7242 -1.6102 -2.0122
v 0.7311 -1.5993 -2.0214
v 0.7381 -1.5884 -2.0305
v 0.7450 -1.5775 -2.0397
v 0.7520 -1.5666 -2.0488
v 0.7589 -1.5557 -2.0580
v 0.7658 -1.5448 -2.0671
v 0.7728 -1.5339 -2.0763
v 0.7797 -1.5230 -2.0854
v 0.7867 -1.5121 -2.0946
v 0.7936 -1.5012 -2.1037
v 0.8005 -1.4903 -2.1129
v 0.8075 -1.4794 -2.1220
v 0.8144 -1.4685 -2.1312
v 0.8214 -1.4576 -2.1403
v 0.8283 -1.4466 -2.1495
v 0.8353 -1.4357 -2.1586
v 0.8422 -1.4248 -2.1678
v 0.8491 -1.4139 -2.1769
v 0.8561 -1.4030 -2.1861
v 0.8630 -1.3921 -2.1952
v 0.8700 -1.3812 -2.2044
v 0.8769 -1.3703 -2.2135
v 0.8838 -1.3594 -2.2227
v 0.8908 -1.3485 -2.2318
v 0.8977 -1.3376 -2.2410
v 0.9047 -1.3267 -2.2501
v 0.9116 -1.3158 -2.2593
v 0.9299 -1.2871 -2.2833
v 0.9481 -1.2584 -2.3074
v 0.9664 -1.2297 -2.3315
v 0.9847 -1.2010 -2.3556
v 1.0030 -1.1723 -2.3797
v 1.0212 -1.1436 -2.4037
v 1.0395 -1.1149 -2.4278
v 1.0578 -1.0862 -2.4519
v 1.0760 -1.0575 -2.4760
v 1.0943 -1.0288 -2.5000
v 1.1126 -1.0001 -2.5241
v 1.1309 -0.9714 -2.5482
v 1.1491 -0.9428 -2.5723
v 1.1674 -0.9141 -2.5964
v 1.1857 -0.8854 -2.6204
v 1.2040 -0.8567 -2.6445
v 1.2222 -0.8280 -2.6686
v 1.2405 -0.7993 -2.6927
v 1.2588 -0.7706 -2.7167
v 1.2771 -0.7419 -2.7408
v 1.2953 -0.7132 -2.7649
v 1.3136 -0.6845 -2.7890
v 1.3319 -0.6558 -2.8131
v 1.3501 -0.6271 -2.8371
v 1.3684 -0.5984 -2.8612
v 1.3867 -0.5697 -2.8853
v 1.4050 -0.5410 -2.9094
v 1.4232 -0.5123 -2.9334
v 1.4415 -0.4836 -2.9575
v 1.4598 -0.4549 -2.9816
v 0.6885 -1.6210 -1.9111
v 0.6959 -1.6092 -1.9209
v 0.7034 -1.5975 -1.9307
v 0.7109 -1.5858 -1.9406
v 0.7183 -1.5740 -1.9504
v 0.7258 -1.5623 -1.9603
v 0.7333 -1.5506 -1.9701
v 0.7407 -1.5388 -1.9800
v 0.7482 -1.5271 -1.9898
v 0.7556 -1.5154 -1.9997
v 0.7631 -1.5036 -2.0095
v 0.7706 -1.4919 -2.0193
v 0.7780 -1.4802 -2.0292
v 0.7855 -1.4684 -2.0390
v 0.7930 -1.4567 -2.0489
v 0.8004 -1.4450 -2.0587
v 0.8079 -1.4332 -2.0686
v 0.8154 -1.4215 -2.0784
v 0.8228 -1.4098 -2.0883
v 0.8303 -1.3980 -2.0981
v 0.8378 -1.3863 -2.1079
v 0.8452 -1.3746 -2.1178
v 0.8527 -1.3628 -2.1276
v 0.8602 -1.3511 -2.1375
v 0.8676 -1.3394 -2.1473
v 0.8751 -1.3276 -2.1572
v 0.8826 -1.3159 -2.1670
v 0.8900 -1.3042 -2.1769
v 0.8975 -1.2925 -2.1867
v 0.9050 -1.2807 -2.1965
v 0.9124 -1.2690 -2.2064
v 0.9321 -1.2381 -2.2323
v 0.9518 -1.2072 -2.2582
v 0.9714 -1.1764 -2.2841
v 0.9911 -1.1455 -2.3100
v 1.0107 -1.1146 -2.3359
v 1.0304 -1.0838 -2.3618
v 1.0500 -1.0529 -2.3877
v 1.0697 -1.0220 -2.4136
v 1.0894 -0.9912 -2.4395
v 1.1090 -0.9603 -2.4654
v 1.1287 -0.9294 -2.4913
v 1.1483 -0.8985 -2.5172
v 1.1680 -0.8677 -2.5431
v 1.1877 -0.8368 -2.5690
v 1.2073 -0.8059 -2.5949
v 1.2270 -0.7751 -2.6208
v 1.2467 -0.7442 -2.6467
v 1.2663 -0.7133 -2.6726
v 1.2860 -0.6825 -2.6985
v 1.3056 -0.6516 -2.7244
v 1.3253 -0.6207 -2.7503
v 1.3450 -0.5899 -2.7762
v 1.3646 -0.5590 -2.8022
v 1.3843 -0.5281 -2.8281
v 1.4039 -0.4972 -2.8540
v 1.4236 -0.4664 -2.8799
v 1.4433 -0.4355 -2.9058
v 1.4629 -0.4046 -2.9317
v 1.4826 -0.3738 -2.9576
v 1.5022 -0.3429 -2.9835
v 0.6742 -1.5980 -1.8382
v 0.6821 -1.5854 -1.8487
v 0.6901 -1.5729 -1.8592
v 0.6981 -1.5604 -1.8698
v 0.7061 -1.5478 -1.8803
v 0.7140 -1.5353 -1.8908
v 0.7220 -1.5228 -1.9013
v 0.7300 -1.5102 -1.9118
v 0.7380 -1.4977 -1.9223
v 0.7459 -1.4852 -1.9328
v 0.7539 -1.4726 -1.9434
v 0.7619 -1.4601 -1.9539
v 0.7698 -1.4476 -1.9644
v 0.7778 -1.4350 -1.9749
v 0.7858 -1.4225 -1.9854
v 0.7938 -1.4100 -1.9959
v 0.8017 -1.3974 -2.0065
v 0.8097 -1.3849 -2.0170
v 0.8177 -1.3724 -2.0275
v 0.8256 -1.3599 -2.0380
v 0.8336 -1.3473 -2.0485
v 0.8416 -1.3348 -2.0590
v 0.8496 -1.3223 -2.0695
v 0.8575 -1.3097 -2.0801
v 0.8655 -1.2972 -2.0906
v 0.8735 -1.2847 -2.1011
v 0.8815 -1.2721 -2.1116
v 0.8894 -1.2596 -2.1221
v 0.8974 -1.2471 -2.1326
v 0.9054 -1.2345 -2.1431
v 0.9134 -1.2220 -2.1537
v 0.9343 -1.1890 -2.1813
v 0.9553 -1.1561 -2.2090
v 0.9763 -1.1231 -2.2367
v 0.9973 -1.0901 -2.2643
v 1.0183 -1.0571 -2.2920
v 1.0393 -1.0242 -2.3197
v 1.0603 -0.9912 -2.3473
v 1.0813 -0.9582 -2.3750
v 1.1023 -0.9253 -2.4027
v 1.1233 -0.8923 -2.4303
v 1.1443 -0.8593 -2.4580
v 1.1653 -0.8264 -2.4856
v 1.1864 -0.7934 -2.5133
v 1.2074 -0.7604 -2.5410
v 1.2284 -0.7275 -2.5686
v 1.2494 -0.6945 -2.5963
v 1.2704 -0.6615 -2.6240
v 1.2914 -0.6286 -2.6516
v 1.3124 -0.5956 -2.6793
v 1.3334 -0.5626 -2.7070
v 1.3544 -0.5297 -2.7346
v 1.3754 -0.4967 -2.7623
v 1.3964 -0.4637 -2.7900
v 1.4174 -0.4307 -2.8176
v 1.4384 -0.3978 -2.8453
v 1.4594 -0.3648 -2.8729
v 1.4804 -0.3318 -2.9006
v 1.5014 -0.2989 -2.9283
v 1.5224 -0.2659 -2.9559
v 1.5434 -0.2329 -2.9836
v 0.6605 -1.5739 -1.7662
v 0.6690 -1.5606 -1.7774
v 0.6775 -1.5473 -1.7886
v 0.6859 -1.5340 -1.7997
v 0.6944 -1.5207 -1.8109
v 0.7028 -1.5074 -1.8221
v 0.7113 -1.4941 -1.8332
v 0.7198 -1.4808 -1.8444
v 0.7282 -1.4675 -1.8555
v 0.7367 -1.4542 -1.8667
v 0.7451 -1.4409 -1.8779
v 0.7536 -1.4276 -1.8890
v 0.7620 -1.4143 -1.9002
v 0.7705 -1.4010 -1.9113
v 0.7790 -1.3877 -1.9225
v 0.7874 -1.3744 -1.9337
v 0.7959 -1.3611 -1.9448
v 0.8043 -1.3478 -1.9560
v 0.8128 -1.3345 -1.9672
v 0.8212 -1.3212 -1.9783
v 0.8297 -1.3079 -1.9895
v 0.8382 -1.2946 -2.0006
v 0.8466 -1.2813 -2.0118
v 0.8551 -1.2680 -2.0230
v 0.8635 -1.2547 -2.0341
v 0.8720 -1.2414 -2.0453
v 0.8805 -1.2280 -2.0564
v 0.8889 -1.2147 -2.0676
v 0.8974 -1.2014 -2.0788
v 0.9058 -1.1881 -2.0899
v 0.9143 -1.1748 -2.1011
v 0.9366 -1.1398 -2.1305
v 0.9589 -1.1048 -2.1598
v 0.9811 -1.0698 -2.1892
v 1.0034 -1.0349 -2.2186
v 1.0257 -0.9999 -2.2479
v 1.0480 -0.9649 -2.2773
v 1.0703 -0.9299 -2.3066
v 1.0926 -0.8949 -2.3360
v 1.1149 -0.8599 -2.3654
v 1.1372 -0.8249 -2.3947
v 1.1595 -0.7899 -2.4241
v 1.1818 -0.7549 -2.4534
v 1.2041 -0.7199 -2.4828
v 1.2265 -0.6850 -2.5122
v 1.2488 -0.6500 -2.5415
v 1.2711 -0.6150 -2.5709
v 1.2934 -0.5800 -2.6002
v 1.3157 -0.5450 -2.6296
v 1.3380 -0.5100 -2.6590
v 1.3603 -0.4750 -2.6883
v 1.3826 -0.4400 -2.7177
v 1.4048 -0.4050 -2.7470
v 1.4271 -0.3700 -2.7764
v 1.4494 -0.3351 -2.8058
v 1.4717 -0.3001 -2.8351
v 1.4940 -0.2651 -2.8645
v 1.5163 -0.2301 -2.8939
v 1.5386 -0.1951 -2.9232
v 1.5609 -0.1601 -2.9526
v 1.5831 -0.1251 -2.9820
v 0.6476 -1.5487 -1.6952
v 0.6565 -1.5347 -1.7070
v 0.6654 -1.5207 -1.7188
v 0.6744 -1.5066 -1.7306
v 0.6833 -1.4926 -1.7423
v 0.6922 -1.4785 -1.7541
v 0.7011 -1.4645 -1.7659
v 0.7101 -1.4504 -1.7777
v 0.7190 -1.4364 -1.7895
v 0.7279 -1.4224 -1.8013
v 0.7368 -1.4083 -1.8130
v 0.7457 -1.3943 -1.8248
v 0.7547 -1.3802 -1.8366
v 0.7636 -1.3662 -1.8484
v 0.7725 -1.3521 -1.8602
v 0.7814 -1.3381 -1.8720
v 0.7903 -1.3241 -1.8837
v 0.7993 -1.3100 -1.8955
v 0.8082 -1.2960 -1.9073
v 0.8171 -1.2819 -1.9191
v 0.8260 -1.2679 -1.9309
v 0.8349 -1.2538 -1.9427
v 0.8439 -1.2398 -1.9544
v 0.8528 -1.2258 -1.9662
v 0.8617 -1.2117 -1.9780
v 0.8706 -1.1977 -1.9898
v 0.8796 -1.1836 -2.0016
v 0.8885 -1.1696 -2.0134
v 0.8974 -1.1556 -2.0251
v 0.9063 -1.1415 -2.0369
v 0.9153 -1.1275 -2.0487
v 0.9388 -1.0905 -2.0797
v 0.9623 -1.0536 -2.1107
v 0.9858 -1.0167 -2.1417
v 1.0093 -0.9797 -2.1727
v 1.0329 -0.9428 -2.2037
v 1.0564 -0.9059 -2.2347
v 1.0800 -0.8689 -2.2656
v 1.1035 -0.8320 -2.2966
v 1.1271 -0.7951 -2.3276
v 1.1506 -0.7582 -2.3586
v 1.1742 -0.7212 -2.3896
v 1.1978 -0.6843 -2.4205
v 1.2213 -0.6474 -2.4515
v 1.2449 -0.6105 -2.4825
v 1.2684 -0.5735 -2.5135
v 1.2920 -0.5366 -2.5445
v 1.3155 -0.4997 -2.5755
v 1.3391 -0.4628 -2.6064
v 1.3626 -0.4258 -2.6374
v 1.3862 -0.3889 -2.6684
v 1.4097 -0.3520 -2.6994
v 1.4332 -0.3150 -2.7304
v 1.4568 -0.2781 -2.7614
v 1.4803 -0.2412 -2.7924
v 1.5038 -0.2042 -2.8234
v 1.5274 -0.1673 -2.8544
v 1.5509 -0.1304 -2.8854
v 1.5744 -0.0934 -2.9164
v 1.5979 -0.0565 -2.9474
v 1.6214 -0.0196 -2.9784
v 0.6354 -1.5224 -1.6252
v 0.6447 -1.5076 -1.6376
v 0.6541 -1.4929 -1.6499
v 0.6635 -1.4781 -1.6623
v 0.6728 -1.4634 -1.6747
v 0.6822 -1.4486 -1.6871
v 0.6915 -1.4339 -1.6994
v 0.7009 -1.4191 -1.7118
v 0.7103 -1.4044 -1.7242
v 0.7196 -1.3896 -1.7366
v 0.7290 -1.3749 -1.7490
v 0.7383 -1.3601 -1.7613
v 0.7477 -1.3454 -1.7737
v 0.7570 -1.3306 -1.7861
v 0.7664 -1.3159 -1.7985
v 0.7758 -1.3011 -1.8108
v 0.7851 -1.2864 -1.8232
v 0.7945 -1.2716 -1.8356
v 0.8038 -1.2569 -1.8480
v 0.8132 -1.2421 -1.8604
v 0.8225 -1.2274 -1.8727
v 0.8319 -1.2126 -1.8851
v 0.8412 -1.1979 -1.8975
v 0.8506 -1.1831 -1.9099
v 0.8600 -1.1684 -1.9222
v 0.8693 -1.1536 -1.9346
v 0.8787 -1.1389 -1.9470
v 0.8881 -1.1241 -1.9594
v 0.8974 -1.1094 -1.9717
v 0.9068 -1.0946 -1.9841
v 0.9162 -1.0799 -1.9965
v 0.9408 -1.0411 -2.0290
v 0.9655 -1.0023 -2.0616
v 0.9902 -0.9635 -2.0941
v 1.0149 -0.9247 -2.1267
v 1.0397 -0.8859 -2.1592
v 1.0644 -0.8472 -2.1918
v 1.0892 -0.8084 -2.2243
v 1.1139 -0.7696 -2.2568
v 1.1387 -0.7309 -2.2893
v 1.1635 -0.6921 -2.3219
v 1.1883 -0.6533 -2.3544
v 1.2130 -0.6146 -2.3869
v 1.2378 -0.5758 -2.4194
v 1.2626 -0.5371 -2.4520
v 1.2873 -0.4983 -2.4845
v 1.3121 -0.4595 -2.5170
v 1.3368 -0.4208 -2.5496
v 1.3616 -0.3820 -2.5821
v 1.3863 -0.3432 -2.6146
v 1.4110 -0.3044 -2.6472
v 1.4358 -0.2656 -2.6797
v 1.4605 -0.2269 -2.7123
v 1.4852 -0.1881 -2.7448
v 1.5099 -0.1493 -2.7773
v 1.5346 -0.1105 -2.8099
v 1.5593 -0.0717 -2.8424
v 1.5840 -0.0329 -2.8750
v 1.6087 0.0059 -2.9075
v 1.6334 0.0447 -2.9401
v 1.6581 0.0834 -2.9726
v 0.6239 -1.4947 -1.5563
v 0.6337 -1.4793 -1.5692
v 0.6435 -1.4639 -1.5821
v 0.6533 -1.4485 -1.5951
v 0.6630 -1.4330 -1.6080
v 0.6728 -1.4176 -1.6210
v 0.6826 -1.4022 -1.6339
v 0.6923 -1.3868 -1.6468
v 0.7021 -1.3713 -1.6598
v 0.7119 -1.3559 -1.6727
v 0.7216 -1.3405 -1.6857
v 0.7314 -1.3251 -1.6986
v 0.7411 -1.3096 -1.7115
v 0.7509 -1.2942 -1.7245
v 0.7606 -1.2788 -1.7374
v 0.7704 -1.2634 -1.7504
v 0.7802 -1.2479 -1.7633
v 0.7899 -1.2325 -1.7763
v 0.7997 -1.2171 -1.7892
v 0.8094 -1.2017 -1.8022
v 0.8192 -1.1862 -1.8151
v 0.8290 -1.1708 -1.8280
v 0.8387 -1.1554 -1.8410
v 0.8485 -1.1400 -1.8539
v 0.8583 -1.1245 -1.8669
v 0.8680 -1.1091 -1.8798
v 0.8778 -1.0937 -1.8927
v 0.8876 -1.0783 -1.9057
v 0.8974 -1.0629 -1.9186
v 0.9071 -1.0474 -1.9316
v 0.9169 -1.0320 -1.9445
v 0.9427 -0.9915 -1.9785
v 0.9685 -0.9509 -2.0125
v 0.9943 -0.9104 -2.0466
v 1.0202 -0.8699 -2.0806
v 1.0461 -0.8293 -2.1146
v 1.0720 -0.7888 -2.1486
v 1.0979 -0.7483 -2.1825
v 1.1238 -0.7078 -2.2165
v 1.1498 -0.6673 -2.2505
v 1.1757 -0.6268 -2.2845
v 1.2017 -0.5863 -2.3185
v 1.2276 -0.5458 -2.3524
v 1.2535 -0.5053 -2.3864
v 1.2795 -0.4648 -2.4204
v 1.3054 -0.4243 -2.4544
v 1.3313 -0.3838 -2.4884
v 1.3572 -0.3433 -2.5224
v 1.3830 -0.3028 -2.5564
v 1.4089 -0.2623 -2.5904
v 1.4348 -0.2217 -2.6244
v 1.4606 -0.1812 -2.6584
v 1.4865 -0.1407 -2.6924
v 1.5123 -0.1001 -2.7264
v 1.5381 -0.0596 -2.7605
v 1.5639 -0.0191 -2.7945
v 1.5898 0.0215 -2.8285
v 1.6156 0.0620 -2.8625
v 1.6414 0.1026 -2.8965
v 1.6672 0.1431 -2.9305
v 1.6930 0.1836 -2.9646
v 0.6133 -1.4656 -1.4885
v 0.6235 -1.4496 -1.5020
v 0.6336 -1.4335 -1.5155
v 0.6438 -1.4175 -1.5289
v 0.6539 -1.4014 -1.5424
v 0.6641 -1.3854 -1.5559
v 0.6742 -1.3693 -1.5693
v 0.6843 -1.3532 -1.5828
v 0.6945 -1.3372 -1.5963
v 0.7046 -1.3211 -1.6098
v 0.7147 -1.3051 -1.6233
v 0.7248 -1.2890 -1.6367
v 0.7350 -1.2729 -1.6502
v 0.7451 -1.2569 -1.6637
v 0.7552 -1.2408 -1.6772
v 0.7653 -1.2247 -1.6907
v 0.7754 -1.2087 -1.7041
v 0.7855 -1.1926 -1.7176
v 0.7957 -1.1765 -1.7311
v 0.8058 -1.1605 -1.7446
v 0.8159 -1.1444 -1.7581
v 0.8260 -1.1283 -1.7715
v 0.8362 -1.1123 -1.7850
v 0.8463 -1.0962 -1.7985
v 0.8564 -1.0802 -1.8120
v 0.8666 -1.0641 -1.8254
v 0.8767 -1.0481 -1.8389
v 0.8869 -1.0320 -1.8524
v 0.8971 -1.0160 -1.8658
v 0.9072 -0.9999 -1.8793
v 0.9174 -0.9839 -1.8927
v 0.9442 -0.9417 -1.9282
v 0.9711 -0.8995 -1.9636
v 0.9980 -0.8573 -1.9990
v 1.0249 -0.8151 -2.0343
v 1.0519 -0.7730 -2.0697
v 1.0789 -0.7309 -2.1050
v 1.1060 -0.6887 -2.1404
v 1.1330 -0.6466 -2.1757
v 1.1601 -0.6045 -2.2111
v 1.1872 -0.5624 -2.2464
v 1.2143 -0.5203 -2.2817
v 1.2414 -0.4782 -2.3171
v 1.2684 -0.4361 -2.3524
v 1.2954 -0.3940 -2.3877
v 1.3225 -0.3518 -2.4231
v 1.3495 -0.3097 -2.4585
v 1.3764 -0.2675 -2.4938
v 1.4034 -0.2254 -2.5292
v 1.4303 -0.1832 -2.5646
v 1.4572 -0.1411 -2.6000
v 1.4841 -0.0989 -2.6353
v 1.5110 -0.0567 -2.6707
v 1.5379 -0.0145 -2.7061
v 1.5648 0.0277 -2.7415
v 1.5917 0.0698 -2.7769
v 1.6185 0.1120 -2.8123
v 1.6454 0.1542 -2.8477
v 1.6723 0.1964 -2.8831
v 1.6991 0.2386 -2.9185
v 1.7260 0.2808 -2.9539
v 0.6036 -1.4350 -1.4221
v 0.6141 -1.4184 -1.4360
v 0.6246 -1.4017 -1.4500
v 0.6351 -1.3851 -1.4640
v 0.6456 -1.3684 -1.4779
v 0.6560 -1.3518 -1.4919
v 0.6665 -1.3351 -1.5059
v 0.6770 -1.3184 -1.5199
v 0.6874 -1.3018 -1.5338
v 0.6978 -1.2851 -1.5478
v 0.7083 -1.2685 -1.5618
v 0.7187 -1.2518 -1.5758
v 0.7291 -1.2351 -1.5898
v 0.7395 -1.2184 -1.6038
v 0.7499 -1.2018 -1.6178
v 0.7603 -1.1851 -1.6318
v 0.7707 -1.1684 -1.6458
v 0.7811 -1.1517 -1.6598
v 0.7915 -1.1351 -1.6737
v 0.8019 -1.1184 -1.6877
v 0.8124 -1.1017 -1.7017
v 0.8228 -1.0851 -1.7157
v 0.8333 -1.0684 -1.7297
v 0.8437 -1.0517 -1.7437
v 0.8542 -1.0351 -1.7576
v 0.8647 -1.0185 -1.7716
v 0.8752 -1.0018 -1.7855
v 0.8857 -0.9852 -1.7995
v 0.8963 -0.9686 -1.8135
v 0.9068 -0.9519 -1.8274
v 0.9174 -0.9353 -1.8414
v 0.9452 -0.8916 -1.8780
v 0.9731 -0.8479 -1.9147
v 1.0010 -0.8042 -1.9514
v 1.0290 -0.7606 -1.9880
v 1.0570 -0.7169 -2.0246
v 1.0851 -0.6733 -2.0612
v 1.1133 -0.6297 -2.0978
v 1.1414 -0.5861 -2.1344
v 1.1696 -0.5425 -2.1709
v 1.1978 -0.4990 -2.2075
v 1.2260 -0.4554 -2.2441
v 1.2542 -0.4118 -2.2806
v 1.2824 -0.3682 -2.3172
v 1.3105 -0.3246 -2.3538
v 1.3385 -0.2810 -2.3904
v 1.3665 -0.2373 -2.4271
v 1.3945 -0.1936 -2.4637
v 1.4224 -0.1500 -2.5003
v 1.4504 -0.1063 -2.5370
v 1.4783 -0.0626 -2.5737
v 1.5061 -0.0189 -2.6103
v 1.5340 0.0248 -2.6470
v 1.5619 0.0685 -2.6837
v 1.5897 0.1122 -2.7203
v 1.6176 0.1559 -2.7570
v 1.6454 0.1996 -2.7937
v 1.6733 0.2434 -2.8304
v 1.7011 0.2871 -2.8670
v 1.7289 0.3308 -2.9037
v 1.7568 0.3745 -2.9404
v 0.5949 -1.4027 -1.3570
v 0.6057 -1.3855 -1.3715
v 0.6164 -1.3683 -1.3859
v 0.6272 -1.3511 -1.4003
v 0.6380 -1.3339 -1.4148
v 0.6487 -1.3167 -1.4292
v 0.6594 -1.2995 -1.4436
v 0.6701 -1.2822 -1.4581
v 0.6808 -1.2650 -1.4726
v 0.6915 -1.2478 -1.4870
v 0.7021 -1.2305 -1.5015
v 0.7127 -1.2133 -1.5160
v 0.7233 -1.1960 -1.5304
v 0.7339 -1.1787 -1.5449
v 0.7444 -1.1615 -1.5594
v 0.7550 -1.1442 -1.5739
v 0.7655 -1.1269 -1.5884
v 0.7761 -1.1096 -1.6029
v 0.7867 -1.0924 -1.6174
v 0.7973 -1.0751 -1.6319
v 0.8079 -1.0579 -1.6464
v 0.8186 -1.0406 -1.6608
v 0.8293 -1.0234 -1.6753
v 0.8400 -1.0062 -1.6897
v 0.8508 -0.9890 -1.7041
v 0.8617 -0.9718 -1.7185
v 0.8725 -0.9547 -1.7329
v 0.8834 -0.9375 -1.7473
v 0.8944 -0.9204 -1.7617
v 0.9053 -0.9033 -1.7761
v 0.9163 -0.8862 -1.7904
v 0.9452 -0.8411 -1.8282
v 0.9741 -0.7961 -1.8660
v 1.0031 -0.7511 -1.9038
v 1.0321 -0.7061 -1.9416
v 1.0612 -0.6611 -1.9793
v 1.0904 -0.6161 -2.0170
v 1.1196 -0.5712 -2.0547
v 1.1489 -0.5263 -2.0924
v 1.1783 -0.4815 -2.1300
v 1.2076 -0.4366 -2.1677
v 1.2370 -0.3917 -2.2054
v 1.2663 -0.3468 -2.2430
v 1.2955 -0.3019 -2.2807
v 1.3246 -0.2569 -2.3185
v 1.3536 -0.2119 -2.3562
v 1.3825 -0.1669 -2.3940
v 1.4113 -0.1218 -2.4318
v 1.4402 -0.0767 -2.4697
v 1.4690 -0.0316 -2.5075
v 1.4978 0.0134 -2.5453
v 1.5265 0.0585 -2.5831
v 1.5553 0.1036 -2.6210
v 1.5841 0.1487 -2.6588
v 1.6128 0.1938 -2.6967
v 1.6415 0.2389 -2.7345
v 1.6703 0.2840 -2.7724
v 1.6990 0.3292 -2.8102
v 1.7277 0.3743 -2.8481
v 1.7565 0.4194 -2.8859
v 1.7852 0.4645 -2.9238
v 0.5871 -1.3685 -1.2935
v 0.5981 -1.3508 -1.3084
v 0.6091 -1.3331 -1.3232
v 0.6201 -1.3154 -1.3381
v 0.6311 -1.2977 -1.3530
v 0.6420 -1.2800 -1.3678
v 0.6529 -1.2622 -1.3827
v 0.6637 -1.2445 -1.3976
v 0.6745 -1.2267 -1.4126
v 0.6853 -1.2089 -1.4275
v 0.6960 -1.1911 -1.4424
v 0.7066 -1.1732 -1.4574
v 0.7171 -1.1554 -1.4724
v 0.7276 -1.1375 -1.4874
v 0.7381 -1.1196 -1.5024
v 0.7485 -1.1017 -1.5175
v 0.7589 -1.0838 -1.5325
v 0.7694 -1.0658 -1.5475
v 0.7798 -1.0479 -1.5626
v 0.7904 -1.0301 -1.5775
v 0.8010 -1.0122 -1.5925
v 0.8117 -0.9944 -1.6074
v 0.8226 -0.9767 -1.6223
v 0.8336 -0.9590 -1.6372
v 0.8447 -0.9413 -1.6520
v 0.8560 -0.9237 -1.6668
v 0.8673 -0.9062 -1.6815
v 0.8788 -0.8886 -1.6962
v 0.8903 -0.8711 -1.7109
v 0.9018 -0.8536 -1.7256
v 0.9133 -0.8361 -1.7403
v 0.9437 -0.7900 -1.7790
v 0.9739 -0.7439 -1.8177
v 1.0040 -0.6978 -1.8564
v 1.0340 -0.6516 -1.8951
v 1.0642 -0.6055 -1.9338
v 1.0945 -0.5594 -1.9725
v 1.1249 -0.5134 -2.0111
v 1.1554 -0.4674 -2.0497
v 1.1860 -0.4214 -2.0883
v 1.2167 -0.3755 -2.1268
v 1.2473 -0.3295 -2.1654
v 1.2778 -0.2835 -2.2040
v 1.3081 -0.2374 -2.2426
v 1.3380 -0.1912 -2.2814
v 1.3678 -0.1449 -2.3203
v 1.3974 -0.0986 -2.3591
v 1.4269 -0.0522 -2.3980
v 1.4564 -0.0059 -2.4369
v 1.4860 0.0405 -2.4758
v 1.5156 0.0868 -2.5147
v 1.5451 0.1332 -2.5536
v 1.5747 0.1795 -2.5925
v 1.6043 0.2259 -2.6314
v 1.6338 0.2722 -2.6703
v 1.6634 0.3186 -2.7092
v 1.6929 0.3649 -2.7481
v 1.7224 0.4113 -2.7870
v 1.7519 0.4577 -2.8259
v 1.7815 0.5040 -2.8648
v 1.8110 0.5504 -2.9037
v 0.5804 -1.3324 -1.2317
v 0.5916 -1.3142 -1.2469
v 0.6028 -1.2961 -1.2622
v 0.6139 -1.2779 -1.2774
v 0.6249 -1.2597 -1.2927
v 0.6359 -1.2415 -1.3080
v 0.6469 -1.2233 -1.3233
v 0.6577 -1.2050 -1.3386
v 0.6684 -1.1867 -1.3540
v 0.6790 -1.1683 -1.3694
v 0.6895 -1.1499 -1.3849
v 0.6997 -1.1314 -1.4004
v 0.7099 -1.1128 -1.4160
v 0.7199 -1.0942 -1.4316
v 0.7297 -1.0756 -1.4472
v 0.7395 -1.0569 -1.4629
v 0.7492 -1.0382 -1.4786
v 0.7590 -1.0195 -1.4942
v 0.7689 -1.0009 -1.5099
v 0.7789 -0.9823 -1.5255
v 0.7892 -0.9638 -1.5410
v 0.7998 -0.9455 -1.5564
v 0.8107 -0.9272 -1.5717
v 0.8219 -0.9091 -1.5869
v 0.8335 -0.8911 -1.6020
v 0.8453 -0.8732 -1.6171
v 0.8574 -0.8554 -1.6320
v 0.8697 -0.8376 -1.6469
v 0.8822 -0.8199 -1.6617
v 0.8946 -0.8023 -1.6765
v 0.9071 -0.7846 -1.6914
v 0.9397 -0.7380 -1.7304
v 0.9717 -0.6912 -1.7697
v 1.0031 -0.6442 -1.8092
v 1.0344 -0.5971 -1.8487
v 1.0657 -0.5501 -1.8882
v 1.0972 -0.5031 -1.9276
v 1.1289 -0.4562 -1.9669
v 1.1610 -0.4094 -2.0062
v 1.1934 -0.3627 -2.0454
v 1.2258 -0.3161 -2.0845
v 1.2582 -0.2694 -2.1236
v 1.2900 -0.2226 -2.1630
v 1.3212 -0.1755 -2.2025
v 1.3517 -0.1281 -2.2422
v 1.3816 -0.0805 -2.2822
v 1.4114 -0.0329 -2.3221
v 1.4412 0.0147 -2.3621
v 1.4711 0.0623 -2.4020
v 1.5013 0.1098 -2.4419
v 1.5315 0.1573 -2.4817
v 1.5618 0.2047 -2.5215
v 1.5921 0.2522 -2.5613
v 1.6223 0.2996 -2.6011
v 1.6526 0.3471 -2.6410
v 1.6828 0.3945 -2.6808
v 1.7131 0.4420 -2.7206
v 1.7433 0.4895 -2.7604
v 1.7735 0.5369 -2.8003
v 1.8037 0.5844 -2.8401
v 1.8340 0.6318 -2.8799
v 0.5810 -1.2838 -1.1803
v 0.5920 -1.2656 -1.1956
v 0.6030 -1.2474 -1.2109
v 0.6139 -1.2291 -1.2263
v 0.6248 -1.2108 -1.2416
v 0.6354 -1.1924 -1.2570
v 0.6460 -1.1740 -1.2725
v 0.6563 -1.1555 -1.2880
v 0.6664 -1.1369 -1.3036
v 0.6762 -1.1183 -1.3192
v 0.6857 -1.0995 -1.3350
v 0.6949 -1.0806 -1.3509
v 0.7038 -1.0615 -1.3669
v 0.7123 -1.0424 -1.3829
v 0.7206 -1.0231 -1.3991
v 0.7288 -1.0038 -1.4153
v 0.7368 -0.9845 -1.4315
v 0.7450 -0.9652 -1.4477
v 0.7534 -0.9460 -1.4638
v 0.7622 -0.9269 -1.4798
v 0.7716 -0.9081 -1.4956
v 0.7815 -0.8895 -1.5112
v 0.7922 -0.8711 -1.5267
v 0.8036 -0.8530 -1.5418
v 0.8156 -0.8352 -1.5568
v 0.8283 -0.8175 -1.5716
v 0.8415 -0.8001 -1.5862
v 0.8550 -0.7828 -1.6007
v 0.8688 -0.7656 -1.6152
v 0.8826 -0.7484 -1.6296
v 0.8964 -0.7312 -1.6440
v 0.9319 -0.6857 -1.6822
v 0.9658 -0.6395 -1.7209
v 0.9984 -0.5929 -1.7601
v 1.0304 -0.5461 -1.7994
v 1.0624 -0.4992 -1.8387
v 1.0947 -0.4525 -1.8779
v 1.1277 -0.4060 -1.9169
v 1.1614 -0.3598 -1.9557
v 1.1958 -0.3138 -1.9943
v 1.2305 -0.2680 -2.0327
v 1.2649 -0.2220 -2.0713
v 1.2981 -0.1756 -2.1102
v 1.3295 -0.1286 -2.1497
v 1.3593 -0.0809 -2.1897
v 1.3879 -0.0328 -2.2301
v 1.4163 0.0154 -2.2705
v 1.4450 0.0635 -2.3109
v 1.4742 0.1114 -2.3511
v 1.5040 0.1591 -2.3911
v 1.5341 0.2067 -2.4310
v 1.5643 0.2542 -2.4709
v 1.5946 0.3017 -2.5107
v 1.6249 0.3492 -2.5506
v 1.6552 0.3966 -2.5904
v 1.6855 0.4441 -2.6303
v 1.7158 0.4916 -2.6701
v 1.7460 0.5391 -2.7100
v 1.7763 0.5867 -2.7498
v 1.8065 0.6342 -2.7897
v 1.8368 0.6817 -2.8296
v 0.5815 -1.2345 -1.1296
v 0.5923 -1.2162 -1.1450
v 0.6031 -1.1978 -1.1604
v 0.6136 -1.1794 -1.1758
v 0.6240 -1.1610 -1.1913
v 0.6342 -1.1424 -1.2068
v 0.6441 -1.1238 -1.2225
v 0.6536 -1.1050 -1.2383
v 0.6627 -1.0860 -1.2542
v 0.6714 -1.0669 -1.2702
v 0.6794 -1.0476 -1.2864
v 0.6869 -1.0280 -1.3028
v 0.6938 -1.0082 -1.3194
v 0.7002 -0.9883 -1.3362
v 0.7061 -0.9681 -1.3531
v 0.7118 -0.9479 -1.3700
v 0.7175 -0.9277 -1.3870
v 0.7233 -0.9075 -1.4039
v 0.7296 -0.8875 -1.4207
v 0.7367 -0.8678 -1.4372
v 0.7447 -0.8485 -1.4535
v 0.7540 -0.8296 -1.4693
v 0.7644 -0.8112 -1.4848
v 0.7762 -0.7932 -1.4999
v 0.7892 -0.7757 -1.5145
v 0.8032 -0.7586 -1.5289
v 0.8181 -0.7418 -1.5430
v 0.8335 -0.7252 -1.5569
v 0.8493 -0.7088 -1.5707
v 0.8651 -0.6923 -1.5845
v 0.8808 -0.6758 -1.5983
v 0.9204 -0.6318 -1.6353
v 0.9570 -0.5867 -1.6731
v 0.9912 -0.5407 -1.7118
v 1.0243 -0.4942 -1.7507
v 1.0573 -0.4478 -1.7897
v 1.0911 -0.4016 -1.8285
v 1.1262 -0.3559 -1.8668
v 1.1630 -0.3108 -1.9046
v 1.2014 -0.2664 -1.9419
v 1.2405 -0.2222 -1.9790
v 1.2787 -0.1776 -2.0164
v 1.3140 -0.1320 -2.0547
v 1.3454 -0.0849 -2.0942
v 1.3731 -0.0365 -2.1348
v 1.3986 0.0128 -2.1762
v 1.4238 0.0622 -2.2176
v 1.4500 0.1112 -2.2588
v 1.4777 0.1597 -2.2994
v 1.5066 0.2077 -2.3397
v 1.5363 0.2554 -2.3798
v 1.5665 0.3030 -2.4196
v 1.5967 0.3504 -2.4595
v 1.6271 0.3979 -2.4993
v 1.6574 0.4454 -2.5392
v 1.6876 0.4929 -2.5790
v 1.7179 0.5404 -2.6189
v 1.7482 0.5879 -2.6588
v 1.7784 0.6354 -2.6986
v 1.8087 0.6829 -2.7385
v 1.8389 0.7304 -2.7783
v 0.5815 -1.1847 -1.0792
v 0.5921 -1.1663 -1.0947
v 0.6024 -1.1478 -1.1102
v 0.6126 -1.1292 -1.1257
v 0.6224 -1.1106 -1.1414
v 0.6319 -1.0918 -1.1572
v 0.6410 -1.0728 -1.1731
v 0.6495 -1.0537 -1.1892
v 0.6574 -1.0342 -1.2055
v 0.6645 -1.0145 -1.2220
v 0.6707 -0.9945 -1.2388
v 0.6761 -0.9742 -1.2558
v 0.6806 -0.9535 -1.2732
v 0.6844 -0.9326 -1.2908
v 0.6875 -0.9114 -1.3085
v 0.6903 -0.8901 -1.3264
v 0.6931 -0.8688 -1.3443
v 0.6963 -0.8477 -1.3620
v 0.7003 -0.8268 -1.3795
v 0.7055 -0.8064 -1.3966
v 0.7123 -0.7866 -1.4133
v 0.7208 -0.7674 -1.4293
v 0.7313 -0.7490 -1.4448
v 0.7437 -0.7313 -1.4597
v 0.7578 -0.7142 -1.4740
v 0.7735 -0.6977 -1.4878
v 0.7903 -0.6817 -1.5013
v 0.8080 -0.6659 -1.5145
v 0.8260 -0.6503 -1.5276
v 0.8441 -0.6347 -1.5407
v 0.8618 -0.6190 -1.5539
v 0.9060 -0.5767 -1.5894
v 0.9455 -0.5326 -1.6264
v 0.9814 -0.4873 -1.6644
v 1.0159 -0.4413 -1.7030
v 1.0505 -0.3955 -1.7415
v 1.0868 -0.3502 -1.7795
v 1.1257 -0.3059 -1.8166
v 1.1681 -0.2630 -1.8526
v 1.2137 -0.2212 -1.8877
v 1.2605 -0.1798 -1.9224
v 1.3048 -0.1376 -1.9578
v 1.3431 -0.0931 -1.9952
v 1.3734 -0.0456 -2.0350
v 1.3967 0.0045 -2.0771
v 1.4162 0.0560 -2.1203
v 1.4355 0.1076 -2.1636
v 1.4573 0.1583 -2.2061
v 1.4822 0.2078 -2.2477
v 1.5096 0.2563 -2.2884
v 1.5388 0.3043 -2.3286
v 1.5687 0.3519 -2.3686
v 1.5989 0.3994 -2.4084
v 1.6293 0.4469 -2.4483
v 1.6596 0.4944 -2.4881
v 1.6899 0.5418 -2.5280
v 1.7202 0.5893 -2.5678
v 1.7504 0.6368 -2.6077
v 1.7807 0.6843 -2.6475
v 1.8110 0.7318 -2.6874
v 1.8412 0.7794 -2.7273
v 0.5810 -1.1345 -1.0292
v 0.5911 -1.1160 -1.0448
v 0.6011 -1.0973 -1.0604
v 0.6107 -1.0786 -1.0761
v 0.6199 -1.0597 -1.0920
v 0.6287 -1.0406 -1.1080
v 0.6369 -1.0213 -1.1242
v 0.6443 -1.0017 -1.1406
v 0.6509 -0.9819 -1.1573
v 0.6565 -0.9616 -1.1743
v 0.6610 -0.9409 -1.1916
v 0.6644 -0.9199 -1.2093
v 0.6668 -0.8984 -1.2273
v 0.6682 -0.8766 -1.2456
v 0.6689 -0.8545 -1.2642
v 0.6692 -0.8323 -1.2828
v 0.6697 -0.8101 -1.3014
v 0.6707 -0.7881 -1.3198
v 0.6729 -0.7666 -1.3379
v 0.6766 -0.7456 -1.3555
v 0.6824 -0.7255 -1.3724
v 0.6905 -0.7061 -1.3886
v 0.7011 -0.6877 -1.4041
v 0.7141 -0.6702 -1.4188
v 0.7292 -0.6536 -1.4328
v 0.7462 -0.6376 -1.4462
v 0.7646 -0.6221 -1.4592
v 0.7839 -0.6069 -1.4719
v 0.8036 -0.5920 -1.4844
v 0.8233 -0.5770 -1.4970
v 0.8426 -0.5618 -1.5097
v 0.8898 -0.5207 -1.5443
v 0.9313 -0.4774 -1.5806
v 0.9688 -0.4326 -1.6182
v 1.0048 -0.3872 -1.6562
v 1.0419 -0.3422 -1.6940
v 1.0821 -0.2985 -1.7307
v 1.1274 -0.2566 -1.7658
v 1.1791 -0.2171 -1.7990
v 1.2363 -0.1796 -1.8304
v 1.2947 -0.1427 -1.8614
v 1.3478 -0.1037 -1.8941
v 1.3893 -0.0604 -1.9305
v 1.4164 -0.0117 -1.9713
v 1.4315 0.0415 -2.0159
v 1.4411 0.0967 -2.0623
v 1.4514 0.1516 -2.1084
v 1.4666 0.2048 -2.1530
v 1.4876 0.2558 -2.1957
v 1.5131 0.3050 -2.2371
v 1.5414 0.3533 -2.2776
v 1.5711 0.4010 -2.3176
v 1.6012 0.4485 -2.3575
v 1.6316 0.4960 -2.3973
v 1.6619 0.5435 -2.4372
v 1.6922 0.5909 -2.4770
v 1.7225 0.6384 -2.5169
v 1.7528 0.6859 -2.5567
v 1.7831 0.7334 -2.5966
v 1.8133 0.7809 -2.6364
v 1.8436 0.8284 -2.6763
v 0.5798 -1.0839 -0.9795
v 0.5896 -1.0652 -0.9952
v 0.5990 -1.0464 -1.0110
v 0.6081 -1.0274 -1.0269
v 0.6168 -1.0083 -1.0429
v 0.6249 -0.9890 -1.0591
v 0.6323 -0.9694 -1.0756
v 0.6388 -0.9495 -1.0923
v 0.6444 -0.9293 -1.1093
v 0.6490 -0.9086 -1.1266
v 0.6523 -0.8875 -1.1443
v 0.6544 -0.8659 -1.1624
v 0.6555 -0.8440 -1.1808
v 0.6556 -0.8217 -1.1995
v 0.6550 -0.7991 -1.2185
v 0.6541 -0.7764 -1.2375
v 0.6534 -0.7538 -1.2565
v 0.6535 -0.7315 -1.2752
v 0.6549 -0.7097 -1.2935
v 0.6582 -0.6886 -1.3112
v 0.6636 -0.6683 -1.3283
v 0.6716 -0.6489 -1.3445
v 0.6822 -0.6305 -1.3600
v 0.6952 -0.6130 -1.3746
v 0.7106 -0.5964 -1.3885
v 0.7279 -0.5805 -1.4019
v 0.7465 -0.5651 -1.4148
v 0.7661 -0.5501 -1.4274
v 0.7860 -0.5352 -1.4399
v 0.8058 -0.5203 -1.4524
v 0.8253 -0.5052 -1.4651
v 0.8727 -0.4641 -1.4996
v 0.9147 -0.4210 -1.5358
v 0.9530 -0.3765 -1.5731
v 0.9909 -0.3318 -1.6106
v 1.0314 -0.2881 -1.6472
v 1.0776 -0.2466 -1.6821
v 1.1326 -0.2083 -1.7142
v 1.1979 -0.1739 -1.7431
v 1.2712 -0.1425 -1.7694
v 1.3449 -0.1112 -1.7957
v 1.4082 -0.0761 -1.8252
v 1.4514 -0.0334 -1.8610
v 1.4718 0.0178 -1.9039
v 1.4747 0.0755 -1.9524
v 1.4707 0.1358 -2.0030
v 1.4695 0.1951 -2.0527
v 1.4768 0.2511 -2.0997
v 1.4932 0.3038 -2.1439
v 1.5166 0.3539 -2.1860
v 1.5441 0.4024 -2.2267
v 1.5735 0.4503 -2.2668
v 1.6036 0.4978 -2.3067
v 1.6340 0.5453 -2.3465
v 1.6643 0.5927 -2.3864
v 1.6947 0.6402 -2.4262
v 1.7250 0.6877 -2.4661
v 1.7553 0.7352 -2.5059
v 1.7855 0.7827 -2.5458
v 1.8158 0.8302 -2.5856
v 1.8460 0.8777 -2.6255
v 0.5785 -1.0330 -0.9301
v 0.5878 -1.0141 -0.9459
v 0.5968 -0.9952 -0.9618
v 0.6054 -0.9760 -0.9779
v 0.6135 -0.9567 -0.9941
v 0.6211 -0.9372 -1.0105
v 0.6279 -0.9174 -1.0271
v 0.6339 -0.8973 -1.0440
v 0.6389 -0.8768 -1.0611
v 0.6429 -0.8559 -1.0786
v 0.6458 -0.8347 -1.0965
v 0.6476 -0.8130 -1.1147
v 0.6484 -0.7910 -1.1332
v 0.6484 -0.7686 -1.1519
v 0.6479 -0.7461 -1.1708
v 0.6473 -0.7235 -1.1898
v 0.6469 -0.7010 -1.2086
v 0.6474 -0.6788 -1.2272
v 0.6491 -0.6571 -1.2454
v 0.6526 -0.6361 -1.2631
v 0.6582 -0.6158 -1.2801
v 0.6660 -0.5964 -1.2964
v 0.6762 -0.5779 -1.3120
v 0.6886 -0.5602 -1.3268
v 0.7031 -0.5432 -1.3410
v 0.7192 -0.5269 -1.3547
v 0.7365 -0.5110 -1.3681
v 0.7546 -0.4954 -1.3811
v 0.7730 -0.4800 -1.3941
v 0.7914 -0.4645 -1.4071
v 0.8094 -0.4489 -1.4202
v 0.8541 -0.4067 -1.4556
v 0.8948 -0.3631 -1.4921
v 0.9336 -0.3188 -1.5293
v 0.9737 -0.2750 -1.5661
v 1.0188 -0.2331 -1.6013
v 1.0732 -0.1946 -1.6336
v 1.1411 -0.1611 -1.6617
v 1.2237 -0.1332 -1.6851
v 1.3163 -0.1090 -1.7054
v 1.4068 -0.0840 -1.7264
v 1.4790 -0.0521 -1.7531
v 1.5207 -0.0089 -1.7894
v 1.5304 0.0463 -1.8357
v 1.5179 0.1097 -1.8889
v 1.4986 0.1758 -1.9443
v 1.4857 0.2394 -1.9977
v 1.4856 0.2983 -2.0471
v 1.4981 0.3524 -2.0926
v 1.5197 0.4031 -2.1351
v 1.5466 0.4519 -2.1760
v 1.5759 0.4998 -2.2162
v 1.6061 0.5473 -2.2561
v 1.6364 0.5947 -2.2959
v 1.6669 0.6422 -2.3357
v 1.6972 0.6897 -2.3755
v 1.7275 0.7371 -2.4154
v 1.7578 0.7846 -2.4552
v 1.7881 0.8321 -2.4951
v 1.8184 0.8796 -2.5349
v 1.8512 0.9262 -2.5740
v 0.5782 -0.9823 -0.8805
v 0.5873 -0.9634 -0.8964
v 0.5960 -0.9443 -0.9124
v 0.6043 -0.9250 -0.9285
v 0.6119 -0.9055 -0.9449
v 0.6190 -0.8858 -0.9614
v 0.6252 -0.8658 -0.9782
v 0.6307 -0.8455 -0.9953
v 0.6353 -0.8248 -1.0126
v 0.6389 -0.8039 -1.0302
v 0.6417 -0.7825 -1.0481
v 0.6436 -0.7609 -1.0662
v 0.6447 -0.7390 -1.0846
v 0.6453 -0.7169 -1.1032
v 0.6456 -0.6946 -1.1218
v 0.6459 -0.6724 -1.1405
v 0.6466 -0.6503 -1.1590
v 0.6480 -0.6285 -1.1773
v 0.6506 -0.6071 -1.1953
v 0.6545 -0.5862 -1.2128
v 0.6601 -0.5660 -1.2298
v 0.6676 -0.5464 -1.2462
v 0.6768 -0.5275 -1.2621
v 0.6878 -0.5093 -1.2774
v 0.7004 -0.4916 -1.2922
v 0.7142 -0.4744 -1.3066
v 0.7290 -0.4576 -1.3207
v 0.7444 -0.4410 -1.3346
v 0.7602 -0.4246 -1.3484
v 0.7760 -0.4081 -1.3622
v 0.7917 -0.3917 -1.3761
v 0.8319 -0.3479 -1.4128
v 0.8705 -0.3035 -1.4500
v 0.9098 -0.2593 -1.4871
v 0.9527 -0.2166 -1.5230
v 1.0036 -0.1768 -1.5564
v 1.0678 -0.1419 -1.5856
v 1.1502 -0.1139 -1.6091
v 1.2514 -0.0929 -1.6267
v 1.3631 -0.0759 -1.6410
v 1.4679 -0.0562 -1.6576
v 1.5450 -0.0262 -1.6827
v 1.5810 0.0191 -1.7208
v 1.5775 0.0793 -1.7712
v 1.5495 0.1485 -1.8293
v 1.5170 0.2195 -1.8889
v 1.4953 0.2864 -1.9450
v 1.4904 0.3470 -1.9959
v 1.5010 0.4019 -2.0420
v 1.5220 0.4528 -2.0847
v 1.5489 0.5016 -2.1256
v 1.5783 0.5495 -2.1658
v 1.6085 0.5970 -2.2056
v 1.6390 0.6444 -2.2454
v 1.6695 0.6918 -2.2852
v 1.6999 0.7393 -2.3250
v 1.7302 0.7867 -2.3649
v 1.7605 0.8342 -2.4047
v 1.7908 0.8817 -2.4446
v 1.8236 0.9283 -2.4836
v 1.8661 0.9712 -2.5196
v 0.5825 -0.9331 -0.8296
v 0.5919 -0.9143 -0.8454
v 0.6007 -0.8952 -0.8614
v 0.6088 -0.8759 -0.8776
v 0.6160 -0.8562 -0.8941
v 0.6224 -0.8363 -0.9108
v 0.6278 -0.8159 -0.9279
v 0.6322 -0.7953 -0.9453
v 0.6358 -0.7742 -0.9629
v 0.6384 -0.7529 -0.9808
v 0.6403 -0.7313 -0.9990
v 0.6416 -0.7094 -1.0173
v 0.6425 -0.6874 -1.0358
v 0.6431 -0.6652 -1.0544
v 0.6437 -0.6431 -1.0729
v 0.6444 -0.6210 -1.0914
v 0.6457 -0.5992 -1.1098
v 0.6476 -0.5775 -1.1280
v 0.6504 -0.5562 -1.1458
v 0.6544 -0.5354 -1.1633
v 0.6596 -0.5150 -1.1805
v 0.6661 -0.4951 -1.1972
v 0.6739 -0.4756 -1.2135
v 0.6830 -0.4567 -1.2294
v 0.6932 -0.4381 -1.2449
v 0.7044 -0.4200 -1.2602
v 0.7163 -0.4021 -1.2752
v 0.7288 -0.3844 -1.2900
v 0.7417 -0.3669 -1.3047
v 0.7549 -0.3494 -1.3193
v 0.7682 -0.3321 -1.3339
v 0.8039 -0.2866 -1.3721
v 0.8409 -0.2416 -1.4098
v 0.8810 -0.1978 -1.4466
v 0.9272 -0.1563 -1.4814
v 0.9843 -0.1188 -1.5129
v 1.0583 -0.0876 -1.5390
v 1.1543 -0.0647 -1.5583
v 1.2712 -0.0495 -1.5710
v 1.3970 -0.0377 -1.5809
v 1.5097 -0.0210 -1.5949
v 1.5859 0.0093 -1.6204
v 1.6134 0.0578 -1.6611
v 1.5978 0.1225 -1.7153
v 1.5590 0.1958 -1.7768
v 1.5197 0.2693 -1.8385
v 1.4952 0.3372 -1.8955
v 1.4902 0.3979 -1.9465
v 1.5015 0.4525 -1.9923
v 1.5235 0.5031 -2.0347
v 1.5509 0.5517 -2.0755
v 1.5806 0.5994 -2.1155
v 1.6111 0.6468 -2.1553
v 1.6417 0.6942 -2.1950
v 1.6722 0.7416 -2.2348
v 1.7026 0.7890 -2.2746
v 1.7330 0.8365 -2.3145
v 1.7633 0.8840 -2.3543
v 1.7957 0.9307 -2.3935
v 1.8393 0.9732 -2.4292
v 1.8931 1.0119 -2.4616
v 0.5972 -0.8876 -0.7756
v 0.6078 -0.8692 -0.7910
v 0.6174 -0.8504 -0.8068
v 0.6256 -0.8312 -0.8230
v 0.6323 -0.8113 -0.8396
v 0.6375 -0.7909 -0.8567
v 0.6411 -0.7699 -0.8744
v 0.6433 -0.7484 -0.8924
v 0.6442 -0.7264 -0.9109
v 0.6442 -0.7040 -0.9297
v 0.6434 -0.6814 -0.9487
v 0.6422 -0.6586 -0.9678
v 0.6408 -0.6357 -0.9870
v 0.6395 -0.6129 -1.0061
v 0.6386 -0.5902 -1.0252
v 0.6383 -0.5677 -1.0440
v 0.6386 -0.5455 -1.0627
v 0.6398 -0.5236 -1.0811
v 0.6419 -0.5020 -1.0992
v 0.6449 -0.4808 -1.1169
v 0.6490 -0.4600 -1.1344
v 0.6541 -0.4396 -1.1516
v 0.6602 -0.4195 -1.1684
v 0.6673 -0.3998 -1.1849
v 0.6752 -0.3804 -1.2012
v 0.6839 -0.3613 -1.2172
v 0.6933 -0.3425 -1.2330
v 0.7033 -0.3239 -1.2486
v 0.7139 -0.3055 -1.2641
v 0.7250 -0.2873 -1.2794
v 0.7365 -0.2692 -1.2945
v 0.7691 -0.2226 -1.3336
v 0.8054 -0.1773 -1.3716
v 0.8469 -0.1341 -1.4079
v 0.8966 -0.0938 -1.4417
v 0.9593 -0.0584 -1.4714
v 1.0410 -0.0301 -1.4951
v 1.1461 -0.0106 -1.5115
v 1.2715 0.0013 -1.5215
v 1.4025 0.0112 -1.5298
v 1.5147 0.0281 -1.5440
v 1.5852 0.0606 -1.5712
v 1.6047 0.1121 -1.6145
v 1.5830 0.1790 -1.6706
v 1.5432 0.2527 -1.7324
v 1.5070 0.3250 -1.7931
v 1.4871 0.3913 -1.8487
v 1.4863 0.4504 -1.8983
v 1.5007 0.5038 -1.9432
v 1.5244 0.5538 -1.9851
v 1.5528 0.6019 -2.0255
v 1.5830 0.6495 -2.0654
v 1.6137 0.6968 -2.1051
v 1.6444 0.7442 -2.1448
v 1.6750 0.7915 -2.1846
v 1.7054 0.8390 -2.2244
v 1.7358 0.8864 -2.2642
v 1.7676 0.9334 -2.3036
v 1.8100 0.9763 -2.3397
v 1.8668 1.0139 -2.3712
v 1.9317 1.0485 -2.4002
v 0.6276 -0.8478 -0.7169
v 0.6406 -0.8303 -0.7316
v 0.6516 -0.8120 -0.7469
v 0.6602 -0.7929 -0.7630
v 0.6660 -0.7727 -0.7799
v 0.6690 -0.7515 -0.7977
v 0.6693 -0.7293 -0.8163
v 0.6673 -0.7062 -0.8357
v 0.6633 -0.6823 -0.8557
v 0.6580 -0.6580 -0.8762
v 0.6519 -0.6334 -0.8968
v 0.6455 -0.6086 -0.9176
v 0.6394 -0.5840 -0.9382
v 0.6339 -0.5596 -0.9587
v 0.6293 -0.5355 -0.9789
v 0.6258 -0.5119 -0.9987
v 0.6236 -0.4887 -1.0182
v 0.6225 -0.4659 -1.0373
v 0.6226 -0.4436 -1.0560
v 0.6238 -0.4218 -1.0744
v 0.6262 -0.4003 -1.0924
v 0.6295 -0.3792 -1.1101
v 0.6338 -0.3584 -1.1275
v 0.6389 -0.3380 -1.1447
v 0.6449 -0.3179 -1.1615
v 0.6517 -0.2981 -1.1782
v 0.6592 -0.2785 -1.1945
v 0.6675 -0.2593 -1.2107
v 0.6765 -0.2403 -1.2266
v 0.6862 -0.2216 -1.2423
v 0.6966 -0.2031 -1.2578
v 0.7276 -0.1559 -1.2975
v 0.7642 -0.1108 -1.3353
v 0.8077 -0.0682 -1.3710
v 0.8606 -0.0292 -1.4038
v 0.9272 0.0048 -1.4323
v 1.0128 0.0316 -1.4548
v 1.1203 0.0502 -1.4704
v 1.2450 0.0625 -1.4807
v 1.3712 0.0741 -1.4905
v 1.4773 0.0933 -1.5065
v 1.5443 0.1271 -1.5349
v 1.5652 0.1781 -1.5777
v 1.5497 0.2427 -1.6319
v 1.5180 0.3133 -1.6912
v 1.4899 0.3826 -1.7493
v 1.4772 0.4462 -1.8027
v 1.4818 0.5033 -1.8506
v 1.4996 0.5554 -1.8943
v 1.5254 0.6046 -1.9356
v 1.5548 0.6524 -1.9757
v 1.5855 0.6997 -2.0154
v 1.6164 0.7470 -2.0551
v 1.6473 0.7943 -2.0948
v 1.6779 0.8417 -2.1345
v 1.7084 0.8891 -2.1743
v 1.7395 0.9363 -2.2139
v 1.7789 0.9804 -2.2509
v 1.8342 1.0185 -2.2829
v 1.9045 1.0510 -2.3102
v 1.9782 1.0823 -2.3364
v 0.6715 -0.8128 -0.6541
v 0.6875 -0.7964 -0.6679
v 0.7001 -0.7787 -0.6827
v 0.7086 -0.7596 -0.6988
v 0.7126 -0.7387 -0.7163
v 0.7121 -0.7162 -0.7352
v 0.7075 -0.6921 -0.7554
v 0.6993 -0.6667 -0.7767
v 0.6884 -0.6403 -0.7989
v 0.6757 -0.6132 -0.8216
v 0.6621 -0.5858 -0.8446
v 0.6485 -0.5583 -0.8676
v 0.6357 -0.5312 -0.8904
v 0.6243 -0.5046 -0.9127
v 0.6145 -0.4786 -0.9345
v 0.6066 -0.4533 -0.9558
v 0.6005 -0.4287 -0.9764
v 0.5963 -0.4047 -0.9965
v 0.5937 -0.3814 -1.0161
v 0.5926 -0.3587 -1.0352
v 0.5928 -0.3364 -1.0538
v 0.5942 -0.3146 -1.0721
v 0.5967 -0.2932 -1.0901
v 0.6002 -0.2721 -1.1078
v 0.6046 -0.2514 -1.1251
v 0.6100 -0.2311 -1.1422
v 0.6162 -0.2111 -1.1590
v 0.6233 -0.1914 -1.1755
v 0.6313 -0.1720 -1.1918
v 0.6403 -0.1530 -1.2077
v 0.6501 -0.1343 -1.2234
v 0.6808 -0.0870 -1.2631
v 0.7185 -0.0423 -1.3007
v 0.7642 -0.0005 -1.3357
v 0.8197 0.0375 -1.3676
v 0.8883 0.0707 -1.3955
v 0.9741 0.0975 -1.4179
v 1.0795 0.1169 -1.4342
v 1.2004 0.1305 -1.4456
v 1.3239 0.1432 -1.4563
v 1.4296 0.1625 -1.4725
v 1.4993 0.1953 -1.5000
v 1.5260 0.2441 -1.5410
v 1.5185 0.3057 -1.5927
v 1.4955 0.3731 -1.6492
v 1.4756 0.4394 -1.7048
v 1.4695 0.5005 -1.7561
v 1.4786 0.5559 -1.8025
v 1.4994 0.6069 -1.8454
v 1.5268 0.6555 -1.8861
v 1.5570 0.7030 -1.9260
v 1.5881 0.7502 -1.9656
v 1.6193 0.7973 -2.0052
v 1.6502 0.8446 -2.0448
v 1.6809 0.8919 -2.0846
v 1.7116 0.9393 -2.1243
v 1.7471 0.9848 -2.1625
v 1.7969 1.0250 -2.1962
v 1.8657 1.0581 -2.2240
v 1.9477 1.0863 -2.2476
v 2.0263 1.1158 -2.2724
v 0.7139 -0.7770 -0.5920
v 0.7318 -0.7613 -0.6052
v 0.7448 -0.7438 -0.6198
v 0.7520 -0.7242 -0.6363
v 0.7531 -0.7022 -0.6547
v 0.7482 -0.6781 -0.6750
v 0.7378 -0.6518 -0.6970
v 0.7229 -0.6239 -0.7205
v 0.7046 -0.5947 -0.7449
v 0.6843 -0.5648 -0.7701
v 0.6633 -0.5346 -0.7954
v 0.6427 -0.5046 -0.8206
v 0.6235 -0.4750 -0.8454
v 0.6063 -0.4463 -0.8695
v 0.5915 -0.4184 -0.8929
v 0.5793 -0.3915 -0.9155
v 0.5696 -0.3655 -0.9373
v 0.5623 -0.3404 -0.9583
v 0.5571 -0.3161 -0.9787
v 0.5537 -0.2925 -0.9985
v 0.5519 -0.2695 -1.0178
v 0.5516 -0.2470 -1.0367
v 0.5525 -0.2250 -1.0552
v 0.5546 -0.2035 -1.0733
v 0.5577 -0.1823 -1.0910
v 0.5619 -0.1615 -1.1085
v 0.5672 -0.1411 -1.1256
v 0.5735 -0.1212 -1.1423
v 0.5810 -0.1016 -1.1587
v 0.5895 -0.0824 -1.1748
v 0.5992 -0.0637 -1.1905
v 0.6302 -0.0165 -1.2301
v 0.6696 0.0276 -1.2672
v 0.7177 0.0685 -1.3014
v 0.7758 0.1055 -1.3325
v 0.8465 0.1380 -1.3597
v 0.9331 0.1644 -1.3819
v 1.0379 0.1841 -1.3984
v 1.1575 0.1982 -1.4103
v 1.2802 0.2112 -1.4212
v 1.3875 0.2299 -1.4369
v 1.4617 0.2609 -1.4629
v 1.4956 0.3071 -1.5017
v 1.4964 0.3656 -1.5508
v 1.4812 0.4301 -1.6049
v 1.4675 0.4940 -1.6585
v 1.4658 0.5534 -1.7084
v 1.4779 0.6078 -1.7539
v 1.5004 0.6582 -1.7962
v 1.5287 0.7064 -1.8367
v 1.5595 0.7537 -1.8764
v 1.5909 0.8007 -1.9159
v 1.6223 0.8479 -1.9554
v 1.6533 0.8951 -1.9950
v 1.6838 0.9425 -2.0348
v 1.7156 0.9894 -2.0742
v 1.7581 1.0323 -2.1102
v 1.8192 1.0683 -2.1404
v 1.8998 1.0970 -2.1645
v 1.9895 1.1223 -2.1857
v 2.0677 1.1519 -2.2105
v 0.7315 -0.7317 -0.5378
v 0.7486 -0.7158 -0.5512
v 0.7598 -0.6976 -0.5665
v 0.7643 -0.6769 -0.5838
v 0.7618 -0.6537 -0.6033
v 0.7526 -0.6279 -0.6250
v 0.7376 -0.5999 -0.6484
v 0.7180 -0.5703 -0.6733
v 0.6952 -0.5394 -0.6992
v 0.6705 -0.5078 -0.7257
v 0.6453 -0.4760 -0.7524
v 0.6208 -0.4446 -0.7788
v 0.5980 -0.4137 -0.8047
v 0.5776 -0.3837 -0.8299
v 0.5598 -0.3547 -0.8542
v 0.5448 -0.3268 -0.8776
v 0.5326 -0.2999 -0.9002
v 0.5230 -0.2739 -0.9220
v 0.5157 -0.2488 -0.9430
v 0.5104 -0.2245 -0.9634
v 0.5068 -0.2008 -0.9833
v 0.5049 -0.1778 -1.0027
v 0.5044 -0.1552 -1.0216
v 0.5052 -0.1332 -1.0401
v 0.5072 -0.1116 -1.0582
v 0.5106 -0.0905 -1.0759
v 0.5151 -0.0699 -1.0932
v 0.5209 -0.0497 -1.1102
v 0.5280 -0.0300 -1.1267
v 0.5363 -0.0107 -1.1428
v 0.5460 0.0080 -1.1585
v 0.5780 0.0548 -1.1978
v 0.6194 0.0982 -1.2342
v 0.6704 0.1379 -1.2676
v 0.7317 0.1738 -1.2977
v 0.8051 0.2052 -1.3240
v 0.8935 0.2310 -1.3457
v 0.9989 0.2504 -1.3620
v 1.1187 0.2645 -1.3737
v 1.2427 0.2770 -1.3842
v 1.3536 0.2943 -1.3988
v 1.4342 0.3230 -1.4229
v 1.4760 0.3662 -1.4591
v 1.4845 0.4218 -1.5058
v 1.4755 0.4840 -1.5580
v 1.4658 0.5465 -1.6104
v 1.4663 0.6051 -1.6596
v 1.4795 0.6590 -1.7048
v 1.5025 0.7092 -1.7469
v 1.5313 0.7572 -1.7872
v 1.5623 0.8044 -1.8268
v 1.5939 0.8514 -1.8663
v 1.6254 0.8985 -1.9058
v 1.6561 0.9458 -1.9455
v 1.6850 0.9938 -1.9858
v 1.7205 1.0394 -2.0240
v 1.7714 1.0792 -2.0574
v 1.8433 1.1111 -2.0842
v 1.9331 1.1364 -2.1054
v 2.0261 1.1605 -2.1256
v 2.0991 1.1920 -2.1520
v 0.7180 -0.6747 -0.4936
v 0.7340 -0.6583 -0.5073
v 0.7442 -0.6398 -0.5229
v 0.7480 -0.6188 -0.5404
v 0.7450 -0.5954 -0.5601
v 0.7354 -0.5694 -0.5819
v 0.7198 -0.5412 -0.6055
v 0.6992 -0.5112 -0.6307
v 0.6750 -0.4798 -0.6571
v 0.6486 -0.4476 -0.6841
v 0.6214 -0.4151 -0.7114
v 0.5947 -0.3828 -0.7385
v 0.5695 -0.3510 -0.7652
v 0.5465 -0.3201 -0.7911
v 0.5262 -0.2901 -0.8162
v 0.5087 -0.2613 -0.8405
v 0.4941 -0.2335 -0.8638
v 0.4822 -0.2067 -0.8863
v 0.4728 -0.1808 -0.9080
v 0.4656 -0.1558 -0.9290
v 0.4604 -0.1315 -0.9494
v 0.4570 -0.1078 -0.9692
v 0.4551 -0.0848 -0.9885
v 0.4548 -0.0623 -1.0074
v 0.4559 -0.0404 -1.0258
v 0.4585 -0.0190 -1.0437
v 0.4624 0.0018 -1.0612
v 0.4679 0.0222 -1.0783
v 0.4747 0.0419 -1.0949
v 0.4831 0.0612 -1.1110
v 0.4930 0.0798 -1.1267
v 0.5263 0.1262 -1.1656
v 0.5701 0.1686 -1.2012
v 0.6243 0.2072 -1.2335
v 0.6891 0.2418 -1.2626
v 0.7658 0.2719 -1.2879
v 0.8567 0.2968 -1.3087
v 0.9637 0.3156 -1.3245
v 1.0850 0.3291 -1.3358
v 1.2116 0.3406 -1.3455
v 1.3274 0.3562 -1.3585
v 1.4152 0.3822 -1.3804
v 1.4651 0.4223 -1.4140
v 1.4808 0.4753 -1.4585
v 1.4764 0.5357 -1.5092
v 1.4690 0.5973 -1.5609
v 1.4699 0.6558 -1.6099
v 1.4829 0.7097 -1.6552
v 1.5057 0.7600 -1.6974
v 1.5343 0.8081 -1.7378
v 1.5654 0.8553 -1.7774
v 1.5971 0.9023 -1.8168
v 1.6282 0.9495 -1.8564
v 1.6553 0.9982 -1.8973
v 1.6847 1.0460 -1.9374
v 1.7259 1.0894 -1.9738
v 1.7860 1.1257 -2.0043
v 1.8677 1.1540 -2.0280
v 1.9641 1.1768 -2.0472
v 2.0563 1.2012 -2.0676
v 2.1200 1.2362 -2.0970
v 0.7017 -0.6163 -0.4504
v 0.7172 -0.5998 -0.4643
v 0.7272 -0.5812 -0.4799
v 0.7308 -0.5602 -0.4975
v 0.7275 -0.5366 -0.5173
v 0.7175 -0.5105 -0.5392
v 0.7013 -0.4821 -0.5630
v 0.6799 -0.4518 -0.5885
v 0.6544 -0.4199 -0.6152
v 0.6265 -0.3871 -0.6427
v 0.5974 -0.3539 -0.6706
v 0.5685 -0.3208 -0.6984
v 0.5410 -0.2881 -0.7258
v 0.5155 -0.2563 -0.7525
v 0.4928 -0.2254 -0.7784
v 0.4729 -0.1957 -0.8034
v 0.4561 -0.1670 -0.8274
v 0.4421 -0.1394 -0.8505
v 0.4307 -0.1128 -0.8729
v 0.4217 -0.0871 -0.8944
v 0.4150 -0.0623 -0.9153
v 0.4101 -0.0381 -0.9356
v 0.4071 -0.0147 -0.9552
v 0.4058 0.0082 -0.9744
v 0.4062 0.0304 -0.9930
v 0.4081 0.0520 -1.0112
v 0.4117 0.0730 -1.0288
v 0.4169 0.0934 -1.0459
v 0.4237 0.1132 -1.0626
v 0.4322 0.1324 -1.0786
v 0.4424 0.1509 -1.0942
v 0.4774 0.1967 -1.1326
v 0.5239 0.2381 -1.1674
v 0.5815 0.2754 -1.1986
v 0.6500 0.3086 -1.2265
v 0.7302 0.3375 -1.2507
v 0.8240 0.3612 -1.2707
v 0.9331 0.3793 -1.2858
v 1.0564 0.3920 -1.2965
v 1.1860 0.4024 -1.3052
v 1.3071 0.4160 -1.3166
v 1.4021 0.4393 -1.3361
v 1.4600 0.4765 -1.3673
v 1.4821 0.5270 -1.4097
v 1.4816 0.5860 -1.4593
v 1.4753 0.6472 -1.5106
v 1.4757 0.7058 -1.5598
v 1.4877 0.7602 -1.6054
v 1.5096 0.8108 -1.6479
v 1.5378 0.8590 -1.6884
v 1.5688 0.9063 -1.7280
v 1.6001 0.9534 -1.7675
v 1.6262 1.0024 -1.8087
v 1.6509 1.0520 -1.8503
v 1.6834 1.0987 -1.8895
v 1.7317 1.1395 -1.9237
v 1.8009 1.1724 -1.9513
v 1.8906 1.1977 -1.9725
v 1.9899 1.2194 -1.9907
v 2.0768 1.2457 -2.0128
v 2.1276 1.2856 -2.0463
v 0.6856 -0.5579 -0.4072
v 0.7007 -0.5412 -0.4213
v 0.7104 -0.5225 -0.4370
v 0.7137 -0.5014 -0.4547
v 0.7103 -0.4777 -0.4745
v 0.7000 -0.4515 -0.4965
v 0.6833 -0.4230 -0.5205
v 0.6611 -0.3923 -0.5462
v 0.6346 -0.3601 -0.5733
v 0.6052 -0.3267 -0.6012
v 0.5744 -0.2929 -0.6296
v 0.5436 -0.2590 -0.6580
v 0.5140 -0.2256 -0.6861
v 0.4863 -0.1929 -0.7135
v 0.4613 -0.1612 -0.7401
v 0.4393 -0.1307 -0.7657
v 0.4204 -0.1012 -0.7904
v 0.4044 -0.0729 -0.8142
v 0.3913 -0.0457 -0.8370
v 0.3808 -0.0194 -0.8591
v 0.3727 0.0060 -0.8804
v 0.3667 0.0305 -0.9010
v 0.3627 0.0544 -0.9210
v 0.3606 0.0775 -0.9404
v 0.3604 0.0999 -0.9593
v 0.3619 0.1217 -0.9775
v 0.3653 0.1428 -0.9952
v 0.3704 0.1632 -1.0124
v 0.3774 0.1830 -1.0289
v 0.3862 0.2020 -1.0449
v 0.3968 0.2204 -1.0603
v 0.4337 0.2654 -1.0981
v 0.4830 0.3058 -1.1320
v 0.5441 0.3418 -1.1622
v 0.6163 0.3736 -1.1889
v 0.7000 0.4012 -1.2120
v 0.7965 0.4239 -1.2311
v 0.9077 0.4412 -1.2456
v 1.0329 0.4532 -1.2557
v 1.1654 0.4625 -1.2635
v 1.2913 0.4743 -1.2734
v 1.3931 0.4951 -1.2908
v 1.4584 0.5295 -1.3197
v 1.4865 0.5778 -1.3602
v 1.4893 0.6356 -1.4087
v 1.4836 0.6965 -1.4598
v 1.4830 0.7555 -1.5094
v 1.4934 0.8104 -1.5554
v 1.5142 0.8615 -1.5983
v 1.5417 0.9100 -1.6390
v 1.5722 0.9574 -1.6788
v 1.5979 1.0066 -1.7201
v 1.6193 1.0575 -1.7627
v 1.6442 1.1070 -1.8042
v 1.6815 1.1518 -1.8419
v 1.7376 1.1897 -1.8737
v 1.8151 1.2195 -1.8987
v 1.9101 1.2428 -1.9183
v 2.0080 1.2651 -1.9369
v 2.0849 1.2952 -1.9622
v 2.1312 1.3367 -1.9970
v 0.6706 -0.4996 -0.3640
v 0.6851 -0.4827 -0.3782
v 0.6945 -0.4639 -0.3940
v 0.6978 -0.4428 -0.4117
v 0.6942 -0.4191 -0.4316
v 0.6837 -0.3928 -0.4536
v 0.6667 -0.3641 -0.4777
v 0.6439 -0.3333 -0.5036
v 0.6166 -0.3007 -0.5309
v 0.5861 -0.2670 -0.5592
v 0.5539 -0.2326 -0.5881
v 0.5215 -0.1981 -0.6170
v 0.4900 -0.1640 -0.6456
v 0.4605 -0.1306 -0.6736
v 0.4336 -0.0982 -0.7008
v 0.4097 -0.0670 -0.7271
v 0.3889 -0.0369 -0.7523
v 0.3714 -0.0079 -0.7766
v 0.3568 0.0199 -0.7999
v 0.3450 0.0466 -0.8224
v 0.3357 0.0724 -0.8440
v 0.3289 0.0973 -0.8649
v 0.3242 0.1214 -0.8851
v 0.3216 0.1447 -0.9047
v 0.3210 0.1673 -0.9236
v 0.3223 0.1892 -0.9420
v 0.3256 0.2103 -0.9597
v 0.3309 0.2306 -0.9768
v 0.3382 0.2503 -0.9933
v 0.3474 0.2692 -1.0091
v 0.3586 0.2873 -1.0243
v 0.3976 0.3316 -1.0615
v 0.4498 0.3709 -1.0945
v 0.5142 0.4056 -1.1236
v 0.5899 0.4361 -1.1492
v 0.6767 0.4625 -1.1713
v 0.7757 0.4844 -1.1897
v 0.8885 0.5010 -1.2036
v 1.0150 0.5125 -1.2133
v 1.1497 0.5210 -1.2205
v 1.2795 0.5314 -1.2291
v 1.3872 0.5499 -1.2447
v 1.4591 0.5819 -1.2715
v 1.4928 0.6281 -1.3103
v 1.4986 0.6847 -1.3578
v 1.4933 0.7455 -1.4088
v 1.4914 0.8050 -1.4587
v 1.5001 0.8606 -1.5054
v 1.5194 0.9122 -1.5486
v 1.5460 0.9611 -1.5897
v 1.5708 1.0106 -1.6312
v 1.5900 1.0623 -1.6746
v 1.6088 1.1140 -1.7180
v 1.6362 1.1626 -1.7588
v 1.6797 1.2052 -1.7945
v 1.7435 1.2401 -1.8238
v 1.8276 1.2675 -1.8468
v 1.9244 1.2902 -1.8658
v 2.0159 1.3148 -1.8865
v 2.0886 1.3464 -1.9130
v 2.1349 1.3879 -1.9478
v 0.6571 -0.4418 -0.3204
v 0.6713 -0.4247 -0.3347
v 0.6806 -0.4058 -0.3506
v 0.6838 -0.3847 -0.3683
v 0.6803 -0.3610 -0.3882
v 0.6698 -0.3348 -0.4102
v 0.6527 -0.3060 -0.4343
v 0.6297 -0.2751 -0.4603
v 0.6018 -0.2423 -0.4878
v 0.5705 -0.2083 -0.5163
v 0.5373 -0.1735 -0.5455
v 0.5036 -0.1386 -0.5748
v 0.4707 -0.1040 -0.6039
v 0.4396 -0.0700 -0.6324
v 0.4111 -0.0370 -0.6600
v 0.3857 -0.0052 -0.6868
v 0.3635 0.0255 -0.7125
v 0.3447 0.0549 -0.7371
v 0.3290 0.0831 -0.7608
v 0.3162 0.1102 -0.7836
v 0.3062 0.1363 -0.8055
v 0.2987 0.1614 -0.8265
v 0.2936 0.1857 -0.8469
v 0.2908 0.2091 -0.8665
v 0.2901 0.2317 -0.8855
v 0.2915 0.2535 -0.9038
v 0.2950 0.2746 -0.9215
v 0.3006 0.2948 -0.9385
v 0.3083 0.3143 -0.9548
v 0.3181 0.3330 -0.9705
v 0.3300 0.3509 -0.9855
v 0.3712 0.3943 -1.0219
v 0.4261 0.4326 -1.0541
v 0.4936 0.4662 -1.0823
v 0.5723 0.4956 -1.1069
v 0.6617 0.5210 -1.1283
v 0.7624 0.5421 -1.1460
v 0.8762 0.5585 -1.1597
v 1.0032 0.5698 -1.1692
v 1.1390 0.5779 -1.1760
v 1.2716 0.5871 -1.1838
v 1.3841 0.6039 -1.1978
v 1.4619 0.6337 -1.2228
v 1.5007 0.6780 -1.2600
v 1.5093 0.7336 -1.3066
v 1.5043 0.7943 -1.3576
v 1.5009 0.8543 -1.4080
v 1.5076 0.9106 -1.4552
v 1.5252 0.9629 -1.4990
v 1.5464 1.0137 -1.5417
v 1.5637 1.0661 -1.5857
v 1.5780 1.1196 -1.6305
v 1.5964 1.1715 -1.6741
v 1.6279 1.2185 -1.7136
v 1.6783 1.2585 -1.7471
v 1.7492 1.2908 -1.7742
v 1.8373 1.3167 -1.7960
v 1.9315 1.3403 -1.8158
v 2.0198 1.3662 -1.8374
v 2.0925 1.3978 -1.8640
v 2.1388 1.4393 -1.8988
v 0.6459 -0.3846 -0.2763
v 0.6599 -0.3674 -0.2906
v 0.6692 -0.3485 -0.3065
v 0.6726 -0.3275 -0.3242
v 0.6693 -0.3039 -0.3439
v 0.6592 -0.2778 -0.3659
v 0.6423 -0.2491 -0.3899
v 0.6193 -0.2182 -0.4159
v 0.5913 -0.1853 -0.4434
v 0.5596 -0.1512 -0.4721
v 0.5257 -0.1162 -0.5015
v 0.4912 -0.0809 -0.5311
v 0.4573 -0.0459 -0.5604
v 0.4251 -0.0115 -0.5893
v 0.3955 0.0219 -0.6173
v 0.3690 0.0541 -0.6444
v 0.3458 0.0851 -0.6704
v 0.3261 0.1149 -0.6953
v 0.3096 0.1434 -0.7192
v 0.2963 0.1707 -0.7422
v 0.2858 0.1969 -0.7642
v 0.2781 0.2222 -0.7854
v 0.2729 0.2465 -0.8058
v 0.2701 0.2699 -0.8254
v 0.2696 0.2924 -0.8443
v 0.2713 0.3141 -0.8625
v 0.2752 0.3350 -0.8801
v 0.2813 0.3551 -0.8969
v 0.2896 0.3743 -0.9130
v 0.3000 0.3928 -0.9285
v 0.3127 0.4104 -0.9433
v 0.3561 0.4530 -0.9790
v 0.4136 0.4903 -1.0104
v 0.4836 0.5229 -1.0378
v 0.5647 0.5515 -1.0617
v 0.6559 0.5762 -1.0824
v 0.7576 0.5970 -1.0999
v 0.8714 0.6133 -1.1136
v 0.9979 0.6248 -1.1232
v 1.1337 0.6329 -1.1300
v 1.2678 0.6416 -1.1373
v 1.3839 0.6571 -1.1503
v 1.4666 0.6850 -1.1737
v 1.5099 0.7276 -1.2095
v 1.5212 0.7822 -1.2553
v 1.5163 0.8428 -1.3061
v 1.5114 0.9035 -1.3570
v 1.5159 0.9606 -1.4050
v 1.5286 1.0146 -1.4503
v 1.5420 1.0684 -1.4955
v 1.5526 1.1233 -1.5415
v 1.5636 1.1780 -1.5874
v 1.5836 1.2293 -1.6305
v 1.6204 1.2744 -1.6683
v 1.6778 1.3117 -1.6996
v 1.7544 1.3419 -1.7250
v 1.8433 1.3675 -1.7464
v 1.9355 1.3919 -1.7669
v 2.0237 1.4177 -1.7886
v 2.0964 1.4494 -1.8151
v 2.1427 1.4909 -1.8500
v 0.6376 -0.3282 -0.2314
v 0.6516 -0.3111 -0.2458
v 0.6611 -0.2923 -0.2616
v 0.6649 -0.2713 -0.2791
v 0.6622 -0.2480 -0.2987
v 0.6526 -0.2221 -0.3205
v 0.6363 -0.1936 -0.3444
v 0.6137 -0.1628 -0.3702
v 0.5859 -0.1301 -0.3976
v 0.5543 -0.0959 -0.4263
v 0.5200 -0.0608 -0.4558
v 0.4849 -0.0253 -0.4856
v 0.4502 0.0100 -0.5152
v 0.4171 0.0447 -0.5443
v 0.3867 0.0784 -0.5726
v 0.3595 0.1109 -0.5999
v 0.3358 0.1421 -0.6261
v 0.3157 0.1720 -0.6511
v 0.2990 0.2006 -0.6751
v 0.2857 0.2279 -0.6980
v 0.2754 0.2541 -0.7200
v 0.2679 0.2792 -0.7411
v 0.2630 0.3034 -0.7614
v 0.2607 0.3266 -0.7809
v 0.2607 0.3490 -0.7996
v 0.2629 0.3705 -0.8177
v 0.2675 0.3911 -0.8350
v 0.2742 0.4109 -0.8516
v 0.2833 0.4299 -0.8676
v 0.2945 0.4481 -0.8828
v 0.3079 0.4654 -0.8973
v 0.3535 0.5072 -0.9324
v 0.4131 0.5437 -0.9631
v 0.4850 0.5757 -0.9898
v 0.5676 0.6036 -1.0133
v 0.6597 0.6280 -1.0338
v 0.7615 0.6488 -1.0512
v 0.8743 0.6655 -1.0652
v 0.9992 0.6776 -1.0754
v 1.1337 0.6862 -1.0826
v 1.2681 0.6948 -1.0898
v 1.3865 0.7093 -1.1020
v 1.4732 0.7357 -1.1242
v 1.5205 0.7769 -1.1587
v 1.5342 0.8306 -1.2037
v 1.5294 0.8912 -1.2546
v 1.5228 0.9525 -1.3060
v 1.5230 1.0112 -1.3553
v 1.5284 1.0680 -1.4029
v 1.5342 1.1246 -1.4505
v 1.5391 1.1816 -1.4983
v 1.5487 1.2368 -1.5446
v 1.5718 1.2870 -1.5867
v 1.6149 1.3297 -1.6226
v 1.6788 1.3646 -1.6518
v 1.7589 1.3935 -1.6761
v 1.8474 1.4193 -1.6977
v 1.9396 1.4436 -1.7182
v 2.0278 1.4695 -1.7398
v 2.1005 1.5011 -1.7664
v 2.1468 1.5426 -1.8012
v 0.6298 -0.2718 -0.1866
v 0.6424 -0.2542 -0.2014
v 0.6504 -0.2348 -0.2176
v 0.6527 -0.2133 -0.2357
v 0.6484 -0.1894 -0.2557
v 0.6373 -0.1629 -0.2780
v 0.6197 -0.1340 -0.3023
v 0.5961 -0.1028 -0.3284
v 0.5678 -0.0699 -0.3560
v 0.5361 -0.0357 -0.3847
v 0.5025 -0.0008 -0.4140
v 0.4685 0.0343 -0.4434
v 0.4354 0.0690 -0.4726
v 0.4042 0.1030 -0.5011
v 0.3758 0.1359 -0.5287
v 0.3506 0.1677 -0.5554
v 0.3289 0.1982 -0.5809
v 0.3106 0.2274 -0.6054
v 0.2956 0.2553 -0.6289
v 0.2837 0.2821 -0.6514
v 0.2747 0.3078 -0.6730
v 0.2683 0.3325 -0.6937
v 0.2645 0.3563 -0.7136
v 0.2631 0.3792 -0.7328
v 0.2640 0.4012 -0.7513
v 0.2672 0.4224 -0.7691
v 0.2726 0.4427 -0.7861
v 0.2802 0.4622 -0.8025
v 0.2900 0.4809 -0.8182
v 0.3020 0.4987 -0.8331
v 0.3162 0.5158 -0.8474
v 0.3637 0.5568 -0.8819
v 0.4249 0.5928 -0.9121
v 0.4981 0.6242 -0.9385
v 0.5813 0.6520 -0.9617
v 0.6733 0.6764 -0.9822
v 0.7739 0.6976 -1.0000
v 0.8846 0.7151 -1.0147
v 1.0069 0.7282 -1.0257
v 1.1390 0.7377 -1.0336
v 1.2723 0.7466 -1.0412
v 1.3919 0.7607 -1.0530
v 1.4816 0.7861 -1.0742
v 1.5323 0.8259 -1.1077
v 1.5480 0.8789 -1.1521
v 1.5433 0.9394 -1.2029
v 1.5339 1.0017 -1.2552
v 1.5280 1.0628 -1.3064
v 1.5257 1.1224 -1.3565
v 1.5244 1.1817 -1.4063
v 1.5251 1.2403 -1.4554
v 1.5349 1.2954 -1.5016
v 1.5625 1.3439 -1.5423
v 1.6123 1.3841 -1.5761
v 1.6818 1.4169 -1.6036
v 1.7631 1.4454 -1.6275
v 1.8516 1.4712 -1.6491
v 1.9437 1.4955 -1.6696
v 2.0320 1.5214 -1.6912
v 2.1046 1.5530 -1.7178
v 2.1509 1.5945 -1.7526
v 0.6001 -0.2071 -0.1488
v 0.6077 -0.1876 -0.1651
v 0.6112 -0.1665 -0.1828
v 0.6098 -0.1436 -0.2020
v 0.6030 -0.1188 -0.2229
v 0.5908 -0.0918 -0.2455
v 0.5734 -0.0630 -0.2696
v 0.5516 -0.0325 -0.2952
v 0.5264 -0.0008 -0.3219
v 0.4989 0.0319 -0.3492
v 0.4704 0.0649 -0.3770
v 0.4419 0.0979 -0.4046
v 0.4145 0.1305 -0.4320
v 0.3889 0.1624 -0.4587
v 0.3658 0.1934 -0.4848
v 0.3453 0.2233 -0.5099
v 0.3277 0.2523 -0.5342
v 0.3130 0.2801 -0.5576
v 0.3010 0.3070 -0.5801
v 0.2916 0.3328 -0.6018
v 0.2847 0.3577 -0.6227
v 0.2801 0.3818 -0.6429
v 0.2778 0.4050 -0.6623
v 0.2778 0.4274 -0.6811
v 0.2798 0.4489 -0.6992
v 0.2841 0.4697 -0.7166
v 0.2904 0.4897 -0.7334
v 0.2990 0.5088 -0.7495
v 0.3096 0.5272 -0.7649
v 0.3224 0.5448 -0.7796
v 0.3374 0.5615 -0.7937
v 0.3864 0.6020 -0.8277
v 0.4486 0.6376 -0.8575
v 0.5222 0.6689 -0.8838
v 0.6051 0.6967 -0.9072
v 0.6958 0.7216 -0.9280
v 0.7943 0.7436 -0.9465
v 0.9020 0.7622 -0.9621
v 1.0205 0.7768 -0.9743
v 1.1490 0.7876 -0.9834
v 1.2802 0.7974 -0.9916
v 1.3998 0.8115 -1.0034
v 1.4915 0.8360 -1.0240
v 1.5450 0.8748 -1.0566
v 1.5626 0.9271 -1.1004
v 1.5574 0.9878 -1.1514
v 1.5440 1.0516 -1.2050
v 1.5315 1.1151 -1.2582
v 1.5217 1.1776 -1.3106
v 1.5140 1.2393 -1.3624
v 1.5120 1.2988 -1.4123
v 1.5238 1.3532 -1.4580
v 1.5572 1.3996 -1.4969
v 1.6137 1.4372 -1.5285
v 1.6862 1.4690 -1.5551
v 1.7675 1.4974 -1.5790
v 1.8559 1.5232 -1.6006
v 1.9480 1.5476 -1.6211
v 2.0362 1.5734 -1.6428
v 2.1089 1.6051 -1.6693
v 2.1552 1.6466 -1.7042
v 0.5588 -0.1378 -0.1148
v 0.5612 -0.1163 -0.1328
v 0.5604 -0.0937 -0.1518
v 0.5561 -0.0697 -0.1719
v 0.5481 -0.0444 -0.1931
v 0.5364 -0.0177 -0.2155
v 0.5215 0.0103 -0.2390
v 0.5037 0.0392 -0.2633
v 0.4839 0.0690 -0.2883
v 0.4629 0.0992 -0.3136
v 0.4415 0.1296 -0.3391
v 0.4203 0.1598 -0.3645
v 0.4001 0.1897 -0.3895
v 0.3814 0.2190 -0.4142
v 0.3644 0.2477 -0.4382
v 0.3495 0.2757 -0.4617
v 0.3366 0.3028 -0.4845
v 0.3258 0.3292 -0.5066
v 0.3172 0.3548 -0.5280
v 0.3106 0.3796 -0.5489
v 0.3060 0.4036 -0.5690
v 0.3035 0.4269 -0.5886
v 0.3028 0.4495 -0.6075
v 0.3042 0.4713 -0.6259
v 0.3076 0.4924 -0.6436
v 0.3130 0.5128 -0.6606
v 0.3204 0.5324 -0.6771
v 0.3298 0.5512 -0.6929
v 0.3413 0.5692 -0.7080
v 0.3549 0.5865 -0.7225
v 0.3704 0.6030 -0.7364
v 0.4206 0.6431 -0.7700
v 0.4832 0.6785 -0.7997
v 0.5562 0.7100 -0.8262
v 0.6378 0.7384 -0.8499
v 0.7263 0.7641 -0.8715
v 0.8217 0.7873 -0.8910
v 0.9252 0.8074 -0.9079
v 1.0391 0.8237 -0.9215
v 1.1630 0.8362 -0.9320
v 1.2910 0.8472 -0.9412
v 1.4097 0.8616 -0.9534
v 1.5027 0.8857 -0.9736
v 1.5585 0.9237 -1.0054
v 1.5775 0.9754 -1.0488
v 1.5710 1.0366 -1.1002
v 1.5533 1.1020 -1.1551
v 1.5339 1.1681 -1.2105
v 1.5167 1.2333 -1.2653
v 1.5040 1.2969 -1.3186
v 1.5014 1.3567 -1.3688
v 1.5171 1.4096 -1.4132
v 1.5574 1.4534 -1.4499
v 1.6182 1.4894 -1.4802
v 1.6906 1.5212 -1.5068
v 1.7719 1.5496 -1.5307
v 1.8602 1.5754 -1.5523
v 1.9524 1.5998 -1.5728
v 2.0406 1.6257 -1.5945
v 2.1133 1.6573 -1.6210
v 2.1596 1.6988 -1.6559
v 0.5254 -0.0712 -0.0784
v 0.5243 -0.0484 -0.0976
v 0.5210 -0.0249 -0.1174
v 0.5155 -0.0005 -0.1378
v 0.5078 0.0248 -0.1590
v 0.4979 0.0508 -0.1808
v 0.4863 0.0775 -0.2032
v 0.4731 0.1048 -0.2261
v 0.4589 0.1324 -0.2493
v 0.4441 0.1603 -0.2727
v 0.4293 0.1882 -0.2961
v 0.4147 0.2160 -0.3194
v 0.4009 0.2435 -0.3425
v 0.3881 0.2706 -0.3653
v 0.3765 0.2973 -0.3877
v 0.3663 0.3234 -0.4096
v 0.3575 0.3491 -0.4311
v 0.3503 0.3741 -0.4521
v 0.3446 0.3986 -0.4727
v 0.3406 0.4224 -0.4927
v 0.3382 0.4457 -0.5122
v 0.3375 0.4683 -0.5312
v 0.3385 0.4902 -0.5496
v 0.3414 0.5115 -0.5675
v 0.3460 0.5321 -0.5847
v 0.3525 0.5521 -0.6015
v 0.3610 0.5713 -0.6176
v 0.3713 0.5897 -0.6331
v 0.3835 0.6075 -0.6480
v 0.3977 0.6246 -0.6623
v 0.4137 0.6409 -0.6760
v 0.4646 0.6807 -0.7094
v 0.5268 0.7163 -0.7393
v 0.5985 0.7483 -0.7661
v 0.6779 0.7775 -0.7906
v 0.7633 0.8044 -0.8132
v 0.8546 0.8291 -0.8339
v 0.9532 0.8510 -0.8523
v 1.0616 0.8693 -0.8677
v 1.1803 0.8838 -0.8798
v 1.3042 0.8963 -0.8903
v 1.4211 0.9114 -0.9030
v 1.5148 0.9353 -0.9230
v 1.5717 0.9728 -0.9545
v 1.5894 1.0250 -0.9983
v 1.5790 1.0877 -1.0509
v 1.5558 1.1552 -1.1075
v 1.5310 1.2233 -1.1647
v 1.5095 1.2901 -1.2207
v 1.4951 1.3543 -1.2746
v 1.4946 1.4133 -1.3241
v 1.5165 1.4639 -1.3666
v 1.5620 1.5057 -1.4017
v 1.6228 1.5418 -1.4319
v 1.6952 1.5736 -1.4586
v 1.7764 1.6020 -1.4825
v 1.8648 1.6278 -1.5041
v 1.9569 1.6522 -1.5246
v 2.0451 1.6781 -1.5463
v 2.1177 1.7097 -1.5728
v 2.1641 1.7512 -1.6077
v 0.5099 -0.0111 -0.0367
v 0.5073 0.0122 -0.0563
v 0.5034 0.0360 -0.0763
v 0.4982 0.0602 -0.0966
v 0.4918 0.0850 -0.1174
v 0.4842 0.1102 -0.1385
v 0.4757 0.1357 -0.1599
v 0.4664 0.1615 -0.1816
v 0.4567 0.1875 -0.2034
v 0.4467 0.2136 -0.2253
v 0.4368 0.2396 -0.2472
v 0.4271 0.2656 -0.2689
v 0.4180 0.2914 -0.2906
v 0.4095 0.3169 -0.3120
v 0.4018 0.3421 -0.3331
v 0.3951 0.3669 -0.3540
v 0.3895 0.3914 -0.3745
v 0.3850 0.4154 -0.3946
v 0.3818 0.4390 -0.4144
v 0.3800 0.4620 -0.4337
v 0.3795 0.4845 -0.4526
v 0.3805 0.5065 -0.4711
v 0.3831 0.5279 -0.4890
v 0.3873 0.5486 -0.5064
v 0.3932 0.5688 -0.5233
v 0.4008 0.5883 -0.5397
v 0.4102 0.6072 -0.5555
v 0.4213 0.6253 -0.5708
v 0.4342 0.6429 -0.5855
v 0.4488 0.6598 -0.5997
v 0.4652 0.6760 -0.6133
v 0.5161 0.7158 -0.6467
v 0.5773 0.7517 -0.6768
v 0.6470 0.7845 -0.7043
v 0.7233 0.8148 -0.7298
v 0.8048 0.8431 -0.7535
v 0.8914 0.8696 -0.7758
v 0.9850 0.8934 -0.7957
v 1.0888 0.9135 -0.8126
v 1.2037 0.9293 -0.8259
v 1.3252 0.9427 -0.8371
v 1.4400 0.9587 -0.8505
v 1.5305 0.9837 -0.8715
v 1.5833 1.0228 -0.9043
v 1.5971 1.0764 -0.9493
v 1.5830 1.1405 -1.0030
v 1.5561 1.2093 -1.0608
v 1.5277 1.2788 -1.1191
v 1.5037 1.3465 -1.1759
v 1.4898 1.4105 -1.2297
v 1.4938 1.4678 -1.2777
v 1.5211 1.5164 -1.3185
v 1.5668 1.5582 -1.3536
v 1.6276 1.5943 -1.3838
v 1.6999 1.6261 -1.4105
v 1.7810 1.6546 -1.4344
v 1.8694 1.6804 -1.4561
v 1.9615 1.7048 -1.4765
v 2.0497 1.7306 -1.4982
v 2.1223 1.7623 -1.5248
v 2.1686 1.8038 -1.5596
v 0.5115 0.0427 0.0102
v 0.5092 0.0659 -0.0092
v 0.5061 0.0895 -0.0290
v 0.5021 0.1133 -0.0490
v 0.4973 0.1374 -0.0692
v 0.4919 0.1618 -0.0897
v 0.4860 0.1863 -0.1103
v 0.4797 0.2110 -0.1310
v 0.4732 0.2358 -0.1518
v 0.4665 0.2607 -0.1726
v 0.4600 0.2855 -0.1935
v 0.4537 0.3102 -0.2142
v 0.4477 0.3347 -0.2348
v 0.4423 0.3591 -0.2553
v 0.4374 0.3833 -0.2755
v 0.4334 0.4071 -0.2955
v 0.4302 0.4307 -0.3153
v 0.4280 0.4538 -0.3348
v 0.4268 0.4766 -0.3539
v 0.4268 0.4990 -0.3726
v 0.4281 0.5208 -0.3910
v 0.4307 0.5422 -0.4089
v 0.4347 0.5631 -0.4264
v 0.4402 0.5834 -0.4434
v 0.4471 0.6031 -0.4600
v 0.4556 0.6223 -0.4761
v 0.4657 0.6409 -0.4917
v 0.4774 0.6588 -0.5068
v 0.4907 0.6762 -0.5213
v 0.5057 0.6930 -0.5354
v 0.5221 0.7092 -0.5490
v 0.5725 0.7492 -0.5825
v 0.6321 0.7857 -0.6132
v 0.6991 0.8195 -0.6416
v 0.7719 0.8511 -0.6681
v 0.8493 0.8810 -0.6932
v 0.9316 0.9090 -0.7167
v 1.0210 0.9345 -0.7380
v 1.1207 0.9560 -0.7561
v 1.2318 0.9733 -0.7706
v 1.3495 0.9882 -0.7831
v 1.4602 1.0056 -0.7977
v 1.5464 1.0322 -0.8201
v 1.5947 1.0730 -0.8542
v 1.6045 1.1281 -0.9005
v 1.5867 1.1936 -0.9555
v 1.5564 1.2637 -1.0143
v 1.5253 1.3341 -1.0734
v 1.5007 1.4021 -1.1305
v 1.4895 1.4651 -1.1833
v 1.4985 1.5206 -1.2298
v 1.5261 1.5691 -1.2705
v 1.5716 1.6109 -1.3056
v 1.6324 1.6470 -1.3359
v 1.7046 1.6788 -1.3626
v 1.7858 1.7073 -1.3865
v 1.8741 1.7331 -1.4082
v 1.9662 1.7575 -1.4286
v 2.0544 1.7834 -1.4503
v 2.1270 1.8150 -1.4769
v 2.1733 1.8565 -1.5117
v 0.5267 0.0917 0.0613
v 0.5260 0.1144 0.0423
v 0.5244 0.1373 0.0230
v 0.5221 0.1605 0.0035
v 0.5190 0.1840 -0.0162
v 0.5156 0.2076 -0.0360
v 0.5118 0.2314 -0.0560
v 0.5077 0.2553 -0.0760
v 0.5036 0.2792 -0.0960
v 0.4994 0.3031 -0.1161
v 0.4953 0.3269 -0.1361
v 0.4915 0.3507 -0.1561
v 0.4879 0.3744 -0.1759
v 0.4848 0.3979 -0.1957
v 0.4822 0.4212 -0.2152
v 0.4803 0.4443 -0.2346
v 0.4791 0.4671 -0.2537
v 0.4788 0.4896 -0.2726
v 0.4794 0.5117 -0.2911
v 0.4811 0.5334 -0.3093
v 0.4839 0.5547 -0.3272
v 0.4879 0.5755 -0.3447
v 0.4932 0.5959 -0.3618
v 0.4995 0.6159 -0.3786
v 0.5069 0.6355 -0.3950
v 0.5158 0.6545 -0.4110
v 0.5262 0.6729 -0.4264
v 0.5381 0.6909 -0.4415
v 0.5515 0.7082 -0.4560
v 0.5663 0.7250 -0.4702
v 0.5825 0.7413 -0.4838
v 0.6315 0.7818 -0.5178
v 0.6886 0.8193 -0.5492
v 0.7523 0.8543 -0.5786
v 0.8210 0.8874 -0.6064
v 0.8939 0.9190 -0.6329
v 0.9716 0.9488 -0.6579
v 1.0566 0.9758 -0.6806
v 1.1522 0.9989 -0.7000
v 1.2595 1.0176 -0.7157
v 1.3734 1.0339 -0.7293
v 1.4801 1.0529 -0.7452
v 1.5618 1.0811 -0.7690
v 1.6056 1.1236 -0.8046
v 1.6113 1.1802 -0.8521
v 1.5900 1.2470 -0.9081
v 1.5571 1.3181 -0.9678
v 1.5246 1.3891 -1.0273
v 1.5014 1.4566 -1.0840
v 1.4942 1.5180 -1.1356
v 1.5037 1.5733 -1.1820
v 1.5312 1.6218 -1.2227
v 1.5766 1.6637 -1.2578
v 1.6373 1.6998 -1.2881
v 1.7095 1.7317 -1.3148
v 1.7906 1.7602 -1.3387
v 1.8789 1.7860 -1.3604
v 1.9710 1.8104 -1.3809
v 2.0592 1.8362 -1.4026
v 2.1318 1.8679 -1.4291
v 2.1781 1.9094 -1.4640
v 0.5568 0.1354 0.1168
v 0.5590 0.1569 0.0987
v 0.5599 0.1789 0.0802
v 0.5593 0.2015 0.0613
v 0.5579 0.2244 0.0421
v 0.5562 0.2474 0.0228
v 0.5542 0.2704 0.0034
v 0.5521 0.2936 -0.0160
v 0.5499 0.3167 -0.0354
v 0.5477 0.3399 -0.0548
v 0.5456 0.3630 -0.0743
v 0.5437 0.3861 -0.0936
v 0.5421 0.4090 -0.1129
v 0.5409 0.4318 -0.1320
v 0.5402 0.4545 -0.1510
v 0.5401 0.4768 -0.1698
v 0.5406 0.4990 -0.1883
v 0.5419 0.5208 -0.2067
v 0.5441 0.5424 -0.2247
v 0.5472 0.5636 -0.2425
v 0.5514 0.5844 -0.2600
v 0.5566 0.6048 -0.2771
v 0.5622 0.6250 -0.2941
v 0.5681 0.6452 -0.3110
v 0.5751 0.6649 -0.3275
v 0.5836 0.6841 -0.3436
v 0.5934 0.7027 -0.3593
v 0.6046 0.7209 -0.3745
v 0.6172 0.7386 -0.3894
v 0.6311 0.7557 -0.4037
v 0.6463 0.7724 -0.4177
v 0.6922 0.8140 -0.4527
v 0.7456 0.8529 -0.4853
v 0.8049 0.8895 -0.5160
v 0.8686 0.9245 -0.5454
v 0.9362 0.9581 -0.5736
v 1.0091 0.9897 -0.6001
v 1.0898 1.0183 -0.6241
v 1.1816 1.0428 -0.6447
v 1.2855 1.0628 -0.6614
v 1.3959 1.0804 -0.6762
v 1.4987 1.1008 -0.6933
v 1.5761 1.1307 -0.7184
v 1.6156 1.1747 -0.7553
v 1.6174 1.2329 -0.8041
v 1.5931 1.3007 -0.8611
v 1.5584 1.3725 -0.9213
v 1.5263 1.4433 -0.9807
v 1.5059 1.5097 -1.0365
v 1.4994 1.5710 -1.0879
v 1.5088 1.6263 -1.1342
v 1.5363 1.6748 -1.1750
v 1.5817 1.7167 -1.2101
v 1.6423 1.7528 -1.2404
v 1.7144 1.7847 -1.2672
v 1.7955 1.8132 -1.2911
v 1.8838 1.8390 -1.3128
v 1.9759 1.8634 -1.3332
v 2.0641 1.8893 -1.3549
v 2.1367 1.9210 -1.3815
v 2.1830 1.9625 -1.4163
v 0.6073 0.1716 0.1785
v 0.6139 0.1915 0.1618
v 0.6175 0.2125 0.1442
v 0.6182 0.2346 0.1257
v 0.6182 0.2569 0.1069
v 0.6180 0.2794 0.0881
v 0.6177 0.3018 0.0692
v 0.6171 0.3244 0.0503
v 0.6166 0.3469 0.0314
v 0.6160 0.3695 0.0125
v 0.6156 0.3920 -0.0064
v 0.6153 0.4145 -0.0253
v 0.6153 0.4368 -0.0440
v 0.6156 0.4590 -0.0627
v 0.6164 0.4811 -0.0812
v 0.6177 0.5029 -0.0995
v 0.6196 0.5246 -0.1177
v 0.6222 0.5459 -0.1356
v 0.6256 0.5670 -0.1533
v 0.6298 0.5878 -0.1707
v 0.6350 0.6082 -0.1879
v 0.6405 0.6285 -0.2049
v 0.6446 0.6493 -0.2223
v 0.6493 0.6699 -0.2396
v 0.6553 0.6900 -0.2565
v 0.6625 0.7097 -0.2730
v 0.6709 0.7289 -0.2891
v 0.6806 0.7476 -0.3048
v 0.6915 0.7659 -0.3201
v 0.7037 0.7837 -0.3351
v 0.7170 0.8010 -0.3496
v 0.7576 0.8447 -0.3863
v 0.8051 0.8857 -0.4207
v 0.8583 0.9247 -0.4534
v 0.9137 0.9628 -0.4853
v 0.9739 0.9991 -0.5158
v 1.0414 1.0327 -0.5440
v 1.1182 1.0628 -0.5693
v 1.2070 1.0884 -0.5908
v 1.3083 1.1094 -0.6084
v 1.4158 1.1280 -0.6240
v 1.5153 1.1497 -0.6422
v 1.5887 1.1810 -0.6685
v 1.6243 1.2265 -0.7067
v 1.6226 1.2860 -0.7565
v 1.5960 1.3547 -0.8142
v 1.5607 1.4267 -0.8746
v 1.5304 1.4968 -0.9335
v 1.5108 1.5630 -0.9890
v 1.5045 1.6241 -1.0403
v 1.5140 1.6794 -1.0867
v 1.5414 1.7279 -1.1274
v 1.5868 1.7698 -1.1625
v 1.6473 1.8060 -1.1929
v 1.7195 1.8378 -1.2196
v 1.8005 1.8664 -1.2436
v 1.8888 1.8922 -1.2652
v 1.9809 1.9166 -1.2857
v 2.0690 1.9425 -1.3074
v 2.1417 1.9741 -1.3340
v 2.1880 2.0156 -1.3688
v 0.6700 0.2039 0.2436
v 0.6802 0.2224 0.2280
v 0.6847 0.2431 0.2107
v 0.6862 0.2648 0.1924
v 0.6874 0.2867 0.1741
v 0.6885 0.3086 0.1557
v 0.6893 0.3307 0.1372
v 0.6900 0.3527 0.1187
v 0.6906 0.3748 0.1001
v 0.6913 0.3969 0.0816
v 0.6920 0.4190 0.0631
v 0.6929 0.4410 0.0446
v 0.6940 0.4629 0.0262
v 0.6954 0.4847 0.0079
v 0.6972 0.5064 -0.0103
v 0.6995 0.5279 -0.0283
v 0.7022 0.5492 -0.0462
v 0.7056 0.5702 -0.0638
v 0.7097 0.5911 -0.0813
v 0.7145 0.6116 -0.0985
v 0.7202 0.6318 -0.1155
v 0.7242 0.6526 -0.1330
v 0.7282 0.6735 -0.1504
v 0.7331 0.6940 -0.1677
v 0.7389 0.7141 -0.1846
v 0.7456 0.7340 -0.2012
v 0.7533 0.7535 -0.2176
v 0.7619 0.7726 -0.2336
v 0.7715 0.7913 -0.2493
v 0.7822 0.8097 -0.2647
v 0.7938 0.8276 -0.2798
v 0.8290 0.8733 -0.3181
v 0.8702 0.9166 -0.3545
v 0.9137 0.9592 -0.3902
v 0.9546 1.0027 -0.4267
v 1.0038 1.0431 -0.4606
v 1.0654 1.0788 -0.4906
v 1.1393 1.1100 -0.5167
v 1.2262 1.1363 -0.5388
v 1.3258 1.1578 -0.5569
v 1.4315 1.1771 -0.5731
v 1.5284 1.1997 -0.5920
v 1.5987 1.2322 -0.6193
v 1.6310 1.2789 -0.6585
v 1.6267 1.3393 -0.7091
v 1.5987 1.4085 -0.7672
v 1.5641 1.4802 -0.8274
v 1.5344 1.5501 -0.8860
v 1.5151 1.6161 -0.9414
v 1.5091 1.6771 -0.9926
v 1.5188 1.7322 -1.0389
v 1.5464 1.7807 -1.0796
v 1.5917 1.8226 -1.1146
v 1.6523 1.8587 -1.1450
v 1.7244 1.8905 -1.1717
v 1.8054 1.9191 -1.1956
v 1.8936 1.9449 -1.2173
v 1.9856 1.9693 -1.2377
v 2.0737 1.9951 -1.2594
v 2.1463 2.0268 -1.2860
v 2.1926 2.0683 -1.3208
v 0.7113 0.2447 0.3015
v 0.7209 0.2634 0.2858
v 0.7243 0.2845 0.2681
v 0.7265 0.3059 0.2501
v 0.7285 0.3275 0.2320
v 0.7303 0.3492 0.2138
v 0.7318 0.3709 0.1956
v 0.7332 0.3927 0.1773
v 0.7345 0.4145 0.1590
v 0.7358 0.4363 0.1407
v 0.7371 0.4582 0.1224
v 0.7385 0.4800 0.1041
v 0.7400 0.5017 0.0858
v 0.7418 0.5233 0.0677
v 0.7440 0.5448 0.0496
v 0.7465 0.5662 0.0317
v 0.7495 0.5874 0.0139
v 0.7530 0.6084 -0.0037
v 0.7571 0.6292 -0.0211
v 0.7619 0.6497 -0.0383
v 0.7674 0.6699 -0.0553
v 0.7735 0.6900 -0.0721
v 0.7801 0.7098 -0.0888
v 0.7873 0.7294 -0.1052
v 0.7951 0.7488 -0.1215
v 0.8036 0.7679 -0.1376
v 0.8128 0.7868 -0.1534
v 0.8227 0.8054 -0.1690
v 0.8333 0.8238 -0.1844
v 0.8446 0.8418 -0.1996
v 0.8567 0.8596 -0.2145
v 0.8919 0.9052 -0.2528
v 0.9315 0.9491 -0.2896
v 0.9601 0.9971 -0.3299
v 0.9828 1.0474 -0.3720
v 1.0209 1.0918 -0.4094
v 1.0781 1.1292 -0.4407
v 1.1507 1.1608 -0.4672
v 1.2373 1.1871 -0.4893
v 1.3368 1.2086 -0.5074
v 1.4419 1.2281 -0.5237
v 1.5374 1.2511 -0.5430
v 1.6056 1.2843 -0.5709
v 1.6357 1.3318 -0.6107
v 1.6297 1.3928 -0.6619
v 1.6014 1.4620 -0.7200
v 1.5670 1.5336 -0.7800
v 1.5377 1.6032 -0.8385
v 1.5190 1.6689 -0.8936
v 1.5133 1.7298 -0.9446
v 1.5233 1.7847 -0.9908
v 1.5510 1.8331 -1.0313
v 1.5964 1.8748 -1.0664
v 1.6570 1.9109 -1.0966
v 1.7291 1.9427 -1.1233
v 1.8101 1.9711 -1.1472
v 1.8982 1.9969 -1.1688
v 1.9901 2.0213 -1.1892
v 2.0781 2.0471 -1.2109
v 2.1506 2.0787 -1.2375
v 2.1968 2.1202 -1.2722
v 0.7051 0.3039 0.3440
v 0.7109 0.3240 0.3271
v 0.7138 0.3452 0.3093
v 0.7163 0.3665 0.2914
v 0.7184 0.3880 0.2734
v 0.7203 0.4096 0.2553
v 0.7219 0.4312 0.2371
v 0.7233 0.4530 0.2189
v 0.7246 0.4748 0.2006
v 0.7257 0.4966 0.1822
v 0.7269 0.5185 0.1639
v 0.7280 0.5403 0.1456
v 0.7293 0.5621 0.1273
v 0.7307 0.5838 0.1090
v 0.7324 0.6055 0.0909
v 0.7344 0.6270 0.0728
v 0.7368 0.6484 0.0549
v 0.7396 0.6696 0.0371
v 0.7431 0.6906 0.0195
v 0.7480 0.7110 0.0024
v 0.7559 0.7303 -0.0139
v 0.7644 0.7494 -0.0299
v 0.7734 0.7683 -0.0457
v 0.7832 0.7869 -0.0614
v 0.7936 0.8053 -0.0768
v 0.8048 0.8234 -0.0920
v 0.8167 0.8412 -0.1069
v 0.8293 0.8588 -0.1216
v 0.8427 0.8760 -0.1361
v 0.8568 0.8931 -0.1504
v 0.8716 0.9098 -0.1645
v 0.9136 0.9527 -0.2005
v 0.9555 0.9957 -0.2365
v 0.9712 1.0484 -0.2807
v 0.9847 1.1019 -0.3257
v 1.0199 1.1474 -0.3638
v 1.0775 1.1845 -0.3950
v 1.1516 1.2154 -0.4209
v 1.2400 1.2410 -0.4424
v 1.3409 1.2619 -0.4599
v 1.4468 1.2809 -0.4759
v 1.5422 1.3039 -0.4951
v 1.6095 1.3374 -0.5232
v 1.6383 1.3852 -0.5634
v 1.6317 1.4463 -0.6146
v 1.6034 1.5155 -0.6727
v 1.5693 1.5868 -0.7325
v 1.5405 1.6561 -0.7907
v 1.5223 1.7216 -0.8456
v 1.5170 1.7821 -0.8964
v 1.5273 1.8369 -0.9424
v 1.5553 1.8850 -0.9828
v 1.6009 1.9266 -1.0177
v 1.6616 1.9626 -1.0478
v 1.7336 1.9942 -1.0744
v 1.8145 2.0226 -1.0982
v 1.9026 2.0483 -1.1198
v 1.9944 2.0726 -1.1402
v 2.0821 2.0985 -1.1619
v 2.1544 2.1301 -1.1884
v 2.2005 2.1714 -1.2231
v 0.6695 0.3747 0.3767
v 0.6727 0.3957 0.3591
v 0.6753 0.4169 0.3412
v 0.6774 0.4384 0.3233
v 0.6791 0.4599 0.3052
v 0.6805 0.4816 0.2869
v 0.6816 0.5035 0.2686
v 0.6823 0.5254 0.2502
v 0.6828 0.5474 0.2317
v 0.6831 0.5695 0.2132
v 0.6834 0.5917 0.1946
v 0.6835 0.6138 0.1760
v 0.6837 0.6360 0.1575
v 0.6840 0.6581 0.1389
v 0.6845 0.6801 0.1204
v 0.6853 0.7021 0.1020
v 0.6864 0.7239 0.0837
v 0.6879 0.7455 0.0656
v 0.6903 0.7668 0.0476
v 0.6965 0.7867 0.0310
v 0.7035 0.8063 0.0145
v 0.7113 0.8256 -0.0017
v 0.7201 0.8446 -0.0176
v 0.7298 0.8632 -0.0332
v 0.7405 0.8814 -0.0485
v 0.7522 0.8992 -0.0634
v 0.7650 0.9167 -0.0781
v 0.7788 0.9337 -0.0924
v 0.7937 0.9504 -0.1064
v 0.8096 0.9667 -0.1200
v 0.8265 0.9825 -0.1333
v 0.8757 1.0226 -0.1670
v 0.9172 1.0656 -0.2031
v 0.9354 1.1173 -0.2464
v 0.9580 1.1673 -0.2884
v 1.0019 1.2094 -0.3237
v 1.0654 1.2441 -0.3528
v 1.1436 1.2734 -0.3774
v 1.2355 1.2975 -0.3976
v 1.3395 1.3171 -0.4141
v 1.4475 1.3352 -0.4293
v 1.5439 1.3577 -0.4481
v 1.6112 1.3910 -0.4761
v 1.6398 1.4388 -0.5162
v 1.6330 1.4998 -0.5674
v 1.6049 1.5688 -0.6252
v 1.5712 1.6398 -0.6849
v 1.5429 1.7088 -0.7428
v 1.5251 1.7740 -0.7974
v 1.5203 1.8342 -0.8480
v 1.5310 1.8887 -0.8937
v 1.5594 1.9366 -0.9339
v 1.6053 1.9779 -0.9685
v 1.6660 2.0137 -0.9986
v 1.7380 2.0452 -1.0250
v 1.8188 2.0735 -1.0488
v 1.9067 2.0991 -1.0703
v 1.9983 2.1234 -1.0906
v 2.0858 2.1491 -1.1123
v 2.1579 2.1807 -1.1387
v 2.2038 2.2220 -1.1734
v 0.6394 0.4440 0.4107
v 0.6418 0.4653 0.3928
v 0.6436 0.4867 0.3748
v 0.6449 0.5084 0.3567
v 0.6458 0.5302 0.3383
v 0.6461 0.5522 0.3199
v 0.6461 0.5744 0.3013
v 0.6457 0.5967 0.2825
v 0.6449 0.6192 0.2637
v 0.6439 0.6417 0.2448
v 0.6427 0.6643 0.2258
v 0.6414 0.6869 0.2068
v 0.6400 0.7096 0.1878
v 0.6387 0.7322 0.1688
v 0.6375 0.7548 0.1499
v 0.6366 0.7773 0.1310
v 0.6360 0.7997 0.1122
v 0.6358 0.8219 0.0936
v 0.6379 0.8433 0.0756
v 0.6411 0.8643 0.0580
v 0.6451 0.8849 0.0407
v 0.6501 0.9052 0.0237
v 0.6561 0.9251 0.0070
v 0.6634 0.9445 -0.0093
v 0.6718 0.9635 -0.0253
v 0.6816 0.9821 -0.0408
v 0.6927 1.0001 -0.0559
v 0.7051 1.0176 -0.0706
v 0.7190 1.0345 -0.0848
v 0.7343 1.0510 -0.0986
v 0.7509 1.0669 -0.1120
v 0.8005 1.1067 -0.1454
v 0.8422 1.1494 -0.1812
v 0.8761 1.1950 -0.2195
v 0.9184 1.2375 -0.2552
v 0.9761 1.2743 -0.2860
v 1.0475 1.3059 -0.3125
v 1.1311 1.3329 -0.3352
v 1.2275 1.3552 -0.3539
v 1.3355 1.3732 -0.3690
v 1.4466 1.3899 -0.3830
v 1.5451 1.4114 -0.4011
v 1.6135 1.4442 -0.4286
v 1.6423 1.4917 -0.4684
v 1.6355 1.5526 -0.5195
v 1.6071 1.6215 -0.5773
v 1.5734 1.6924 -0.6368
v 1.5452 1.7612 -0.6946
v 1.5276 1.8260 -0.7490
v 1.5232 1.8860 -0.7993
v 1.5344 1.9401 -0.8447
v 1.5632 1.9876 -0.8846
v 1.6094 2.0287 -0.9190
v 1.6702 2.0642 -0.9489
v 1.7423 2.0956 -0.9752
v 1.8230 2.1238 -0.9988
v 1.9107 2.1493 -1.0202
v 2.0020 2.1735 -1.0405
v 2.0892 2.1992 -1.0621
v 2.1609 2.2307 -1.0885
v 2.2067 2.2719 -1.1231
v 0.6270 0.5073 0.4497
v 0.6285 0.5288 0.4317
v 0.6294 0.5505 0.4134
v 0.6298 0.5725 0.3950
v 0.6295 0.5947 0.3764
v 0.6287 0.6170 0.3576
v 0.6275 0.6396 0.3387
v 0.6257 0.6623 0.3197
v 0.6236 0.6852 0.3005
v 0.6211 0.7082 0.2812
v 0.6184 0.7313 0.2618
v 0.6155 0.7544 0.2424
v 0.6125 0.7776 0.2229
v 0.6096 0.8008 0.2035
v 0.6068 0.8239 0.1841
v 0.6042 0.8469 0.1647
v 0.6020 0.8698 0.1455
v 0.6007 0.8924 0.1266
v 0.6002 0.9146 0.1079
v 0.6006 0.9366 0.0895
v 0.6018 0.9582 0.0714
v 0.6041 0.9794 0.0536
v 0.6075 1.0002 0.0361
v 0.6122 1.0205 0.0190
v 0.6182 1.0404 0.0024
v 0.6256 1.0597 -0.0138
v 0.6344 1.0784 -0.0295
v 0.6448 1.0966 -0.0448
v 0.6568 1.1142 -0.0596
v 0.6704 1.1312 -0.0738
v 0.6855 1.1477 -0.0876
v 0.7309 1.1888 -0.1221
v 0.7775 1.2295 -0.1563
v 0.8274 1.2689 -0.1894
v 0.8858 1.3052 -0.2198
v 0.9543 1.3377 -0.2471
v 1.0323 1.3666 -0.2714
v 1.1208 1.3917 -0.2924
v 1.2218 1.4120 -0.3094
v 1.3344 1.4280 -0.3229
v 1.4498 1.4430 -0.3354
v 1.5519 1.4630 -0.3522
v 1.6225 1.4946 -0.3788
v 1.6517 1.5418 -0.4183
v 1.6436 1.6030 -0.4697
v 1.6131 1.6724 -0.5279
v 1.5775 1.7438 -0.5878
v 1.5482 1.8129 -0.6458
v 1.5303 1.8776 -0.7001
v 1.5260 1.9373 -0.7502
v 1.5376 1.9911 -0.7953
v 1.5669 2.0382 -0.8349
v 1.6133 2.0790 -0.8691
v 1.6743 2.1143 -0.8987
v 1.7463 2.1455 -0.9249
v 1.8269 2.1734 -0.9483
v 1.9144 2.1988 -0.9697
v 2.0054 2.2229 -0.9899
v 2.0922 2.2486 -1.0114
v 2.1636 2.2800 -1.0378
v 2.2091 2.3211 -1.0722
v 0.6261 0.5669 0.4918
v 0.6270 0.5886 0.4737
v 0.6271 0.6105 0.4553
v 0.6267 0.6326 0.4367
v 0.6256 0.6550 0.4179
v 0.6240 0.6776 0.3989
v 0.6217 0.7004 0.3798
v 0.6190 0.7234 0.3605
v 0.6159 0.7466 0.3411
v 0.6124 0.7699 0.3215
v 0.6086 0.7933 0.3019
v 0.6046 0.8167 0.2822
v 0.6006 0.8402 0.2625
v 0.5966 0.8637 0.2428
v 0.5927 0.8872 0.2231
v 0.5891 0.9105 0.2035
v 0.5859 0.9336 0.1841
v 0.5834 0.9566 0.1649
v 0.5815 0.9792 0.1458
v 0.5805 1.0016 0.1271
v 0.5804 1.0237 0.1086
v 0.5813 1.0453 0.0904
v 0.5834 1.0665 0.0727
v 0.5868 1.0872 0.0553
v 0.5915 1.1074 0.0383
v 0.5978 1.1271 0.0218
v 0.6055 1.1462 0.0058
v 0.6148 1.1647 -0.0097
v 0.6257 1.1826 -0.0248
v 0.6383 1.1999 -0.0393
v 0.6525 1.2165 -0.0533
v 0.6960 1.2581 -0.0882
v 0.7471 1.2969 -0.1207
v 0.8058 1.3328 -0.1508
v 0.8722 1.3658 -0.1785
v 0.9460 1.3961 -0.2039
v 1.0277 1.4234 -0.2269
v 1.1198 1.4469 -0.2465
v 1.2251 1.4654 -0.2620
v 1.3434 1.4790 -0.2735
v 1.4661 1.4910 -0.2836
v 1.5755 1.5080 -0.2978
v 1.6504 1.5378 -0.3229
v 1.6798 1.5847 -0.3622
v 1.6663 1.6476 -0.4150
v 1.6286 1.7196 -0.4753
v 1.5866 1.7931 -0.5371
v 1.5532 1.8634 -0.5961
v 1.5334 1.9286 -0.6508
v 1.5288 1.9882 -0.7008
v 1.5407 2.0416 -0.7456
v 1.5704 2.0884 -0.7848
v 1.6172 2.1287 -0.8187
v 1.6783 2.1638 -0.8481
v 1.7502 2.1947 -0.8741
v 1.8307 2.2225 -0.8974
v 1.9179 2.2478 -0.9186
v 2.0085 2.2718 -0.9387
v 2.0949 2.2974 -0.9602
v 2.1658 2.3287 -0.9865
v 2.2111 2.3696 -1.0208
v 0.6320 0.6246 0.5356
v 0.6326 0.6462 0.5174
v 0.6326 0.6681 0.4991
v 0.6320 0.6902 0.4805
v 0.6307 0.7126 0.4617
v 0.6288 0.7352 0.4428
v 0.6264 0.7580 0.4237
v 0.6235 0.7809 0.4044
v 0.6202 0.8040 0.3850
v 0.6165 0.8273 0.3655
v 0.6126 0.8506 0.3459
v 0.6085 0.8740 0.3263
v 0.6044 0.8974 0.3066
v 0.6003 0.9208 0.2870
v 0.5964 0.9442 0.2674
v 0.5928 0.9674 0.2480
v 0.5897 0.9904 0.2286
v 0.5871 1.0133 0.2095
v 0.5853 1.0358 0.1905
v 0.5842 1.0581 0.1718
v 0.5841 1.0800 0.1534
v 0.5851 1.1015 0.1354
v 0.5873 1.1226 0.1177
v 0.5907 1.1432 0.1004
v 0.5955 1.1633 0.0836
v 0.6018 1.1828 0.0672
v 0.6095 1.2018 0.0513
v 0.6188 1.2202 0.0358
v 0.6297 1.2380 0.0209
v 0.6421 1.2552 0.0064
v 0.6561 1.2719 -0.0076
v 0.6999 1.3131 -0.0421
v 0.7530 1.3509 -0.0738
v 0.8141 1.3856 -0.1030
v 0.8823 1.4177 -0.1299
v 0.9570 1.4474 -0.1548
v 1.0396 1.4740 -0.1772
v 1.1338 1.4964 -0.1960
v 1.2440 1.5128 -0.2097
v 1.3713 1.5228 -0.2181
v 1.5081 1.5293 -0.2236
v 1.6090 1.5492 -0.2402
v 1.6562 1.5891 -0.2737
v 1.6974 1.6313 -0.3091
v 1.7154 1.6821 -0.3518
v 1.6600 1.7604 -0.4175
v 1.6035 1.8391 -0.4835
v 1.5613 1.9124 -0.5450
v 1.5376 1.9789 -0.6008
v 1.5317 2.0386 -0.6509
v 1.5436 2.0917 -0.6955
v 1.5737 2.1381 -0.7344
v 1.6209 2.1780 -0.7679
v 1.6821 2.2127 -0.7970
v 1.7540 2.2434 -0.8228
v 1.8343 2.2710 -0.8459
v 1.9212 2.2961 -0.8670
v 2.0114 2.3200 -0.8870
v 2.0972 2.3455 -0.9084
v 2.1677 2.3767 -0.9346
v 2.2127 2.4175 -0.9688
v 0.6441 0.6806 0.5808
v 0.6452 0.7019 0.5629
v 0.6457 0.7235 0.5448
v 0.6456 0.7453 0.5265
v 0.6450 0.7673 0.5080
v 0.6438 0.7894 0.4894
v 0.6422 0.8118 0.4706
v 0.6401 0.8344 0.4517
v 0.6376 0.8570 0.4327
v 0.6349 0.8798 0.4136
v 0.6320 0.9027 0.3944
v 0.6290 0.9256 0.3752
v 0.6259 0.9485 0.3560
v 0.6230 0.9713 0.3368
v 0.6203 0.9941 0.3177
v 0.6179 1.0167 0.2987
v 0.6159 1.0392 0.2798
v 0.6146 1.0615 0.2611
v 0.6139 1.0835 0.2427
v 0.6140 1.1052 0.2244
v 0.6151 1.1266 0.2065
v 0.6171 1.1476 0.1889
v 0.6203 1.1681 0.1716
v 0.6247 1.1882 0.1548
v 0.6304 1.2079 0.1383
v 0.6374 1.2270 0.1222
v 0.6458 1.2456 0.1066
v 0.6557 1.2637 0.0914
v 0.6670 1.2813 0.0767
v 0.6797 1.2983 0.0625
v 0.6938 1.3147 0.0486
v 0.7376 1.3557 0.0143
v 0.7900 1.3934 -0.0173
v 0.8497 1.4283 -0.0466
v 0.9158 1.4609 -0.0740
v 0.9884 1.4910 -0.0993
v 1.0699 1.5178 -0.1218
v 1.1659 1.5392 -0.1397
v 1.2835 1.5525 -0.1509
v 1.4259 1.5566 -0.1543
v 1.5698 1.5601 -0.1572
v 1.6200 1.5986 -0.1895
v 1.6651 1.6390 -0.2235
v 1.7045 1.6815 -0.2592
v 1.7373 1.7265 -0.2969
v 1.7084 1.7946 -0.3540
v 1.6283 1.8818 -0.4272
v 1.5724 1.9600 -0.4928
v 1.5425 2.0284 -0.5502
v 1.5347 2.0886 -0.6007
v 1.5465 2.1414 -0.6450
v 1.5770 2.1873 -0.6835
v 1.6245 2.2268 -0.7167
v 1.6859 2.2611 -0.7455
v 1.7577 2.2916 -0.7710
v 1.8377 2.3189 -0.7940
v 1.9243 2.3438 -0.8149
v 2.0140 2.3676 -0.8348
v 2.0993 2.3930 -0.8561
v 2.1692 2.4241 -0.8822
v 2.2139 2.4647 -0.9163
v 0.6624 0.7348 0.6274
v 0.6647 0.7555 0.6100
v 0.6665 0.7765 0.5924
v 0.6677 0.7977 0.5747
v 0.6685 0.8190 0.5568
v 0.6689 0.8405 0.5387
v 0.6689 0.8621 0.5206
v 0.6686 0.8839 0.5023
v 0.6680 0.9057 0.4840
v 0.6671 0.9277 0.4656
v 0.6662 0.9496 0.4471
v 0.6652 0.9716 0.4287
v 0.6643 0.9936 0.4102
v 0.6634 1.0156 0.3918
v 0.6629 1.0374 0.3735
v 0.6626 1.0591 0.3553
v 0.6628 1.0807 0.3372
v 0.6635 1.1020 0.3193
v 0.6648 1.1232 0.3015
v 0.6669 1.1440 0.2840
v 0.6698 1.1646 0.2668
v 0.6736 1.1848 0.2498
v 0.6784 1.2046 0.2332
v 0.6842 1.2241 0.2168
v 0.6911 1.2431 0.2009
v 0.6992 1.2617 0.1853
v 0.7085 1.2799 0.1700
v 0.7190 1.2976 0.1551
v 0.7306 1.3149 0.1407
v 0.7435 1.3317 0.1266
v 0.7576 1.3481 0.1128
v 0.8002 1.3891 0.0784
v 0.8499 1.4274 0.0462
v 0.9058 1.4634 0.0160
v 0.9676 1.4973 -0.0124
v 1.0363 1.5285 -0.0386
v 1.1164 1.5555 -0.0612
v 1.2161 1.5752 -0.0777
v 1.3453 1.5838 -0.0850
v 1.5080 1.5800 -0.0818
v 1.5875 1.6072 -0.1046
v 1.6340 1.6467 -0.1378
v 1.6760 1.6880 -0.1724
v 1.7128 1.7311 -0.2086
v 1.7435 1.7766 -0.2467
v 1.7605 1.8271 -0.2892
v 1.6538 1.9239 -0.3704
v 1.5833 2.0072 -0.4402
v 1.5471 2.0776 -0.4993
v 1.5375 2.1381 -0.5501
v 1.5492 2.1907 -0.5942
v 1.5801 2.2360 -0.6323
v 1.6280 2.2751 -0.6650
v 1.6895 2.3090 -0.6935
v 1.7612 2.3391 -0.7188
v 1.8410 2.3662 -0.7415
v 1.9272 2.3909 -0.7623
v 2.0164 2.4145 -0.7821
v 2.1009 2.4399 -0.8033
v 2.1703 2.4709 -0.8293
v 2.2146 2.5112 -0.8632
v 0.6858 0.7877 0.6752
v 0.6897 0.8077 0.6584
v 0.6932 0.8279 0.6414
v 0.6963 0.8482 0.6244
v 0.6991 0.8686 0.6072
v 0.7016 0.8892 0.5900
v 0.7038 0.9099 0.5727
v 0.7057 0.9306 0.5552
v 0.7075 0.9514 0.5378
v 0.7092 0.9723 0.5203
v 0.7108 0.9932 0.5027
v 0.7124 1.0141 0.4852
v 0.7141 1.0349 0.4677
v 0.7159 1.0557 0.4503
v 0.7180 1.0764 0.4329
v 0.7203 1.0970 0.4156
v 0.7231 1.1175 0.3984
v 0.7262 1.1378 0.3814
v 0.7299 1.1579 0.3645
v 0.7342 1.1778 0.3478
v 0.7392 1.1974 0.3314
v 0.7449 1.2168 0.3151
v 0.7513 1.2359 0.2991
v 0.7586 1.2546 0.2834
v 0.7668 1.2731 0.2679
v 0.7759 1.2912 0.2527
v 0.7858 1.3089 0.2378
v 0.7968 1.3263 0.2232
v 0.8086 1.3434 0.2089
v 0.8214 1.3601 0.1949
v 0.8350 1.3765 0.1811
v 0.8752 1.4180 0.1463
v 0.9211 1.4574 0.1132
v 0.9722 1.4949 0.0818
v 1.0292 1.5301 0.0522
v 1.0950 1.5621 0.0254
v 1.1759 1.5883 0.0033
v 1.2823 1.6051 -0.0107
v 1.4247 1.6085 -0.0136
v 1.5607 1.6142 -0.0184
v 1.6062 1.6537 -0.0515
v 1.6485 1.6945 -0.0857
v 1.6871 1.7366 -0.1211
v 1.7212 1.7804 -0.1578
v 1.7495 1.8264 -0.1964
v 1.7709 1.8749 -0.2371
v 1.6684 1.9697 -0.3167
v 1.5895 2.0558 -0.3889
v 1.5501 2.1270 -0.4487
v 1.5396 2.1875 -0.4994
v 1.5516 2.2396 -0.5431
v 1.5831 2.2843 -0.5807
v 1.6314 2.3228 -0.6130
v 1.6930 2.3564 -0.6411
v 1.7646 2.3861 -0.6661
v 1.8441 2.4130 -0.6886
v 1.9299 2.4375 -0.7091
v 2.0185 2.4609 -0.7288
v 2.1023 2.4861 -0.7500
v 2.1710 2.5170 -0.7759
v 2.2149 2.5571 -0.8095
v 0.7116 0.8403 0.7232
v 0.7173 0.8595 0.7071
v 0.7227 0.8788 0.6909
v 0.7278 0.8982 0.6746
v 0.7327 0.9177 0.6582
v 0.7374 0.9373 0.6418
v 0.7420 0.9569 0.6253
v 0.7464 0.9766 0.6088
v 0.7507 0.9963 0.5923
v 0.7549 1.0161 0.5757
v 0.7591 1.0358 0.5591
v 0.7633 1.0556 0.5426
v 0.7677 1.0753 0.5260
v 0.7721 1.0949 0.5095
v 0.7767 1.1145 0.4931
v 0.7816 1.1340 0.4767
v 0.7868 1.1534 0.4604
v 0.7923 1.1727 0.4442
v 0.7982 1.1918 0.4282
v 0.8045 1.2108 0.4123
v 0.8113 1.2296 0.3965
v 0.8187 1.2482 0.3809
v 0.8265 1.2666 0.3655
v 0.8350 1.2847 0.3503
v 0.8441 1.3027 0.3352
v 0.8538 1.3203 0.3204
v 0.8642 1.3378 0.3057
v 0.8752 1.3550 0.2913
v 0.8869 1.3720 0.2770
v 0.8993 1.3887 0.2630
v 0.9122 1.4052 0.2492
v 0.9496 1.4474 0.2138
v 0.9915 1.4878 0.1798
v 1.0389 1.5263 0.1476
v 1.0936 1.5619 0.1177
v 1.1601 1.5932 0.0914
v 1.2456 1.6174 0.0711
v 1.3596 1.6309 0.0597
v 1.5091 1.6312 0.0595
v 1.5818 1.6602 0.0352
v 1.6227 1.7010 0.0009
v 1.6612 1.7428 -0.0341
v 1.6968 1.7856 -0.0700
v 1.7283 1.8300 -0.1073
v 1.7545 1.8763 -0.1461
v 1.7741 1.9251 -0.1871
v 1.6616 2.0233 -0.2695
v 1.5860 2.1076 -0.3403
v 1.5489 2.1776 -0.3990
v 1.5401 2.2371 -0.4489
v 1.5534 2.2882 -0.4918
v 1.5858 2.3322 -0.5287
v 1.6346 2.3701 -0.5605
v 1.6963 2.4032 -0.5882
v 1.7678 2.4326 -0.6129
v 1.8470 2.4592 -0.6352
v 1.9324 2.4834 -0.6555
v 2.0203 2.5067 -0.6751
v 2.1034 2.5318 -0.6961
v 2.1713 2.5625 -0.7219
v 2.2149 2.6024 -0.7554
v 0.7372 0.8935 0.7707
v 0.7445 0.9119 0.7552
v 0.7516 0.9305 0.7397
v 0.7586 0.9490 0.7241
v 0.7654 0.9676 0.7085
v 0.7721 0.9863 0.6928
v 0.7787 1.0050 0.6771
v 0.7852 1.0237 0.6614
v 0.7916 1.0425 0.6457
v 0.7981 1.0612 0.6299
v 0.8045 1.0800 0.6142
v 0.8110 1.0987 0.5985
v 0.8175 1.1174 0.5828
v 0.8241 1.1361 0.5671
v 0.8309 1.1548 0.5515
v 0.8378 1.1733 0.5359
v 0.8449 1.1918 0.5203
v 0.8522 1.2103 0.5049
v 0.8598 1.2286 0.4895
v 0.8677 1.2468 0.4742
v 0.8758 1.2649 0.4590
v 0.8843 1.2829 0.4439
v 0.8932 1.3008 0.4289
v 0.9024 1.3185 0.4141
v 0.9120 1.3361 0.3993
v 0.9220 1.3535 0.3847
v 0.9324 1.3708 0.3702
v 0.9432 1.3879 0.3558
v 0.9545 1.4048 0.3416
v 0.9663 1.4216 0.3276
v 0.9786 1.4381 0.3137
v 1.0138 1.4807 0.2780
v 1.0541 1.5213 0.2439
v 1.1013 1.5593 0.2120
v 1.1586 1.5936 0.1832
v 1.2303 1.6225 0.1589
v 1.3214 1.6442 0.1408
v 1.4370 1.6567 0.1303
v 1.5584 1.6670 0.1216
v 1.5971 1.7082 0.0870
v 1.6346 1.7499 0.0521
v 1.6703 1.7922 0.0166
v 1.7036 1.8355 -0.0197
v 1.7333 1.8801 -0.0572
v 1.7579 1.9266 -0.0962
v 1.7390 1.9893 -0.1488
v 1.6378 2.0828 -0.2273
v 1.5745 2.1621 -0.2938
v 1.5442 2.2291 -0.3501
v 1.5391 2.2867 -0.3984
v 1.5545 2.3367 -0.4403
v 1.5882 2.3798 -0.4764
v 1.6377 2.4170 -0.5077
v 1.6996 2.4495 -0.5350
v 1.7709 2.4786 -0.5593
v 1.8498 2.5048 -0.5813
v 1.9347 2.5287 -0.6015
v 2.0219 2.5518 -0.6208
v 2.1041 2.5768 -0.6418
v 2.1713 2.6074 -0.6674
v 2.2144 2.6470 -0.7007
v 0.7605 0.9482 0.8169
v 0.7691 0.9660 0.8020
v 0.7775 0.9838 0.7870
v 0.7858 1.0017 0.7721
v 0.7941 1.0196 0.7570
v 0.8023 1.0375 0.7420
v 0.8104 1.0554 0.7270
v 0.8185 1.0734 0.7119
v 0.8266 1.0913 0.6968
v 0.8347 1.1093 0.6817
v 0.8427 1.1273 0.6667
v 0.8508 1.1452 0.6516
v 0.8589 1.1632 0.6365
v 0.8670 1.1811 0.6215
v 0.8752 1.1990 0.6064
v 0.8835 1.2169 0.5914
v 0.8919 1.2348 0.5765
v 0.9004 1.2526 0.5615
v 0.9091 1.2703 0.5466
v 0.9178 1.2880 0.5318
v 0.9268 1.3057 0.5170
v 0.9359 1.3232 0.5022
v 0.9452 1.3407 0.4876
v 0.9548 1.3581 0.4729
v 0.9645 1.3755 0.4584
v 0.9746 1.3927 0.4439
v 0.9849 1.4098 0.4296
v 0.9954 1.4269 0.4153
v 1.0064 1.4437 0.4011
v 1.0181 1.4604 0.3872
v 1.0303 1.4768 0.3734
v 1.0661 1.5186 0.3383
v 1.1090 1.5578 0.3054
v 1.1613 1.5935 0.2755
v 1.2250 1.6249 0.2491
v 1.3013 1.6516 0.2267
v 1.3906 1.6734 0.2084
v 1.4932 1.6903 0.1943
v 1.5690 1.7172 0.1717
v 1.6051 1.7589 0.1367
v 1.6406 1.8009 0.1015
v 1.6748 1.8433 0.0659
v 1.7070 1.8865 0.0296
v 1.7356 1.9310 -0.0077
v 1.7592 1.9774 -0.0466
v 1.6855 2.0601 -0.1161
v 1.6082 2.1442 -0.1866
v 1.5600 2.2174 -0.2481
v 1.5381 2.2808 -0.3013
v 1.5374 2.3363 -0.3478
v 1.5553 2.3848 -0.3885
v 1.5904 2.4269 -0.4238
v 1.6406 2.4633 -0.4544
v 1.7027 2.4953 -0.4813
v 1.7739 2.5240 -0.5053
v 1.8525 2.5498 -0.5270
v 1.9368 2.5735 -0.5469
v 2.0232 2.5964 -0.5661
v 2.1045 2.6213 -0.5869
v 2.1709 2.6517 -0.6125
v 2.2135 2.6910 -0.6454
v 0.7805 1.0047 0.8617
v 0.7899 1.0220 0.8472
v 0.7992 1.0393 0.8326
v 0.8084 1.0566 0.8181
v 0.8177 1.0739 0.8036
v 0.8268 1.0913 0.7890
v 0.8360 1.1087 0.7744
v 0.8451 1.1261 0.7598
v 0.8542 1.1435 0.7452
v 0.8632 1.1609 0.7306
v 0.8722 1.1783 0.7160
v 0.8813 1.1957 0.7014
v 0.8903 1.2131 0.6868
v 0.8994 1.2305 0.6722
v 0.9084 1.2479 0.6576
v 0.9175 1.2653 0.6430
v 0.9266 1.2827 0.6284
v 0.9357 1.3001 0.6138
v 0.9450 1.3174 0.5993
v 0.9543 1.3347 0.5848
v 0.9637 1.3520 0.5703
v 0.9732 1.3692 0.5558
v 0.9828 1.3864 0.5414
v 0.9927 1.4035 0.5270
v 1.0027 1.4205 0.5127
v 1.0130 1.4375 0.4985
v 1.0236 1.4543 0.4844
v 1.0346 1.4710 0.4704
v 1.0459 1.4876 0.4565
v 1.0576 1.5039 0.4427
v 1.0711 1.5197 0.4295
v 1.1120 1.5591 0.3965
v 1.1621 1.5951 0.3663
v 1.2216 1.6276 0.3390
v 1.2889 1.6571 0.3142
v 1.3605 1.6851 0.2908
v 1.4337 1.7124 0.2678
v 1.5089 1.7390 0.2455
v 1.5705 1.7707 0.2189
v 1.6056 1.8123 0.1840
v 1.6407 1.8539 0.1491
v 1.6748 1.8959 0.1139
v 1.7068 1.9386 0.0780
v 1.7353 1.9826 0.0411
v 1.7115 2.0462 -0.0123
v 1.6392 2.1279 -0.0808
v 1.5819 2.2040 -0.1447
v 1.5467 2.2719 -0.2016
v 1.5322 2.3320 -0.2521
v 1.5356 2.3854 -0.2969
v 1.5560 2.4325 -0.3364
v 1.5926 2.4736 -0.3709
v 1.6435 2.5093 -0.4008
v 1.7058 2.5407 -0.4272
v 1.7768 2.5688 -0.4508
v 1.8550 2.5943 -0.4722
v 1.9387 2.6178 -0.4919
v 2.0243 2.6405 -0.5109
v 2.1047 2.6651 -0.5316
v 2.1701 2.6954 -0.5570
v 2.2122 2.7343 -0.5897
v 0.7972 1.0630 0.9049
v 0.8070 1.0799 0.8907
v 0.8168 1.0968 0.8765
v 0.8266 1.1137 0.8623
v 0.8363 1.1307 0.8481
v 0.8460 1.1476 0.8339
v 0.8557 1.1646 0.8196
v 0.8653 1.1816 0.8054
v 0.8749 1.1986 0.7911
v 0.8845 1.2156 0.7769
v 0.8941 1.2326 0.7626
v 0.9037 1.2496 0.7483
v 0.9133 1.2666 0.7341
v 0.9230 1.2835 0.7198
v 0.9326 1.3005 0.7056
v 0.9422 1.3175 0.6913
v 0.9519 1.3345 0.6771
v 0.9617 1.3514 0.6629
v 0.9715 1.3683 0.6487
v 0.9815 1.3852 0.6346
v 0.9916 1.4020 0.6205
v 1.0019 1.4187 0.6064
v 1.0125 1.4353 0.5925
v 1.0233 1.4518 0.5786
v 1.0345 1.4682 0.5649
v 1.0461 1.4845 0.5512
v 1.0581 1.5006 0.5377
v 1.0706 1.5165 0.5243
v 1.0836 1.5322 0.5112
v 1.0972 1.5477 0.4982
v 1.1114 1.5630 0.4853
v 1.1596 1.5992 0.4550
v 1.2162 1.6322 0.4273
v 1.2765 1.6638 0.4008
v 1.3351 1.6961 0.3737
v 1.3872 1.7307 0.3446
v 1.4329 1.7679 0.3134
v 1.4780 1.8051 0.2822
v 1.5320 1.8392 0.2536
v 1.5988 1.8683 0.2291
v 1.6355 1.9088 0.1952
v 1.6706 1.9498 0.1607
v 1.7035 1.9917 0.1256
v 1.7144 2.0418 0.0836
v 1.6627 2.1153 0.0219
v 1.6067 2.1903 -0.0411
v 1.5627 2.2609 -0.1003
v 1.5364 2.3249 -0.1540
v 1.5273 2.3825 -0.2023
v 1.5341 2.4341 -0.2456
v 1.5567 2.4798 -0.2840
v 1.5947 2.5198 -0.3175
v 1.6463 2.5547 -0.3468
v 1.7087 2.5855 -0.3726
v 1.7796 2.6132 -0.3959
v 1.8573 2.6383 -0.4170
v 1.9404 2.6614 -0.4364
v 2.0251 2.6839 -0.4552
v 2.1045 2.7084 -0.4758
v 2.1690 2.7385 -0.5010
v 2.2106 2.7771 -0.5334
v 0.8113 1.1228 0.9469
v 0.8213 1.1394 0.9329
v 0.8313 1.1560 0.9190
v 0.8413 1.1727 0.9050
v 0.8512 1.1893 0.8910
v 0.8612 1.2060 0.8771
v 0.8711 1.2226 0.8631
v 0.8811 1.2393 0.8491
v 0.8911 1.2559 0.8352
v 0.9012 1.2725 0.8213
v 0.9114 1.2890 0.8074
v 0.9218 1.3055 0.7935
v 0.9323 1.3219 0.7798
v 0.9430 1.3383 0.7660
v 0.9538 1.3546 0.7523
v 0.9647 1.3710 0.7386
v 0.9755 1.3873 0.7250
v 0.9866 1.4035 0.7113
v 0.9979 1.4196 0.6978
v 1.0095 1.4356 0.6843
v 1.0214 1.4516 0.6710
v 1.0337 1.4674 0.6577
v 1.0463 1.4830 0.6446
v 1.0593 1.4985 0.6316
v 1.0727 1.5139 0.6187
v 1.0865 1.5290 0.6060
v 1.1008 1.5441 0.5934
v 1.1155 1.5589 0.5809
v 1.1307 1.5737 0.5685
v 1.1462 1.5882 0.5563
v 1.1620 1.6027 0.5442
v 1.2086 1.6388 0.5139
v 1.2614 1.6727 0.4854
v 1.3076 1.7090 0.4550
v 1.3428 1.7495 0.4210
v 1.3672 1.7940 0.3837
v 1.3872 1.8401 0.3450
v 1.4147 1.8834 0.3087
v 1.4610 1.9197 0.2782
v 1.5282 1.9481 0.2543
v 1.6039 1.9735 0.2331
v 1.6632 2.0049 0.2067
v 1.6887 2.0489 0.1697
v 1.6734 2.1083 0.1200
v 1.6322 2.1772 0.0621
v 1.5859 2.2481 0.0026
v 1.5497 2.3152 -0.0537
v 1.5288 2.3766 -0.1052
v 1.5234 2.4322 -0.1519
v 1.5329 2.4823 -0.1939
v 1.5574 2.5267 -0.2312
v 1.5967 2.5656 -0.2638
v 1.6490 2.5997 -0.2924
v 1.7116 2.6299 -0.3177
v 1.7822 2.6571 -0.3405
v 1.8595 2.6818 -0.3613
v 1.9419 2.7046 -0.3804
v 2.0258 2.7268 -0.3991
v 2.1040 2.7512 -0.4195
v 2.1676 2.7810 -0.4446
v 2.2086 2.8193 -0.4767
v 0.8237 1.1838 0.9878
v 0.8338 1.2002 0.9741
v 0.8438 1.2166 0.9603
v 0.8538 1.2330 0.9466
v 0.8639 1.2493 0.9328
v 0.8741 1.2656 0.9191
v 0.8845 1.2819 0.9055
v 0.8951 1.2981 0.8919
v 0.9060 1.3141 0.8785
v 0.9174 1.3300 0.8651
v 0.9292 1.3457 0.8520
v 0.9417 1.3612 0.8390
v 0.9547 1.3765 0.8261
v 0.9682 1.3916 0.8135
v 0.9820 1.4065 0.8009
v 0.9959 1.4215 0.7884
v 1.0094 1.4366 0.7757
v 1.0230 1.4516 0.7631
v 1.0368 1.4666 0.7505
v 1.0509 1.4815 0.7380
v 1.0653 1.4962 0.7257
v 1.0799 1.5109 0.7133
v 1.0947 1.5255 0.7011
v 1.1097 1.5401 0.6889
v 1.1247 1.5546 0.6767
v 1.1396 1.5691 0.6645
v 1.1546 1.5837 0.6523
v 1.1693 1.5983 0.6400
v 1.1838 1.6130 0.6276
v 1.1980 1.6279 0.6152
v 1.2117 1.6429 0.6026
v 1.2452 1.6834 0.5686
v 1.2768 1.7245 0.5341
v 1.2960 1.7703 0.4957
v 1.3036 1.8205 0.4536
v 1.3065 1.8724 0.4100
v 1.3160 1.9218 0.3686
v 1.3442 1.9643 0.3329
v 1.3990 1.9968 0.3056
v 1.4773 2.0205 0.2857
v 1.5625 2.0417 0.2680
v 1.6296 2.0696 0.2445
v 1.6590 2.1116 0.2093
v 1.6487 2.1684 0.1616
v 1.6131 2.2347 0.1060
v 1.5723 2.3029 0.0488
v 1.5405 2.3678 -0.0057
v 1.5230 2.4273 -0.0556
v 1.5202 2.4814 -0.1010
v 1.5319 2.5300 -0.1418
v 1.5582 2.5731 -0.1780
v 1.5988 2.6110 -0.2097
v 1.6517 2.6442 -0.2376
v 1.7144 2.6737 -0.2624
v 1.7848 2.7004 -0.2848
v 1.8616 2.7247 -0.3051
v 1.9433 2.7472 -0.3240
v 2.0261 2.7692 -0.3425
v 2.1032 2.7934 -0.3628
v 2.1658 2.8230 -0.3876
v 2.2062 2.8609 -0.4194
v 0.8352 1.2457 1.0280
v 0.8453 1.2618 1.0145
v 0.8554 1.2780 1.0010
v 0.8656 1.2940 0.9875
v 0.8762 1.3100 0.9741
v 0.8871 1.3258 0.9608
v 0.8985 1.3414 0.9477
v 0.9107 1.3568 0.9348
v 0.9239 1.3717 0.9223
v 0.9381 1.3863 0.9100
v 0.9536 1.4004 0.8982
v 0.9704 1.4140 0.8868
v 0.9882 1.4273 0.8757
v 1.0069 1.4402 0.8648
v 1.0259 1.4530 0.8541
v 1.0446 1.4659 0.8433
v 1.0622 1.4792 0.8321
v 1.0781 1.4932 0.8204
v 1.0935 1.5073 0.8085
v 1.1087 1.5215 0.7966
v 1.1236 1.5358 0.7846
v 1.1380 1.5504 0.7724
v 1.1519 1.5651 0.7601
v 1.1651 1.5800 0.7475
v 1.1775 1.5953 0.7347
v 1.1891 1.6108 0.7216
v 1.1997 1.6268 0.7083
v 1.2093 1.6431 0.6946
v 1.2178 1.6598 0.6805
v 1.2252 1.6769 0.6662
v 1.2315 1.6945 0.6515
v 1.2432 1.7425 0.6112
v 1.2474 1.7932 0.5686
v 1.2407 1.8481 0.5226
v 1.2316 1.9039 0.4758
v 1.2297 1.9569 0.4313
v 1.2452 2.0035 0.3922
v 1.2862 2.0405 0.3611
v 1.3557 2.0669 0.3390
v 1.4462 2.0854 0.3234
v 1.5390 2.1031 0.3086
v 1.6096 2.1291 0.2868
v 1.6410 2.1697 0.2527
v 1.6327 2.2252 0.2062
v 1.6000 2.2897 0.1520
v 1.5624 2.3561 0.0963
v 1.5333 2.4194 0.0432
v 1.5181 2.4774 -0.0055
v 1.5174 2.5300 -0.0496
v 1.5311 2.5772 -0.0893
v 1.5591 2.6191 -0.1244
v 1.6009 2.6559 -0.1553
v 1.6544 2.6882 -0.1824
v 1.7172 2.7171 -0.2066
v 1.7873 2.7433 -0.2286
v 1.8636 2.7671 -0.2486
v 1.9445 2.7893 -0.2672
v 2.0263 2.8111 -0.2855
v 2.1022 2.8351 -0.3056
v 2.1636 2.8645 -0.3303
v 2.2034 2.9019 -0.3617
v 0.8465 1.3082 1.0677
v 0.8567 1.3241 1.0544
v 0.8671 1.3398 1.0412
v 0.8779 1.3554 1.0281
v 0.8893 1.3708 1.0152
v 0.9016 1.3858 1.0026
v 0.9151 1.4004 0.9903
v 0.9301 1.4145 0.9785
v 0.9467 1.4279 0.9673
v 0.9653 1.4406 0.9566
v 0.9858 1.4526 0.9466
v 1.0080 1.4639 0.9370
v 1.0316 1.4748 0.9280
v 1.0558 1.4854 0.9191
v 1.0798 1.4961 0.9101
v 1.1023 1.5073 0.9007
v 1.1223 1.5195 0.8905
v 1.1386 1.5330 0.8791
v 1.1513 1.5479 0.8666
v 1.1626 1.5633 0.8537
v 1.1727 1.5792 0.8403
v 1.1815 1.5956 0.8266
v 1.1890 1.6124 0.8125
v 1.1950 1.6298 0.7979
v 1.1996 1.6477 0.7829
v 1.2028 1.6662 0.7674
v 1.2046 1.6851 0.7514
v 1.2051 1.7046 0.7351
v 1.2044 1.7245 0.7184
v 1.2026 1.7448 0.7014
v 1.2000 1.7654 0.6841
v 1.1901 1.8208 0.6376
v 1.1791 1.8766 0.5908
v 1.1634 1.9342 0.5425
v 1.1545 1.9892 0.4963
v 1.1618 2.0381 0.4552
v 1.1915 2.0787 0.4212
v 1.2478 2.1094 0.3954
v 1.3301 2.1303 0.3779
v 1.4292 2.1450 0.3656
v 1.5260 2.1605 0.3525
v 1.5974 2.1855 0.3316
v 1.6286 2.2256 0.2980
v 1.6209 2.2801 0.2522
v 1.5898 2.3434 0.1991
v 1.5542 2.4084 0.1445
v 1.5271 2.4703 0.0926
v 1.5137 2.5270 0.0451
v 1.5149 2.5782 0.0021
v 1.5304 2.6241 -0.0364
v 1.5601 2.6647 -0.0705
v 1.6030 2.7004 -0.1004
v 1.6571 2.7319 -0.1269
v 1.7199 2.7601 -0.1505
v 1.7897 2.7857 -0.1720
v 1.8655 2.8091 -0.1916
v 1.9455 2.8308 -0.2099
v 2.0262 2.8524 -0.2280
v 2.1008 2.8762 -0.2480
v 2.1611 2.9053 -0.2724
v 2.2003 2.9424 -0.3035
v 0.8579 1.3712 1.1070
v 0.8683 1.3867 1.0940
v 0.8792 1.4021 1.0811
v 0.8908 1.4171 1.0685
v 0.9034 1.4318 1.0562
v 0.9173 1.4459 1.0443
v 0.9329 1.4595 1.0329
v 0.9504 1.4723 1.0221
v 0.9701 1.4844 1.0121
v 0.9919 1.4956 1.0026
v 1.0157 1.5061 0.9939
v 1.0411 1.5160 0.9855
v 1.0672 1.5256 0.9775
v 1.0931 1.5353 0.9693
v 1.1174 1.5456 0.9607
v 1.1390 1.5569 0.9512
v 1.1565 1.5698 0.9404
v 1.1689 1.5845 0.9280
v 1.1754 1.6014 0.9138
v 1.1780 1.6199 0.8984
v 1.1792 1.6388 0.8825
v 1.1790 1.6582 0.8662
v 1.1774 1.6782 0.8494
v 1.1745 1.6987 0.8322
v 1.1702 1.7197 0.8146
v 1.1650 1.7410 0.7967
v 1.1588 1.7627 0.7785
v 1.1520 1.7846 0.7601
v 1.1447 1.8067 0.7416
v 1.1372 1.8289 0.7230
v 1.1297 1.8511 0.7043
v 1.1114 1.9089 0.6558
v 1.0984 1.9648 0.6090
v 1.0922 2.0181 0.5642
v 1.0946 2.0682 0.5222
v 1.1158 2.1113 0.4860
v 1.1591 2.1461 0.4568
v 1.2270 2.1717 0.4353
v 1.3178 2.1888 0.4210
v 1.4216 2.2010 0.4107
v 1.5195 2.2154 0.3986
v 1.5898 2.2402 0.3779
v 1.6197 2.2800 0.3444
v 1.6117 2.3340 0.2991
v 1.5814 2.3963 0.2468
v 1.5471 2.4601 0.1933
v 1.5215 2.5207 0.1425
v 1.5097 2.5761 0.0960
v 1.5126 2.6260 0.0541
v 1.5299 2.6705 0.0167
v 1.5612 2.7098 -0.0162
v 1.6052 2.7444 -0.0452
v 1.6598 2.7750 -0.0709
v 1.7226 2.8025 -0.0940
v 1.7921 2.8276 -0.1150
v 1.8672 2.8505 -0.1343
v 1.9464 2.8719 -0.1522
v 2.0259 2.8932 -0.1701
v 2.0992 2.9168 -0.1899
v 2.1584 2.9457 -0.2142
v 2.1968 2.9824 -0.2449
v 0.8693 1.4348 1.1458
v 0.8798 1.4500 1.1331
v 0.8909 1.4649 1.1205
v 0.9028 1.4796 1.1082
v 0.9159 1.4938 1.0963
v 0.9304 1.5075 1.0848
v 0.9464 1.5206 1.0738
v 0.9643 1.5330 1.0634
v 0.9839 1.5448 1.0535
v 1.0051 1.5560 1.0441
v 1.0275 1.5667 1.0351
v 1.0505 1.5772 1.0263
v 1.0732 1.5879 1.0173
v 1.0945 1.5990 1.0080
v 1.1134 1.6111 0.9979
v 1.1287 1.6245 0.9867
v 1.1397 1.6395 0.9741
v 1.1456 1.6564 0.9599
v 1.1457 1.6754 0.9439
v 1.1412 1.6962 0.9264
v 1.1353 1.7175 0.9086
v 1.1288 1.7391 0.8905
v 1.1215 1.7609 0.8722
v 1.1135 1.7830 0.8536
v 1.1051 1.8052 0.8350
v 1.0965 1.8275 0.8162
v 1.0879 1.8499 0.7975
v 1.0794 1.8721 0.7788
v 1.0713 1.8943 0.7603
v 1.0638 1.9162 0.7419
v 1.0570 1.9378 0.7237
v 1.0435 1.9932 0.6773
v 1.0384 2.0453 0.6335
v 1.0436 2.0937 0.5929
v 1.0599 2.1379 0.5559
v 1.0924 2.1760 0.5238
v 1.1451 2.2066 0.4982
v 1.2203 2.2288 0.4796
v 1.3159 2.2433 0.4673
v 1.4215 2.2542 0.4583
v 1.5183 2.2683 0.4464
v 1.5862 2.2932 0.4255
v 1.6137 2.3332 0.3919
v 1.6046 2.3869 0.3469
v 1.5745 2.4484 0.2953
v 1.5411 2.5111 0.2426
v 1.5166 2.5706 0.1928
v 1.5061 2.6248 0.1473
v 1.5106 2.6734 0.1065
v 1.5297 2.7165 0.0703
v 1.5625 2.7545 0.0384
v 1.6075 2.7880 0.0103
v 1.6625 2.8177 -0.0146
v 1.7253 2.8446 -0.0371
v 1.7944 2.8690 -0.0577
v 1.8689 2.8915 -0.0765
v 1.9471 2.9125 -0.0942
v 2.0254 2.9336 -0.1118
v 2.0973 2.9570 -0.1315
v 2.1553 2.9856 -0.1555
v 2.1930 3.0218 -0.1858
v 0.8801 1.4991 1.1840
v 0.8903 1.5141 1.1714
v 0.9009 1.5289 1.1590
v 0.9122 1.5435 1.1467
v 0.9244 1.5578 1.1347
v 0.9375 1.5717 1.1230
v 0.9516 1.5853 1.1117
v 0.9668 1.5984 1.1006
v 0.9828 1.6113 1.0898
v 0.9994 1.6239 1.0793
v 1.0162 1.6364 1.0687
v 1.0326 1.6491 1.0581
v 1.0479 1.6622 1.0471
v 1.0615 1.6760 1.0356
v 1.0726 1.6907 1.0233
v 1.0807 1.7064 1.0100
v 1.0854 1.7235 0.9957
v 1.0853 1.7424 0.9798
v 1.0821 1.7624 0.9630
v 1.0768 1.7832 0.9456
v 1.0700 1.8046 0.9277
v 1.0631 1.8260 0.9097
v 1.0560 1.8474 0.8917
v 1.0488 1.8690 0.8736
v 1.0417 1.8904 0.8556
v 1.0348 1.9118 0.8377
v 1.0284 1.9330 0.8199
v 1.0226 1.9540 0.8023
v 1.0175 1.9748 0.7849
v 1.0131 1.9952 0.7677
v 1.0097 2.0153 0.7508
v 1.0053 2.0665 0.7079
v 1.0092 2.1146 0.6676
v 1.0228 2.1590 0.6303
v 1.0480 2.1991 0.5966
v 1.0877 2.2338 0.5675
v 1.1461 2.2615 0.5442
v 1.2254 2.2814 0.5275
v 1.3232 2.2944 0.5166
v 1.4285 2.3046 0.5081
v 1.5226 2.3190 0.4960
v 1.5866 2.3446 0.4745
v 1.6108 2.3851 0.4405
v 1.5999 2.4387 0.3956
v 1.5693 2.4997 0.3444
v 1.5362 2.5616 0.2925
v 1.5125 2.6200 0.2435
v 1.5032 2.6730 0.1990
v 1.5092 2.7203 0.1593
v 1.5299 2.7621 0.1242
v 1.5641 2.7988 0.0934
v 1.6101 2.8312 0.0663
v 1.6654 2.8600 0.0420
v 1.7280 2.8861 0.0201
v 1.7967 2.9100 0.0001
v 1.8705 2.9320 -0.0184
v 1.9477 2.9527 -0.0357
v 2.0246 2.9735 -0.0531
v 2.0951 2.9966 -0.0726
v 2.1519 3.0250 -0.0964
v 2.1889 3.0607 -0.1263
v 0.8902 1.5641 1.2216
v 0.8996 1.5792 1.2089
v 0.9091 1.5941 1.1964
v 0.9190 1.6090 1.1839
v 0.9292 1.6237 1.1716
v 0.9398 1.6383 1.1594
v 0.9507 1.6527 1.1472
v 0.9618 1.6671 1.1352
v 0.9730 1.6814 1.1231
v 0.9840 1.6958 1.1110
v 0.9946 1.7104 1.0988
v 1.0044 1.7253 1.0864
v 1.0132 1.7405 1.0736
v 1.0205 1.7563 1.0603
v 1.0261 1.7728 1.0465
v 1.0297 1.7899 1.0321
v 1.0292 1.8086 1.0164
v 1.0267 1.8281 1.0001
v 1.0242 1.8476 0.9837
v 1.0218 1.8670 0.9674
v 1.0189 1.8866 0.9510
v 1.0155 1.9064 0.9344
v 1.0120 1.9262 0.9177
v 1.0083 1.9461 0.9010
v 1.0047 1.9660 0.8843
v 1.0014 1.9858 0.8677
v 0.9984 2.0054 0.8513
v 0.9960 2.0249 0.8350
v 0.9941 2.0441 0.8188
v 0.9930 2.0630 0.8029
v 0.9926 2.0817 0.7873
v 0.9955 2.1294 0.7473
v 1.0056 2.1744 0.7095
v 1.0244 2.2161 0.6745
v 1.0541 2.2538 0.6429
v 1.0979 2.2861 0.6157
v 1.1596 2.3118 0.5942
v 1.2412 2.3301 0.5788
v 1.3393 2.3422 0.5687
v 1.4425 2.3524 0.5601
v 1.5323 2.3676 0.5474
v 1.5913 2.3943 0.5249
v 1.6111 2.4357 0.4902
v 1.5975 2.4895 0.4451
v 1.5658 2.5501 0.3942
v 1.5326 2.6113 0.3429
v 1.5093 2.6688 0.2947
v 1.5009 2.7206 0.2511
v 1.5083 2.7666 0.2125
v 1.5305 2.8071 0.1786
v 1.5661 2.8426 0.1488
v 1.6128 2.8739 0.1226
v 1.6683 2.9019 0.0991
v 1.7308 2.9273 0.0777
v 1.7989 2.9506 0.0582
v 1.8720 2.9721 0.0402
v 1.9481 2.9924 0.0231
v 2.0237 3.0129 0.0059
v 2.0927 3.0358 -0.0134
v 2.1482 3.0639 -0.0369
v 2.1845 3.0991 -0.0664
v 0.9001 1.6298 1.2586
v 0.9085 1.6449 1.2460
v 0.9169 1.6600 1.2333
v 0.9253 1.6751 1.2206
v 0.9336 1.6902 1.2080
v 0.9419 1.7053 1.1953
v 0.9500 1.7205 1.1825
v 0.9579 1.7357 1.1697
v 0.9656 1.7511 1.1568
v 0.9728 1.7666 1.1438
v 0.9795 1.7824 1.1306
v 0.9854 1.7984 1.1172
v 0.9906 1.8146 1.1035
v 0.9949 1.8312 1.0896
v 0.9982 1.8482 1.0753
v 0.9974 1.8668 1.0598
v 0.9944 1.8861 1.0435
v 0.9926 1.9050 1.0277
v 0.9929 1.9231 1.0125
v 0.9943 1.9408 0.9976
v 0.9958 1.9585 0.9828
v 0.9966 1.9764 0.9677
v 0.9966 1.9946 0.9525
v 0.9962 2.0130 0.9371
v 0.9956 2.0315 0.9216
v 0.9950 2.0499 0.9061
v 0.9947 2.0682 0.8907
v 0.9947 2.0864 0.8754
v 0.9952 2.1045 0.8603
v 0.9963 2.1223 0.8453
v 0.9979 2.1399 0.8306
v 1.0059 2.1849 0.7928
v 1.0203 2.2275 0.7571
v 1.0432 2.2669 0.7241
v 1.0768 2.3023 0.6943
v 1.1235 2.3328 0.6687
v 1.1857 2.3575 0.6480
v 1.2662 2.3754 0.6330
v 1.3632 2.3871 0.6232
v 1.4626 2.3979 0.6141
v 1.5468 2.4144 0.6003
v 1.5995 2.4427 0.5765
v 1.6141 2.4851 0.5409
v 1.5972 2.5394 0.4953
v 1.5638 2.5999 0.4446
v 1.5301 2.6604 0.3938
v 1.5070 2.7170 0.3463
v 1.4994 2.7678 0.3037
v 1.5080 2.8125 0.2662
v 1.5317 2.8516 0.2334
v 1.5683 2.8859 0.2046
v 1.6157 2.9161 0.1792
v 1.6714 2.9433 0.1565
v 1.7336 2.9680 0.1357
v 1.8012 2.9907 0.1167
v 1.8734 3.0117 0.0991
v 1.9484 3.0316 0.0824
v 2.0226 3.0519 0.0654
v 2.0900 3.0746 0.0463
v 2.1442 3.1023 0.0230
v 2.1797 3.1370 -0.0061
v 0.9106 1.6957 1.2954
v 0.9183 1.7107 1.2828
v 0.9259 1.7258 1.2702
v 0.9333 1.7410 1.2575
v 0.9404 1.7562 1.2447
v 0.9474 1.7715 1.2318
v 0.9540 1.7869 1.2189
v 0.9603 1.8025 1.2058
v 0.9663 1.8182 1.1927
v 0.9719 1.8340 1.1794
v 0.9770 1.8500 1.1660
v 0.9816 1.8662 1.1524
v 0.9857 1.8825 1.1387
v 0.9893 1.8991 1.1248
v 0.9884 1.9174 1.1095
v 0.9840 1.9369 1.0930
v 0.9808 1.9560 1.0770
v 0.9811 1.9738 1.0621
v 0.9846 1.9904 1.0482
v 0.9898 2.0064 1.0348
v 0.9948 2.0224 1.0213
v 0.9989 2.0388 1.0076
v 1.0017 2.0557 0.9934
v 1.0036 2.0729 0.9790
v 1.0050 2.0902 0.9644
v 1.0063 2.1076 0.9498
v 1.0078 2.1250 0.9352
v 1.0096 2.1423 0.9207
v 1.0117 2.1594 0.9064
v 1.0144 2.1763 0.8922
v 1.0176 2.1930 0.8782
v 1.0297 2.2356 0.8424
v 1.0486 2.2757 0.8088
v 1.0767 2.3123 0.7781
v 1.1168 2.3444 0.7511
v 1.1715 2.3711 0.7287
v 1.2420 2.3919 0.7113
v 1.3260 2.4077 0.6981
v 1.4164 2.4210 0.6869
v 1.5018 2.4362 0.6741
v 1.5693 2.4581 0.6557
v 1.6092 2.4903 0.6287
v 1.6176 2.5343 0.5917
v 1.5968 2.5892 0.5457
v 1.5617 2.6495 0.4951
v 1.5275 2.7094 0.4449
v 1.5049 2.7649 0.3983
v 1.4983 2.8145 0.3567
v 1.5083 2.8579 0.3202
v 1.5333 2.8957 0.2885
v 1.5710 2.9288 0.2608
v 1.6189 2.9580 0.2363
v 1.6746 2.9843 0.2142
v 1.7364 3.0083 0.1940
v 1.8034 3.0304 0.1755
v 1.8748 3.0509 0.1583
v 1.9486 3.0704 0.1419
v 2.0213 3.0904 0.1251
v 2.0871 3.1129 0.1063
v 2.1399 3.1403 0.0833
v 2.1747 3.1745 0.0546
v 0.9221 1.7617 1.3322
v 0.9295 1.7766 1.3197
v 0.9367 1.7915 1.3072
v 0.9436 1.8065 1.2946
v 0.9503 1.8216 1.2820
v 0.9567 1.8368 1.2692
v 0.9629 1.8520 1.2564
v 0.9687 1.8674 1.2435
v 0.9742 1.8830 1.2305
v 0.9794 1.8986 1.2174
v 0.9843 1.9144 1.2041
v 0.9888 1.9303 1.1908
v 0.9930 1.9463 1.1773
v 0.9925 1.9640 1.1624
v 0.9867 1.9838 1.1458
v 0.9807 2.0036 1.1292
v 0.9787 2.0220 1.1138
v 0.9818 2.0384 1.1001
v 0.9890 2.0533 1.0876
v 0.9978 2.0676 1.0756
v 1.0062 2.0820 1.0634
v 1.0130 2.0971 1.0508
v 1.0180 2.1128 1.0376
v 1.0217 2.1290 1.0240
v 1.0248 2.1454 1.0103
v 1.0277 2.1619 0.9964
v 1.0307 2.1784 0.9826
v 1.0340 2.1947 0.9689
v 1.0377 2.2109 0.9553
v 1.0419 2.2270 0.9418
v 1.0467 2.2427 0.9286
v 1.0634 2.2828 0.8950
v 1.0877 2.3200 0.8638
v 1.1225 2.3532 0.8359
v 1.1708 2.3815 0.8122
v 1.2341 2.4041 0.7932
v 1.3110 2.4216 0.7785
v 1.3958 2.4362 0.7662
v 1.4785 2.4516 0.7533
v 1.5469 2.4723 0.7360
v 1.5912 2.5020 0.7110
v 1.6072 2.5423 0.6772
v 1.5982 2.5920 0.6356
v 1.5730 2.6477 0.5888
v 1.5422 2.7054 0.5403
v 1.5144 2.7621 0.4928
v 1.4973 2.8148 0.4486
v 1.4949 2.8619 0.4090
v 1.5079 2.9033 0.3743
v 1.5349 2.9395 0.3439
v 1.5738 2.9713 0.3173
v 1.6222 2.9995 0.2936
v 1.6779 3.0249 0.2722
v 1.7393 3.0482 0.2527
v 1.8057 3.0697 0.2346
v 1.8761 3.0897 0.2179
v 1.9486 3.1089 0.2018
v 2.0197 3.1286 0.1853
v 2.0840 3.1508 0.1666
v 2.1354 3.1779 0.1439
v 2.1694 3.2115 0.1157
v 0.9348 1.8278 1.3689
v 0.9420 1.8424 1.3567
v 0.9491 1.8570 1.3444
v 0.9559 1.8717 1.3321
v 0.9625 1.8865 1.3196
v 0.9688 1.9014 1.3072
v 0.9750 1.9163 1.2946
v 0.9808 1.9314 1.2820
v 0.9865 1.9465 1.2693
v 0.9918 1.9618 1.2565
v 0.9970 1.9771 1.2436
v 1.0018 1.9925 1.2307
v 1.0024 2.0096 1.2164
v 0.9959 2.0293 1.1998
v 0.9869 2.0499 1.1826
v 0.9808 2.0694 1.1662
v 0.9809 2.0866 1.1517
v 0.9877 2.1013 1.1394
v 0.9990 2.1144 1.1284
v 1.0119 2.1268 1.1180
v 1.0237 2.1396 1.1073
v 1.0331 2.1534 1.0957
v 1.0401 2.1680 1.0834
v 1.0457 2.1832 1.0707
v 1.0504 2.1987 1.0577
v 1.0549 2.2142 1.0446
v 1.0595 2.2298 1.0316
v 1.0643 2.2452 1.0187
v 1.0697 2.2605 1.0059
v 1.0757 2.2755 0.9933
v 1.0824 2.2902 0.9809
v 1.1047 2.3273 0.9498
v 1.1362 2.3609 0.9216
v 1.1796 2.3901 0.8971
v 1.2368 2.4141 0.8769
v 1.3073 2.4332 0.8609
v 1.3862 2.4491 0.8476
v 1.4647 2.4652 0.8341
v 1.5317 2.4855 0.8170
v 1.5776 2.5138 0.7933
v 1.5974 2.5518 0.7614
v 1.5929 2.5988 0.7219
v 1.5713 2.6523 0.6771
v 1.5423 2.7086 0.6299
v 1.5146 2.7643 0.5831
v 1.4946 2.8172 0.5387
v 1.4858 2.8658 0.4979
v 1.4900 2.9097 0.4611
v 1.5071 2.9487 0.4284
v 1.5367 2.9830 0.3995
v 1.5769 3.0134 0.3741
v 1.6258 3.0405 0.3513
v 1.6813 3.0652 0.3306
v 1.7423 3.0878 0.3117
v 1.8079 3.1087 0.2941
v 1.8773 3.1281 0.2778
v 1.9486 3.1469 0.2620
v 2.0181 3.1664 0.2457
v 2.0806 3.1884 0.2273
v 2.1306 3.2151 0.2048
v 2.1638 3.2481 0.1771
v 0.9485 1.8940 1.4055
v 0.9557 1.9082 1.3936
v 0.9627 1.9225 1.3816
v 0.9695 1.9369 1.3695
v 0.9762 1.9513 1.3574
v 0.9827 1.9658 1.3453
v 0.9890 1.9803 1.3331
v 0.9951 1.9950 1.3208
v 1.0011 2.0096 1.3085
v 1.0068 2.0244 1.2961
v 1.0124 2.0392 1.2836
v 1.0144 2.0554 1.2701
v 1.0085 2.0745 1.2540
v 0.9975 2.0955 1.2364
v 0.9869 2.1164 1.2189
v 0.9817 2.1352 1.2031
v 0.9849 2.1510 1.1899
v 0.9959 2.1638 1.1792
v 1.0119 2.1747 1.1700
v 1.0292 2.1851 1.1612
v 1.0443 2.1964 1.1518
v 1.0560 2.2089 1.1412
v 1.0652 2.2224 1.1299
v 1.0726 2.2365 1.1181
v 1.0792 2.2510 1.1060
v 1.0855 2.2655 1.0937
v 1.0918 2.2801 1.0815
v 1.0986 2.2945 1.0695
v 1.1059 2.3086 1.0576
v 1.1141 2.3225 1.0460
v 1.1232 2.3360 1.0346
v 1.1529 2.3694 1.0066
v 1.1932 2.3988 0.9819
v 1.2462 2.4235 0.9612
v 1.3114 2.4437 0.9443
v 1.3848 2.4607 0.9300
v 1.4588 2.4776 0.9158
v 1.5231 2.4981 0.8986
v 1.5686 2.5256 0.8756
v 1.5901 2.5620 0.8450
v 1.5884 2.6071 0.8071
v 1.5696 2.6587 0.7639
v 1.5421 2.7134 0.7179
v 1.5142 2.7683 0.6718
v 1.4919 2.8212 0.6275
v 1.4787 2.8706 0.5860
v 1.4764 2.9160 0.5480
v 1.4858 2.9570 0.5136
v 1.5068 2.9936 0.4828
v 1.5388 3.0262 0.4555
v 1.5803 3.0552 0.4312
v 1.6295 3.0813 0.4093
v 1.6849 3.1050 0.3893
v 1.7454 3.1270 0.3709
v 1.8102 3.1472 0.3539
v 1.8785 3.1662 0.3380
v 1.9483 3.1846 0.3226
v 2.0162 3.2038 0.3065
v 2.0770 3.2255 0.2882
v 2.1256 3.2519 0.2661
v 2.1579 3.2843 0.2389
v 0.9630 1.9604 1.4420
v 0.9702 1.9742 1.4303
v 0.9773 1.9881 1.4187
v 0.9842 2.0021 1.4069
v 0.9911 2.0161 1.3952
v 0.9978 2.0302 1.3834
v 1.0043 2.0443 1.3716
v 1.0107 2.0584 1.3597
v 1.0170 2.0726 1.3478
v 1.0232 2.0869 1.3358
v 1.0269 2.1021 1.3231
v 1.0228 2.1201 1.3079
v 1.0117 2.1409 1.2905
v 0.9976 2.1627 1.2722
v 0.9864 2.1834 1.2548
v 0.9832 2.2012 1.2399
v 0.9900 2.2152 1.2282
v 1.0059 2.2258 1.2192
v 1.0269 2.2345 1.2119
v 1.0480 2.2432 1.2046
v 1.0655 2.2532 1.1962
v 1.0797 2.2645 1.1868
v 1.0912 2.2767 1.1765
v 1.1008 2.2897 1.1656
v 1.1095 2.3030 1.1545
v 1.1178 2.3164 1.1432
v 1.1264 2.3298 1.1320
v 1.1355 2.3430 1.1209
v 1.1455 2.3558 1.1102
v 1.1565 2.3682 1.0997
v 1.1688 2.3802 1.0897
v 1.2078 2.4092 1.0654
v 1.2581 2.4340 1.0446
v 1.3195 2.4546 1.0272
v 1.3886 2.4724 1.0123
v 1.4582 2.4899 0.9976
v 1.5193 2.5107 0.9802
v 1.5632 2.5378 0.9574
v 1.5849 2.5733 0.9276
v 1.5847 2.6170 0.8910
v 1.5677 2.6669 0.8491
v 1.5416 2.7202 0.8044
v 1.5139 2.7741 0.7591
v 1.4904 2.8265 0.7152
v 1.4743 2.8761 0.6736
v 1.4673 2.9223 0.6348
v 1.4703 2.9647 0.5992
v 1.4837 3.0033 0.5669
v 1.5077 3.0379 0.5378
v 1.5415 3.0688 0.5119
v 1.5840 3.0965 0.4886
v 1.6335 3.1216 0.4676
v 1.6886 3.1446 0.4483
v 1.7485 3.1658 0.4305
v 1.8125 3.1855 0.4140
v 1.8796 3.2039 0.3985
v 1.9480 3.2219 0.3834
v 2.0141 3.2408 0.3675
v 2.0732 3.2623 0.3495
v 2.1204 3.2883 0.3277
v 2.1518 3.3201 0.3010
v 0.9781 2.0269 1.4782
v 0.9854 2.0404 1.4669
v 0.9925 2.0539 1.4556
v 0.9996 2.0675 1.4442
v 1.0067 2.0811 1.4328
v 1.0136 2.0947 1.4214
v 1.0204 2.1083 1.4100
v 1.0271 2.1220 1.3985
v 1.0338 2.1357 1.3870
v 1.0390 2.1500 1.3750
v 1.0377 2.1666 1.3610
v 1.0284 2.1863 1.3445
v 1.0132 2.2082 1.3261
v 0.9971 2.2304 1.3075
v 0.9864 2.2506 1.2906
v 0.9858 2.2670 1.2768
v 0.9970 2.2790 1.2667
v 1.0180 2.2874 1.2597
v 1.0430 2.2942 1.2540
v 1.0660 2.3018 1.2476
v 1.0859 2.3106 1.2402
v 1.1026 2.3206 1.2319
v 1.1166 2.3316 1.2226
v 1.1286 2.3433 1.2128
v 1.1396 2.3554 1.2027
v 1.1503 2.3676 1.1924
v 1.1613 2.3797 1.1823
v 1.1730 2.3914 1.1724
v 1.1860 2.4028 1.1628
v 1.2003 2.4137 1.1537
v 1.2162 2.4239 1.1451
v 1.2662 2.4479 1.1250
v 1.3272 2.4677 1.1084
v 1.3944 2.4852 1.0937
v 1.4604 2.5032 1.0786
v 1.5182 2.5242 1.0610
v 1.5599 2.5513 1.0383
v 1.5808 2.5861 1.0091
v 1.5810 2.6286 0.9734
v 1.5651 2.6772 0.9326
v 1.5400 2.7292 0.8890
v 1.5129 2.7820 0.8447
v 1.4889 2.8335 0.8014
v 1.4712 2.8828 0.7601
v 1.4610 2.9292 0.7211
v 1.4592 2.9725 0.6848
v 1.4664 3.0125 0.6513
v 1.4831 3.0488 0.6208
v 1.5095 3.0816 0.5932
v 1.5448 3.1111 0.5686
v 1.5880 3.1375 0.5463
v 1.6376 3.1616 0.5261
v 1.6924 3.1838 0.5075
v 1.7517 3.2043 0.4903
v 1.8148 3.2233 0.4743
v 1.8807 3.2413 0.4593
v 1.9476 3.2590 0.4445
v 2.0119 3.2776 0.4289
v 2.0692 3.2988 0.4111
v 2.1149 3.3243 0.3896
v 2.1455 3.3555 0.3634
v 0.9936 2.0938 1.5143
v 1.0010 2.1069 1.5033
v 1.0083 2.1200 1.4923
v 1.0155 2.1331 1.4813
v 1.0226 2.1463 1.4703
v 1.0297 2.1595 1.4592
v 1.0368 2.1727 1.4481
v 1.0438 2.1859 1.4370
v 1.0503 2.1993 1.4258
v 1.0524 2.2143 1.4132
v 1.0464 2.2324 1.3980
v 1.0326 2.2534 1.3804
v 1.0143 2.2760 1.3614
v 0.9974 2.2982 1.3428
v 0.9881 2.3175 1.3266
v 0.9910 2.3322 1.3142
v 1.0071 2.3421 1.3060
v 1.0319 2.3486 1.3005
v 1.0578 2.3548 1.2953
v 1.0823 2.3614 1.2897
v 1.1044 2.3690 1.2833
v 1.1234 2.3777 1.2760
v 1.1398 2.3875 1.2679
v 1.1542 2.3979 1.2591
v 1.1674 2.4088 1.2500
v 1.1802 2.4198 1.2407
v 1.1934 2.4308 1.2315
v 1.2074 2.4414 1.2226
v 1.2226 2.4515 1.2141
v 1.2393 2.4611 1.2061
v 1.2577 2.4701 1.1986
v 1.3142 2.4906 1.1813
v 1.3804 2.5075 1.1671
v 1.4497 2.5233 1.1539
v 1.5118 2.5417 1.1384
v 1.5562 2.5668 1.1174
v 1.5766 2.6009 1.0888
v 1.5765 2.6426 1.0538
v 1.5611 2.6900 1.0140
v 1.5369 2.7407 0.9715
v 1.5104 2.7922 0.9282
v 1.4866 2.8428 0.8858
v 1.4681 2.8914 0.8451
v 1.4561 2.9375 0.8063
v 1.4511 2.9810 0.7698
v 1.4536 3.0218 0.7356
v 1.4642 3.0595 0.7040
v 1.4837 3.0939 0.6751
v 1.5120 3.1249 0.6491
v 1.5486 3.1529 0.6256
v 1.5924 3.1782 0.6043
v 1.6420 3.2014 0.5849
v 1.6964 3.2227 0.5670
v 1.7549 3.2425 0.5504
v 1.8171 3.2609 0.5350
v 1.8818 3.2784 0.5203
v 1.9471 3.2957 0.5058
v 2.0096 3.3140 0.4904
v 2.0651 3.3349 0.4729
v 2.1092 3.3601 0.4518
v 2.1390 3.3906 0.4261
v 1.0095 2.1610 1.5501
v 1.0168 2.1737 1.5394
v 1.0242 2.1864 1.5288
v 1.0315 2.1991 1.5181
v 1.0387 2.2119 1.5074
v 1.0460 2.2246 1.4967
v 1.0532 2.2374 1.4860
v 1.0607 2.2500 1.4754
v 1.0663 2.2634 1.4641
v 1.0647 2.2795 1.4507
v 1.0543 2.2988 1.4344
v 1.0368 2.3208 1.4160
v 1.0166 2.3438 1.3967
v 1.0000 2.3654 1.3785
v 0.9932 2.3834 1.3634
v 1.0004 2.3962 1.3527
v 1.0201 2.4043 1.3459
v 1.0444 2.4107 1.3405
v 1.0703 2.4164 1.3357
v 1.0959 2.4223 1.3308
v 1.1196 2.4289 1.3252
v 1.1407 2.4365 1.3189
v 1.1592 2.4451 1.3117
v 1.1755 2.4544 1.3038
v 1.1904 2.4643 1.2955
v 1.2046 2.4745 1.2870
v 1.2189 2.4846 1.2785
v 1.2338 2.4945 1.2702
v 1.2497 2.5040 1.2622
v 1.2668 2.5131 1.2546
v 1.2852 2.5216 1.2475
v 1.3400 2.5418 1.2305
v 1.4011 2.5597 1.2155
v 1.4618 2.5777 1.2004
v 1.5131 2.5992 1.1824
v 1.5470 2.6272 1.1589
v 1.5595 2.6632 1.1287
v 1.5522 2.7066 1.0922
v 1.5314 2.7550 1.0516
v 1.5058 2.8053 1.0095
v 1.4826 2.8546 0.9680
v 1.4642 2.9022 0.9281
v 1.4515 2.9476 0.8900
v 1.4445 2.9909 0.8537
v 1.4437 3.0318 0.8193
v 1.4496 3.0703 0.7871
v 1.4632 3.1059 0.7572
v 1.4850 3.1384 0.7299
v 1.5151 3.1678 0.7052
v 1.5529 3.1944 0.6829
v 1.5971 3.2186 0.6626
v 1.6466 3.2408 0.6440
v 1.7005 3.2613 0.6268
v 1.7583 3.2804 0.6108
v 1.8194 3.2982 0.5958
v 1.8828 3.3152 0.5816
v 1.9464 3.3321 0.5674
v 2.0070 3.3501 0.5523
v 2.0607 3.3708 0.5349
v 2.1034 3.3955 0.5142
v 2.1322 3.4254 0.4891
v 1.0254 2.2285 1.5855
v 1.0328 2.2409 1.5752
v 1.0401 2.2532 1.5648
v 1.0474 2.2655 1.5545
v 1.0547 2.2779 1.5441
v 1.0620 2.2902 1.5338
v 1.0703 2.3022 1.5237
v 1.0792 2.3139 1.5139
v 1.0825 2.3278 1.5022
v 1.0770 2.3449 1.4879
v 1.0627 2.3653 1.4707
v 1.0425 2.3880 1.4517
v 1.0215 2.4109 1.4325
v 1.0065 2.4316 1.4152
v 1.0035 2.4478 1.4016
v 1.0143 2.4588 1.3923
v 1.0322 2.4672 1.3853
v 1.0550 2.4737 1.3798
v 1.0804 2.4793 1.3751
v 1.1062 2.4847 1.3706
v 1.1310 2.4906 1.3657
v 1.1535 2.4972 1.3601
v 1.1734 2.5049 1.3537
v 1.1910 2.5134 1.3465
v 1.2068 2.5225 1.3388
v 1.2214 2.5321 1.3308
v 1.2356 2.5419 1.3226
v 1.2498 2.5517 1.3144
v 1.2645 2.5613 1.3063
v 1.2799 2.5706 1.2985
v 1.2961 2.5796 1.2909
v 1.3420 2.6021 1.2720
v 1.3906 2.6236 1.2540
v 1.4367 2.6461 1.2352
v 1.4741 2.6718 1.2136
v 1.4983 2.7024 1.1879
v 1.5073 2.7387 1.1574
v 1.5031 2.7799 1.1228
v 1.4903 2.8244 1.0855
v 1.4739 2.8702 1.0471
v 1.4584 2.9156 1.0090
v 1.4461 2.9599 0.9718
v 1.4384 3.0025 0.9361
v 1.4355 3.0432 0.9019
v 1.4381 3.0819 0.8695
v 1.4470 3.1182 0.8390
v 1.4632 3.1519 0.8108
v 1.4872 3.1826 0.7850
v 1.5189 3.2104 0.7617
v 1.5575 3.2356 0.7405
v 1.6020 3.2587 0.7211
v 1.6513 3.2799 0.7033
v 1.7047 3.2996 0.6868
v 1.7617 3.3180 0.6714
v 1.8218 3.3352 0.6569
v 1.8838 3.3517 0.6431
v 1.9457 3.3683 0.6292
v 2.0044 3.3860 0.6143
v 2.0561 3.4063 0.5972
v 2.0973 3.4306 0.5769
v 2.1253 3.4598 0.5523
v 1.0414 2.2965 1.6206
v 1.0487 2.3085 1.6106
v 1.0560 2.3204 1.6006
v 1.0632 2.3324 1.5905
v 1.0705 2.3444 1.5805
v 1.0792 2.3558 1.5709
v 1.0914 2.3659 1.5624
v 1.0998 2.3775 1.5527
v 1.1000 2.3921 1.5404
v 1.0905 2.4103 1.5251
v 1.0728 2.4316 1.5073
v 1.0509 2.4545 1.4881
v 1.0306 2.4767 1.4694
v 1.0186 2.4959 1.4533
v 1.0193 2.5103 1.4412
v 1.0279 2.5218 1.4316
v 1.0433 2.5308 1.4241
v 1.0639 2.5377 1.4182
v 1.0880 2.5434 1.4135
v 1.1134 2.5486 1.4091
v 1.1384 2.5539 1.4046
v 1.1616 2.5600 1.3996
v 1.1824 2.5669 1.3938
v 1.2008 2.5747 1.3872
v 1.2169 2.5834 1.3799
v 1.2313 2.5927 1.3721
v 1.2446 2.6024 1.3640
v 1.2574 2.6123 1.3557
v 1.2700 2.6222 1.3473
v 1.2827 2.6322 1.3390
v 1.2956 2.6420 1.3307
v 1.3305 2.6677 1.3092
v 1.3657 2.6932 1.2878
v 1.3980 2.7197 1.2655
v 1.4243 2.7485 1.2414
v 1.4423 2.7804 1.2146
v 1.4515 2.8157 1.1850
v 1.4529 2.8538 1.1530
v 1.4492 2.8938 1.1194
v 1.4429 2.9348 1.0850
v 1.4362 2.9759 1.0505
v 1.4308 3.0166 1.0164
v 1.4278 3.0564 0.9830
v 1.4284 3.0948 0.9508
v 1.4339 3.1314 0.9201
v 1.4455 3.1657 0.8913
v 1.4641 3.1974 0.8647
v 1.4901 3.2263 0.8404
v 1.5232 3.2526 0.8184
v 1.5626 3.2765 0.7983
v 1.6073 3.2985 0.7799
v 1.6563 3.3188 0.7628
v 1.7092 3.3377 0.7470
v 1.7653 3.3554 0.7322
v 1.8242 3.3720 0.7182
v 1.8847 3.3880 0.7047
v 1.9448 3.4042 0.6912
v 2.0016 3.4217 0.6765
v 2.0514 3.4417 0.6597
v 2.0911 3.4655 0.6397
v 2.1181 3.4940 0.6158
v 1.0572 2.3649 1.6554
v 1.0644 2.3765 1.6457
v 1.0716 2.3881 1.6359
v 1.0788 2.3997 1.6262
v 1.0877 2.4107 1.6170
v 1.1027 2.4194 1.6097
v 1.1164 2.4285 1.6020
v 1.1228 2.4404 1.5920
v 1.1192 2.4561 1.5789
v 1.1058 2.4754 1.5627
v 1.0856 2.4972 1.5444
v 1.0632 2.5199 1.5254
v 1.0450 2.5409 1.5077
v 1.0366 2.5584 1.4931
v 1.0355 2.5731 1.4807
v 1.0412 2.5852 1.4705
v 1.0536 2.5949 1.4624
v 1.0717 2.6024 1.4561
v 1.0938 2.6084 1.4510
v 1.1181 2.6136 1.4467
v 1.1428 2.6187 1.4424
v 1.1662 2.6242 1.4378
v 1.1876 2.6305 1.4325
v 1.2065 2.6378 1.4264
v 1.2228 2.6460 1.4196
v 1.2371 2.6549 1.4120
v 1.2497 2.6645 1.4040
v 1.2612 2.6745 1.3956
v 1.2720 2.6847 1.3870
v 1.2825 2.6951 1.3783
v 1.2927 2.7056 1.3695
v 1.3187 2.7335 1.3461
v 1.3442 2.7616 1.3226
v 1.3675 2.7905 1.2983
v 1.3872 2.8207 1.2729
v 1.4023 2.8527 1.2461
v 1.4125 2.8864 1.2178
v 1.4183 2.9219 1.1880
v 1.4207 2.9586 1.1572
v 1.4207 2.9962 1.1257
v 1.4195 3.0342 1.0938
v 1.4185 3.0722 1.0619
v 1.4191 3.1096 1.0305
v 1.4227 3.1459 1.0001
v 1.4309 3.1804 0.9711
v 1.4450 3.2127 0.9440
v 1.4660 3.2425 0.9190
v 1.4938 3.2697 0.8962
v 1.5282 3.2944 0.8754
v 1.5682 3.3171 0.8564
v 1.6129 3.3380 0.8389
v 1.6616 3.3574 0.8226
v 1.7137 3.3755 0.8074
v 1.7690 3.3925 0.7931
v 1.8266 3.4085 0.7797
v 1.8856 3.4241 0.7666
v 1.9439 3.4399 0.7533
v 1.9986 3.4571 0.7389
v 2.0466 3.4768 0.7224
v 2.0847 3.5001 0.7028
v 2.1109 3.5280 0.6795
v 1.0731 2.4337 1.6898
v 1.0801 2.4450 1.6803
v 1.0872 2.4562 1.6709
v 1.0959 2.4669 1.6620
v 1.1133 2.4742 1.6558
v 1.1322 2.4811 1.6501
v 1.1452 2.4901 1.6425
v 1.1483 2.5028 1.6318
v 1.1404 2.5197 1.6177
v 1.1235 2.5398 1.6007
v 1.1016 2.5619 1.5822
v 1.0800 2.5839 1.5638
v 1.0648 2.6034 1.5474
v 1.0554 2.6209 1.5328
v 1.0518 2.6361 1.5200
v 1.0547 2.6489 1.5093
v 1.0641 2.6593 1.5005
v 1.0792 2.6675 1.4936
v 1.0989 2.6740 1.4882
v 1.1216 2.6794 1.4836
v 1.1454 2.6844 1.4794
v 1.1688 2.6896 1.4751
v 1.1905 2.6953 1.4703
v 1.2100 2.7019 1.4647
v 1.2270 2.7095 1.4584
v 1.2416 2.7179 1.4513
v 1.2542 2.7271 1.4436
v 1.2652 2.7369 1.4354
v 1.2752 2.7470 1.4269
v 1.2843 2.7575 1.4181
v 1.2931 2.7681 1.4092
v 1.3138 2.7969 1.3850
v 1.3338 2.8260 1.3606
v 1.3523 2.8556 1.3358
v 1.3686 2.8861 1.3102
v 1.3821 2.9176 1.2838
v 1.3925 2.9502 1.2564
v 1.4000 2.9840 1.2281
v 1.4046 3.0188 1.1989
v 1.4071 3.0544 1.1690
v 1.4083 3.0905 1.1387
v 1.4096 3.1266 1.1084
v 1.4124 3.1621 1.0786
v 1.4183 3.1964 1.0499
v 1.4291 3.2289 1.0226
v 1.4457 3.2592 0.9971
v 1.4688 3.2872 0.9737
v 1.4983 3.3127 0.9523
v 1.5337 3.3360 0.9327
v 1.5742 3.3574 0.9147
v 1.6188 3.3773 0.8981
v 1.6671 3.3958 0.8825
v 1.7185 3.4131 0.8680
v 1.7727 3.4294 0.8543
v 1.8291 3.4449 0.8413
v 1.8865 3.4600 0.8287
v 1.9428 3.4755 0.8157
v 1.9955 3.4923 0.8015
v 2.0416 3.5117 0.7853
v 2.0782 3.5345 0.7661
v 2.1034 3.5616 0.7434
v 1.0888 2.5029 1.7239
v 1.0957 2.5138 1.7147
v 1.1041 2.5242 1.7060
v 1.1232 2.5306 1.7007
v 1.1468 2.5352 1.6968
v 1.1667 2.5412 1.6917
v 1.1772 2.5508 1.6837
v 1.1759 2.5648 1.6720
v 1.1637 2.5828 1.6568
v 1.1437 2.6038 1.6393
v 1.1209 2.6257 1.6208
v 1.1012 2.6466 1.6033
v 1.0857 2.6659 1.5871
v 1.0746 2.6835 1.5724
v 1.0688 2.6991 1.5592
v 1.0689 2.7126 1.5480
v 1.0751 2.7237 1.5386
v 1.0872 2.7327 1.5311
v 1.1042 2.7398 1.5251
v 1.1247 2.7456 1.5202
v 1.1473 2.7507 1.5160
v 1.1703 2.7556 1.5119
v 1.1923 2.7608 1.5075
v 1.2125 2.7667 1.5025
v 1.2304 2.7735 1.4968
v 1.2458 2.7812 1.4903
v 1.2591 2.7898 1.4832
v 1.2705 2.7990 1.4754
v 1.2804 2.8088 1.4673
v 1.2894 2.8189 1.4587
v 1.2976 2.8293 1.4500
v 1.3156 2.8580 1.4259
v 1.3327 2.8871 1.4015
v 1.3486 2.9166 1.3767
v 1.3627 2.9468 1.3514
v 1.3747 2.9778 1.3254
v 1.3842 3.0098 1.2986
v 1.3911 3.0427 1.2710
v 1.3956 3.0764 1.2426
v 1.3984 3.1109 1.2137
v 1.4003 3.1456 1.1846
v 1.4028 3.1802 1.1556
v 1.4073 3.2139 1.1273
v 1.4155 3.2464 1.1001
v 1.4286 3.2769 1.0744
v 1.4476 3.3053 1.0506
v 1.4727 3.3314 1.0287
v 1.5037 3.3553 1.0087
v 1.5399 3.3772 0.9903
v 1.5806 3.3975 0.9733
v 1.6251 3.4163 0.9574
v 1.6728 3.4340 0.9426
v 1.7235 3.4505 0.9287
v 1.7766 3.4661 0.9157
v 1.8317 3.4810 0.9031
v 1.8873 3.4957 0.8908
v 1.9417 3.5108 0.8781
v 1.9923 3.5274 0.8642
v 2.0364 3.5464 0.8483
v 2.0715 3.5688 0.8295
v 2.0959 3.5951 0.8074
v 1.1046 2.5725 1.7576
v 1.1126 2.5826 1.7491
v 1.1324 2.5883 1.7444
v 1.1600 2.5910 1.7421
v 1.1865 2.5942 1.7394
v 1.2049 2.6004 1.7342
v 1.2113 2.6111 1.7253
v 1.2050 2.6265 1.7123
v 1.1883 2.6458 1.6962
v 1.1658 2.6673 1.6781
v 1.1431 2.6888 1.6601
v 1.1233 2.7092 1.6429
v 1.1069 2.7284 1.6268
v 1.0945 2.7462 1.6119
v 1.0867 2.7621 1.5985
v 1.0841 2.7762 1.5868
v 1.0873 2.7880 1.5768
v 1.0962 2.7978 1.5686
v 1.1102 2.8056 1.5620
v 1.1284 2.8119 1.5568
v 1.1492 2.8172 1.5523
v 1.1713 2.8220 1.5483
v 1.1933 2.8268 1.5442
v 1.2141 2.8321 1.5398
v 1.2330 2.8381 1.5348
v 1.2496 2.8450 1.5290
v 1.2639 2.8527 1.5225
v 1.2762 2.8612 1.5154
v 1.2868 2.8703 1.5078
v 1.2962 2.8798 1.4997
v 1.3045 2.8898 1.4914
v 1.3208 2.9181 1.4677
v 1.3361 2.9467 1.4436
v 1.3501 2.9759 1.4191
v 1.3623 3.0057 1.3941
v 1.3723 3.0364 1.3684
v 1.3801 3.0678 1.3420
v 1.3856 3.1002 1.3149
v 1.3891 3.1332 1.2871
v 1.3915 3.1667 1.2590
v 1.3937 3.2003 1.2309
v 1.3973 3.2333 1.2031
v 1.4036 3.2654 1.1763
v 1.4140 3.2958 1.1507
v 1.4295 3.3244 1.1267
v 1.4507 3.3509 1.1045
v 1.4777 3.3752 1.0841
v 1.5099 3.3975 1.0654
v 1.5468 3.4181 1.0481
v 1.5876 3.4373 1.0320
v 1.6317 3.4552 1.0170
v 1.6788 3.4719 1.0029
v 1.7286 3.4877 0.9897
v 1.7806 3.5027 0.9771
v 1.8342 3.5170 0.9651
v 1.8881 3.5313 0.9531
v 1.9405 3.5461 0.9407
v 1.9890 3.5623 0.9271
v 2.0312 3.5810 0.9114
v 2.0647 3.6028 0.8931
v 2.0882 3.6284 0.8716
v 1.1214 2.6421 1.7914
v 1.1413 2.6473 1.7870
v 1.1715 2.6487 1.7859
v 1.2038 2.6492 1.7854
v 1.2302 2.6520 1.7831
v 1.2451 2.6591 1.7771
v 1.2461 2.6714 1.7668
v 1.2343 2.6884 1.7525
v 1.2133 2.7089 1.7353
v 1.1888 2.7307 1.7170
v 1.1660 2.7519 1.6993
v 1.1459 2.7720 1.6823
v 1.1288 2.7911 1.6664
v 1.1151 2.8088 1.6515
v 1.1055 2.8251 1.6378
v 1.1006 2.8395 1.6257
v 1.1010 2.8521 1.6152
v 1.1067 2.8626 1.6064
v 1.1175 2.8712 1.5992
v 1.1329 2.8781 1.5934
v 1.1515 2.8838 1.5886
v 1.1723 2.8887 1.5845
v 1.1938 2.8933 1.5806
v 1.2148 2.8981 1.5766
v 1.2345 2.9033 1.5722
v 1.2523 2.9094 1.5671
v 1.2679 2.9162 1.5614
v 1.2814 2.9238 1.5550
v 1.2930 2.9321 1.5481
v 1.3031 2.9409 1.5406
v 1.3120 2.9503 1.5328
v 1.3268 2.9780 1.5095
v 1.3404 3.0062 1.4858
v 1.3524 3.0350 1.4617
v 1.3625 3.0645 1.4369
v 1.3706 3.0948 1.4115
v 1.3764 3.1259 1.3854
v 1.3804 3.1577 1.3588
v 1.3830 3.1900 1.3316
v 1.3851 3.2225 1.3044
v 1.3880 3.2547 1.2774
v 1.3929 3.2861 1.2510
v 1.4013 3.3163 1.2257
v 1.4140 3.3448 1.2018
v 1.4319 3.3714 1.1794
v 1.4552 3.3959 1.1588
v 1.4837 3.4186 1.1398
v 1.5170 3.4394 1.1223
v 1.5543 3.4588 1.1061
v 1.5950 3.4768 1.0909
v 1.6387 3.4938 1.0767
v 1.6852 3.5097 1.0634
v 1.7340 3.5248 1.0507
v 1.7848 3.5391 1.0387
v 1.8368 3.5529 1.0271
v 1.8889 3.5667 1.0155
v 1.9392 3.5812 1.0034
v 1.9856 3.5971 0.9900
v 2.0258 3.6154 0.9747
v 2.0579 3.6367 0.9568
v 2.0804 3.6616 0.9359
v 1.1499 2.7076 1.8285
v 1.1816 2.7080 1.8282
v 1.2184 2.7065 1.8295
v 1.2521 2.7061 1.8298
v 1.2758 2.7095 1.8270
v 1.2854 2.7181 1.8197
v 1.2800 2.7324 1.8078
v 1.2622 2.7512 1.7920
v 1.2371 2.7728 1.7738
v 1.2122 2.7944 1.7558
v 1.1894 2.8151 1.7384
v 1.1690 2.8349 1.7217
v 1.1513 2.8538 1.7059
v 1.1366 2.8715 1.6910
v 1.1255 2.8879 1.6773
v 1.1185 2.9027 1.6648
v 1.1161 2.9158 1.6539
v 1.1188 2.9270 1.6444
v 1.1264 2.9364 1.6366
v 1.1387 2.9441 1.6302
v 1.1547 2.9503 1.6249
v 1.1735 2.9555 1.6206
v 1.1939 2.9601 1.6167
v 1.2147 2.9646 1.6130
v 1.2348 2.9693 1.6090
v 1.2535 2.9745 1.6046
v 1.2704 2.9804 1.5997
v 1.2852 2.9871 1.5941
v 1.2981 2.9945 1.5878
v 1.3093 3.0025 1.5811
v 1.3190 3.0111 1.5739
v 1.3321 3.0384 1.5510
v 1.3438 3.0662 1.5277
v 1.3538 3.0946 1.5038
v 1.3618 3.1238 1.4793
v 1.3677 3.1538 1.4542
v 1.3719 3.1844 1.4285
v 1.3746 3.2155 1.4024
v 1.3767 3.2469 1.3760
v 1.3791 3.2782 1.3498
v 1.3831 3.3088 1.3241
v 1.3899 3.3385 1.2992
v 1.4005 3.3667 1.2755
v 1.4157 3.3932 1.2533
v 1.4359 3.4178 1.2327
v 1.4611 3.4405 1.2136
v 1.4909 3.4616 1.1959
v 1.5249 3.4810 1.1796
v 1.5624 3.4992 1.1643
v 1.6029 3.5162 1.1501
v 1.6461 3.5322 1.1366
v 1.6917 3.5474 1.1239
v 1.7395 3.5617 1.1119
v 1.7890 3.5753 1.1004
v 1.8395 3.5887 1.0893
v 1.8896 3.6021 1.0780
v 1.9378 3.6162 1.0661
v 1.9821 3.6319 1.0530
v 2.0204 3.6497 1.0380
v 2.0509 3.6705 1.0206
v 2.0725 3.6946 1.0004
v 1.1905 2.7690 1.8692
v 1.2302 2.7659 1.8718
v 1.2700 2.7629 1.8743
v 1.3021 2.7627 1.8745
v 1.3207 2.7675 1.8705
v 1.3233 2.7783 1.8614
v 1.3106 2.7949 1.8475
v 1.2866 2.8156 1.8301
v 1.2605 2.8372 1.8120
v 1.2359 2.8582 1.7944
v 1.2132 2.8785 1.7773
v 1.1926 2.8979 1.7610
v 1.1745 2.9165 1.7454
v 1.1590 2.9341 1.7307
v 1.1465 2.9505 1.7169
v 1.1377 2.9656 1.7042
v 1.1329 2.9792 1.6928
v 1.1327 2.9911 1.6828
v 1.1371 3.0012 1.6743
v 1.1461 3.0097 1.6673
v 1.1592 3.0166 1.6615
v 1.1756 3.0222 1.6567
v 1.1943 3.0271 1.6526
v 1.2141 3.0315 1.6490
v 1.2341 3.0358 1.6453
v 1.2533 3.0404 1.6415
v 1.2712 3.0455 1.6372
v 1.2873 3.0513 1.6323
v 1.3016 3.0577 1.6269
v 1.3140 3.0649 1.6209
v 1.3249 3.0726 1.6144
v 1.3361 3.0995 1.5919
v 1.3457 3.1269 1.5688
v 1.3535 3.1551 1.5452
v 1.3594 3.1839 1.5210
v 1.3635 3.2134 1.4963
v 1.3663 3.2434 1.4711
v 1.3683 3.2737 1.4457
v 1.3705 3.3039 1.4204
v 1.3739 3.3337 1.3954
v 1.3796 3.3626 1.3711
v 1.3886 3.3903 1.3479
v 1.4016 3.4165 1.3259
v 1.4192 3.4409 1.3054
v 1.4414 3.4636 1.2863
v 1.4682 3.4847 1.2687
v 1.4991 3.5042 1.2523
v 1.5336 3.5223 1.2371
v 1.5711 3.5394 1.2228
v 1.6113 3.5554 1.2093
v 1.6539 3.5705 1.1966
v 1.6986 3.5848 1.1846
v 1.7453 3.5985 1.1732
v 1.7934 3.6115 1.1622
v 1.8421 3.6244 1.1515
v 1.8903 3.6374 1.1405
v 1.9364 3.6512 1.1289
v 1.9785 3.6665 1.1161
v 2.0148 3.6840 1.1014
v 2.0439 3.7042 1.0845
v 2.0646 3.7275 1.0649
v 1.2396 2.8274 1.9123
v 1.2837 2.8223 1.9166
v 1.3230 2.8190 1.9194
v 1.3507 2.8201 1.9185
v 1.3621 2.8271 1.9126
v 1.3562 2.8407 1.9012
v 1.3353 2.8599 1.8851
v 1.3096 2.8809 1.8675
v 1.2842 2.9017 1.8500
v 1.2600 2.9221 1.8329
v 1.2375 2.9419 1.8163
v 1.2168 2.9610 1.8003
v 1.1983 2.9792 1.7849
v 1.1822 2.9966 1.7703
v 1.1687 3.0130 1.7566
v 1.1583 3.0283 1.7438
v 1.1514 3.0422 1.7321
v 1.1485 3.0547 1.7216
v 1.1499 3.0655 1.7125
v 1.1556 3.0747 1.7048
v 1.1655 3.0824 1.6983
v 1.1790 3.0888 1.6930
v 1.1953 3.0940 1.6886
v 1.2136 3.0986 1.6848
v 1.2328 3.1028 1.6813
v 1.2520 3.1069 1.6778
v 1.2705 3.1114 1.6740
v 1.2876 3.1163 1.6699
v 1.3032 3.1219 1.6652
v 1.3170 3.1281 1.6600
v 1.3291 3.1349 1.6543
v 1.3382 3.1614 1.6320
v 1.3457 3.1886 1.6093
v 1.3513 3.2164 1.5860
v 1.3554 3.2447 1.5621
v 1.3581 3.2736 1.5379
v 1.3601 3.3028 1.5134
v 1.3622 3.3319 1.4890
v 1.3652 3.3607 1.4648
v 1.3700 3.3888 1.4413
v 1.3778 3.4158 1.4186
v 1.3892 3.4415 1.3971
v 1.4046 3.4656 1.3768
v 1.4245 3.4881 1.3580
v 1.4486 3.5090 1.3404
v 1.4767 3.5284 1.3241
v 1.5084 3.5465 1.3090
v 1.5431 3.5634 1.2948
v 1.5804 3.5793 1.2814
v 1.6202 3.5944 1.2687
v 1.6620 3.6087 1.2568
v 1.7058 3.6222 1.2454
v 1.7512 3.6351 1.2346
v 1.7978 3.6476 1.2241
v 1.8448 3.6600 1.2137
v 1.8909 3.6727 1.2031
v 1.9348 3.6862 1.1917
v 1.9748 3.7012 1.1792
v 2.0092 3.7182 1.1649
v 2.0368 3.7378 1.1484
v 2.0566 3.7603 1.1295
v 1.2939 2.8843 1.9567
v 1.3387 2.8785 1.9616
v 1.3743 2.8761 1.9636
v 1.3948 2.8794 1.9608
v 1.3970 2.8895 1.9524
v 1.3812 2.9064 1.9382
v 1.3575 2.9261 1.9217
v 1.3329 2.9463 1.9047
v 1.3083 2.9664 1.8879
v 1.2845 2.9862 1.8713
v 1.2622 3.0054 1.8551
v 1.2416 3.0241 1.8395
v 1.2229 3.0420 1.8244
v 1.2063 3.0591 1.8100
v 1.1919 3.0754 1.7964
v 1.1802 3.0907 1.7835
v 1.1715 3.1049 1.7716
v 1.1663 3.1178 1.7608
v 1.1648 3.1293 1.7512
v 1.1674 3.1392 1.7428
v 1.1740 3.1477 1.7357
v 1.1843 3.1548 1.7298
v 1.1978 3.1607 1.7248
v 1.2138 3.1656 1.7207
v 1.2315 3.1699 1.7171
v 1.2500 3.1740 1.7137
v 1.2684 3.1780 1.7103
v 1.2862 3.1823 1.7067
v 1.3028 3.1870 1.7027
v 1.3179 3.1923 1.6983
v 1.3314 3.1982 1.6934
v 1.3384 3.2243 1.6714
v 1.3437 3.2511 1.6489
v 1.3475 3.2785 1.6260
v 1.3501 3.3062 1.6027
v 1.3520 3.3343 1.5792
v 1.3540 3.3623 1.5556
v 1.3567 3.3901 1.5324
v 1.3611 3.4172 1.5096
v 1.3680 3.4434 1.4876
v 1.3781 3.4683 1.4667
v 1.3920 3.4919 1.4469
v 1.4098 3.5140 1.4283
v 1.4317 3.5346 1.4111
v 1.4573 3.5538 1.3950
v 1.4865 3.5717 1.3800
v 1.5186 3.5884 1.3659
v 1.5533 3.6042 1.3527
v 1.5904 3.6191 1.3401
v 1.6295 3.6333 1.3283
v 1.6705 3.6467 1.3170
v 1.7133 3.6595 1.3063
v 1.7574 3.6718 1.2960
v 1.8024 3.6837 1.2859
v 1.8475 3.6956 1.2759
v 1.8915 3.7079 1.2656
v 1.9332 3.7211 1.2545
v 1.9710 3.7358 1.2423
v 2.0036 3.7524 1.2283
v 2.0297 3.7714 1.2124
v 2.0486 3.7931 1.1942
v 1.3498 2.9409 2.0014
v 1.3918 2.9357 2.0058
v 1.4205 2.9354 2.0060
v 1.4312 2.9419 2.0005
v 1.4220 2.9558 1.9889
v 1.4021 2.9738 1.9738
v 1.3798 2.9926 1.9580
v 1.3563 3.0119 1.9418
v 1.3326 3.0312 1.9256
v 1.3094 3.0504 1.9095
v 1.2875 3.0691 1.8938
v 1.2670 3.0872 1.8786
v 1.2481 3.1047 1.8639
v 1.2312 3.1216 1.8498
v 1.2162 3.1377 1.8363
v 1.2034 3.1529 1.8235
v 1.1932 3.1672 1.8115
v 1.1860 3.1804 1.8004
v 1.1820 3.1924 1.7904
v 1.1816 3.2031 1.7814
v 1.1849 3.2123 1.7737
v 1.1919 3.2202 1.7670
v 1.2022 3.2268 1.7615
v 1.2154 3.2324 1.7568
v 1.2309 3.2371 1.7529
v 1.2480 3.2412 1.7494
v 1.2657 3.2451 1.7462
v 1.2835 3.2489 1.7429
v 1.3006 3.2530 1.7395
v 1.3167 3.2575 1.7358
v 1.3315 3.2624 1.7316
v 1.3363 3.2882 1.7099
v 1.3398 3.3146 1.6879
v 1.3422 3.3413 1.6654
v 1.3441 3.3682 1.6429
v 1.3459 3.3951 1.6203
v 1.3485 3.4217 1.5979
v 1.3526 3.4478 1.5760
v 1.3590 3.4731 1.5549
v 1.3682 3.4972 1.5346
v 1.3809 3.5201 1.5154
v 1.3971 3.5416 1.4973
v 1.4172 3.5618 1.4804
v 1.4407 3.5806 1.4646
v 1.4676 3.5981 1.4499
v 1.4974 3.6146 1.4361
v 1.5297 3.6301 1.4230
v 1.5643 3.6448 1.4107
v 1.6009 3.6588 1.3990
v 1.6393 3.6720 1.3879
v 1.6794 3.6847 1.3773
v 1.7210 3.6967 1.3672
v 1.7637 3.7084 1.3574
v 1.8070 3.7198 1.3478
v 1.8502 3.7313 1.3382
v 1.8921 3.7433 1.3281
v 1.9315 3.7561 1.3173
v 1.9672 3.7704 1.3054
v 1.9979 3.7865 1.2918
v 2.0225 3.8049 1.2764
v 2.0405 3.8258 1.2588
v 1.4038 2.9984 2.0453
v 1.4394 2.9951 2.0480
v 1.4582 2.9982 2.0455
v 1.4564 3.0089 2.0365
v 1.4416 3.0245 2.0234
v 1.4232 3.0414 2.0092
v 1.4022 3.0593 1.9942
v 1.3799 3.0777 1.9788
v 1.3571 3.0962 1.9632
v 1.3347 3.1147 1.9477
v 1.3132 3.1328 1.9325
v 1.2929 3.1504 1.9177
v 1.2740 3.1675 1.9034
v 1.2568 3.1840 1.8896
v 1.2413 3.1998 1.8763
v 1.2278 3.2149 1.8636
v 1.2164 3.2292 1.8516
v 1.2075 3.2426 1.8404
v 1.2013 3.2550 1.8300
v 1.1982 3.2662 1.8206
v 1.1985 3.2761 1.8122
v 1.2022 3.2848 1.8050
v 1.2092 3.2922 1.7987
v 1.2193 3.2985 1.7935
v 1.2320 3.3038 1.7890
v 1.2468 3.3083 1.7852
v 1.2630 3.3123 1.7819
v 1.2800 3.3161 1.7787
v 1.2970 3.3197 1.7757
v 1.3136 3.3236 1.7724
v 1.3293 3.3278 1.7689
v 1.3324 3.3531 1.7477
v 1.3346 3.3787 1.7262
v 1.3363 3.4045 1.7045
v 1.3381 3.4303 1.6829
v 1.3407 3.4558 1.6615
v 1.3446 3.4808 1.6405
v 1.3507 3.5050 1.6202
v 1.3594 3.5282 1.6008
v 1.3711 3.5502 1.5823
v 1.3862 3.5710 1.5648
v 1.4048 3.5906 1.5484
v 1.4266 3.6088 1.5331
v 1.4515 3.6260 1.5187
v 1.4793 3.6421 1.5052
v 1.5094 3.6573 1.4924
v 1.5418 3.6716 1.4804
v 1.5760 3.6853 1.4689
v 1.6120 3.6983 1.4580
v 1.6496 3.7107 1.4476
v 1.6887 3.7226 1.4377
v 1.7290 3.7339 1.4281
v 1.7702 3.7450 1.4188
v 1.8117 3.7559 1.4097
v 1.8529 3.7670 1.4003
v 1.8926 3.7786 1.3906
v 1.9298 3.7912 1.3801
v 1.9633 3.8051 1.3684
v 1.9922 3.8208 1.3552
v 2.0154 3.8385 1.3403
v 2.0325 3.8586 1.3235
v 1.4525 3.0582 2.0873
v 1.4782 3.0582 2.0873
v 1.4838 3.0657 2.0810
v 1.4748 3.0787 2.0701
v 1.4613 3.0933 2.0578
v 1.4443 3.1093 2.0444
v 1.4247 3.1262 2.0302
v 1.4036 3.1437 2.0155
v 1.3819 3.1614 2.0006
v 1.3603 3.1791 1.9858
v 1.3393 3.1966 1.9711
v 1.3193 3.2137 1.9568
v 1.3005 3.2303 1.9429
v 1.2832 3.2463 1.9294
v 1.2674 3.2619 1.9164
v 1.2533 3.2767 1.9039
v 1.2409 3.2910 1.8919
v 1.2307 3.3044 1.8807
v 1.2227 3.3170 1.8701
v 1.2173 3.3286 1.8604
v 1.2149 3.3391 1.8515
v 1.2154 3.3485 1.8436
v 1.2191 3.3568 1.8367
v 1.2258 3.3639 1.8308
v 1.2354 3.3699 1.8257
v 1.2474 3.3750 1.8214
v 1.2613 3.3794 1.8177
v 1.2767 3.3833 1.8144
v 1.2928 3.3869 1.8114
v 1.3091 3.3904 1.8085
v 1.3252 3.3940 1.8055
v 1.3271 3.4186 1.7848
v 1.3287 3.4433 1.7641
v 1.3305 3.4679 1.7435
v 1.3331 3.4922 1.7231
v 1.3371 3.5160 1.7031
v 1.3431 3.5391 1.6838
v 1.3515 3.5612 1.6652
v 1.3627 3.5823 1.6475
v 1.3770 3.6023 1.6307
v 1.3944 3.6211 1.6150
v 1.4148 3.6387 1.6001
v 1.4381 3.6553 1.5862
v 1.4640 3.6709 1.5731
v 1.4922 3.6856 1.5608
v 1.5225 3.6996 1.5490
v 1.5546 3.7129 1.5379
v 1.5884 3.7256 1.5272
v 1.6236 3.7377 1.5171
v 1.6603 3.7493 1.5074
v 1.6982 3.7604 1.4980
v 1.7372 3.7711 1.4890
v 1.7768 3.7816 1.4802
v 1.8165 3.7921 1.4714
v 1.8555 3.8028 1.4625
v 1.8930 3.8141 1.4530
v 1.9280 3.8263 1.4427
v 1.9594 3.8398 1.4314
v 1.9864 3.8550 1.4186
v 2.0083 3.8722 1.4043
v 2.0245 3.8914 1.3881
v 1.4922 3.1215 2.1263
v 1.5046 3.1261 2.1224
v 1.5013 3.1365 2.1137
v 1.4932 3.1487 2.1035
v 1.4810 3.1624 2.0920
v 1.4654 3.1774 2.0794
v 1.4472 3.1934 2.0660
v 1.4275 3.2099 2.0521
v 1.4069 3.2268 2.0380
v 1.3861 3.2437 2.0238
v 1.3657 3.2605 2.0097
v 1.3462 3.2769 1.9959
v 1.3276 3.2930 1.9824
v 1.3103 3.3087 1.9692
v 1.2944 3.3238 1.9565
v 1.2798 3.3384 1.9443
v 1.2668 3.3524 1.9325
v 1.2555 3.3658 1.9213
v 1.2460 3.3785 1.9106
v 1.2388 3.3904 1.9007
v 1.2339 3.4014 1.8915
v 1.2317 3.4114 1.8831
v 1.2323 3.4203 1.8755
v 1.2357 3.4282 1.8689
v 1.2419 3.4351 1.8632
v 1.2506 3.4410 1.8582
v 1.2617 3.4460 1.8540
v 1.2746 3.4503 1.8504
v 1.2890 3.4541 1.8472
v 1.3042 3.4576 1.8442
v 1.3197 3.4610 1.8414
v 1.3213 3.4845 1.8217
v 1.3232 3.5079 1.8020
v 1.3260 3.5310 1.7827
v 1.3302 3.5536 1.7638
v 1.3362 3.5754 1.7454
v 1.3446 3.5964 1.7278
v 1.3555 3.6165 1.7110
v 1.3693 3.6354 1.6950
v 1.3858 3.6534 1.6800
v 1.4052 3.6703 1.6658
v 1.4271 3.6862 1.6525
v 1.4515 3.7012 1.6399
v 1.4780 3.7154 1.6279
v 1.5065 3.7289 1.6166
v 1.5366 3.7418 1.6058
v 1.5683 3.7541 1.5955
v 1.6014 3.7658 1.5857
v 1.6358 3.7771 1.5762
v 1.6715 3.7879 1.5671
v 1.7082 3.7983 1.5584
v 1.7456 3.8084 1.5499
v 1.7835 3.8184 1.5416
v 1.8212 3.8284 1.5331
v 1.8581 3.8387 1.5245
v 1.8934 3.8497 1.5153
v 1.9261 3.8616 1.5053
v 1.9555 3.8747 1.4943
v 1.9807 3.8894 1.4819
v 2.0012 3.9059 1.4681
v 2.0165 3.9243 1.4527
v 1.5196 3.1898 2.1612
v 1.5217 3.1977 2.1545
v 1.5189 3.2075 2.1463
v 1.5117 3.2189 2.1367
v 1.5007 3.2317 2.1259
v 1.4864 3.2458 2.1142
v 1.4697 3.2607 2.1016
v 1.4513 3.2763 2.0885
v 1.4319 3.2923 2.0751
v 1.4122 3.3084 2.0616
v 1.3926 3.3245 2.0481
v 1.3735 3.3403 2.0348
v 1.3553 3.3558 2.0218
v 1.3381 3.3710 2.0091
v 1.3221 3.3857 1.9968
v 1.3073 3.3999 1.9848
v 1.2938 3.4137 1.9732
v 1.2817 3.4269 1.9621
v 1.2712 3.4396 1.9515
v 1.2624 3.4516 1.9415
v 1.2556 3.4628 1.9320
v 1.2510 3.4733 1.9233
v 1.2488 3.4828 1.9152
v 1.2491 3.4914 1.9080
v 1.2519 3.4991 1.9016
v 1.2573 3.5058 1.8960
v 1.2651 3.5116 1.8911
v 1.2751 3.5166 1.8869
v 1.2868 3.5209 1.8833
v 1.3000 3.5247 1.8801
v 1.3142 3.5282 1.8772
v 1.3163 3.5503 1.8586
v 1.3194 3.5721 1.8403
v 1.3239 3.5934 1.8225
v 1.3303 3.6140 1.8052
v 1.3388 3.6337 1.7886
v 1.3497 3.6526 1.7728
v 1.3631 3.6705 1.7577
v 1.3791 3.6875 1.7435
v 1.3976 3.7035 1.7300
v 1.4185 3.7187 1.7173
v 1.4416 3.7330 1.7053
v 1.4666 3.7466 1.6939
v 1.4934 3.7596 1.6830
v 1.5218 3.7719 1.6727
v 1.5516 3.7837 1.6628
v 1.5827 3.7951 1.6533
v 1.6151 3.8059 1.6441
v 1.6485 3.8164 1.6354
v 1.6830 3.8264 1.6269
v 1.7184 3.8362 1.6187
v 1.7543 3.8457 1.6107
v 1.7903 3.8552 1.6028
v 1.8260 3.8648 1.5947
v 1.8607 3.8748 1.5863
v 1.8937 3.8854 1.5774
v 1.9242 3.8970 1.5677
v 1.9516 3.9097 1.5570
v 1.9750 3.9239 1.5451
v 1.9942 3.9397 1.5319
v 2.0086 3.9572 1.5172
v 1.5370 3.2619 2.1927
v 1.5389 3.2695 2.1864
v 1.5365 3.2787 2.1787
v 1.5302 3.2893 2.1698
v 1.5203 3.3013 2.1597
v 1.5075 3.3144 2.1487
v 1.4922 3.3284 2.1370
v 1.4752 3.3430 2.1247
v 1.4570 3.3580 2.1121
v 1.4384 3.3733 2.0993
v 1.4196 3.3886 2.0865
v 1.4012 3.4037 2.0738
v 1.3835 3.4186 2.0613
v 1.3665 3.4332 2.0490
v 1.3505 3.4475 2.0370
v 1.3356 3.4613 2.0254
v 1.3218 3.4748 2.0141
v 1.3092 3.4878 2.0032
v 1.2979 3.5003 1.9928
v 1.2880 3.5122 1.9827
v 1.2797 3.5236 1.9732
v 1.2732 3.5343 1.9642
v 1.2686 3.5443 1.9558
v 1.2661 3.5535 1.9481
v 1.2659 3.5619 1.9411
v 1.2680 3.5694 1.9348
v 1.2724 3.5760 1.9292
v 1.2791 3.5818 1.9244
v 1.2877 3.5868 1.9201
v 1.2981 3.5912 1.9164
v 1.3100 3.5951 1.9132
v 1.3136 3.6155 1.8961
v 1.3186 3.6354 1.8794
v 1.3254 3.6546 1.8632
v 1.3343 3.6731 1.8477
v 1.3453 3.6908 1.8329
v 1.3587 3.7075 1.8188
v 1.3744 3.7235 1.8055
v 1.3923 3.7386 1.7928
v 1.4123 3.7529 1.7808
v 1.4343 3.7664 1.7694
v 1.4581 3.7793 1.7586
v 1.4834 3.7916 1.7483
v 1.5102 3.8034 1.7384
v 1.5382 3.8147 1.7289
v 1.5675 3.8255 1.7198
v 1.5979 3.8360 1.7111
v 1.6293 3.8460 1.7026
v 1.6617 3.8557 1.6945
v 1.6950 3.8650 1.6867
v 1.7288 3.8742 1.6790
v 1.7630 3.8832 1.6715
v 1.7971 3.8922 1.6639
v 1.8307 3.9014 1.6561
v 1.8632 3.9111 1.6480
v 1.8939 3.9214 1.6394
v 1.9223 3.9326 1.6300
v 1.9476 3.9449 1.6197
v 1.9694 3.9585 1.6082
v 1.9872 3.9737 1.5955
v 2.0008 3.9904 1.5815
v 1.5543 3.3344 2.2241
v 1.5561 3.3415 2.2181
v 1.5542 3.3501 2.2109
v 1.5487 3.3600 2.2026
v 1.5400 3.3711 2.1933
v 1.5284 3.3832 2.1831
v 1.5146 3.3962 2.1722
v 1.4990 3.4099 2.1608
v 1.4822 3.4240 2.1489
v 1.4647 3.4383 2.1369
v 1.4469 3.4528 2.1247
v 1.4293 3.4672 2.1126
v 1.4121 3.4815 2.1007
v 1.3955 3.4955 2.0889
v 1.3797 3.5092 2.0774
v 1.3648 3.5226 2.0661
v 1.3509 3.5357 2.0552
v 1.3379 3.5484 2.0446
v 1.3260 3.5606 2.0343
v 1.3153 3.5724 2.0243
v 1.3059 3.5838 2.0148
v 1.2979 3.5946 2.0057
v 1.2915 3.6049 1.9971
v 1.2867 3.6145 1.9891
v 1.2839 3.6234 1.9816
v 1.2830 3.6315 1.9748
v 1.2842 3.6389 1.9686
v 1.2874 3.6455 1.9630
v 1.2927 3.6514 1.9581
v 1.2999 3.6565 1.9538
v 1.3088 3.6611 1.9500
v 1.3145 3.6795 1.9345
v 1.3219 3.6973 1.9195
v 1.3313 3.7145 1.9052
v 1.3427 3.7308 1.8914
v 1.3561 3.7464 1.8784
v 1.3716 3.7612 1.8659
v 1.3891 3.7753 1.8541
v 1.4085 3.7887 1.8429
v 1.4296 3.8014 1.8322
v 1.4522 3.8135 1.8220
v 1.4763 3.8252 1.8123
v 1.5016 3.8363 1.8029
v 1.5281 3.8470 1.7939
v 1.5556 3.8573 1.7853
v 1.5842 3.8673 1.7770
v 1.6138 3.8768 1.7689
v 1.6442 3.8861 1.7612
v 1.6754 3.8950 1.7537
v 1.7072 3.9037 1.7464
v 1.7395 3.9123 1.7392
v 1.7719 3.9208 1.7320
v 1.8040 3.9294 1.7248
v 1.8354 3.9383 1.7174
v 1.8656 3.9476 1.7095
v 1.8941 3.9576 1.7012
v 1.9203 3.9684 1.6921
v 1.9437 3.9803 1.6821
v 1.9638 3.9934 1.6712
v 1.9803 4.0078 1.6590
v 1.9931 4.0236 1.6458
v 1.5716 3.4070 2.2553
v 1.5735 3.4137 2.2497
v 1.5719 3.4216 2.2430
v 1.5672 3.4308 2.2354
v 1.5595 3.4410 2.2268
v 1.5493 3.4523 2.2173
v 1.5368 3.4643 2.2072
v 1.5227 3.4770 2.1966
v 1.5073 3.4901 2.1856
v 1.4910 3.5036 2.1743
v 1.4743 3.5172 2.1629
v 1.4576 3.5308 2.1514
v 1.4411 3.5444 2.1400
v 1.4250 3.5578 2.1288
v 1.4095 3.5709 2.1177
v 1.3948 3.5838 2.1069
v 1.3808 3.5964 2.0963
v 1.3677 3.6087 2.0860
v 1.3555 3.6207 2.0760
v 1.3443 3.6323 2.0663
v 1.3341 3.6435 2.0569
v 1.3250 3.6543 2.0478
v 1.3171 3.6646 2.0392
v 1.3106 3.6744 2.0309
v 1.3056 3.6837 2.0232
v 1.3022 3.6923 2.0159
v 1.3005 3.7003 2.0092
v 1.3006 3.7077 2.0030
v 1.3026 3.7143 1.9974
v 1.3064 3.7203 1.9924
v 1.3119 3.7256 1.9880
v 1.3202 3.7420 1.9742
v 1.3302 3.7577 1.9611
v 1.3420 3.7727 1.9485
v 1.3557 3.7870 1.9364
v 1.3712 3.8007 1.9250
v 1.3884 3.8137 1.9141
v 1.4072 3.8261 1.9037
v 1.4275 3.8379 1.8937
v 1.4491 3.8493 1.8842
v 1.4720 3.8602 1.8751
v 1.4960 3.8706 1.8663
v 1.5211 3.8807 1.8578
v 1.5471 3.8905 1.8496
v 1.5740 3.8998 1.8418
v 1.6017 3.9089 1.8342
v 1.6303 3.9177 1.8268
v 1.6596 3.9262 1.8197
v 1.6894 3.9345 1.8127
v 1.7198 3.9426 1.8059
v 1.7503 3.9506 1.7992
v 1.7808 3.9587 1.7924
v 1.8108 3.9669 1.7855
v 1.8400 3.9754 1.7784
v 1.8680 3.9844 1.7708
v 1.8942 3.9940 1.7627
v 1.9183 4.0045 1.7540
v 1.9398 4.0159 1.7444
v 1.9583 4.0284 1.7339
v 1.9736 4.0421 1.7224
v 1.9855 4.0571 1.7098
v 1.5890 3.4797 2.2865
v 1.5909 3.4860 2.2812
v 1.5897 3.4933 2.2750
v 1.5857 3.5018 2.2679
v 1.5791 3.5112 2.2600
v 1.5700 3.5215 2.2514
v 1.5590 3.5326 2.2421
v 1.5462 3.5443 2.2322
v 1.5322 3.5565 2.2220
v 1.5173 3.5690 2.2115
v 1.5018 3.5817 2.2008
v 1.4861 3.5946 2.1901
v 1.4704 3.6074 2.1793
v 1.4549 3.6201 2.1687
v 1.4399 3.6326 2.1581
v 1.4254 3.6450 2.1478
v 1.4116 3.6571 2.1376
v 1.3985 3.6689 2.1277
v 1.3861 3.6805 2.1180
v 1.3746 3.6918 2.1085
v 1.3639 3.7027 2.0993
v 1.3540 3.7133 2.0904
v 1.3452 3.7236 2.0818
v 1.3374 3.7334 2.0735
v 1.3307 3.7429 2.0656
v 1.3253 3.7518 2.0581
v 1.3213 3.7603 2.0510
v 1.3187 3.7682 2.0444
v 1.3177 3.7755 2.0383
v 1.3184 3.7822 2.0326
v 1.3206 3.7883 2.0275
v 1.3313 3.8026 2.0155
v 1.3437 3.8162 2.0041
v 1.3576 3.8293 1.9931
v 1.3732 3.8418 1.9827
v 1.3902 3.8537 1.9727
v 1.4085 3.8651 1.9631
v 1.4281 3.8760 1.9539
v 1.4489 3.8865 1.9451
v 1.4708 3.8967 1.9366
v 1.4936 3.9064 1.9284
v 1.5172 3.9158 1.9205
v 1.5418 3.9249 1.9129
v 1.5671 3.9337 1.9055
v 1.5932 3.9423 1.8983
v 1.6200 3.9505 1.8914
v 1.6474 3.9586 1.8847
v 1.6754 3.9664 1.8781
v 1.7038 3.9740 1.8717
v 1.7325 3.9816 1.8653
v 1.7612 3.9891 1.8590
v 1.7896 3.9968 1.8526
v 1.8175 4.0046 1.8460
v 1.8445 4.0128 1.8391
v 1.8702 4.0215 1.8318
v 1.8943 4.0308 1.8240
v 1.9163 4.0408 1.8156
v 1.9359 4.0518 1.8064
v 1.9529 4.0637 1.7964
v 1.9670 4.0767 1.7855
v 1.9781 4.0908 1.7737
v 1.6065 3.5526 2.3175
v 1.6083 3.5584 2.3126
v 1.6075 3.5652 2.3069
v 1.6042 3.5729 2.3004
v 1.5985 3.5816 2.2931
v 1.5906 3.5910 2.2852
v 1.5809 3.6011 2.2767
v 1.5696 3.6119 2.2677
v 1.5570 3.6231 2.2583
v 1.5434 3.6347 2.2486
v 1.5292 3.6465 2.2387
v 1.5146 3.6584 2.2286
v 1.4998 3.6704 2.2185
v 1.4852 3.6824 2.2085
v 1.4708 3.6943 2.1985
v 1.4567 3.7061 2.1887
v 1.4432 3.7176 2.1790
v 1.4302 3.7290 2.1694
v 1.4179 3.7401 2.1601
v 1.4062 3.7510 2.1510
v 1.3951 3.7616 2.1421
v 1.3849 3.7719 2.1334
v 1.3753 3.7820 2.1250
v 1.3666 3.7917 2.1168
v 1.3588 3.8012 2.1089
v 1.3520 3.8102 2.1013
v 1.3462 3.8189 2.0940
v 1.3415 3.8271 2.0871
v 1.3381 3.8349 2.0805
v 1.3360 3.8422 2.0744
v 1.3352 3.8490 2.0687
v 1.3481 3.8613 2.0584
v 1.3624 3.8731 2.0485
v 1.3780 3.8843 2.0391
v 1.3948 3.8952 2.0300
v 1.4127 3.9056 2.0212
v 1.4317 3.9156 2.0128
v 1.4516 3.9253 2.0047
v 1.4725 3.9346 1.9969
v 1.4942 3.9436 1.9893
v 1.5166 3.9523 1.9820
v 1.5397 3.9608 1.9749
v 1.5636 3.9690 1.9680
v 1.5881 3.9769 1.9614
v 1.6132 3.9847 1.9549
v 1.6389 3.9922 1.9486
v 1.6651 3.9995 1.9424
v 1.6916 4.0067 1.9364
v 1.7184 4.0138 1.9304
v 1.7453 4.0209 1.9245
v 1.7721 4.0280 1.9185
v 1.7984 4.0352 1.9125
v 1.8242 4.0427 1.9062
v 1.8489 4.0506 1.8996
v 1.8724 4.0589 1.8926
v 1.8943 4.0679 1.8851
v 1.9142 4.0775 1.8770
v 1.9321 4.0880 1.8682
v 1.9476 4.0993 1.8587
v 1.9605 4.1116 1.8484
v 1.9709 4.1248 1.8373
v 1.6241 3.6255 2.3484
v 1.6259 3.6309 2.3439
v 1.6254 3.6372 2.3386
v 1.6226 3.6443 2.3327
v 1.6178 3.6521 2.3261
v 1.6111 3.6607 2.3189
v 1.6026 3.6699 2.3111
v 1.5927 3.6797 2.3029
v 1.5815 3.6899 2.2943
v 1.5693 3.7005 2.2854
v 1.5564 3.7114 2.2763
v 1.5430 3.7225 2.2670
v 1.5293 3.7337 2.2576
v 1.5156 3.7449 2.2482
v 1.5019 3.7560 2.2389
v 1.4885 3.7671 2.2296
v 1.4754 3.7781 2.2204
v 1.4627 3.7889 2.2113
v 1.4505 3.7995 2.2024
v 1.4389 3.8099 2.1937
v 1.4277 3.8201 2.1851
v 1.4172 3.8301 2.1767
v 1.4073 3.8399 2.1685
v 1.3981 3.8494 2.1605
v 1.3895 3.8587 2.1528
v 1.3817 3.8677 2.1452
v 1.3746 3.8764 2.1379
v 1.3684 3.8847 2.1309
v 1.3632 3.8928 2.1242
v 1.3589 3.9004 2.1177
v 1.3557 3.9077 2.1116
v 1.3702 3.9182 2.1028
v 1.3858 3.9283 2.0943
v 1.4024 3.9381 2.0861
v 1.4199 3.9475 2.0782
v 1.4383 3.9566 2.0706
v 1.4574 3.9654 2.0632
v 1.4773 3.9739 2.0561
v 1.4979 3.9822 2.0491
v 1.5191 3.9902 2.0424
v 1.5410 3.9980 2.0358
v 1.5634 4.0056 2.0295
v 1.5864 4.0129 2.0233
v 1.6099 4.0201 2.0173
v 1.6339 4.0271 2.0114
v 1.6584 4.0339 2.0057
v 1.6831 4.0406 2.0001
v 1.7081 4.0472 1.9945
v 1.7332 4.0538 1.9890
v 1.7582 4.0604 1.9834
v 1.7829 4.0672 1.9778
v 1.8071 4.0741 1.9720
v 1.8306 4.0812 1.9660
v 1.8531 4.0888 1.9597
v 1.8744 4.0968 1.9529
v 1.8942 4.1054 1.9458
v 1.9122 4.1146 1.9380
v 1.9284 4.1245 1.9297
v 1.9424 4.1352 1.9207
v 1.9543 4.1467 1.9110
v 1.9638 4.1591 1.9007
v 1.6417 3.6986 2.3792
v 1.6434 3.7036 2.3751
v 1.6432 3.7093 2.3703
v 1.6410 3.7157 2.3649
v 1.6370 3.7228 2.3589
v 1.6313 3.7306 2.3524
v 1.6241 3.7389 2.3454
v 1.6155 3.7478 2.3380
v 1.6057 3.7570 2.3302
v 1.5949 3.7667 2.3221
v 1.5834 3.7766 2.3137
v 1.5713 3.7868 2.3052
v 1.5588 3.7971 2.2966
v 1.5461 3.8074 2.2879
v 1.5333 3.8178 2.2792
v 1.5206 3.8282 2.2705
v 1.5081 3.8385 2.2618
v 1.4959 3.8487 2.2533
v 1.4840 3.8588 2.2448
v 1.4726 3.8687 2.2365
v 1.4615 3.8784 2.2283
v 1.4510 3.8880 2.2203
v 1.4409 3.8974 2.2124
v 1.4314 3.9066 2.2047
v 1.4223 3.9156 2.1972
v 1.4139 3.9244 2.1898
v 1.4061 3.9329 2.1826
v 1.3989 3.9412 2.1756
v 1.3923 3.9493 2.1689
v 1.3866 3.9571 2.1623
v 1.3816 3.9646 2.1560
v 1.3971 3.9736 2.1485
v 1.4134 3.9823 2.1412
v 1.4304 3.9907 2.1341
v 1.4481 3.9989 2.1272
v 1.4665 4.0069 2.1205
v 1.4854 4.0146 2.1140
v 1.5049 4.0221 2.1077
v 1.5250 4.0294 2.1016
v 1.5456 4.0366 2.0956
v 1.5666 4.0435 2.0898
v 1.5882 4.0503 2.0841
v 1.6102 4.0568 2.0786
v 1.6325 4.0633 2.0732
v 1.6553 4.0696 2.0679
v 1.6783 4.0758 2.0627
v 1.7015 4.0820 2.0575
v 1.7247 4.0881 2.0524
v 1.7480 4.0942 2.0473
v 1.7710 4.1004 2.0421
v 1.7936 4.1068 2.0367
v 1.8156 4.1133 2.0312
v 1.8369 4.1202 2.0254
v 1.8572 4.1274 2.0194
v 1.8763 4.1351 2.0130
v 1.8941 4.1433 2.0061
v 1.9103 4.1520 1.9988
v 1.9248 4.1614 1.9909
v 1.9375 4.1715 1.9824
v 1.9482 4.1823 1.9734
v 1.9570 4.1938 1.9637
v 1.6594 3.7717 2.4100
v 1.6610 3.7763 2.4062
v 1.6610 3.7815 2.4018
v 1.6594 3.7873 2.3969
v 1.6561 3.7937 2.3916
v 1.6514 3.8007 2.3857
v 1.6453 3.8081 2.3795
v 1.6379 3.8161 2.3728
v 1.6295 3.8244 2.3658
v 1.6201 3.8331 2.3585
v 1.6100 3.8421 2.3510
v 1.5992 3.8513 2.3432
v 1.5880 3.8607 2.3353
v 1.5764 3.8702 2.3274
v 1.5647 3.8798 2.3193
v 1.5529 3.8894 2.3113
v 1.5412 3.8990 2.3032
v 1.5296 3.9085 2.2952
v 1.5182 3.9179 2.2873
v 1.5071 3.9273 2.2795
v 1.4963 3.9365 2.2717
v 1.4859 3.9456 2.2641
v 1.4759 3.9545 2.2566
v 1.4663 3.9633 2.2492
v 1.4571 3.9720 2.2420
v 1.4483 3.9804 2.2349
v 1.4400 3.9887 2.2279
v 1.4322 3.9968 2.2211
v 1.4249 4.0048 2.2145
v 1.4181 4.0125 2.2080
v 1.4119 4.0200 2.2017
v 1.4278 4.0277 2.1952
v 1.4443 4.0352 2.1889
v 1.4613 4.0425 2.1828
v 1.4788 4.0497 2.1768
v 1.4968 4.0566 2.1710
v 1.5153 4.0634 2.1653
v 1.5342 4.0700 2.1597
v 1.5535 4.0764 2.1543
v 1.5732 4.0827 2.1490
v 1.5934 4.0889 2.1439
v 1.6139 4.0949 2.1388
v 1.6347 4.1008 2.1339
v 1.6557 4.1066 2.1290
v 1.6770 4.1123 2.1242
v 1.6985 4.1180 2.1195
v 1.7200 4.1236 2.1147
v 1.7414 4.1293 2.1100
v 1.7626 4.1350 2.1052
v 1.7836 4.1408 2.1003
v 1.8040 4.1469 2.0952
v 1.8239 4.1531 2.0900
v 1.8429 4.1597 2.0845
v 1.8611 4.1666 2.0787
v 1.8781 4.1739 2.0726
v 1.8939 4.1816 2.0661
v 1.9084 4.1899 2.0591
v 1.9213 4.1987 2.0517
v 1.9327 4.2082 2.0438
v 1.9424 4.2182 2.0354
v 1.9505 4.2289 2.0264
v 1.6771 3.8449 2.4408
v 1.6787 3.8491 2.4373
v 1.6788 3.8538 2.4333
v 1.6776 3.8590 2.4289
v 1.6751 3.8647 2.4241
v 1.6712 3.8709 2.4189
v 1.6662 3.8776 2.4133
v 1.6600 3.8846 2.4074
v 1.6529 3.8921 2.4012
v 1.6449 3.8998 2.3947
v 1.6361 3.9079 2.3879
v 1.6267 3.9161 2.3810
v 1.6168 3.9246 2.3739
v 1.6065 3.9332 2.3666
v 1.5959 3.9419 2.3593
v 1.5852 3.9507 2.3520
v 1.5744 3.9595 2.3446
v 1.5636 3.9683 2.3372
v 1.5529 3.9771 2.3298
v 1.5423 3.9858 2.3225
v 1.5320 3.9944 2.3153
v 1.5219 4.0030 2.3081
v 1.5121 4.0114 2.3010
v 1.5026 4.0197 2.2941
v 1.4934 4.0279 2.2872
v 1.4845 4.0360 2.2804
v 1.4761 4.0439 2.2737
v 1.4679 4.0517 2.2672
v 1.4602 4.0594 2.2608
v 1.4529 4.0669 2.2545
v 1.4460 4.0742 2.2483
v 1.4618 4.0809 2.2428
v 1.4780 4.0873 2.2373
v 1.4946 4.0937 2.2320
v 1.5117 4.0999 2.2268
v 1.5290 4.1059 2.2217
v 1.5468 4.1118 2.2168
v 1.5649 4.1176 2.2119
v 1.5833 4.1233 2.2072
v 1.6020 4.1288 2.2025
v 1.6210 4.1342 2.1980
v 1.6403 4.1396 2.1935
v 1.6597 4.1449 2.1890
v 1.6793 4.1501 2.1847
v 1.6990 4.1553 2.1803
v 1.7187 4.1605 2.1760
v 1.7384 4.1657 2.1716
v 1.7579 4.1709 2.1672
v 1.7770 4.1763 2.1627
v 1.7959 4.1818 2.1580
v 1.8142 4.1875 2.1533
v 1.8318 4.1935 2.1483
v 1.8487 4.1997 2.1431
v 1.8648 4.2062 2.1376
v 1.8798 4.2132 2.1317
v 1.8938 4.2205 2.1256
v 1.9065 4.2283 2.1191
v 1.9180 4.2365 2.1121
v 1.9281 4.2453 2.1048
v 1.9369 4.2546 2.0970
v 1.9442 4.2644 2.0888
v 1.6948 3.9181 2.4715
v 1.6963 3.9219 2.4683
v 1.6967 3.9261 2.4647
v 1.6958 3.9308 2.4608
v 1.6939 3.9358 2.4566
v 1.6908 3.9413 2.4520
v 1.6867 3.9472 2.4471
v 1.6817 3.9534 2.4418
v 1.6758 3.9600 2.4363
v 1.6691 3.9668 2.4306
v 1.6616 3.9739 2.4246
v 1.6536 3.9813 2.4185
v 1.6451 3.9888 2.4121
v 1.6361 3.9965 2.4057
v 1.6268 4.0044 2.3991
v 1.6172 4.0123 2.3925
v 1.6075 4.0202 2.3858
v 1.5976 4.0283 2.3790
v 1.5878 4.0363 2.3723
v 1.5780 4.0443 2.3656
v 1.5682 4.0523 2.3589
v 1.5586 4.0602 2.3522
v 1.5492 4.0681 2.3456
v 1.5400 4.0758 2.3391
v 1.5311 4.0835 2.3327
v 1.5223 4.0911 2.3263
v 1.5139 4.0986 2.3200
v 1.5057 4.1060 2.3138
v 1.4978 4.1133 2.3077
v 1.4903 4.1205 2.3016
v 1.4830 4.1276 2.2957
v 1.4984 4.1332 2.2909
v 1.5141 4.1388 2.2863
v 1.5301 4.1443 2.2817
v 1.5463 4.1496 2.2772
v 1.5629 4.1549 2.2728
v 1.5797 4.1600 2.2685
v 1.5968 4.1650 2.2643
v 1.6141 4.1700 2.2601
v 1.6317 4.1749 2.2560
v 1.6494 4.1797 2.2520
v 1.6672 4.1845 2.2480
v 1.6851 4.1892 2.2440
v 1.7031 4.1939 2.2400
v 1.7210 4.1986 2.2361
v 1.7389 4.2034 2.2321
v 1.7566 4.2082 2.2280
v 1.7740 4.2131 2.2239
v 1.7911 4.2182 2.2197
v 1.8078 4.2234 2.2153
v 1.8239 4.2288 2.2108
v 1.8394 4.2344 2.2061
v 1.8543 4.2403 2.2011
v 1.8683 4.2465 2.1959
v 1.8814 4.2530 2.1904
v 1.8936 4.2599 2.1847
v 1.9048 4.2672 2.1786
v 1.9149 4.2748 2.1722
v 1.9238 4.2829 2.1654
v 1.9316 4.2914 2.1582
v 1.9382 4.3004 2.1507
v 1.7126 3.9914 2.5022
v 1.7140 3.9948 2.4993
v 1.7144 3.9985 2.4961
v 1.7139 4.0026 2.4927
v 1.7125 4.0071 2.4889
v 1.7101 4.0119 2.4849
v 1.7069 4.0170 2.4806
v 1.7029 4.0224 2.4761
v 1.6981 4.0282 2.4713
v 1.6927 4.0341 2.4663
v 1.6865 4.0404 2.4610
v 1.6798 4.0468 2.4556
v 1.6726 4.0534 2.4501
v 1.6650 4.0602 2.4444
v 1.6569 4.0671 2.4386
v 1.6486 4.0741 2.4327
v 1.6401 4.0813 2.4267
v 1.6314 4.0885 2.4207
v 1.6225 4.0957 2.4146
v 1.6136 4.1029 2.4085
v 1.6047 4.1102 2.4024
v 1.5959 4.1174 2.3964
v 1.5871 4.1246 2.3903
v 1.5784 4.1318 2.3843
v 1.5698 4.1389 2.3783
v 1.5614 4.1460 2.3724
v 1.5532 4.1530 2.3665
v 1.5452 4.1599 2.3607
v 1.5374 4.1667 2.3550
v 1.5298 4.1735 2.3493
v 1.5225 4.1802 2.3437
v 1.5372 4.1850 2.3396
v 1.5521 4.1898 2.3356
v 1.5672 4.1945 2.3317
v 1.5826 4.1991 2.3279
v 1.5981 4.2036 2.3241
v 1.6138 4.2081 2.3203
v 1.6297 4.2125 2.3166
v 1.6457 4.2168 2.3130
v 1.6619 4.2211 2.3094
v 1.6781 4.2254 2.3058
v 1.6943 4.2296 2.3022
v 1.7105 4.2339 2.2986
v 1.7267 4.2382 2.2950
v 1.7428 4.2425 2.2914
v 1.7586 4.2469 2.2877
v 1.7743 4.2514 2.2839
v 1.7897 4.2560 2.2801
v 1.8046 4.2608 2.2761
v 1.8192 4.2657 2.2720
v 1.8332 4.2707 2.2677
v 1.8467 4.2761 2.2633
v 1.8595 4.2816 2.2586
v 1.8716 4.2874 2.2537
v 1.8830 4.2935 2.2486
v 1.8935 4.2999 2.2433
v 1.9032 4.3066 2.2376
v 1.9120 4.3137 2.2317
v 1.9198 4.3211 2.2255
v 1.9267 4.3288 2.2190
v 1.9326 4.3369 2.2122
v 1.7303 4.0646 2.5328
v 1.7316 4.0676 2.5303
v 1.7322 4.0709 2.5275
v 1.7319 4.0745 2.5245
v 1.7309 4.0784 2.5212
v 1.7292 4.0826 2.5177
v 1.7268 4.0870 2.5140
v 1.7237 4.0917 2.5101
v 1.7199 4.0966 2.5060
v 1.7156 4.1018 2.5017
v 1.7106 4.1071 2.4972
v 1.7052 4.1127 2.4925
v 1.6993 4.1184 2.4877
v 1.6930 4.1243 2.4828
v 1.6863 4.1303 2.4777
v 1.6793 4.1364 2.4726
v 1.6720 4.1427 2.4673
v 1.6645 4.1490 2.4620
v 1.6568 4.1554 2.4567
v 1.6489 4.1618 2.4513
v 1.6410 4.1683 2.4458
v 1.6331 4.1748 2.4404
v 1.6251 4.1813 2.4349
v 1.6171 4.1878 2.4295
v 1.6092 4.1942 2.4241
v 1.6014 4.2007 2.4186
v 1.5936 4.2071 2.4133
v 1.5860 4.2135 2.4079
v 1.5785 4.2198 2.4026
v 1.5712 4.2260 2.3974
v 1.5640 4.2322 2.3922
v 1.5777 4.2364 2.3887
v 1.5917 4.2404 2.3853
v 1.6057 4.2444 2.3820
v 1.6199 4.2484 2.3786
v 1.6342 4.2523 2.3754
v 1.6486 4.2561 2.3721
v 1.6631 4.2600 2.3689
v 1.6776 4.2638 2.3657
v 1.6922 4.2676 2.3625
v 1.7067 4.2715 2.3593
v 1.7212 4.2753 2.3560
v 1.7356 4.2792 2.3528
v 1.7499 4.2831 2.3495
v 1.7639 4.2871 2.3461
v 1.7778 4.2912 2.3427
v 1.7914 4.2954 2.3392
v 1.8047 4.2997 2.3356
v 1.8175 4.3041 2.3319
v 1.8300 4.3087 2.3280
v 1.8420 4.3135 2.3240
v 1.8535 4.3184 2.3199
v 1.8644 4.3236 2.3155
v 1.8748 4.3290 2.3110
v 1.8844 4.3346 2.3062
v 1.8934 4.3405 2.3013
v 1.9017 4.3467 2.2961
v 1.9093 4.3531 2.2907
v 1.9161 4.3598 2.2851
v 1.9221 4.3668 2.2792
v 1.9274 4.3741 2.2731
v 1.7480 4.1378 2.5636
v 1.7492 4.1405 2.5613
v 1.7498 4.1434 2.5589
v 1.7498 4.1465 2.5563
v 1.7492 4.1498 2.5535
v 1.7480 4.1534 2.5505
v 1.7463 4.1572 2.5473
v 1.7439 4.1611 2.5440
v 1.7411 4.1653 2.5405
v 1.7378 4.1697 2.5368
v 1.7339 4.1742 2.5330
v 1.7297 4.1789 2.5291
v 1.7250 4.1838 2.5250
v 1.7199 4.1888 2.5208
v 1.7145 4.1939 2.5165
v 1.7088 4.1992 2.5121
v 1.7028 4.2045 2.5076
v 1.6966 4.2100 2.5030
v 1.6901 4.2155 2.4983
v 1.6835 4.2211 2.4937
v 1.6767 4.2268 2.4889
v 1.6698 4.2325 2.4841
v 1.6628 4.2382 2.4793
v 1.6558 4.2439 2.4745
v 1.6487 4.2497 2.4697
v 1.6417 4.2554 2.4649
v 1.6346 4.2612 2.4600
v 1.6276 4.2669 2.4552
v 1.6207 4.2726 2.4504
v 1.6138 4.2783 2.4457
v 1.6070 4.2840 2.4409
v 1.6196 4.2874 2.4380
v 1.6323 4.2909 2.4351
v 1.6451 4.2943 2.4322
v 1.6579 4.2977 2.4294
v 1.6708 4.3011 2.4265
v 1.6837 4.3045 2.4237
v 1.6965 4.3079 2.4208
v 1.7094 4.3113 2.4180
v 1.7222 4.3147 2.4151
v 1.7349 4.3182 2.4122
v 1.7475 4.3216 2.4093
v 1.7599 4.3252 2.4063
v 1.7722 4.3288 2.4033
v 1.7843 4.3325 2.4002
v 1.7961 4.3363 2.3970
v 1.8076 4.3402 2.3938
v 1.8189 4.3442 2.3904
v 1.8297 4.3483 2.3869
v 1.8402 4.3526 2.3833
v 1.8503 4.3570 2.3796
v 1.8600 4.3616 2.3758
v 1.8691 4.3664 2.3718
v 1.8778 4.3713 2.3676
v 1.8859 4.3765 2.3633
v 1.8935 4.3819 2.3588
v 1.9005 4.3874 2.3541
v 1.9069 4.3932 2.3492
v 1.9128 4.3993 2.3442
v 1.9180 4.4055 2.3389
v 1.9226 4.4120 2.3335
v 1.7657 4.2110 2.5943
v 1.7668 4.2133 2.5924
v 1.7674 4.2158 2.5903
v 1.7676 4.2184 2.5880
v 1.7673 4.2213 2.5857
v 1.7665 4.2243 2.5831
v 1.7653 4.2274 2.5805
v 1.7637 4.2308 2.5777
v 1.7617 4.2343 2.5748
v 1.7592 4.2379 2.5717
v 1.7564 4.2417 2.5685
v 1.7532 4.2456 2.5653
v 1.7496 4.2497 2.5619
v 1.7457 4.2538 2.5584
v 1.7415 4.2581 2.5548
v 1.7371 4.2625 2.5511
v 1.7323 4.2670 2.5473
v 1.7273 4.2716 2.5434
v 1.7221 4.2763 2.5395
v 1.7168 4.2810 2.5356
v 1.7112 4.2858 2.5315
v 1.7055 4.2906 2.5275
v 1.6996 4.2955 2.5233
v 1.6937 4.3005 2.5192
v 1.6877 4.3055 2.5150
v 1.6816 4.3105 2.5108
v 1.6754 4.3155 2.5066
v 1.6693 4.3205 2.5024
v 1.6631 4.3255 2.4982
v 1.6569 4.3306 2.4940
v 1.6508 4.3356 2.4897
v 1.6620 4.3386 2.4873
v 1.6733 4.3415 2.4848
v 1.6845 4.3445 2.4823
v 1.6958 4.3474 2.4798
v 1.7070 4.3504 2.4773
v 1.7182 4.3534 2.4748
v 1.7293 4.3564 2.4723
v 1.7403 4.3594 2.4697
v 1.7512 4.3625 2.4671
v 1.7620 4.3657 2.4645
v 1.7727 4.3688 2.4618
v 1.7832 4.3721 2.4591
v 1.7935 4.3754 2.4563
v 1.8035 4.3788 2.4535
v 1.8133 4.3823 2.4505
v 1.8229 4.3859 2.4475
v 1.8322 4.3896 2.4444
v 1.8411 4.3934 2.4412
v 1.8498 4.3974 2.4379
v 1.8581 4.4014 2.4345
v 1.8660 4.4056 2.4310
v 1.8735 4.4100 2.4273
v 1.8807 4.4145 2.4235
v 1.8874 4.4191 2.4196
v 1.8937 4.4240 2.4156
v 1.8995 4.4289 2.4114
v 1.9049 4.4341 2.4071
v 1.9098 4.4394 2.4026
v 1.9143 4.4449 2.3980
v 1.9183 4.4506 2.3933
v 1.7834 4.2840 2.6252
v 1.7843 4.2860 2.6235
v 1.7849 4.2881 2.6217
v 1.7852 4.2904 2.6198
v 1.7851 4.2927 2.6179
v 1.7847 4.2952 2.6158
v 1.7840 4.2978 2.6136
v 1.7829 4.3006 2.6113
v 1.7816 4.3034 2.6089
v 1.7799 4.3064 2.6064
v 1.7779 4.3095 2.6038
v 1.7756 4.3127 2.6011
v 1.7730 4.3160 2.5984
v 1.7702 4.3194 2.5955
v 1.7671 4.3229 2.5926
v 1.7638 4.3264 2.5896
v 1.7602 4.3301 2.5865
v 1.7565 4.3339 2.5833
v 1.7525 4.3377 2.5801
v 1.7483 4.3416 2.5769
v 1.7440 4.3455 2.5735
v 1.7395 4.3496 2.5702
v 1.7349 4.3536 2.5667
v 1.7301 4.3578 2.5633
v 1.7252 4.3619 2.5598
v 1.7203 4.3661 2.5563
v 1.7152 4.3703 2.5527
v 1.7101 4.3746 2.5492
v 1.7049 4.3789 2.5456
v 1.6996 4.3832 2.5420
v 1.6944 4.3875 2.5383
v 1.7040 4.3900 2.5362
v 1.7136 4.3926 2.5340
v 1.7232 4.3952 2.5319
v 1.7327 4.3978 2.5297
v 1.7421 4.4004 2.5275
v 1.7515 4.4031 2.5252
v 1.7607 4.4058 2.5230
v 1.7698 4.4086 2.5207
v 1.7788 4.4114 2.5183
v 1.7877 4.4142 2.5159
v 1.7964 4.4171 2.5135
v 1.8049 4.4201 2.5110
v 1.8133 4.4231 2.5084
v 1.8214 4.4262 2.5058
v 1.8294 4.4294 2.5031
v 1.8371 4.4327 2.5004
v 1.8445 4.4361 2.4976
v 1.8517 4.4396 2.4946
v 1.8586 4.4431 2.4917
v 1.8653 4.4468 2.4886
v 1.8717 4.4506 2.4854
v 1.8777 4.4545 2.4821
v 1.8835 4.4585 2.4788
v 1.8889 4.4626 2.4753
v 1.8940 4.4669 2.4717
v 1.8988 4.4712 2.4681
v 1.9032 4.4757 2.4643
v 1.9073 4.4804 2.4604
v 1.9111 4.4851 2.4564
v 1.9145 4.4900 2.4523
v 1.8009 4.3570 2.6561
v 1.8017 4.3586 2.6547
v 1.8023 4.3604 2.6532
v 1.8027 4.3622 2.6517
v 1.8028 4.3642 2.6501
v 1.8026 4.3662 2.6484
v 1.8022 4.3683 2.6466
v 1.8016 4.3705 2.6448
v 1.8008 4.3728 2.6428
v 1.7997 4.3751 2.6408
v 1.7984 4.3776 2.6388
v 1.7969 4.3801 2.6367
v 1.7952 4.3827 2.6345
v 1.7933 4.3854 2.6322
v 1.7911 4.3882 2.6299
v 1.7888 4.3910 2.6275
v 1.7863 4.3939 2.6251
v 1.7837 4.3969 2.6226
v 1.7808 4.3999 2.6200
v 1.7778 4.4030 2.6174
v 1.7746 4.4062 2.6148
v 1.7713 4.4094 2.6121
v 1.7679 4.4127 2.6094
v 1.7643 4.4160 2.6066
v 1.7606 4.4193 2.6038
v 1.7568 4.4227 2.6009
v 1.7529 4.4261 2.5981
v 1.7489 4.4296 2.5952
v 1.7449 4.4331 2.5922
v 1.7407 4.4366 2.5893
v 1.7365 4.4401 2.5863
v 1.7444 4.4424 2.5844
v 1.7522 4.4446 2.5825
v 1.7600 4.4469 2.5806
v 1.7677 4.4492 2.5787
v 1.7752 4.4516 2.5767
v 1.7827 4.4540 2.5747
v 1.7901 4.4564 2.5726
v 1.7973 4.4589 2.5706
v 1.8044 4.4614 2.5685
v 1.8114 4.4640 2.5663
v 1.8183 4.4666 2.5641
v 1.8250 4.4693 2.5618
v 1.8315 4.4721 2.5595
v 1.8379 4.4749 2.5572
v 1.8440 4.4777 2.5548
v 1.8500 4.4807 2.5523
v 1.8558 4.4837 2.5498
v 1.8614 4.4868 2.5472
v 1.8668 4.4900 2.5445
v 1.8720 4.4932 2.5418
v 1.8770 4.4965 2.5390
v 1.8818 4.4999 2.5361
v 1.8863 4.5034 2.5332
v 1.8906 4.5070 2.5302
v 1.8946 4.5107 2.5271
v 1.8985 4.5144 2.5240
v 1.9020 4.5183 2.5207
v 1.9054 4.5222 2.5174
v 1.9085 4.5263 2.5140
v 1.9113 4.5304 2.5106
v 1.8184 4.4297 2.6872
v 1.8190 4.4311 2.6861
v 1.8196 4.4325 2.6849
v 1.8200 4.4340 2.6836
v 1.8202 4.4355 2.6823
v 1.8202 4.4371 2.6810
v 1.8201 4.4388 2.6796
v 1.8198 4.4405 2.6782
v 1.8194 4.4423 2.6767
v 1.8188 4.4441 2.6751
v 1.8180 4.4460 2.6735
v 1.8171 4.4479 2.6719
v 1.8161 4.4499 2.6702
v 1.8149 4.4520 2.6685
v 1.8136 4.4541 2.6667
v 1.8121 4.4563 2.6649
v 1.8105 4.4585 2.6631
v 1.8087 4.4608 2.6612
v 1.8069 4.4631 2.6592
v 1.8049 4.4654 2.6572
v 1.8028 4.4678 2.6552
v 1.8005 4.4703 2.6532
v 1.7982 4.4728 2.6511
v 1.7957 4.4753 2.6489
v 1.7931 4.4779 2.6468
v 1.7905 4.4805 2.6446
v 1.7877 4.4831 2.6424
v 1.7849 4.4858 2.6401
v 1.7820 4.4885 2.6379
v 1.7790 4.4913 2.6356
v 1.7759 4.4940 2.6332
v 1.7820 4.4960 2.6316
v 1.7880 4.4980 2.6299
v 1.7939 4.5000 2.6282
v 1.7998 4.5021 2.6265
v 1.8056 4.5042 2.6247
v 1.8112 4.5063 2.6229
v 1.8168 4.5085 2.6211
v 1.8223 4.5107 2.6193
v 1.8277 4.5129 2.6174
v 1.8329 4.5152 2.6155
v 1.8380 4.5175 2.6135
v 1.8431 4.5199 2.6115
v 1.8479 4.5223 2.6095
v 1.8527 4.5248 2.6074
v 1.8573 4.5273 2.6053
v 1.8618 4.5299 2.6031
v 1.8662 4.5325 2.6009
v 1.8704 4.5352 2.5987
v 1.8744 4.5379 2.5964
v 1.8784 4.5407 2.5941
v 1.8821 4.5436 2.5917
v 1.8857 4.5465 2.5892
v 1.8892 4.5494 2.5868
v 1.8925 4.5524 2.5842
v 1.8956 4.5555 2.5816
v 1.8986 4.5586 2.5790
v 1.9014 4.5618 2.5763
v 1.9040 4.5651 2.5736
v 1.9065 4.5684 2.5708
v 1.9088 4.5718 2.5680
v 1.8356 4.5023 2.7185
v 1.8362 4.5033 2.7176
v 1.8367 4.5044 2.7167
v 1.8370 4.5056 2.7157
v 1.8373 4.5067 2.7147
v 1.8374 4.5080 2.7137
v 1.8375 4.5092 2.7126
v 1.8375 4.5105 2.7116
v 1.8373 4.5118 2.7104
v 1.8371 4.5132 2.7093
v 1.8367 4.5146 2.7081
v 1.8363 4.5160 2.7069
v 1.8357 4.5175 2.7057
v 1.8351 4.5190 2.7044
v 1.8344 4.5206 2.7031
v 1.8336 4.5222 2.7018
v 1.8327 4.5238 2.7004
v 1.8316 4.5254 2.6990
v 1.8306 4.5271 2.6976
v 1.8294 4.5288 2.6962
v 1.8281 4.5306 2.6947
v 1.8268 4.5323 2.6932
v 1.8253 4.5341 2.6917
v 1.8238 4.5360 2.6902
v 1.8223 4.5379 2.6886
v 1.8206 4.5397 2.6870
v 1.8189 4.5417 2.6854
v 1.8171 4.5436 2.6838
v 1.8152 4.5456 2.6821
v 1.8132 4.5476 2.6804
v 1.8112 4.5496 2.6787
v 1.8156 4.5513 2.6773
v 1.8199 4.5531 2.6758
v 1.8242 4.5548 2.6744
v 1.8284 4.5566 2.6729
v 1.8325 4.5585 2.6713
v 1.8365 4.5603 2.6698
v 1.8405 4.5622 2.6682
v 1.8444 4.5641 2.6666
v 1.8482 4.5660 2.6650
v 1.8519 4.5680 2.6633
v 1.8556 4.5700 2.6617
v 1.8591 4.5720 2.6600
v 1.8626 4.5740 2.6582
v 1.8660 4.5761 2.6565
v 1.8693 4.5783 2.6547
v 1.8725 4.5804 2.6529
v 1.8756 4.5826 2.6511
v 1.8786 4.5848 2.6492
v 1.8815 4.5871 2.6473
v 1.8843 4.5894 2.6454
v 1.8871 4.5917 2.6434
v 1.8897 4.5941 2.6414
v 1.8922 4.5965 2.6394
v 1.8946 4.5990 2.6373
v 1.8970 4.6015 2.6352
v 1.8992 4.6040 2.6331
v 1.9013 4.6066 2.6310
v 1.9033 4.6092 2.6288
v 1.9053 4.6118 2.6266
v 1.9071 4.6145 2.6243
v 1.8527 4.5745 2.7500
v 1.8532 4.5753 2.7494
v 1.8535 4.5761 2.7487
v 1.8538 4.5769 2.7480
v 1.8541 4.5778 2.7473
v 1.8543 4.5786 2.7465
v 1.8545 4.5795 2.7458
v 1.8545 4.5805 2.7450
v 1.8546 4.5814 2.7442
v 1.8546 4.5824 2.7434
v 1.8545 4.5834 2.7426
v 1.8543 4.5844 2.7417
v 1.8541 4.5854 2.7409
v 1.8539 4.5864 2.7400
v 1.8536 4.5875 2.7391
v 1.8532 4.5886 2.7382
v 1.8528 4.5897 2.7372
v 1.8524 4.5908 2.7363
v 1.8518 4.5920 2.7353
v 1.8513 4.5932 2.7344
v 1.8507 4.5943 2.7334
v 1.8500 4.5956 2.7323
v 1.8493 4.5968 2.7313
v 1.8485 4.5980 2.7303
v 1.8477 4.5993 2.7292
v 1.8468 4.6006 2.7281
v 1.8459 4.6019 2.7270
v 1.8449 4.6032 2.7259
v 1.8439 4.6045 2.7248
v 1.8428 4.6059 2.7237
v 1.8417 4.6072 2.7225
v 1.8446 4.6087 2.7213
v 1.8474 4.6101 2.7201
v 1.8502 4.6116 2.7189
v 1.8530 4.6131 2.7176
v 1.8557 4.6146 2.7164
v 1.8584 4.6161 2.7151
v 1.8610 4.6176 2.7138
v 1.8635 4.6192 2.7125
v 1.8660 4.6208 2.7112
v 1.8685 4.6224 2.7098
v 1.8709 4.6240 2.7085
v 1.8733 4.6256 2.7071
v 1.8756 4.6273 2.7057
v 1.8778 4.6290 2.7043
v 1.8800 4.6307 2.7029
v 1.8822 4.6324 2.7014
v 1.8842 4.6341 2.7000
v 1.8863 4.6359 2.6985
v 1.8883 4.6376 2.6970
v 1.8902 4.6394 2.6955
v 1.8920 4.6412 2.6940
v 1.8938 4.6431 2.6925
v 1.8956 4.6449 2.6909
v 1.8973 4.6468 2.6893
v 1.8989 4.6487 2.6877
v 1.9005 4.6507 2.6861
v 1.9020 4.6526 2.6845
v 1.9035 4.6546 2.6828
v 1.9049 4.6566 2.6812
v 1.9063 4.6586 2.6795
v 1.8695 4.6462 2.7820
v 1.8698 4.6468 2.7815
v 1.8701 4.6473 2.7810
v 1.8704 4.6479 2.7806
v 1.8706 4.6485 2.7801
v 1.8708 4.6491 2.7796
v 1.8709 4.6497 2.7791
v 1.8711 4.6503 2.7786
v 1.8712 4.6509 2.7781
v 1.8713 4.6515 2.7775
v 1.8713 4.6522 2.7770
v 1.8714 4.6528 2.7764
v 1.8714 4.6535 2.7759
v 1.8714 4.6541 2.7753
v 1.8713 4.6548 2.7748
v 1.8712 4.6555 2.7742
v 1.8711 4.6562 2.7736
v 1.8710 4.6569 2.7730
v 1.8708 4.6576 2.7724
v 1.8707 4.6584 2.7718
v 1.8704 4.6591 2.7712
v 1.8702 4.6599 2.7705
v 1.8699 4.6606 2.7699
v 1.8697 4.6614 2.7692
v 1.8693 4.6622 2.7686
v 1.8690 4.6630 2.7679
v 1.8686 4.6637 2.7673
v 1.8683 4.6646 2.7666
v 1.8678 4.6654 2.7659
v 1.8674 4.6662 2.7652
v 1.8669 4.6670 2.7645
v 1.8686 4.6681 2.7636
v 1.8703 4.6693 2.7626
v 1.8720 4.6704 2.7617
v 1.8736 4.6715 2.7607
v 1.8752 4.6727 2.7598
v 1.8768 4.6738 2.7588
v 1.8783 4.6750 2.7578
v 1.8798 4.6761 2.7569
v 1.8813 4.6773 2.7559
v 1.8828 4.6785 2.7549
v 1.8842 4.6797 2.7539
v 1.8857 4.6809 2.7528
v 1.8871 4.6822 2.7518
v 1.8884 4.6834 2.7508
v 1.8898 4.6846 2.7497
v 1.8911 4.6859 2.7487
v 1.8924 4.6871 2.7476
v 1.8936 4.6884 2.7466
v 1.8949 4.6897 2.7455
v 1.8961 4.6910 2.7444
v 1.8972 4.6923 2.7433
v 1.8984 4.6936 2.7422
v 1.8995 4.6949 2.7411
v 1.9006 4.6962 2.7400
v 1.9017 4.6976 2.7389
v 1.9027 4.6989 2.7377
v 1.9037 4.7003 2.7366
v 1.9047 4.7017 2.7354
v 1.9057 4.7031 2.7343
v 1.9066 4.7045 2.7331
v 1.8859 4.7173 2.8145
v 1.8861 4.7176 2.8142
v 1.8862 4.7180 2.8139
v 1.8864 4.7183 2.8136
v 1.8865 4.7187 2.8133
v 1.8866 4.7190 2.8130
v 1.8867 4.7194 2.8127
v 1.8868 4.7198 2.8124
v 1.8868 4.7202 2.8121
v 1.8868 4.7205 2.8118
v 1.8869 4.7209 2.8114
v 1.8869 4.7213 2.8111
v 1.8868 4.7218 2.8107
v 1.8868 4.7222 2.8104
v 1.8867 4.7226 2.8100
v 1.8867 4.7230 2.8097
v 1.8866 4.7235 2.8093
v 1.8865 4.7239 2.8089
v 1.8863 4.7244 2.8086
v 1.8862 4.7248 2.8082
v 1.8860 4.7253 2.8078
v 1.8859 4.7258 2.8074
v 1.8857 4.7262 2.8070
v 1.8854 4.7267 2.8066
v 1.8852 4.7272 2.8062
v 1.8850 4.7277 2.8057
v 1.8847 4.7282 2.8053
v 1.8844 4.7287 2.8049
v 1.8841 4.7292 2.8045
v 1.8838 4.7298 2.8040
v 1.8834 4.7303 2.8036
v 1.8845 4.7309 2.8030
v 1.8856 4.7316 2.8025
v 1.8867 4.7323 2.8019
v 1.8877 4.7329 2.8014
v 1.8887 4.7336 2.8008
v 1.8897 4.7343 2.8002
v 1.8907 4.7350 2.7996
v 1.8917 4.7357 2.7990
v 1.8926 4.7364 2.7984
v 1.8936 4.7371 2.7978
v 1.8945 4.7378 2.7972
v 1.8954 4.7386 2.7966
v 1.8963 4.7393 2.7960
v 1.8971 4.7400 2.7954
v 1.8980 4.7408 2.7948
v 1.8988 4.7415 2.7941
v 1.8996 4.7423 2.7935
v 1.9004 4.7431 2.7929
v 1.9012 4.7438 2.7922
v 1.9019 4.7446 2.7916
v 1.9027 4.7454 2.7909
v 1.9034 4.7462 2.7902
v 1.9041 4.7470 2.7896
v 1.9048 4.7478 2.7889
v 1.9054 4.7486 2.7882
v 1.9061 4.7494 2.7875
v 1.9067 4.7503 2.7868
v 1.9073 4.7511 2.7861
v 1.9079 4.7519 2.7854
v 1.9085 4.7528 2.7847
v 1.9012 4.7868 2.8483
v 1.9013 4.7870 2.8482
v 1.9014 4.7872 2.8480
v 1.9014 4.7874 2.8478
v 1.9015 4.7876 2.8477
v 1.9015 4.7878 2.8475
v 1.9015 4.7880 2.8473
v 1.9014 4.7882 2.8471
v 1.9014 4.7884 2.8469
v 1.9013 4.7887 2.8467
v 1.9013 4.7889 2.8465
v 1.9012 4.7892 2.8463
v 1.9010 4.7894 2.8461
v 1.9009 4.7897 2.8459
v 1.9008 4.7900 2.8456
v 1.9006 4.7903 2.8454
v 1.9004 4.7905 2.8452
v 1.9002 4.7908 2.8449
v 1.9000 4.7911 2.8447
v 1.8997 4.7914 2.8444
v 1.8995 4.7918 2.8441
v 1.8992 4.7921 2.8439
v 1.8989 4.7924 2.8436
v 1.8986 4.7927 2.8433
v 1.8983 4.7931 2.8430
v 1.8979 4.7934 2.8427
v 1.8975 4.7938 2.8425
v 1.8972 4.7941 2.8422
v 1.8968 4.7945 2.8418
v 1.8963 4.7949 2.8415
v 1.8959 4.7952 2.8412
v 1.8967 4.7955 2.8410
v 1.8976 4.7958 2.8408
v 1.8984 4.7960 2.8406
v 1.8992 4.7963 2.8403
v 1.8999 4.7966 2.8401
v 1.9007 4.7969 2.8398
v 1.9014 4.7972 2.8396
v 1.9021 4.7975 2.8394
v 1.9028 4.7978 2.8391
v 1.9035 4.7981 2.8388
v 1.9042 4.7984 2.8386
v 1.9048 4.7987 2.8383
v 1.9054 4.7991 2.8380
v 1.9060 4.7994 2.8377
v 1.9066 4.7998 2.8374
v 1.9072 4.8001 2.8371
v 1.9078 4.8005 2.8368
v 1.9083 4.8008 2.8365
v 1.9088 4.8012 2.8362
v 1.9093 4.8016 2.8359
v 1.9098 4.8020 2.8356
v 1.9103 4.8024 2.8352
v 1.9107 4.8028 2.8349
v 1.9112 4.8032 2.8346
v 1.9116 4.8036 2.8342
v 1.9120 4.8040 2.8338
v 1.9123 4.8045 2.8335
v 1.9127 4.8049 2.8331
v 1.9130 4.8053 2.8328
v 1.9133 4.8058 2.8324
v 0.4646 -1.5248 -2.8211
v 0.4647 -1.5246 -2.8212
v 0.4648 -1.5244 -2.8214
v 0.4649 -1.5243 -2.8215
v 0.4650 -1.5241 -2.8217
v 0.4651 -1.5239 -2.8218
v 0.4652 -1.5237 -2.8220
v 0.4653 -1.5236 -2.8221
v 0.4655 -1.5234 -2.8222
v 0.4656 -1.5232 -2.8224
v 0.4657 -1.5230 -2.8225
v 0.4658 -1.5229 -2.8227
v 0.4659 -1.5227 -2.8228
v 0.4660 -1.5225 -2.8230
v 0.4661 -1.5223 -2.8231
v 0.4662 -1.5222 -2.8233
v 0.4663 -1.5220 -2.8234
v 0.4665 -1.5218 -2.8236
v 0.4666 -1.5216 -2.8237
v 0.4667 -1.5215 -2.8239
v 0.4668 -1.5213 -2.8240
v 0.4669 -1.5211 -2.8241
v 0.4670 -1.5209 -2.8243
v 0.4671 -1.5208 -2.8244
v 0.4672 -1.5206 -2.8246
v 0.4673 -1.5204 -2.8247
v 0.4675 -1.5202 -2.8249
v 0.4676 -1.5201 -2.8250
v 0.4677 -1.5199 -2.8252
v 0.4678 -1.5197 -2.8253
v 0.4679 -1.5195 -2.8255
v 0.4682 -1.5191 -2.8259
v 0.4685 -1.5186 -2.8262
v 0.4688 -1.5182 -2.8266
v 0.4691 -1.5177 -2.8270
v 0.4694 -1.5172 -2.8274
v 0.4697 -1.5168 -2.8278
v 0.4699 -1.5163 -2.8282
v 0.4702 -1.5159 -2.8285
v 0.4705 -1.5154 -2.8289
v 0.4708 -1.5150 -2.8293
v 0.4711 -1.5145 -2.8297
v 0.4714 -1.5140 -2.8301
v 0.4717 -1.5136 -2.8305
v 0.4720 -1.5131 -2.8309
v 0.4723 -1.5127 -2.8312
v 0.4726 -1.5122 -2.8316
v 0.4729 -1.5117 -2.8320
v 0.4732 -1.5113 -2.8324
v 0.4735 -1.5108 -2.8328
v 0.4737 -1.5104 -2.8332
v 0.4740 -1.5099 -2.8336
v 0.4743 -1.5094 -2.8339
v 0.4746 -1.5090 -2.8343
v 0.4749 -1.5085 -2.8347
v 0.4752 -1.5081 -2.8351
v 0.4755 -1.5076 -2.8355
v 0.4758 -1.5072 -2.8359
v 0.4761 -1.5067 -2.8363
v 0.4764 -1.5062 -2.8366
v 0.4767 -1.5058 -2.8370
v 0.4010 -1.5813 -2.6815
v 0.4032 -1.5777 -2.6845
v 0.4055 -1.5741 -2.6875
v 0.4078 -1.5706 -2.6905
v 0.4100 -1.5670 -2.6935
v 0.4123 -1.5635 -2.6965
v 0.4146 -1.5599 -2.6995
v 0.4168 -1.5563 -2.7024
v 0.4191 -1.5528 -2.7054
v 0.4214 -1.5492 -2.7084
v 0.4236 -1.5457 -2.7114
v 0.4259 -1.5421 -2.7144
v 0.4282 -1.5385 -2.7174
v 0.4304 -1.5350 -2.7204
v 0.4327 -1.5314 -2.7234
v 0.4350 -1.5279 -2.7263
v 0.4372 -1.5243 -2.7293
v 0.4395 -1.5207 -2.7323
v 0.4418 -1.5172 -2.7353
v 0.4440 -1.5136 -2.7383
v 0.4463 -1.5101 -2.7413
v 0.4486 -1.5065 -2.7443
v 0.4508 -1.5029 -2.7473
v 0.4531 -1.4994 -2.7502
v 0.4554 -1.4958 -2.7532
v 0.4576 -1.4923 -2.7562
v 0.4599 -1.4887 -2.7592
v 0.4622 -1.4851 -2.7622
v 0.4644 -1.4816 -2.7652
v 0.4667 -1.4780 -2.7682
v 0.4690 -1.4745 -2.7711
v 0.4749 -1.4651 -2.7790
v 0.4809 -1.4557 -2.7869
v 0.4869 -1.4464 -2.7947
v 0.4928 -1.4370 -2.8026
v 0.4988 -1.4276 -2.8105
v 0.5047 -1.4183 -2.8183
v 0.5107 -1.4089 -2.8262
v 0.5167 -1.3995 -2.8340
v 0.5226 -1.3901 -2.8419
v 0.5286 -1.3808 -2.8498
v 0.5346 -1.3714 -2.8576
v 0.5405 -1.3620 -2.8655
v 0.5465 -1.3527 -2.8733
v 0.5525 -1.3433 -2.8812
v 0.5584 -1.3339 -2.8891
v 0.5644 -1.3246 -2.8969
v 0.5704 -1.3152 -2.9048
v 0.5763 -1.3058 -2.9126
v 0.5823 -1.2965 -2.9205
v 0.5882 -1.2871 -2.9284
v 0.5942 -1.2777 -2.9362
v 0.6002 -1.2684 -2.9441
v 0.6061 -1.2590 -2.9519
v 0.6121 -1.2496 -2.9598
v 0.6181 -1.2403 -2.9677
v 0.6240 -1.2309 -2.9755
v 0.6300 -1.2215 -2.9834
v 0.6360 -1.2122 -2.9913
v 0.6419 -1.2028 -2.9991
v 0.6479 -1.1934 -3.0070
v 0.3760 -1.5807 -2.5899
v 0.3792 -1.5756 -2.5941
v 0.3824 -1.5706 -2.5983
v 0.3856 -1.5656 -2.6025
v 0.3888 -1.5606 -2.6067
v 0.3920 -1.5555 -2.6110
v 0.3952 -1.5505 -2.6152
v 0.3984 -1.5455 -2.6194
v 0.4016 -1.5405 -2.6236
v 0.4048 -1.5354 -2.6278
v 0.4080 -1.5304 -2.6320
v 0.4112 -1.5254 -2.6363
v 0.4144 -1.5204 -2.6405
v 0.4176 -1.5153 -2.6447
v 0.4208 -1.5103 -2.6489
v 0.4240 -1.5053 -2.6531
v 0.4272 -1.5003 -2.6573
v 0.4304 -1.4952 -2.6616
v 0.4336 -1.4902 -2.6658
v 0.4368 -1.4852 -2.6700
v 0.4400 -1.4802 -2.6742
v 0.4432 -1.4751 -2.6784
v 0.4464 -1.4701 -2.6826
v 0.4496 -1.4651 -2.6869
v 0.4528 -1.4601 -2.6911
v 0.4560 -1.4550 -2.6953
v 0.4592 -1.4500 -2.6995
v 0.4624 -1.4450 -2.7037
v 0.4656 -1.4400 -2.7079
v 0.4688 -1.4349 -2.7122
v 0.4720 -1.4299 -2.7164
v 0.4804 -1.4167 -2.7275
v 0.4888 -1.4035 -2.7386
v 0.4973 -1.3902 -2.7497
v 0.5057 -1.3770 -2.7608
v 0.5141 -1.3638 -2.7719
v 0.5225 -1.3506 -2.7830
v 0.5309 -1.3374 -2.7940
v 0.5394 -1.3241 -2.8051
v 0.5478 -1.3109 -2.8162
v 0.5562 -1.2977 -2.8273
v 0.5646 -1.2845 -2.8384
v 0.5730 -1.2712 -2.8495
v 0.5815 -1.2580 -2.8606
v 0.5899 -1.2448 -2.8717
v 0.5983 -1.2316 -2.8828
v 0.6067 -1.2183 -2.8939
v 0.6151 -1.2051 -2.9050
v 0.6235 -1.1919 -2.9161
v 0.6320 -1.1787 -2.9272
v 0.6404 -1.1654 -2.9383
v 0.6488 -1.1522 -2.9494
v 0.6572 -1.1390 -2.9605
v 0.6656 -1.1258 -2.9716
v 0.6741 -1.1126 -2.9827
v 0.6825 -1.0993 -2.9938
v 0.6909 -1.0861 -3.0049
v 0.6993 -1.0729 -3.0160
v 0.7077 -1.0597 -3.0271
v 0.7162 -1.0464 -3.0382
v 0.7246 -1.0332 -3.0493
v 0.3583 -1.5721 -2.5049
v 0.3622 -1.5659 -2.5101
v 0.3662 -1.5597 -2.5153
v 0.3701 -1.5535 -2.5206
v 0.3741 -1.5473 -2.5258
v 0.3780 -1.5411 -2.5310
v 0.3820 -1.5348 -2.5362
v 0.3859 -1.5286 -2.5414
v 0.3899 -1.5224 -2.5466
v 0.3938 -1.5162 -2.5518
v 0.3978 -1.5100 -2.5570
v 0.4018 -1.5038 -2.5622
v 0.4057 -1.4976 -2.5674
v 0.4097 -1.4914 -2.5727
v 0.4136 -1.4852 -2.5779
v 0.4176 -1.4790 -2.5831
v 0.4215 -1.4728 -2.5883
v 0.4255 -1.4666 -2.5935
v 0.4294 -1.4603 -2.5987
v 0.4334 -1.4541 -2.6039
v 0.4373 -1.4479 -2.6091
v 0.4413 -1.4417 -2.6143
v 0.4452 -1.4355 -2.6195
v 0.4492 -1.4293 -2.6247
v 0.4531 -1.4231 -2.6300
v 0.4571 -1.4169 -2.6352
v 0.4610 -1.4107 -2.6404
v 0.4650 -1.4045 -2.6456
v 0.4690 -1.3983 -2.6508
v 0.4729 -1.3921 -2.6560
v 0.4769 -1.3858 -2.6612
v 0.4873 -1.3695 -2.6749
v 0.4977 -1.3532 -2.6886
v 0.5081 -1.3368 -2.7023
v 0.5185 -1.3205 -2.7160
v 0.5289 -1.3042 -2.7298
v 0.5393 -1.2878 -2.7435
v 0.5497 -1.2715 -2.7572
v 0.5601 -1.2551 -2.7709
v 0.5705 -1.2388 -2.7846
v 0.5809 -1.2225 -2.7983
v 0.5913 -1.2061 -2.8120
v 0.6017 -1.1898 -2.8257
v 0.6121 -1.1735 -2.8394
v 0.6225 -1.1571 -2.8531
v 0.6329 -1.1408 -2.8668
v 0.6433 -1.1244 -2.8806
v 0.6537 -1.1081 -2.8943
v 0.6641 -1.0918 -2.9080
v 0.6745 -1.0754 -2.9217
v 0.6849 -1.0591 -2.9354
v 0.6953 -1.0428 -2.9491
v 0.7057 -1.0264 -2.9628
v 0.7161 -1.0101 -2.9765
v 0.7265 -0.9937 -2.9902
v 0.7369 -0.9774 -3.0039
v 0.7473 -0.9611 -3.0176
v 0.7577 -0.9447 -3.0313
v 0.7681 -0.9284 -3.0451
v 0.7785 -0.9121 -3.0588
v 0.7889 -0.8957 -3.0725
v 0.3447 -1.5600 -2.4229
v 0.3493 -1.5527 -2.4290
v 0.3539 -1.5455 -2.4351
v 0.3585 -1.5382 -2.4412
v 0.3632 -1.5310 -2.4473
v 0.3678 -1.5237 -2.4534
v 0.3724 -1.5164 -2.4595
v 0.3770 -1.5092 -2.4656
v 0.3816 -1.5019 -2.4717
v 0.3863 -1.4946 -2.4778
v 0.3909 -1.4874 -2.4839
v 0.3955 -1.4801 -2.4900
v 0.4001 -1.4729 -2.4960
v 0.4048 -1.4656 -2.5021
v 0.4094 -1.4583 -2.5082
v 0.4140 -1.4511 -2.5143
v 0.4186 -1.4438 -2.5204
v 0.4232 -1.4366 -2.5265
v 0.4279 -1.4293 -2.5326
v 0.4325 -1.4220 -2.5387
v 0.4371 -1.4148 -2.5448
v 0.4417 -1.4075 -2.5509
v 0.4464 -1.4003 -2.5570
v 0.4510 -1.3930 -2.5631
v 0.4556 -1.3857 -2.5692
v 0.4602 -1.3785 -2.5752
v 0.4648 -1.3712 -2.5813
v 0.4695 -1.3640 -2.5874
v 0.4741 -1.3567 -2.5935
v 0.4787 -1.3494 -2.5996
v 0.4833 -1.3422 -2.6057
v 0.4955 -1.3231 -2.6217
v 0.5077 -1.3040 -2.6378
v 0.5198 -1.2849 -2.6538
v 0.5320 -1.2658 -2.6698
v 0.5442 -1.2466 -2.6859
v 0.5563 -1.2275 -2.7019
v 0.5685 -1.2084 -2.7179
v 0.5807 -1.1893 -2.7340
v 0.5928 -1.1702 -2.7500
v 0.6050 -1.1511 -2.7660
v 0.6172 -1.1320 -2.7821
v 0.6293 -1.1129 -2.7981
v 0.6415 -1.0938 -2.8141
v 0.6536 -1.0747 -2.8302
v 0.6658 -1.0556 -2.8462
v 0.6780 -1.0365 -2.8622
v 0.6901 -1.0174 -2.8783
v 0.7023 -0.9983 -2.8943
v 0.7145 -0.9792 -2.9103
v 0.7266 -0.9601 -2.9263
v 0.7388 -0.9409 -2.9424
v 0.7510 -0.9218 -2.9584
v 0.7631 -0.9027 -2.9744
v 0.7753 -0.8836 -2.9905
v 0.7875 -0.8645 -3.0065
v 0.7996 -0.8454 -3.0225
v 0.8118 -0.8263 -3.0386
v 0.8240 -0.8072 -3.0546
v 0.8361 -0.7881 -3.0706
v 0.8483 -0.7690 -3.0867
v 0.3339 -1.5459 -2.3426
v 0.3392 -1.5377 -2.3495
v 0.3444 -1.5295 -2.3564
v 0.3497 -1.5212 -2.3633
v 0.3549 -1.5130 -2.3702
v 0.3602 -1.5048 -2.3771
v 0.3654 -1.4965 -2.3841
v 0.3707 -1.4883 -2.3910
v 0.3759 -1.4800 -2.3979
v 0.3811 -1.4718 -2.4048
v 0.3864 -1.4636 -2.4117
v 0.3916 -1.4553 -2.4186
v 0.3969 -1.4471 -2.4255
v 0.4021 -1.4389 -2.4324
v 0.4074 -1.4306 -2.4393
v 0.4126 -1.4224 -2.4463
v 0.4179 -1.4142 -2.4532
v 0.4231 -1.4059 -2.4601
v 0.4283 -1.3977 -2.4670
v 0.4336 -1.3894 -2.4739
v 0.4388 -1.3812 -2.4808
v 0.4441 -1.3730 -2.4877
v 0.4493 -1.3647 -2.4946
v 0.4546 -1.3565 -2.5015
v 0.4598 -1.3483 -2.5085
v 0.4650 -1.3400 -2.5154
v 0.4703 -1.3318 -2.5223
v 0.4755 -1.3236 -2.5292
v 0.4808 -1.3153 -2.5361
v 0.4860 -1.3071 -2.5430
v 0.4913 -1.2988 -2.5499
v 0.5051 -1.2772 -2.5681
v 0.5189 -1.2555 -2.5863
v 0.5327 -1.2338 -2.6045
v 0.5465 -1.2121 -2.6227
v 0.5603 -1.1905 -2.6409
v 0.5741 -1.1688 -2.6590
v 0.5879 -1.1471 -2.6772
v 0.6017 -1.1255 -2.6954
v 0.6155 -1.1038 -2.7136
v 0.6293 -1.0821 -2.7318
v 0.6431 -1.0604 -2.7500
v 0.6569 -1.0388 -2.7682
v 0.6707 -1.0171 -2.7864
v 0.6845 -0.9954 -2.8045
v 0.6983 -0.9737 -2.8227
v 0.7121 -0.9521 -2.8409
v 0.7259 -0.9304 -2.8591
v 0.7397 -0.9087 -2.8773
v 0.7535 -0.8870 -2.8955
v 0.7673 -0.8654 -2.9137
v 0.7811 -0.8437 -2.9318
v 0.7949 -0.8220 -2.9500
v 0.8087 -0.8003 -2.9682
v 0.8225 -0.7787 -2.9864
v 0.8363 -0.7570 -3.0046
v 0.8501 -0.7353 -3.0228
v 0.8639 -0.7136 -3.0410
v 0.8777 -0.6920 -3.0592
v 0.8915 -0.6703 -3.0773
v 0.9053 -0.6486 -3.0955
v 0.3255 -1.5306 -2.2633
v 0.3313 -1.5215 -2.2710
v 0.3371 -1.5123 -2.2787
v 0.3430 -1.5031 -2.2863
v 0.3488 -1.4940 -2.2940
v 0.3546 -1.4848 -2.3017
v 0.3605 -1.4757 -2.3094
v 0.3663 -1.4665 -2.3171
v 0.3721 -1.4573 -2.3248
v 0.3780 -1.4482 -2.3325
v 0.3838 -1.4390 -2.3402
v 0.3896 -1.4299 -2.3478
v 0.3955 -1.4207 -2.3555
v 0.4013 -1.4115 -2.3632
v 0.4071 -1.4024 -2.3709
v 0.4130 -1.3932 -2.3786
v 0.4188 -1.3840 -2.3863
v 0.4246 -1.3749 -2.3940
v 0.4305 -1.3657 -2.4017
v 0.4363 -1.3566 -2.4093
v 0.4421 -1.3474 -2.4170
v 0.4480 -1.3382 -2.4247
v 0.4538 -1.3291 -2.4324
v 0.4596 -1.3199 -2.4401
v 0.4655 -1.3108 -2.4478
v 0.4713 -1.3016 -2.4555
v 0.4771 -1.2924 -2.4632
v 0.4830 -1.2833 -2.4708
v 0.4888 -1.2741 -2.4785
v 0.4946 -1.2649 -2.4862
v 0.5005 -1.2558 -2.4939
v 0.5158 -1.2317 -2.5141
v 0.5312 -1.2076 -2.5344
v 0.5465 -1.1835 -2.5546
v 0.5619 -1.1593 -2.5748
v 0.5772 -1.1352 -2.5951
v 0.5926 -1.1111 -2.6153
v 0.6079 -1.0870 -2.6355
v 0.6233 -1.0629 -2.6557
v 0.6386 -1.0388 -2.6760
v 0.6540 -1.0147 -2.6962
v 0.6693 -0.9906 -2.7164
v 0.6847 -0.9665 -2.7367
v 0.7000 -0.9424 -2.7569
v 0.7154 -0.9183 -2.7771
v 0.7307 -0.8941 -2.7974
v 0.7461 -0.8700 -2.8176
v 0.7614 -0.8459 -2.8378
v 0.7768 -0.8218 -2.8580
v 0.7921 -0.7977 -2.8783
v 0.8075 -0.7736 -2.8985
v 0.8228 -0.7495 -2.9187
v 0.8382 -0.7254 -2.9390
v 0.8535 -0.7013 -2.9592
v 0.8689 -0.6772 -2.9794
v 0.8842 -0.6531 -2.9997
v 0.8996 -0.6290 -3.0199
v 0.9149 -0.6048 -3.0401
v 0.9303 -0.5807 -3.0603
v 0.9456 -0.5566 -3.0806
v 0.9610 -0.5325 -3.1008
v 0.3188 -1.5144 -2.1848
v 0.3252 -1.5043 -2.1932
v 0.3316 -1.4943 -2.2016
v 0.3380 -1.4842 -2.2101
v 0.3444 -1.4742 -2.2185
v 0.3508 -1.4641 -2.2269
v 0.3572 -1.4541 -2.2354
v 0.3636 -1.4440 -2.2438
v 0.3700 -1.4340 -2.2522
v 0.3764 -1.4239 -2.2607
v 0.3828 -1.4139 -2.2691
v 0.3892 -1.4038 -2.2775
v 0.3956 -1.3938 -2.2860
v 0.4020 -1.3837 -2.2944
v 0.4084 -1.3737 -2.3028
v 0.4148 -1.3636 -2.3113
v 0.4212 -1.3536 -2.3197
v 0.4276 -1.3436 -2.3281
v 0.4340 -1.3335 -2.3365
v 0.4404 -1.3235 -2.3450
v 0.4467 -1.3134 -2.3534
v 0.4531 -1.3034 -2.3618
v 0.4595 -1.2933 -2.3703
v 0.4659 -1.2833 -2.3787
v 0.4723 -1.2732 -2.3871
v 0.4787 -1.2632 -2.3956
v 0.4851 -1.2531 -2.4040
v 0.4915 -1.2431 -2.4124
v 0.4979 -1.2330 -2.4209
v 0.5043 -1.2230 -2.4293
v 0.5107 -1.2129 -2.4377
v 0.5276 -1.1865 -2.4599
v 0.5444 -1.1600 -2.4821
v 0.5612 -1.1336 -2.5043
v 0.5781 -1.1071 -2.5265
v 0.5949 -1.0807 -2.5487
v 0.6117 -1.0543 -2.5709
v 0.6286 -1.0278 -2.5931
v 0.6454 -1.0014 -2.6152
v 0.6623 -0.9749 -2.6374
v 0.6791 -0.9485 -2.6596
v 0.6959 -0.9220 -2.6818
v 0.7128 -0.8956 -2.7040
v 0.7296 -0.8691 -2.7262
v 0.7464 -0.8427 -2.7484
v 0.7633 -0.8163 -2.7706
v 0.7801 -0.7898 -2.7928
v 0.7970 -0.7634 -2.8149
v 0.8138 -0.7369 -2.8371
v 0.8306 -0.7105 -2.8593
v 0.8475 -0.6840 -2.8815
v 0.8643 -0.6576 -2.9037
v 0.8812 -0.6312 -2.9259
v 0.8980 -0.6047 -2.9481
v 0.9148 -0.5783 -2.9703
v 0.9317 -0.5518 -2.9924
v 0.9485 -0.5254 -3.0146
v 0.9653 -0.4989 -3.0368
v 0.9822 -0.4725 -3.0590
v 0.9990 -0.4461 -3.0812
v 1.0159 -0.4196 -3.1034
v 0.3136 -1.4973 -2.1069
v 0.3206 -1.4864 -2.1161
v 0.3275 -1.4755 -2.1252
v 0.3345 -1.4646 -2.1344
v 0.3414 -1.4537 -2.1435
v 0.3483 -1.4428 -2.1527
v 0.3553 -1.4319 -2.1618
v 0.3622 -1.4210 -2.1710
v 0.3692 -1.4101 -2.1801
v 0.3761 -1.3992 -2.1893
v 0.3831 -1.3883 -2.1984
v 0.3900 -1.3774 -2.2076
v 0.3969 -1.3665 -2.2167
v 0.4039 -1.3556 -2.2259
v 0.4108 -1.3447 -2.2350
v 0.4178 -1.3337 -2.2442
v 0.4247 -1.3228 -2.2533
v 0.4316 -1.3119 -2.2625
v 0.4386 -1.3010 -2.2716
v 0.4455 -1.2901 -2.2808
v 0.4525 -1.2792 -2.2899
v 0.4594 -1.2683 -2.2991
v 0.4663 -1.2574 -2.3082
v 0.4733 -1.2465 -2.3174
v 0.4802 -1.2356 -2.3265
v 0.4872 -1.2247 -2.3357
v 0.4941 -1.2138 -2.3448
v 0.5011 -1.2029 -2.3540
v 0.5080 -1.1920 -2.3631
v 0.5149 -1.1811 -2.3723
v 0.5219 -1.1702 -2.3814
v 0.5401 -1.1415 -2.4055
v 0.5584 -1.1128 -2.4296
v 0.5767 -1.0841 -2.4537
v 0.5950 -1.0554 -2.4778
v 0.6132 -1.0267 -2.5018
v 0.6315 -0.9980 -2.5259
v 0.6498 -0.9693 -2.5500
v 0.6680 -0.9406 -2.5741
v 0.6863 -0.9119 -2.5982
v 0.7046 -0.8832 -2.6222
v 0.7229 -0.8545 -2.6463
v 0.7411 -0.8258 -2.6704
v 0.7594 -0.7971 -2.6945
v 0.7777 -0.7684 -2.7185
v 0.7960 -0.7398 -2.7426
v 0.8142 -0.7111 -2.7667
v 0.8325 -0.6824 -2.7908
v 0.8508 -0.6537 -2.8148
v 0.8691 -0.6250 -2.8389
v 0.8873 -0.5963 -2.8630
v 0.9056 -0.5676 -2.8871
v 0.9239 -0.5389 -2.9112
v 0.9421 -0.5102 -2.9352
v 0.9604 -0.4815 -2.9593
v 0.9787 -0.4528 -2.9834
v 0.9970 -0.4241 -3.0075
v 1.0152 -0.3954 -3.0315
v 1.0335 -0.3667 -3.0556
v 1.0518 -0.3380 -3.0797
v 1.0701 -0.3093 -3.1038
v 0.3097 -1.4795 -2.0298
v 0.3172 -1.4677 -2.0396
v 0.3247 -1.4560 -2.0495
v 0.3321 -1.4443 -2.0593
v 0.3396 -1.4325 -2.0692
v 0.3471 -1.4208 -2.0790
v 0.3545 -1.4091 -2.0889
v 0.3620 -1.3973 -2.0987
v 0.3695 -1.3856 -2.1085
v 0.3769 -1.3739 -2.1184
v 0.3844 -1.3621 -2.1282
v 0.3919 -1.3504 -2.1381
v 0.3993 -1.3387 -2.1479
v 0.4068 -1.3269 -2.1578
v 0.4143 -1.3152 -2.1676
v 0.4217 -1.3035 -2.1775
v 0.4292 -1.2917 -2.1873
v 0.4367 -1.2800 -2.1971
v 0.4441 -1.2683 -2.2070
v 0.4516 -1.2565 -2.2168
v 0.4591 -1.2448 -2.2267
v 0.4665 -1.2331 -2.2365
v 0.4740 -1.2214 -2.2464
v 0.4815 -1.2096 -2.2562
v 0.4889 -1.1979 -2.2661
v 0.4964 -1.1862 -2.2759
v 0.5039 -1.1744 -2.2857
v 0.5113 -1.1627 -2.2956
v 0.5188 -1.1510 -2.3054
v 0.5263 -1.1392 -2.3153
v 0.5337 -1.1275 -2.3251
v 0.5534 -1.0966 -2.3510
v 0.5730 -1.0658 -2.3769
v 0.5927 -1.0349 -2.4028
v 0.6124 -1.0040 -2.4287
v 0.6320 -0.9731 -2.4546
v 0.6517 -0.9423 -2.4805
v 0.6713 -0.9114 -2.5064
v 0.6910 -0.8805 -2.5323
v 0.7107 -0.8497 -2.5582
v 0.7303 -0.8188 -2.5842
v 0.7500 -0.7879 -2.6101
v 0.7696 -0.7571 -2.6360
v 0.7893 -0.7262 -2.6619
v 0.8090 -0.6953 -2.6878
v 0.8286 -0.6644 -2.7137
v 0.8483 -0.6336 -2.7396
v 0.8680 -0.6027 -2.7655
v 0.8876 -0.5718 -2.7914
v 0.9073 -0.5410 -2.8173
v 0.9269 -0.5101 -2.8432
v 0.9466 -0.4792 -2.8691
v 0.9663 -0.4484 -2.8950
v 0.9859 -0.4175 -2.9209
v 1.0056 -0.3866 -2.9468
v 1.0252 -0.3558 -2.9727
v 1.0449 -0.3249 -2.9986
v 1.0646 -0.2940 -3.0245
v 1.0842 -0.2631 -3.0504
v 1.1039 -0.2323 -3.0763
v 1.1235 -0.2014 -3.1022
v 0.3069 -1.4607 -1.9533
v 0.3149 -1.4482 -1.9639
v 0.3229 -1.4357 -1.9744
v 0.3308 -1.4231 -1.9849
v 0.3388 -1.4106 -1.9954
v 0.3468 -1.3981 -2.0059
v 0.3548 -1.3856 -2.0164
v 0.3627 -1.3730 -2.0269
v 0.3707 -1.3605 -2.0375
v 0.3787 -1.3480 -2.0480
v 0.3866 -1.3354 -2.0585
v 0.3946 -1.3229 -2.0690
v 0.4026 -1.3104 -2.0795
v 0.4106 -1.2978 -2.0900
v 0.4185 -1.2853 -2.1006
v 0.4265 -1.2728 -2.1111
v 0.4345 -1.2602 -2.1216
v 0.4425 -1.2477 -2.1321
v 0.4504 -1.2352 -2.1426
v 0.4584 -1.2226 -2.1531
v 0.4664 -1.2101 -2.1636
v 0.4743 -1.1976 -2.1742
v 0.4823 -1.1850 -2.1847
v 0.4903 -1.1725 -2.1952
v 0.4983 -1.1600 -2.2057
v 0.5062 -1.1475 -2.2162
v 0.5142 -1.1349 -2.2267
v 0.5222 -1.1224 -2.2373
v 0.5302 -1.1099 -2.2478
v 0.5381 -1.0973 -2.2583
v 0.5461 -1.0848 -2.2688
v 0.5671 -1.0518 -2.2965
v 0.5881 -1.0189 -2.3241
v 0.6091 -0.9859 -2.3518
v 0.6301 -0.9529 -2.3795
v 0.6511 -0.9199 -2.4071
v 0.6721 -0.8870 -2.4348
v 0.6931 -0.8540 -2.4625
v 0.7141 -0.8210 -2.4901
v 0.7351 -0.7881 -2.5178
v 0.7561 -0.7551 -2.5455
v 0.7771 -0.7221 -2.5731
v 0.7981 -0.6892 -2.6008
v 0.8191 -0.6562 -2.6284
v 0.8401 -0.6232 -2.6561
v 0.8611 -0.5903 -2.6838
v 0.8821 -0.5573 -2.7114
v 0.9031 -0.5243 -2.7391
v 0.9241 -0.4913 -2.7668
v 0.9451 -0.4584 -2.7944
v 0.9661 -0.4254 -2.8221
v 0.9871 -0.3924 -2.8498
v 1.0081 -0.3595 -2.8774
v 1.0291 -0.3265 -2.9051
v 1.0501 -0.2935 -2.9328
v 1.0711 -0.2606 -2.9604
v 1.0921 -0.2276 -2.9881
v 1.1131 -0.1946 -3.0158
v 1.1341 -0.1616 -3.0434
v 1.1551 -0.1287 -3.0711
v 1.1761 -0.0957 -3.0988
v 0.3050 -1.4411 -1.8777
v 0.3135 -1.4278 -1.8889
v 0.3219 -1.4145 -1.9000
v 0.3304 -1.4012 -1.9112
v 0.3388 -1.3879 -1.9224
v 0.3473 -1.3746 -1.9335
v 0.3558 -1.3613 -1.9447
v 0.3642 -1.3480 -1.9558
v 0.3727 -1.3347 -1.9670
v 0.3811 -1.3214 -1.9782
v 0.3896 -1.3080 -1.9893
v 0.3981 -1.2947 -2.0005
v 0.4065 -1.2814 -2.0116
v 0.4150 -1.2681 -2.0228
v 0.4234 -1.2548 -2.0340
v 0.4319 -1.2415 -2.0451
v 0.4403 -1.2282 -2.0563
v 0.4488 -1.2149 -2.0675
v 0.4573 -1.2016 -2.0786
v 0.4657 -1.1883 -2.0898
v 0.4742 -1.1750 -2.1009
v 0.4826 -1.1617 -2.1121
v 0.4911 -1.1484 -2.1233
v 0.4995 -1.1351 -2.1344
v 0.5080 -1.1218 -2.1456
v 0.5165 -1.1085 -2.1567
v 0.5249 -1.0952 -2.1679
v 0.5334 -1.0819 -2.1791
v 0.5419 -1.0686 -2.1902
v 0.5503 -1.0553 -2.2014
v 0.5588 -1.0420 -2.2126
v 0.5810 -1.0070 -2.2419
v 0.6033 -0.9720 -2.2713
v 0.6256 -0.9370 -2.3007
v 0.6479 -0.9020 -2.3300
v 0.6702 -0.8670 -2.3594
v 0.6925 -0.8320 -2.3887
v 0.7148 -0.7970 -2.4181
v 0.7371 -0.7621 -2.4475
v 0.7594 -0.7271 -2.4768
v 0.7817 -0.6921 -2.5062
v 0.8040 -0.6571 -2.5355
v 0.8263 -0.6221 -2.5649
v 0.8486 -0.5871 -2.5943
v 0.8709 -0.5521 -2.6236
v 0.8932 -0.5171 -2.6530
v 0.9155 -0.4821 -2.6823
v 0.9378 -0.4472 -2.7117
v 0.9601 -0.4122 -2.7411
v 0.9824 -0.3772 -2.7704
v 1.0047 -0.3422 -2.7998
v 1.0270 -0.3072 -2.8291
v 1.0493 -0.2722 -2.8585
v 1.0716 -0.2372 -2.8879
v 1.0939 -0.2022 -2.9172
v 1.1162 -0.1672 -2.9466
v 1.1385 -0.1322 -2.9760
v 1.1608 -0.0972 -3.0053
v 1.1830 -0.0622 -3.0347
v 1.2053 -0.0272 -3.0640
v 1.2276 0.0078 -3.0934
v 0.3039 -1.4203 -1.8030
v 0.3128 -1.4063 -1.8148
v 0.3217 -1.3922 -1.8265
v 0.3306 -1.3782 -1.8383
v 0.3396 -1.3641 -1.8501
v 0.3485 -1.3501 -1.8619
v 0.3574 -1.3361 -1.8737
v 0.3663 -1.3220 -1.8855
v 0.3752 -1.3080 -1.8972
v 0.3842 -1.2939 -1.9090
v 0.3931 -1.2799 -1.9208
v 0.4020 -1.2658 -1.9326
v 0.4109 -1.2518 -1.9444
v 0.4198 -1.2378 -1.9562
v 0.4288 -1.2237 -1.9679
v 0.4377 -1.2097 -1.9797
v 0.4466 -1.1956 -1.9915
v 0.4555 -1.1816 -2.0033
v 0.4644 -1.1675 -2.0151
v 0.4734 -1.1535 -2.0269
v 0.4823 -1.1395 -2.0386
v 0.4912 -1.1254 -2.0504
v 0.5001 -1.1114 -2.0622
v 0.5090 -1.0973 -2.0740
v 0.5180 -1.0833 -2.0858
v 0.5269 -1.0692 -2.0976
v 0.5358 -1.0552 -2.1093
v 0.5447 -1.0412 -2.1211
v 0.5537 -1.0271 -2.1329
v 0.5626 -1.0131 -2.1447
v 0.5715 -0.9990 -2.1565
v 0.5950 -0.9621 -2.1875
v 0.6185 -0.9252 -2.2185
v 0.6421 -0.8882 -2.2495
v 0.6656 -0.8513 -2.2804
v 0.6891 -0.8144 -2.3114
v 0.7127 -0.7774 -2.3424
v 0.7362 -0.7405 -2.3734
v 0.7598 -0.7036 -2.4044
v 0.7833 -0.6667 -2.4354
v 0.8069 -0.6297 -2.4664
v 0.8305 -0.5928 -2.4973
v 0.8540 -0.5559 -2.5283
v 0.8776 -0.5190 -2.5593
v 0.9011 -0.4820 -2.5903
v 0.9247 -0.4451 -2.6213
v 0.9483 -0.4082 -2.6522
v 0.9718 -0.3713 -2.6832
v 0.9954 -0.3343 -2.7142
v 1.0189 -0.2974 -2.7452
v 1.0424 -0.2605 -2.7762
v 1.0660 -0.2235 -2.8072
v 1.0895 -0.1866 -2.8382
v 1.1130 -0.1497 -2.8692
v 1.1366 -0.1127 -2.9002
v 1.1601 -0.0758 -2.9311
v 1.1836 -0.0389 -2.9621
v 1.2071 -0.0019 -2.9931
v 1.2307 0.0350 -3.0241
v 1.2542 0.0719 -3.0551
v 1.2777 0.1089 -3.0861
v 0.3033 -1.3983 -1.7293
v 0.3127 -1.3836 -1.7417
v 0.3221 -1.3688 -1.7540
v 0.3314 -1.3541 -1.7664
v 0.3408 -1.3393 -1.7788
v 0.3501 -1.3246 -1.7912
v 0.3595 -1.3098 -1.8035
v 0.3689 -1.2951 -1.8159
v 0.3782 -1.2803 -1.8283
v 0.3876 -1.2656 -1.8407
v 0.3969 -1.2508 -1.8531
v 0.4063 -1.2361 -1.8654
v 0.4156 -1.2213 -1.8778
v 0.4250 -1.2066 -1.8902
v 0.4343 -1.1918 -1.9026
v 0.4437 -1.1771 -1.9149
v 0.4531 -1.1623 -1.9273
v 0.4624 -1.1476 -1.9397
v 0.4718 -1.1328 -1.9521
v 0.4811 -1.1181 -1.9645
v 0.4905 -1.1033 -1.9768
v 0.4998 -1.0886 -1.9892
v 0.5092 -1.0738 -2.0016
v 0.5186 -1.0591 -2.0140
v 0.5279 -1.0443 -2.0263
v 0.5373 -1.0296 -2.0387
v 0.5466 -1.0148 -2.0511
v 0.5560 -1.0001 -2.0635
v 0.5654 -0.9853 -2.0758
v 0.5747 -0.9706 -2.0882
v 0.5841 -0.9558 -2.1006
v 0.6088 -0.9170 -2.1331
v 0.6335 -0.8782 -2.1657
v 0.6582 -0.8394 -2.1982
v 0.6829 -0.8007 -2.2308
v 0.7076 -0.7619 -2.2633
v 0.7324 -0.7231 -2.2959
v 0.7571 -0.6843 -2.3284
v 0.7819 -0.6456 -2.3609
v 0.8067 -0.6068 -2.3934
v 0.8314 -0.5680 -2.4260
v 0.8562 -0.5293 -2.4585
v 0.8810 -0.4905 -2.4910
v 0.9058 -0.4518 -2.5235
v 0.9305 -0.4130 -2.5561
v 0.9553 -0.3742 -2.5886
v 0.9800 -0.3355 -2.6211
v 1.0048 -0.2967 -2.6537
v 1.0295 -0.2579 -2.6862
v 1.0543 -0.2191 -2.7187
v 1.0790 -0.1804 -2.7513
v 1.1037 -0.1416 -2.7838
v 1.1284 -0.1028 -2.8164
v 1.1532 -0.0640 -2.8489
v 1.1779 -0.0252 -2.8814
v 1.2026 0.0136 -2.9140
v 1.2273 0.0523 -2.9465
v 1.2520 0.0911 -2.9791
v 1.2767 0.1299 -3.0116
v 1.3014 0.1687 -3.0442
v 1.3261 0.2075 -3.0767
v 0.3033 -1.3749 -1.6568
v 0.3131 -1.3595 -1.6697
v 0.3228 -1.3441 -1.6827
v 0.3326 -1.3287 -1.6956
v 0.3424 -1.3132 -1.7085
v 0.3522 -1.2978 -1.7215
v 0.3619 -1.2824 -1.7344
v 0.3717 -1.2670 -1.7474
v 0.3814 -1.2515 -1.7603
v 0.3912 -1.2361 -1.7732
v 0.4010 -1.2207 -1.7862
v 0.4107 -1.2053 -1.7991
v 0.4205 -1.1898 -1.8121
v 0.4302 -1.1744 -1.8250
v 0.4400 -1.1590 -1.8380
v 0.4498 -1.1436 -1.8509
v 0.4595 -1.1281 -1.8638
v 0.4693 -1.1127 -1.8768
v 0.4790 -1.0973 -1.8897
v 0.4888 -1.0819 -1.9027
v 0.4986 -1.0664 -1.9156
v 0.5083 -1.0510 -1.9286
v 0.5181 -1.0356 -1.9415
v 0.5278 -1.0202 -1.9544
v 0.5376 -1.0047 -1.9674
v 0.5474 -0.9893 -1.9803
v 0.5572 -0.9739 -1.9933
v 0.5669 -0.9585 -2.0062
v 0.5767 -0.9431 -2.0191
v 0.5865 -0.9276 -2.0321
v 0.5963 -0.9122 -2.0450
v 0.6221 -0.8717 -2.0790
v 0.6479 -0.8311 -2.1131
v 0.6737 -0.7906 -2.1471
v 0.6995 -0.7501 -2.1811
v 0.7254 -0.7095 -2.2151
v 0.7513 -0.6690 -2.2491
v 0.7772 -0.6285 -2.2831
v 0.8032 -0.5880 -2.3171
v 0.8291 -0.5475 -2.3510
v 0.8551 -0.5070 -2.3850
v 0.8810 -0.4665 -2.4190
v 0.9070 -0.4260 -2.4530
v 0.9329 -0.3855 -2.4870
v 0.9588 -0.3450 -2.5209
v 0.9847 -0.3045 -2.5549
v 1.0106 -0.2640 -2.5889
v 1.0365 -0.2235 -2.6229
v 1.0624 -0.1830 -2.6569
v 1.0883 -0.1425 -2.6909
v 1.1141 -0.1019 -2.7249
v 1.1400 -0.0614 -2.7589
v 1.1658 -0.0209 -2.7929
v 1.1916 0.0197 -2.8270
v 1.2175 0.0602 -2.8610
v 1.2433 0.1007 -2.8950
v 1.2691 0.1413 -2.9290
v 1.2949 0.1818 -2.9630
v 1.3208 0.2224 -2.9970
v 1.3466 0.2629 -3.0311
v 1.3724 0.3034 -3.0651
v 0.3036 -1.3499 -1.5856
v 0.3138 -1.3339 -1.5991
v 0.3239 -1.3178 -1.6125
v 0.3341 -1.3018 -1.6260
v 0.3442 -1.2857 -1.6395
v 0.3544 -1.2696 -1.6530
v 0.3645 -1.2536 -1.6664
v 0.3746 -1.2375 -1.6799
v 0.3848 -1.2215 -1.6934
v 0.3949 -1.2054 -1.7069
v 0.4050 -1.1893 -1.7203
v 0.4151 -1.1733 -1.7338
v 0.4253 -1.1572 -1.7473
v 0.4354 -1.1411 -1.7608
v 0.4455 -1.1251 -1.7743
v 0.4556 -1.1090 -1.7877
v 0.4657 -1.0929 -1.8012
v 0.4758 -1.0769 -1.8147
v 0.4860 -1.0608 -1.8282
v 0.4961 -1.0447 -1.8417
v 0.5062 -1.0287 -1.8551
v 0.5163 -1.0126 -1.8686
v 0.5265 -0.9966 -1.8821
v 0.5366 -0.9805 -1.8956
v 0.5467 -0.9645 -1.9090
v 0.5569 -0.9484 -1.9225
v 0.5670 -0.9323 -1.9360
v 0.5772 -0.9163 -1.9495
v 0.5874 -0.9002 -1.9629
v 0.5975 -0.8842 -1.9764
v 0.6077 -0.8682 -1.9898
v 0.6345 -0.8260 -2.0253
v 0.6614 -0.7838 -2.0607
v 0.6883 -0.7416 -2.0961
v 0.7152 -0.6994 -2.1314
v 0.7422 -0.6573 -2.1668
v 0.7692 -0.6152 -2.2021
v 0.7963 -0.5730 -2.2375
v 0.8233 -0.5309 -2.2728
v 0.8504 -0.4888 -2.3082
v 0.8775 -0.4467 -2.3435
v 0.9046 -0.4046 -2.3788
v 0.9316 -0.3625 -2.4142
v 0.9587 -0.3204 -2.4495
v 0.9857 -0.2783 -2.4848
v 1.0128 -0.2361 -2.5202
v 1.0397 -0.1940 -2.5555
v 1.0667 -0.1518 -2.5909
v 1.0937 -0.1097 -2.6263
v 1.1206 -0.0675 -2.6617
v 1.1475 -0.0253 -2.6971
v 1.1744 0.0168 -2.7324
v 1.2013 0.0590 -2.7678
v 1.2282 0.1012 -2.8032
v 1.2551 0.1434 -2.8386
v 1.2819 0.1855 -2.8740
v 1.3088 0.2277 -2.9094
v 1.3357 0.2699 -2.9448
v 1.3626 0.3121 -2.9802
v 1.3894 0.3543 -3.0156
v 1.4163 0.3965 -3.0510
v 0.3042 -1.3231 -1.5159
v 0.3147 -1.3065 -1.5299
v 0.3252 -1.2898 -1.5439
v 0.3357 -1.2732 -1.5578
v 0.3462 -1.2565 -1.5718
v 0.3566 -1.2399 -1.5858
v 0.3671 -1.2232 -1.5998
v 0.3775 -1.2066 -1.6137
v 0.3880 -1.1899 -1.6277
v 0.3984 -1.1732 -1.6417
v 0.4088 -1.1566 -1.6557
v 0.4193 -1.1399 -1.6697
v 0.4297 -1.1232 -1.6837
v 0.4401 -1.1066 -1.6977
v 0.4505 -1.0899 -1.7116
v 0.4609 -1.0732 -1.7256
v 0.4713 -1.0565 -1.7396
v 0.4817 -1.0399 -1.7536
v 0.4921 -1.0232 -1.7676
v 0.5025 -1.0065 -1.7816
v 0.5130 -0.9898 -1.7956
v 0.5234 -0.9732 -1.8096
v 0.5338 -0.9565 -1.8236
v 0.5443 -0.9399 -1.8375
v 0.5548 -0.9232 -1.8515
v 0.5653 -0.9066 -1.8655
v 0.5758 -0.8899 -1.8794
v 0.5863 -0.8733 -1.8934
v 0.5969 -0.8567 -1.9073
v 0.6074 -0.8401 -1.9213
v 0.6180 -0.8234 -1.9352
v 0.6458 -0.7797 -1.9719
v 0.6737 -0.7360 -2.0086
v 0.7016 -0.6923 -2.0452
v 0.7296 -0.6487 -2.0819
v 0.7576 -0.6050 -2.1185
v 0.7857 -0.5614 -2.1551
v 0.8138 -0.5178 -2.1917
v 0.8420 -0.4742 -2.2282
v 0.8702 -0.4307 -2.2648
v 0.8984 -0.3871 -2.3014
v 0.9266 -0.3435 -2.3379
v 0.9548 -0.2999 -2.3745
v 0.9830 -0.2563 -2.4111
v 1.0111 -0.2127 -2.4477
v 1.0391 -0.1691 -2.4843
v 1.0671 -0.1254 -2.5209
v 1.0951 -0.0818 -2.5576
v 1.1230 -0.0381 -2.5942
v 1.1509 0.0056 -2.6309
v 1.1788 0.0493 -2.6675
v 1.2067 0.0930 -2.7042
v 1.2346 0.1367 -2.7409
v 1.2625 0.1804 -2.7775
v 1.2903 0.2241 -2.8142
v 1.3182 0.2678 -2.8509
v 1.3460 0.3115 -2.8876
v 1.3738 0.3552 -2.9242
v 1.4017 0.3989 -2.9609
v 1.4295 0.4426 -2.9976
v 1.4574 0.4864 -3.0343
v 0.3049 -1.2943 -1.4479
v 0.3157 -1.2772 -1.4624
v 0.3265 -1.2600 -1.4768
v 0.3373 -1.2428 -1.4912
v 0.3480 -1.2256 -1.5057
v 0.3587 -1.2083 -1.5201
v 0.3695 -1.1911 -1.5345
v 0.3802 -1.1739 -1.5490
v 0.3908 -1.1567 -1.5635
v 0.4015 -1.1394 -1.5779
v 0.4121 -1.1222 -1.5924
v 0.4228 -1.1049 -1.6069
v 0.4333 -1.0877 -1.6214
v 0.4439 -1.0704 -1.6358
v 0.4545 -1.0531 -1.6503
v 0.4650 -1.0359 -1.6648
v 0.4756 -1.0186 -1.6793
v 0.4861 -1.0013 -1.6938
v 0.4967 -0.9840 -1.7083
v 0.5073 -0.9668 -1.7228
v 0.5179 -0.9495 -1.7373
v 0.5286 -0.9323 -1.7517
v 0.5393 -0.9151 -1.7662
v 0.5501 -0.8979 -1.7806
v 0.5609 -0.8807 -1.7950
v 0.5717 -0.8635 -1.8095
v 0.5826 -0.8464 -1.8238
v 0.5935 -0.8292 -1.8382
v 0.6044 -0.8121 -1.8526
v 0.6154 -0.7950 -1.8670
v 0.6264 -0.7778 -1.8813
v 0.6553 -0.7328 -1.9191
v 0.6842 -0.6878 -1.9569
v 0.7131 -0.6427 -1.9947
v 0.7422 -0.5977 -2.0325
v 0.7712 -0.5528 -2.0702
v 0.8004 -0.5078 -2.1079
v 0.8297 -0.4629 -2.1456
v 0.8590 -0.4180 -2.1833
v 0.8883 -0.3731 -2.2209
v 0.9177 -0.3282 -2.2586
v 0.9470 -0.2834 -2.2963
v 0.9763 -0.2385 -2.3339
v 1.0055 -0.1935 -2.3716
v 1.0346 -0.1486 -2.4094
v 1.0636 -0.1036 -2.4471
v 1.0925 -0.0585 -2.4849
v 1.1214 -0.0135 -2.5227
v 1.1502 0.0316 -2.5606
v 1.1790 0.0767 -2.5984
v 1.2078 0.1218 -2.6362
v 1.2366 0.1669 -2.6740
v 1.2653 0.2120 -2.7119
v 1.2941 0.2571 -2.7497
v 1.3229 0.3022 -2.7876
v 1.3516 0.3473 -2.8254
v 1.3803 0.3924 -2.8633
v 1.4091 0.4375 -2.9011
v 1.4378 0.4826 -2.9390
v 1.4665 0.5277 -2.9768
v 1.4952 0.5728 -3.0147
v 0.3056 -1.2634 -1.3818
v 0.3166 -1.2457 -1.3966
v 0.3277 -1.2280 -1.4115
v 0.3386 -1.2103 -1.4264
v 0.3496 -1.1925 -1.4412
v 0.3605 -1.1748 -1.4561
v 0.3714 -1.1571 -1.4710
v 0.3822 -1.1393 -1.4859
v 0.3930 -1.1215 -1.5008
v 0.4038 -1.1037 -1.5157
v 0.4145 -1.0859 -1.5307
v 0.4251 -1.0681 -1.5457
v 0.4356 -1.0502 -1.5607
v 0.4461 -1.0323 -1.5757
v 0.4566 -1.0144 -1.5907
v 0.4670 -0.9965 -1.6057
v 0.4774 -0.9786 -1.6208
v 0.4879 -0.9607 -1.6358
v 0.4983 -0.9428 -1.6508
v 0.5089 -0.9249 -1.6658
v 0.5195 -0.9071 -1.6808
v 0.5302 -0.8893 -1.6957
v 0.5411 -0.8715 -1.7106
v 0.5521 -0.8538 -1.7254
v 0.5632 -0.8362 -1.7403
v 0.5745 -0.8186 -1.7550
v 0.5858 -0.8010 -1.7698
v 0.5973 -0.7834 -1.7845
v 0.6088 -0.7659 -1.7992
v 0.6203 -0.7484 -1.8139
v 0.6318 -0.7309 -1.8286
v 0.6622 -0.6849 -1.8672
v 0.6924 -0.6388 -1.9059
v 0.7225 -0.5926 -1.9446
v 0.7525 -0.5464 -1.9834
v 0.7827 -0.5003 -2.0221
v 0.8130 -0.4542 -2.0607
v 0.8434 -0.4082 -2.0994
v 0.8739 -0.3622 -2.1380
v 0.9045 -0.3162 -2.1765
v 0.9352 -0.2703 -2.2151
v 0.9658 -0.2244 -2.2536
v 0.9963 -0.1784 -2.2922
v 1.0266 -0.1323 -2.3309
v 1.0565 -0.0861 -2.3697
v 1.0863 -0.0398 -2.4085
v 1.1159 0.0066 -2.4474
v 1.1454 0.0529 -2.4863
v 1.1749 0.0993 -2.5252
v 1.2045 0.1456 -2.5641
v 1.2341 0.1920 -2.6030
v 1.2636 0.2383 -2.6419
v 1.2932 0.2847 -2.6808
v 1.3228 0.3310 -2.7196
v 1.3523 0.3774 -2.7585
v 1.3819 0.4237 -2.7974
v 1.4114 0.4701 -2.8363
v 1.4409 0.5165 -2.8752
v 1.4704 0.5628 -2.9142
v 1.5000 0.6092 -2.9531
v 1.5295 0.6556 -2.9920
v 0.3062 -1.2299 -1.3177
v 0.3174 -1.2118 -1.3329
v 0.3285 -1.1936 -1.3482
v 0.3396 -1.1755 -1.3634
v 0.3507 -1.1573 -1.3787
v 0.3617 -1.1390 -1.3940
v 0.3726 -1.1208 -1.4093
v 0.3835 -1.1025 -1.4246
v 0.3942 -1.0842 -1.4400
v 0.4048 -1.0658 -1.4554
v 0.4152 -1.0474 -1.4709
v 0.4255 -1.0289 -1.4864
v 0.4356 -1.0104 -1.5019
v 0.4456 -0.9918 -1.5175
v 0.4555 -0.9731 -1.5332
v 0.4653 -0.9545 -1.5488
v 0.4750 -0.9358 -1.5645
v 0.4848 -0.9171 -1.5802
v 0.4947 -0.8984 -1.5958
v 0.5047 -0.8799 -1.6114
v 0.5150 -0.8614 -1.6269
v 0.5255 -0.8430 -1.6424
v 0.5364 -0.8247 -1.6577
v 0.5477 -0.8066 -1.6729
v 0.5592 -0.7886 -1.6880
v 0.5711 -0.7707 -1.7030
v 0.5832 -0.7529 -1.7180
v 0.5955 -0.7352 -1.7328
v 0.6079 -0.7175 -1.7477
v 0.6204 -0.6998 -1.7625
v 0.6329 -0.6822 -1.7773
v 0.6655 -0.6356 -1.8164
v 0.6975 -0.5888 -1.8557
v 0.7289 -0.5418 -1.8951
v 0.7602 -0.4947 -1.9347
v 0.7915 -0.4476 -1.9741
v 0.8229 -0.4006 -2.0136
v 0.8547 -0.3537 -2.0529
v 0.8868 -0.3070 -2.0922
v 0.9191 -0.2603 -2.1313
v 0.9516 -0.2137 -2.1705
v 0.9839 -0.1670 -2.2096
v 1.0158 -0.1201 -2.2489
v 1.0470 -0.0730 -2.2885
v 1.0774 -0.0256 -2.3282
v 1.1074 0.0219 -2.3681
v 1.1371 0.0696 -2.4081
v 1.1670 0.1172 -2.4481
v 1.1969 0.1648 -2.4880
v 1.2270 0.2123 -2.5278
v 1.2573 0.2597 -2.5677
v 1.2875 0.3072 -2.6075
v 1.3178 0.3546 -2.6473
v 1.3481 0.4021 -2.6871
v 1.3783 0.4495 -2.7269
v 1.4086 0.4970 -2.7668
v 1.4388 0.5444 -2.8066
v 1.4691 0.5919 -2.8464
v 1.4993 0.6394 -2.8862
v 1.5295 0.6868 -2.9261
v 1.5597 0.7343 -2.9659
v 0.3127 -1.1836 -1.2645
v 0.3237 -1.1654 -1.2797
v 0.3347 -1.1471 -1.2950
v 0.3456 -1.1288 -1.3104
v 0.3564 -1.1105 -1.3257
v 0.3671 -1.0922 -1.3411
v 0.3776 -1.0738 -1.3566
v 0.3879 -1.0553 -1.3721
v 0.3980 -1.0367 -1.3877
v 0.4079 -1.0180 -1.4034
v 0.4174 -0.9992 -1.4191
v 0.4266 -0.9803 -1.4350
v 0.4354 -0.9613 -1.4510
v 0.4440 -0.9421 -1.4671
v 0.4523 -0.9229 -1.4832
v 0.4604 -0.9036 -1.4994
v 0.4685 -0.8842 -1.5156
v 0.4767 -0.8650 -1.5318
v 0.4851 -0.8457 -1.5479
v 0.4939 -0.8267 -1.5639
v 0.5032 -0.8078 -1.5797
v 0.5132 -0.7892 -1.5954
v 0.5238 -0.7708 -1.6108
v 0.5352 -0.7527 -1.6260
v 0.5473 -0.7349 -1.6409
v 0.5600 -0.7173 -1.6557
v 0.5732 -0.6999 -1.6703
v 0.5867 -0.6826 -1.6848
v 0.6005 -0.6654 -1.6993
v 0.6143 -0.6482 -1.7137
v 0.6281 -0.6310 -1.7281
v 0.6635 -0.5854 -1.7663
v 0.6974 -0.5393 -1.8051
v 0.7300 -0.4927 -1.8442
v 0.7621 -0.4458 -1.8835
v 0.7941 -0.3990 -1.9228
v 0.8264 -0.3522 -1.9620
v 0.8593 -0.3057 -2.0010
v 0.8930 -0.2595 -2.0398
v 0.9274 -0.2136 -2.0784
v 0.9622 -0.1677 -2.1168
v 0.9966 -0.1218 -2.1554
v 1.0297 -0.0754 -2.1943
v 1.0612 -0.0283 -2.2338
v 1.0910 0.0194 -2.2739
v 1.1196 0.0675 -2.3142
v 1.1480 0.1157 -2.3547
v 1.1766 0.1638 -2.3950
v 1.2059 0.2117 -2.4352
v 1.2357 0.2594 -2.4752
v 1.2657 0.3069 -2.5151
v 1.2960 0.3544 -2.5550
v 1.3263 0.4019 -2.5948
v 1.3566 0.4494 -2.6347
v 1.3869 0.4969 -2.6745
v 1.4172 0.5444 -2.7144
v 1.4474 0.5919 -2.7542
v 1.4777 0.6394 -2.7941
v 1.5080 0.6869 -2.8340
v 1.5382 0.7344 -2.8738
v 1.5685 0.7819 -2.9137
v 0.3175 -1.1358 -1.2124
v 0.3284 -1.1175 -1.2277
v 0.3391 -1.0992 -1.2431
v 0.3497 -1.0808 -1.2586
v 0.3601 -1.0623 -1.2740
v 0.3702 -1.0438 -1.2896
v 0.3801 -1.0251 -1.3053
v 0.3897 -1.0063 -1.3210
v 0.3988 -0.9874 -1.3369
v 0.4074 -0.9683 -1.3530
v 0.4154 -0.9489 -1.3692
v 0.4229 -0.9294 -1.3856
v 0.4298 -0.9096 -1.4022
v 0.4362 -0.8896 -1.4189
v 0.4421 -0.8695 -1.4358
v 0.4478 -0.8493 -1.4528
v 0.4535 -0.8291 -1.4698
v 0.4593 -0.8089 -1.4867
v 0.4656 -0.7889 -1.5035
v 0.4727 -0.7692 -1.5200
v 0.4808 -0.7499 -1.5362
v 0.4900 -0.7310 -1.5521
v 0.5005 -0.7125 -1.5676
v 0.5122 -0.6946 -1.5826
v 0.5252 -0.6771 -1.5973
v 0.5392 -0.6600 -1.6117
v 0.5541 -0.6432 -1.6258
v 0.5695 -0.6266 -1.6397
v 0.5853 -0.6101 -1.6535
v 0.6011 -0.5937 -1.6673
v 0.6168 -0.5772 -1.6811
v 0.6564 -0.5332 -1.7180
v 0.6930 -0.4881 -1.7559
v 0.7272 -0.4420 -1.7945
v 0.7603 -0.3956 -1.8335
v 0.7934 -0.3491 -1.8725
v 0.8271 -0.3030 -1.9112
v 0.8622 -0.2573 -1.9496
v 0.8990 -0.2122 -1.9874
v 0.9374 -0.1677 -2.0247
v 0.9765 -0.1235 -2.0618
v 1.0147 -0.0790 -2.0992
v 1.0500 -0.0334 -2.1374
v 1.0814 0.0137 -2.1770
v 1.1091 0.0622 -2.2176
v 1.1346 0.1114 -2.2590
v 1.1598 0.1608 -2.3004
v 1.1860 0.2099 -2.3415
v 1.2137 0.2583 -2.3822
v 1.2426 0.3063 -2.4225
v 1.2723 0.3540 -2.4625
v 1.3025 0.4016 -2.5024
v 1.3328 0.4491 -2.5423
v 1.3631 0.4966 -2.5821
v 1.3934 0.5441 -2.6220
v 1.4237 0.5915 -2.6618
v 1.4539 0.6390 -2.7017
v 1.4842 0.6865 -2.7415
v 1.5145 0.7340 -2.7814
v 1.5447 0.7816 -2.8212
v 1.5750 0.8291 -2.8611
v 0.3202 -1.0870 -1.1612
v 0.3307 -1.0686 -1.1766
v 0.3411 -1.0501 -1.1921
v 0.3512 -1.0316 -1.2077
v 0.3611 -1.0129 -1.2233
v 0.3706 -0.9941 -1.2391
v 0.3796 -0.9752 -1.2550
v 0.3881 -0.9560 -1.2711
v 0.3960 -0.9366 -1.2874
v 0.4031 -0.9169 -1.3039
v 0.4093 -0.8969 -1.3207
v 0.4147 -0.8765 -1.3378
v 0.4192 -0.8559 -1.3551
v 0.4230 -0.8349 -1.3727
v 0.4261 -0.8138 -1.3905
v 0.4290 -0.7925 -1.4083
v 0.4318 -0.7712 -1.4262
v 0.4350 -0.7500 -1.4440
v 0.4390 -0.7292 -1.4614
v 0.4442 -0.7088 -1.4786
v 0.4509 -0.6889 -1.4952
v 0.4594 -0.6698 -1.5113
v 0.4699 -0.6513 -1.5268
v 0.4823 -0.6336 -1.5416
v 0.4964 -0.6166 -1.5559
v 0.5121 -0.6001 -1.5698
v 0.5289 -0.5840 -1.5833
v 0.5466 -0.5682 -1.5965
v 0.5646 -0.5526 -1.6096
v 0.5827 -0.5370 -1.6227
v 0.6005 -0.5213 -1.6358
v 0.6446 -0.4790 -1.6713
v 0.6841 -0.4350 -1.7083
v 0.7201 -0.3896 -1.7464
v 0.7545 -0.3437 -1.7849
v 0.7892 -0.2978 -1.8234
v 0.8254 -0.2525 -1.8614
v 0.8643 -0.2083 -1.8985
v 0.9067 -0.1653 -1.9346
v 0.9523 -0.1235 -1.9696
v 0.9991 -0.0822 -2.0043
v 1.0435 -0.0400 -2.0398
v 1.0818 0.0045 -2.0771
v 1.1121 0.0520 -2.1169
v 1.1353 0.1021 -2.1590
v 1.1548 0.1537 -2.2023
v 1.1741 0.2053 -2.2455
v 1.1959 0.2559 -2.2881
v 1.2208 0.3055 -2.3296
v 1.2483 0.3540 -2.3703
v 1.2774 0.4019 -2.4105
v 1.3073 0.4495 -2.4505
v 1.3376 0.4971 -2.4904
v 1.3679 0.5445 -2.5302
v 1.3982 0.5920 -2.5701
v 1.4285 0.6395 -2.6099
v 1.4588 0.6870 -2.6498
v 1.4891 0.7345 -2.6896
v 1.5193 0.7820 -2.7295
v 1.5496 0.8295 -2.7693
v 1.5798 0.8770 -2.8092
v 0.3203 -1.0371 -1.1109
v 0.3305 -1.0186 -1.1265
v 0.3404 -0.9999 -1.1421
v 0.3500 -0.9812 -1.1578
v 0.3593 -0.9623 -1.1737
v 0.3681 -0.9432 -1.1897
v 0.3762 -0.9239 -1.2059
v 0.3837 -0.9044 -1.2223
v 0.3903 -0.8845 -1.2390
v 0.3959 -0.8642 -1.2560
v 0.4004 -0.8436 -1.2733
v 0.4038 -0.8225 -1.2910
v 0.4061 -0.8010 -1.3090
v 0.4075 -0.7792 -1.3273
v 0.4082 -0.7571 -1.3459
v 0.4086 -0.7349 -1.3645
v 0.4090 -0.7127 -1.3831
v 0.4101 -0.6907 -1.4016
v 0.4122 -0.6692 -1.4196
v 0.4160 -0.6483 -1.4372
v 0.4218 -0.6281 -1.4541
v 0.4299 -0.6088 -1.4703
v 0.4405 -0.5904 -1.4858
v 0.4534 -0.5729 -1.5005
v 0.4686 -0.5562 -1.5145
v 0.4856 -0.5402 -1.5279
v 0.5039 -0.5247 -1.5409
v 0.5232 -0.5096 -1.5536
v 0.5430 -0.4946 -1.5662
v 0.5626 -0.4796 -1.5787
v 0.5819 -0.4644 -1.5914
v 0.6292 -0.4233 -1.6260
v 0.6707 -0.3800 -1.6623
v 0.7082 -0.3352 -1.6999
v 0.7442 -0.2898 -1.7380
v 0.7812 -0.2449 -1.7757
v 0.8214 -0.2011 -1.8124
v 0.8668 -0.1592 -1.8476
v 0.9185 -0.1197 -1.8807
v 0.9756 -0.0822 -1.9121
v 1.0341 -0.0453 -1.9432
v 1.0872 -0.0063 -1.9758
v 1.1286 0.0370 -2.0122
v 1.1557 0.0857 -2.0531
v 1.1709 0.1388 -2.0976
v 1.1804 0.1941 -2.1440
v 1.1908 0.2490 -2.1901
v 1.2060 0.3022 -2.2347
v 1.2269 0.3531 -2.2775
v 1.2524 0.4024 -2.3188
v 1.2807 0.4506 -2.3593
v 1.3104 0.4984 -2.3993
v 1.3406 0.5459 -2.4392
v 1.3709 0.5934 -2.4791
v 1.4013 0.6409 -2.5189
v 1.4316 0.6883 -2.5587
v 1.4619 0.7358 -2.5986
v 1.4921 0.7833 -2.6384
v 1.5224 0.8308 -2.6783
v 1.5527 0.8783 -2.7182
v 1.5829 0.9258 -2.7580
v 0.3192 -0.9865 -1.0612
v 0.3289 -0.9678 -1.0769
v 0.3384 -0.9490 -1.0927
v 0.3475 -0.9300 -1.1086
v 0.3561 -0.9109 -1.1246
v 0.3642 -0.8916 -1.1409
v 0.3716 -0.8720 -1.1573
v 0.3782 -0.8521 -1.1740
v 0.3838 -0.8319 -1.1910
v 0.3883 -0.8112 -1.2083
v 0.3916 -0.7901 -1.2260
v 0.3938 -0.7686 -1.2441
v 0.3948 -0.7466 -1.2625
v 0.3949 -0.7243 -1.2813
v 0.3943 -0.7017 -1.3002
v 0.3934 -0.6790 -1.3192
v 0.3928 -0.6565 -1.3382
v 0.3929 -0.6341 -1.3569
v 0.3943 -0.6123 -1.3752
v 0.3975 -0.5912 -1.3929
v 0.4030 -0.5709 -1.4100
v 0.4109 -0.5515 -1.4262
v 0.4215 -0.5331 -1.4417
v 0.4346 -0.5156 -1.4563
v 0.4500 -0.4990 -1.4703
v 0.4672 -0.4831 -1.4836
v 0.4859 -0.4678 -1.4965
v 0.5054 -0.4527 -1.5091
v 0.5254 -0.4378 -1.5216
v 0.5452 -0.4229 -1.5342
v 0.5646 -0.4078 -1.5468
v 0.6121 -0.3667 -1.5813
v 0.6540 -0.3236 -1.6175
v 0.6924 -0.2791 -1.6548
v 0.7302 -0.2344 -1.6923
v 0.7707 -0.1907 -1.7289
v 0.8169 -0.1492 -1.7638
v 0.8719 -0.1109 -1.7959
v 0.9373 -0.0765 -1.8248
v 1.0105 -0.0451 -1.8511
v 1.0843 -0.0139 -1.8774
v 1.1475 0.0213 -1.9069
v 1.1908 0.0640 -1.9427
v 1.2111 0.1152 -1.9856
v 1.2141 0.1729 -2.0341
v 1.2100 0.2332 -2.0847
v 1.2089 0.2924 -2.1344
v 1.2162 0.3485 -2.1815
v 1.2326 0.4012 -2.2256
v 1.2559 0.4513 -2.2677
v 1.2834 0.4998 -2.3084
v 1.3128 0.5477 -2.3485
v 1.3430 0.5952 -2.3884
v 1.3733 0.6427 -2.4283
v 1.4037 0.6901 -2.4681
v 1.4340 0.7376 -2.5079
v 1.4643 0.7851 -2.5478
v 1.4946 0.8326 -2.5876
v 1.5249 0.8801 -2.6275
v 1.5551 0.9276 -2.6673
v 1.5854 0.9751 -2.7072
v 0.3178 -0.9356 -1.0118
v 0.3271 -0.9167 -1.0276
v 0.3362 -0.8978 -1.0435
v 0.3448 -0.8786 -1.0596
v 0.3529 -0.8593 -1.0758
v 0.3604 -0.8398 -1.0922
v 0.3672 -0.8200 -1.1088
v 0.3732 -0.7999 -1.1257
v 0.3782 -0.7794 -1.1429
v 0.3822 -0.7585 -1.1604
v 0.3851 -0.7373 -1.1782
v 0.3869 -0.7156 -1.1964
v 0.3878 -0.6936 -1.2149
v 0.3878 -0.6712 -1.2336
v 0.3873 -0.6487 -1.2525
v 0.3866 -0.6261 -1.2715
v 0.3863 -0.6036 -1.2903
v 0.3867 -0.5815 -1.3090
v 0.3885 -0.5598 -1.3272
v 0.3920 -0.5387 -1.3448
v 0.3975 -0.5184 -1.3618
v 0.4054 -0.4990 -1.3781
v 0.4155 -0.4805 -1.3937
v 0.4280 -0.4628 -1.4085
v 0.4425 -0.4458 -1.4227
v 0.4586 -0.4295 -1.4365
v 0.4759 -0.4136 -1.4498
v 0.4940 -0.3980 -1.4629
v 0.5124 -0.3826 -1.4758
v 0.5307 -0.3671 -1.4888
v 0.5488 -0.3515 -1.5019
v 0.5935 -0.3094 -1.5373
v 0.6341 -0.2658 -1.5739
v 0.6729 -0.2214 -1.6110
v 0.7130 -0.1776 -1.6478
v 0.7582 -0.1357 -1.6830
v 0.8126 -0.0972 -1.7153
v 0.8804 -0.0637 -1.7434
v 0.9630 -0.0358 -1.7668
v 1.0557 -0.0116 -1.7871
v 1.1461 0.0134 -1.8081
v 1.2183 0.0452 -1.8348
v 1.2601 0.0885 -1.8711
v 1.2698 0.1436 -1.9174
v 1.2573 0.2071 -1.9707
v 1.2380 0.2731 -2.0261
v 1.2251 0.3368 -2.0795
v 1.2249 0.3957 -2.1288
v 1.2374 0.4498 -2.1743
v 1.2591 0.5005 -2.2168
v 1.2859 0.5493 -2.2577
v 1.3152 0.5971 -2.2979
v 1.3454 0.6447 -2.3378
v 1.3758 0.6921 -2.3776
v 1.4062 0.7396 -2.4174
v 1.4366 0.7870 -2.4573
v 1.4669 0.8345 -2.4971
v 1.4972 0.8820 -2.5370
v 1.5275 0.9295 -2.5768
v 1.5577 0.9770 -2.6167
v 1.5905 1.0236 -2.6557
v 0.3175 -0.8849 -0.9622
v 0.3267 -0.8660 -0.9781
v 0.3354 -0.8469 -0.9941
v 0.3436 -0.8276 -1.0103
v 0.3513 -0.8081 -1.0266
v 0.3583 -0.7884 -1.0432
v 0.3646 -0.7684 -1.0599
v 0.3700 -0.7481 -1.0770
v 0.3746 -0.7275 -1.0943
v 0.3783 -0.7065 -1.1119
v 0.3810 -0.6852 -1.1298
v 0.3829 -0.6635 -1.1479
v 0.3841 -0.6416 -1.1663
v 0.3847 -0.6195 -1.1849
v 0.3850 -0.5973 -1.2036
v 0.3853 -0.5750 -1.2222
v 0.3860 -0.5529 -1.2408
v 0.3874 -0.5311 -1.2591
v 0.3899 -0.5097 -1.2770
v 0.3939 -0.4888 -1.2945
v 0.3995 -0.4686 -1.3115
v 0.4069 -0.4490 -1.3279
v 0.4162 -0.4301 -1.3438
v 0.4272 -0.4119 -1.3591
v 0.4397 -0.3942 -1.3739
v 0.4536 -0.3771 -1.3883
v 0.4684 -0.3602 -1.4024
v 0.4838 -0.3436 -1.4164
v 0.4995 -0.3272 -1.4302
v 0.5154 -0.3108 -1.4440
v 0.5311 -0.2943 -1.4578
v 0.5712 -0.2505 -1.4945
v 0.6099 -0.2061 -1.5318
v 0.6491 -0.1620 -1.5688
v 0.6920 -0.1192 -1.6047
v 0.7429 -0.0794 -1.6381
v 0.8071 -0.0446 -1.6673
v 0.8896 -0.0166 -1.6908
v 0.9907 0.0044 -1.7084
v 1.1025 0.0215 -1.7228
v 1.2072 0.0412 -1.7393
v 1.2843 0.0712 -1.7644
v 1.3204 0.1165 -1.8025
v 1.3169 0.1767 -1.8529
v 1.2889 0.2459 -1.9111
v 1.2564 0.3169 -1.9706
v 1.2346 0.3838 -2.0268
v 1.2298 0.4444 -2.0776
v 1.2403 0.4993 -2.1237
v 1.2614 0.5502 -2.1664
v 1.2882 0.5990 -2.2073
v 1.3176 0.6468 -2.2475
v 1.3479 0.6943 -2.2873
v 1.3784 0.7418 -2.3271
v 1.4088 0.7892 -2.3669
v 1.4392 0.8366 -2.4067
v 1.4695 0.8841 -2.4466
v 1.4998 0.9316 -2.4864
v 1.5301 0.9791 -2.5263
v 1.5630 1.0256 -2.5653
v 1.6054 1.0686 -2.6014
v 0.3218 -0.8357 -0.9113
v 0.3312 -0.8169 -0.9271
v 0.3400 -0.7978 -0.9431
v 0.3481 -0.7785 -0.9593
v 0.3554 -0.7589 -0.9758
v 0.3617 -0.7389 -0.9926
v 0.3671 -0.7186 -1.0096
v 0.3716 -0.6979 -1.0270
v 0.3751 -0.6768 -1.0446
v 0.3778 -0.6555 -1.0625
v 0.3797 -0.6339 -1.0807
v 0.3810 -0.6120 -1.0990
v 0.3818 -0.5900 -1.1175
v 0.3824 -0.5679 -1.1361
v 0.3830 -0.5457 -1.1547
v 0.3838 -0.5237 -1.1732
v 0.3850 -0.5018 -1.1915
v 0.3869 -0.4801 -1.2097
v 0.3898 -0.4589 -1.2275
v 0.3937 -0.4380 -1.2450
v 0.3989 -0.4176 -1.2622
v 0.4055 -0.3977 -1.2789
v 0.4133 -0.3783 -1.2952
v 0.4224 -0.3593 -1.3111
v 0.4326 -0.3408 -1.3266
v 0.4437 -0.3226 -1.3419
v 0.4556 -0.3047 -1.3569
v 0.4681 -0.2870 -1.3717
v 0.4810 -0.2695 -1.3864
v 0.4942 -0.2521 -1.4011
v 0.5076 -0.2347 -1.4156
v 0.5432 -0.1892 -1.4538
v 0.5802 -0.1442 -1.4915
v 0.6203 -0.1004 -1.5283
v 0.6666 -0.0589 -1.5632
v 0.7237 -0.0214 -1.5946
v 0.7977 0.0098 -1.6208
v 0.8937 0.0327 -1.6400
v 1.0105 0.0479 -1.6527
v 1.1363 0.0597 -1.6626
v 1.2491 0.0764 -1.6766
v 1.3253 0.1067 -1.7021
v 1.3528 0.1552 -1.7428
v 1.3372 0.2199 -1.7970
v 1.2984 0.2932 -1.8586
v 1.2591 0.3667 -1.9202
v 1.2346 0.4346 -1.9773
v 1.2295 0.4953 -2.0282
v 1.2409 0.5499 -2.0740
v 1.2628 0.6005 -2.1164
v 1.2903 0.6490 -2.1572
v 1.3200 0.6968 -2.1972
v 1.3504 0.7442 -2.2370
v 1.3810 0.7916 -2.2768
v 1.4115 0.8390 -2.3165
v 1.4419 0.8864 -2.3564
v 1.4723 0.9339 -2.3962
v 1.5026 0.9814 -2.4360
v 1.5350 1.0281 -2.4752
v 1.5786 1.0706 -2.5109
v 1.6325 1.1093 -2.5434
v 0.3365 -0.7902 -0.8573
v 0.3472 -0.7718 -0.8728
v 0.3567 -0.7531 -0.8885
v 0.3649 -0.7338 -0.9047
v 0.3717 -0.7140 -0.9213
v 0.3769 -0.6935 -0.9385
v 0.3805 -0.6725 -0.9561
v 0.3827 -0.6510 -0.9741
v 0.3836 -0.6290 -0.9926
v 0.3835 -0.6066 -1.0114
v 0.3827 -0.5840 -1.0304
v 0.3815 -0.5612 -1.0495
v 0.3801 -0.5383 -1.0687
v 0.3789 -0.5155 -1.0878
v 0.3780 -0.4928 -1.1069
v 0.3776 -0.4704 -1.1257
v 0.3780 -0.4481 -1.1444
v 0.3791 -0.4262 -1.1628
v 0.3812 -0.4047 -1.1809
v 0.3843 -0.3835 -1.1987
v 0.3884 -0.3626 -1.2161
v 0.3935 -0.3422 -1.2333
v 0.3996 -0.3221 -1.2501
v 0.4066 -0.3024 -1.2667
v 0.4145 -0.2830 -1.2829
v 0.4232 -0.2639 -1.2990
v 0.4327 -0.2451 -1.3148
v 0.4427 -0.2265 -1.3304
v 0.4533 -0.2081 -1.3458
v 0.4643 -0.1899 -1.3611
v 0.4758 -0.1718 -1.3762
v 0.5084 -0.1252 -1.4154
v 0.5447 -0.0800 -1.4533
v 0.5863 -0.0367 -1.4896
v 0.6360 0.0036 -1.5234
v 0.6986 0.0390 -1.5531
v 0.7803 0.0672 -1.5768
v 0.8854 0.0868 -1.5932
v 1.0109 0.0987 -1.6033
v 1.1418 0.1086 -1.6116
v 1.2541 0.1255 -1.6257
v 1.3245 0.1580 -1.6530
v 1.3440 0.2095 -1.6962
v 1.3224 0.2764 -1.7523
v 1.2826 0.3501 -1.8141
v 1.2463 0.4224 -1.8749
v 1.2265 0.4886 -1.9304
v 1.2256 0.5478 -1.9800
v 1.2400 0.6012 -2.0249
v 1.2638 0.6511 -2.0668
v 1.2922 0.6993 -2.1072
v 1.3224 0.7469 -2.1471
v 1.3531 0.7942 -2.1868
v 1.3838 0.8415 -2.2266
v 1.4143 0.8889 -2.2663
v 1.4448 0.9364 -2.3061
v 1.4752 0.9838 -2.3459
v 1.5069 1.0308 -2.3853
v 1.5494 1.0737 -2.4214
v 1.6062 1.1113 -2.4529
v 1.6710 1.1459 -2.4819
v 0.3669 -0.7504 -0.7986
v 0.3800 -0.7329 -0.8133
v 0.3910 -0.7147 -0.8286
v 0.3995 -0.6955 -0.8447
v 0.4053 -0.6753 -0.8616
v 0.4083 -0.6541 -0.8794
v 0.4087 -0.6319 -0.8981
v 0.4066 -0.6088 -0.9174
v 0.4027 -0.5849 -0.9374
v 0.3973 -0.5606 -0.9579
v 0.3912 -0.5360 -0.9785
v 0.3848 -0.5112 -0.9993
v 0.3787 -0.4866 -1.0200
v 0.3732 -0.4622 -1.0404
v 0.3687 -0.4382 -1.0606
v 0.3652 -0.4145 -1.0805
v 0.3629 -0.3913 -1.0999
v 0.3618 -0.3686 -1.1190
v 0.3619 -0.3463 -1.1377
v 0.3632 -0.3244 -1.1561
v 0.3655 -0.3029 -1.1741
v 0.3688 -0.2818 -1.1918
v 0.3731 -0.2610 -1.2092
v 0.3783 -0.2406 -1.2264
v 0.3843 -0.2205 -1.2432
v 0.3910 -0.2007 -1.2599
v 0.3986 -0.1812 -1.2763
v 0.4069 -0.1619 -1.2924
v 0.4158 -0.1429 -1.3083
v 0.4255 -0.1242 -1.3241
v 0.4360 -0.1057 -1.3395
v 0.4670 -0.0585 -1.3792
v 0.5036 -0.0134 -1.4170
v 0.5471 0.0292 -1.4527
v 0.6000 0.0682 -1.4855
v 0.6665 0.1022 -1.5140
v 0.7521 0.1290 -1.5365
v 0.8596 0.1476 -1.5521
v 0.9843 0.1598 -1.5624
v 1.1106 0.1715 -1.5722
v 1.2167 0.1906 -1.5882
v 1.2837 0.2244 -1.6166
v 1.3046 0.2754 -1.6594
v 1.2891 0.3400 -1.7136
v 1.2573 0.4107 -1.7729
v 1.2293 0.4800 -1.8310
v 1.2166 0.5436 -1.8844
v 1.2211 0.6007 -1.9323
v 1.2390 0.6528 -1.9760
v 1.2647 0.7020 -2.0173
v 1.2942 0.7498 -2.0574
v 1.3249 0.7971 -2.0971
v 1.3558 0.8444 -2.1368
v 1.3866 0.8917 -2.1765
v 1.4172 0.9390 -2.2162
v 1.4477 0.9865 -2.2560
v 1.4788 1.0336 -2.2956
v 1.5182 1.0777 -2.3326
v 1.5735 1.1159 -2.3646
v 1.6438 1.1484 -2.3919
v 1.7175 1.1797 -2.4182
v 0.4109 -0.7154 -0.7359
v 0.4269 -0.6990 -0.7496
v 0.4395 -0.6814 -0.7644
v 0.4479 -0.6622 -0.7805
v 0.4520 -0.6413 -0.7980
v 0.4515 -0.6188 -0.8169
v 0.4469 -0.5947 -0.8371
v 0.4387 -0.5693 -0.8584
v 0.4277 -0.5429 -0.8806
v 0.4150 -0.5158 -0.9033
v 0.4014 -0.4884 -0.9263
v 0.3879 -0.4610 -0.9493
v 0.3751 -0.4338 -0.9721
v 0.3636 -0.4072 -0.9944
v 0.3539 -0.3812 -1.0162
v 0.3459 -0.3559 -1.0375
v 0.3399 -0.3313 -1.0581
v 0.3356 -0.3074 -1.0782
v 0.3330 -0.2840 -1.0978
v 0.3319 -0.2613 -1.1169
v 0.3322 -0.2390 -1.1356
v 0.3336 -0.2172 -1.1539
v 0.3361 -0.1958 -1.1718
v 0.3396 -0.1747 -1.1895
v 0.3440 -0.1541 -1.2069
v 0.3493 -0.1337 -1.2239
v 0.3555 -0.1137 -1.2407
v 0.3627 -0.0940 -1.2573
v 0.3707 -0.0746 -1.2735
v 0.3796 -0.0556 -1.2895
v 0.3895 -0.0370 -1.3051
v 0.4201 0.0104 -1.3449
v 0.4578 0.0551 -1.3824
v 0.5035 0.0969 -1.4174
v 0.5590 0.1349 -1.4493
v 0.6277 0.1681 -1.4772
v 0.7135 0.1948 -1.4996
v 0.8188 0.2143 -1.5159
v 0.9398 0.2279 -1.5274
v 1.0632 0.2406 -1.5380
v 1.1690 0.2599 -1.5542
v 1.2386 0.2927 -1.5817
v 1.2653 0.3415 -1.6227
v 1.2578 0.4031 -1.6744
v 1.2349 0.4705 -1.7309
v 1.2150 0.5367 -1.7865
v 1.2088 0.5979 -1.8378
v 1.2180 0.6532 -1.8843
v 1.2387 0.7043 -1.9271
v 1.2661 0.7529 -1.9679
v 1.2964 0.8004 -2.0077
v 1.3275 0.8476 -2.0473
v 1.3586 0.8947 -2.0869
v 1.3896 0.9420 -2.1265
v 1.4203 0.9893 -2.1663
v 1.4509 1.0367 -2.2060
v 1.4864 1.0822 -2.2442
v 1.5363 1.1224 -2.2779
v 1.6050 1.1555 -2.3057
v 1.6870 1.1837 -2.3294
v 1.7656 1.2132 -2.3541
v 0.4532 -0.6796 -0.6737
v 0.4712 -0.6639 -0.6869
v 0.4841 -0.6464 -0.7016
v 0.4914 -0.6268 -0.7180
v 0.4925 -0.6049 -0.7364
v 0.4876 -0.5807 -0.7567
v 0.4772 -0.5544 -0.7787
v 0.4622 -0.5265 -0.8022
v 0.4440 -0.4973 -0.8267
v 0.4237 -0.4674 -0.8518
v 0.4026 -0.4372 -0.8771
v 0.3821 -0.4072 -0.9023
v 0.3628 -0.3776 -0.9271
v 0.3457 -0.3489 -0.9512
v 0.3309 -0.3210 -0.9746
v 0.3187 -0.2941 -0.9972
v 0.3090 -0.2681 -1.0190
v 0.3017 -0.2430 -1.0400
v 0.2964 -0.2187 -1.0604
v 0.2930 -0.1951 -1.0802
v 0.2913 -0.1721 -1.0995
v 0.2909 -0.1497 -1.1184
v 0.2918 -0.1276 -1.1369
v 0.2939 -0.1061 -1.1550
v 0.2971 -0.0849 -1.1727
v 0.3013 -0.0641 -1.1902
v 0.3065 -0.0437 -1.2073
v 0.3129 -0.0238 -1.2240
v 0.3203 -0.0042 -1.2405
v 0.3289 0.0150 -1.2565
v 0.3385 0.0337 -1.2722
v 0.3696 0.0809 -1.3119
v 0.4089 0.1250 -1.3489
v 0.4570 0.1658 -1.3831
v 0.5152 0.2029 -1.4143
v 0.5858 0.2353 -1.4414
v 0.6725 0.2618 -1.4636
v 0.7772 0.2814 -1.4801
v 0.8968 0.2956 -1.4920
v 1.0195 0.3085 -1.5029
v 1.1268 0.3273 -1.5186
v 1.2011 0.3583 -1.5446
v 1.2350 0.4045 -1.5834
v 1.2357 0.4630 -1.6325
v 1.2205 0.5275 -1.6866
v 1.2069 0.5914 -1.7402
v 1.2052 0.6508 -1.7901
v 1.2172 0.7051 -1.8357
v 1.2397 0.7555 -1.8780
v 1.2681 0.8038 -1.9184
v 1.2989 0.8511 -1.9581
v 1.3303 0.8981 -1.9976
v 1.3616 0.9452 -2.0371
v 1.3926 0.9925 -2.0767
v 1.4231 1.0399 -2.1165
v 1.4550 1.0868 -2.1559
v 1.4975 1.1297 -2.1919
v 1.5586 1.1657 -2.2221
v 1.6392 1.1944 -2.2462
v 1.7288 1.2197 -2.2674
v 1.8070 1.2493 -2.2923
v 0.4708 -0.6343 -0.6196
v 0.4880 -0.6184 -0.6329
v 0.4991 -0.6002 -0.6482
v 0.5036 -0.5796 -0.6655
v 0.5012 -0.5563 -0.6851
v 0.4920 -0.5305 -0.7067
v 0.4770 -0.5026 -0.7301
v 0.4574 -0.4729 -0.7550
v 0.4345 -0.4420 -0.7809
v 0.4098 -0.4104 -0.8074
v 0.3846 -0.3787 -0.8341
v 0.3602 -0.3472 -0.8605
v 0.3374 -0.3163 -0.8864
v 0.3169 -0.2863 -0.9116
v 0.2991 -0.2573 -0.9359
v 0.2842 -0.2294 -0.9593
v 0.2720 -0.2025 -0.9819
v 0.2623 -0.1765 -1.0037
v 0.2550 -0.1515 -1.0247
v 0.2497 -0.1271 -1.0452
v 0.2462 -0.1035 -1.0650
v 0.2442 -0.0804 -1.0844
v 0.2437 -0.0578 -1.1033
v 0.2445 -0.0358 -1.1218
v 0.2466 -0.0142 -1.1399
v 0.2499 0.0069 -1.1576
v 0.2544 0.0275 -1.1749
v 0.2602 0.0477 -1.1919
v 0.2673 0.0674 -1.2084
v 0.2757 0.0866 -1.2245
v 0.2854 0.1054 -1.2402
v 0.3174 0.1522 -1.2796
v 0.3588 0.1956 -1.3159
v 0.4098 0.2353 -1.3493
v 0.4710 0.2712 -1.3794
v 0.5445 0.3026 -1.4057
v 0.6329 0.3284 -1.4274
v 0.7383 0.3478 -1.4437
v 0.8581 0.3619 -1.4555
v 0.9820 0.3744 -1.4660
v 1.0930 0.3917 -1.4805
v 1.1735 0.4204 -1.5046
v 1.2154 0.4636 -1.5408
v 1.2239 0.5192 -1.5875
v 1.2148 0.5814 -1.6397
v 1.2052 0.6438 -1.6921
v 1.2056 0.7025 -1.7413
v 1.2188 0.7564 -1.7865
v 1.2419 0.8066 -1.8286
v 1.2706 0.8546 -1.8690
v 1.3017 0.9018 -1.9086
v 1.3333 0.9488 -1.9480
v 1.3647 0.9959 -1.9875
v 1.3954 1.0432 -2.0272
v 1.4244 1.0912 -2.0675
v 1.4598 1.1368 -2.1057
v 1.5108 1.1766 -2.1391
v 1.5827 1.2085 -2.1659
v 1.6725 1.2338 -2.1871
v 1.7654 1.2578 -2.2073
v 1.8384 1.2894 -2.2337
v 0.4573 -0.5773 -0.5753
v 0.4733 -0.5609 -0.5890
v 0.4836 -0.5424 -0.6046
v 0.4874 -0.5215 -0.6221
v 0.4844 -0.4980 -0.6418
v 0.4747 -0.4720 -0.6636
v 0.4591 -0.4439 -0.6872
v 0.4386 -0.4138 -0.7124
v 0.4144 -0.3824 -0.7388
v 0.3880 -0.3502 -0.7658
v 0.3608 -0.3177 -0.7931
v 0.3341 -0.2854 -0.8202
v 0.3088 -0.2536 -0.8469
v 0.2858 -0.2227 -0.8728
v 0.2655 -0.1927 -0.8980
v 0.2481 -0.1639 -0.9222
v 0.2335 -0.1361 -0.9455
v 0.2216 -0.1093 -0.9680
v 0.2122 -0.0834 -0.9897
v 0.2050 -0.0584 -1.0107
v 0.1998 -0.0341 -1.0311
v 0.1963 -0.0105 -1.0509
v 0.1945 0.0126 -1.0702
v 0.1942 0.0350 -1.0891
v 0.1953 0.0570 -1.1075
v 0.1978 0.0784 -1.1254
v 0.2018 0.0992 -1.1429
v 0.2072 0.1196 -1.1600
v 0.2141 0.1393 -1.1766
v 0.2225 0.1586 -1.1927
v 0.2323 0.1772 -1.2084
v 0.2656 0.2236 -1.2473
v 0.3095 0.2660 -1.2829
v 0.3637 0.3046 -1.3152
v 0.4285 0.3392 -1.3443
v 0.5052 0.3693 -1.3696
v 0.5961 0.3942 -1.3904
v 0.7031 0.4130 -1.4062
v 0.8244 0.4265 -1.4175
v 0.9509 0.4380 -1.4272
v 1.0668 0.4535 -1.4402
v 1.1545 0.4796 -1.4621
v 1.2045 0.5197 -1.4958
v 1.2201 0.5727 -1.5402
v 1.2158 0.6331 -1.5909
v 1.2083 0.6947 -1.6426
v 1.2093 0.7531 -1.6916
v 1.2222 0.8071 -1.7369
v 1.2451 0.8574 -1.7791
v 1.2737 0.9055 -1.8195
v 1.3048 0.9527 -1.8591
v 1.3365 0.9997 -1.8985
v 1.3676 1.0469 -1.9381
v 1.3946 1.0956 -1.9790
v 1.4241 1.1434 -2.0191
v 1.4652 1.1868 -2.0555
v 1.5254 1.2231 -2.0860
v 1.6071 1.2514 -2.1097
v 1.7034 1.2742 -2.1289
v 1.7956 1.2986 -2.1493
v 1.8593 1.3336 -2.1787
v 0.4410 -0.5190 -0.5321
v 0.4565 -0.5024 -0.5460
v 0.4665 -0.4838 -0.5616
v 0.4701 -0.4628 -0.5792
v 0.4669 -0.4392 -0.5990
v 0.4569 -0.4131 -0.6209
v 0.4407 -0.3847 -0.6447
v 0.4192 -0.3544 -0.6702
v 0.3938 -0.3225 -0.6969
v 0.3658 -0.2897 -0.7244
v 0.3367 -0.2565 -0.7523
v 0.3079 -0.2234 -0.7801
v 0.2803 -0.1907 -0.8075
v 0.2549 -0.1589 -0.8342
v 0.2321 -0.1280 -0.8601
v 0.2123 -0.0983 -0.8851
v 0.1954 -0.0696 -0.9091
v 0.1814 -0.0420 -0.9323
v 0.1700 -0.0155 -0.9546
v 0.1611 0.0102 -0.9761
v 0.1543 0.0351 -0.9970
v 0.1495 0.0593 -1.0173
v 0.1465 0.0827 -1.0370
v 0.1452 0.1056 -1.0561
v 0.1455 0.1278 -1.0748
v 0.1475 0.1494 -1.0929
v 0.1510 0.1704 -1.1105
v 0.1562 0.1908 -1.1277
v 0.1631 0.2106 -1.1443
v 0.1716 0.2298 -1.1604
v 0.1818 0.2483 -1.1759
v 0.2167 0.2941 -1.2143
v 0.2632 0.3355 -1.2491
v 0.3208 0.3728 -1.2804
v 0.3894 0.4060 -1.3082
v 0.4696 0.4348 -1.3324
v 0.5633 0.4586 -1.3524
v 0.6724 0.4767 -1.3675
v 0.7957 0.4894 -1.3782
v 0.9254 0.4998 -1.3869
v 1.0464 0.5134 -1.3983
v 1.1415 0.5367 -1.4178
v 1.1993 0.5738 -1.4491
v 1.2215 0.6244 -1.4915
v 1.2209 0.6834 -1.5410
v 1.2146 0.7446 -1.5923
v 1.2151 0.8032 -1.6415
v 1.2270 0.8576 -1.6871
v 1.2490 0.9082 -1.7296
v 1.2772 0.9564 -1.7701
v 1.3081 1.0037 -1.8097
v 1.3395 1.0508 -1.8492
v 1.3656 1.0998 -1.8904
v 1.3903 1.1494 -1.9320
v 1.4227 1.1961 -1.9712
v 1.4710 1.2369 -2.0054
v 1.5403 1.2698 -2.0330
v 1.6300 1.2951 -2.0542
v 1.7293 1.3168 -2.0725
v 1.8162 1.3431 -2.0946
v 1.8669 1.3830 -2.1280
v 0.4250 -0.4605 -0.4890
v 0.4400 -0.4438 -0.5030
v 0.4497 -0.4251 -0.5187
v 0.4531 -0.4040 -0.5364
v 0.4496 -0.3804 -0.5562
v 0.4393 -0.3542 -0.5782
v 0.4226 -0.3256 -0.6022
v 0.4004 -0.2949 -0.6279
v 0.3739 -0.2627 -0.6550
v 0.3445 -0.2293 -0.6829
v 0.3138 -0.1955 -0.7113
v 0.2830 -0.1616 -0.7398
v 0.2533 -0.1282 -0.7678
v 0.2257 -0.0955 -0.7952
v 0.2007 -0.0639 -0.8218
v 0.1787 -0.0333 -0.8475
v 0.1597 -0.0039 -0.8721
v 0.1438 0.0244 -0.8959
v 0.1307 0.0517 -0.9188
v 0.1202 0.0780 -0.9408
v 0.1120 0.1034 -0.9621
v 0.1060 0.1279 -0.9827
v 0.1021 0.1518 -1.0027
v 0.1000 0.1749 -1.0221
v 0.0997 0.1973 -1.0410
v 0.1013 0.2191 -1.0592
v 0.1046 0.2402 -1.0769
v 0.1098 0.2606 -1.0941
v 0.1167 0.2804 -1.1106
v 0.1255 0.2994 -1.1266
v 0.1362 0.3178 -1.1421
v 0.1730 0.3628 -1.1798
v 0.2224 0.4032 -1.2137
v 0.2834 0.4392 -1.2439
v 0.3557 0.4710 -1.2706
v 0.4394 0.4986 -1.2937
v 0.5359 0.5213 -1.3128
v 0.6471 0.5386 -1.3273
v 0.7723 0.5506 -1.3374
v 0.9048 0.5599 -1.3452
v 1.0307 0.5717 -1.3551
v 1.1325 0.5925 -1.3725
v 1.1977 0.6269 -1.4014
v 1.2259 0.6752 -1.4419
v 1.2286 0.7330 -1.4904
v 1.2229 0.7939 -1.5415
v 1.2223 0.8529 -1.5911
v 1.2328 0.9078 -1.6372
v 1.2536 0.9589 -1.6800
v 1.2811 1.0074 -1.7207
v 1.3116 1.0548 -1.7605
v 1.3373 1.1040 -1.8018
v 1.3586 1.1549 -1.8444
v 1.3836 1.2043 -1.8860
v 1.4209 1.2492 -1.9236
v 1.4770 1.2871 -1.9554
v 1.5545 1.3169 -1.9804
v 1.6495 1.3402 -2.0000
v 1.7474 1.3625 -2.0186
v 1.8242 1.3926 -2.0439
v 1.8706 1.4341 -2.0787
v 0.4099 -0.4023 -0.4457
v 0.4245 -0.3854 -0.4599
v 0.4339 -0.3665 -0.4757
v 0.4371 -0.3454 -0.4934
v 0.4336 -0.3217 -0.5133
v 0.4231 -0.2954 -0.5353
v 0.4061 -0.2667 -0.5594
v 0.3833 -0.2359 -0.5853
v 0.3560 -0.2033 -0.6126
v 0.3255 -0.1696 -0.6409
v 0.2933 -0.1352 -0.6698
v 0.2609 -0.1007 -0.6987
v 0.2294 -0.0666 -0.7273
v 0.1998 -0.0333 -0.7553
v 0.1729 -0.0008 -0.7825
v 0.1490 0.0304 -0.8088
v 0.1283 0.0605 -0.8340
v 0.1107 0.0894 -0.8583
v 0.0961 0.1172 -0.8816
v 0.0843 0.1440 -0.9041
v 0.0751 0.1698 -0.9257
v 0.0682 0.1947 -0.9466
v 0.0635 0.2188 -0.9668
v 0.0609 0.2421 -0.9864
v 0.0603 0.2647 -1.0054
v 0.0617 0.2865 -1.0237
v 0.0650 0.3076 -1.0414
v 0.0703 0.3280 -1.0585
v 0.0775 0.3477 -1.0750
v 0.0867 0.3666 -1.0908
v 0.0980 0.3847 -1.1061
v 0.1370 0.4290 -1.1432
v 0.1891 0.4683 -1.1762
v 0.2536 0.5030 -1.2053
v 0.3293 0.5335 -1.2309
v 0.4161 0.5599 -1.2531
v 0.5150 0.5817 -1.2714
v 0.6278 0.5984 -1.2854
v 0.7544 0.6099 -1.2950
v 0.8890 0.6184 -1.3022
v 1.0188 0.6287 -1.3108
v 1.1265 0.6473 -1.3264
v 1.1984 0.6793 -1.3532
v 1.2322 0.7255 -1.3920
v 1.2380 0.7821 -1.4395
v 1.2327 0.8429 -1.4905
v 1.2308 0.9024 -1.5405
v 1.2394 0.9580 -1.5871
v 1.2588 1.0096 -1.6304
v 1.2853 1.0585 -1.6714
v 1.3102 1.1080 -1.7130
v 1.3293 1.1596 -1.7563
v 1.3482 1.2114 -1.7997
v 1.3755 1.2600 -1.8405
v 1.4190 1.3026 -1.8762
v 1.4829 1.3375 -1.9055
v 1.5669 1.3649 -1.9285
v 1.6637 1.3875 -1.9475
v 1.7553 1.4121 -1.9682
v 1.8280 1.4438 -1.9947
v 1.8743 1.4853 -2.0296
v 0.3965 -0.3444 -0.4021
v 0.4107 -0.3274 -0.4164
v 0.4199 -0.3085 -0.4323
v 0.4231 -0.2873 -0.4500
v 0.4196 -0.2637 -0.4699
v 0.4092 -0.2374 -0.4919
v 0.3921 -0.2087 -0.5160
v 0.3690 -0.1777 -0.5420
v 0.3411 -0.1449 -0.5695
v 0.3099 -0.1109 -0.5980
v 0.2766 -0.0762 -0.6272
v 0.2429 -0.0412 -0.6565
v 0.2100 -0.0066 -0.6856
v 0.1790 0.0274 -0.7141
v 0.1505 0.0604 -0.7418
v 0.1251 0.0922 -0.7685
v 0.1029 0.1228 -0.7942
v 0.0840 0.1522 -0.8189
v 0.0683 0.1805 -0.8425
v 0.0555 0.2076 -0.8653
v 0.0455 0.2337 -0.8872
v 0.0381 0.2588 -0.9083
v 0.0330 0.2831 -0.9286
v 0.0301 0.3065 -0.9483
v 0.0294 0.3291 -0.9672
v 0.0308 0.3509 -0.9855
v 0.0343 0.3719 -1.0032
v 0.0399 0.3922 -1.0202
v 0.0476 0.4117 -1.0365
v 0.0574 0.4304 -1.0522
v 0.0693 0.4483 -1.0672
v 0.1105 0.4917 -1.1037
v 0.1655 0.5299 -1.1358
v 0.2329 0.5636 -1.1640
v 0.3116 0.5930 -1.1886
v 0.4010 0.6184 -1.2100
v 0.5018 0.6395 -1.2277
v 0.6155 0.6558 -1.2414
v 0.7426 0.6672 -1.2509
v 0.8784 0.6753 -1.2577
v 1.0110 0.6845 -1.2655
v 1.1234 0.7013 -1.2796
v 1.2012 0.7311 -1.3045
v 1.2400 0.7754 -1.3417
v 1.2487 0.8309 -1.3883
v 1.2436 0.8916 -1.4393
v 1.2403 0.9517 -1.4897
v 1.2469 1.0080 -1.5369
v 1.2646 1.0602 -1.5807
v 1.2858 1.1111 -1.6234
v 1.3030 1.1635 -1.6674
v 1.3173 1.2170 -1.7123
v 1.3358 1.2689 -1.7558
v 1.3672 1.3159 -1.7953
v 1.4176 1.3559 -1.8289
v 1.4885 1.3882 -1.8560
v 1.5767 1.4141 -1.8777
v 1.6709 1.4377 -1.8975
v 1.7591 1.4636 -1.9192
v 1.8318 1.4952 -1.9457
v 1.8781 1.5367 -1.9805
v 0.3853 -0.2872 -0.3580
v 0.3993 -0.2701 -0.3723
v 0.4085 -0.2512 -0.3882
v 0.4119 -0.2301 -0.4059
v 0.4087 -0.2065 -0.4257
v 0.3985 -0.1804 -0.4476
v 0.3816 -0.1517 -0.4717
v 0.3586 -0.1208 -0.4976
v 0.3306 -0.0880 -0.5251
v 0.2989 -0.0538 -0.5538
v 0.2651 -0.0188 -0.5832
v 0.2305 0.0165 -0.6128
v 0.1966 0.0515 -0.6422
v 0.1645 0.0858 -0.6710
v 0.1349 0.1193 -0.6990
v 0.1084 0.1515 -0.7261
v 0.0852 0.1825 -0.7521
v 0.0654 0.2122 -0.7770
v 0.0490 0.2407 -0.8010
v 0.0356 0.2681 -0.8239
v 0.0252 0.2943 -0.8459
v 0.0175 0.3196 -0.8671
v 0.0123 0.3438 -0.8875
v 0.0094 0.3672 -0.9071
v 0.0089 0.3898 -0.9260
v 0.0106 0.4115 -0.9442
v 0.0145 0.4324 -0.9618
v 0.0206 0.4525 -0.9786
v 0.0289 0.4717 -0.9948
v 0.0394 0.4901 -1.0102
v 0.0520 0.5078 -1.0250
v 0.0955 0.5503 -1.0607
v 0.1529 0.5877 -1.0921
v 0.2229 0.6203 -1.1195
v 0.3040 0.6489 -1.1434
v 0.3952 0.6736 -1.1642
v 0.4969 0.6944 -1.1816
v 0.6107 0.7107 -1.1953
v 0.7373 0.7222 -1.2050
v 0.8730 0.7303 -1.2118
v 1.0071 0.7390 -1.2190
v 1.1232 0.7544 -1.2320
v 1.2059 0.7824 -1.2554
v 1.2493 0.8250 -1.2912
v 1.2606 0.8796 -1.3370
v 1.2557 0.9402 -1.3879
v 1.2507 1.0008 -1.4388
v 1.2552 1.0580 -1.4867
v 1.2680 1.1120 -1.5320
v 1.2814 1.1658 -1.5772
v 1.2919 1.2207 -1.6232
v 1.3030 1.2754 -1.6691
v 1.3229 1.3267 -1.7122
v 1.3598 1.3718 -1.7500
v 1.4172 1.4091 -1.7814
v 1.4937 1.4393 -1.8067
v 1.5827 1.4649 -1.8282
v 1.6749 1.4893 -1.8486
v 1.7631 1.5151 -1.8703
v 1.8358 1.5468 -1.8969
v 1.8821 1.5883 -1.9317
v 0.3770 -0.2308 -0.3131
v 0.3910 -0.2137 -0.3275
v 0.4005 -0.1949 -0.3433
v 0.4043 -0.1740 -0.3608
v 0.4016 -0.1506 -0.3804
v 0.3920 -0.1247 -0.4022
v 0.3756 -0.0962 -0.4261
v 0.3530 -0.0654 -0.4519
v 0.3253 -0.0327 -0.4793
v 0.2936 0.0015 -0.5080
v 0.2594 0.0366 -0.5375
v 0.2242 0.0721 -0.5673
v 0.1895 0.1074 -0.5969
v 0.1565 0.1421 -0.6260
v 0.1261 0.1758 -0.6543
v 0.0989 0.2083 -0.6816
v 0.0752 0.2395 -0.7078
v 0.0550 0.2694 -0.7328
v 0.0384 0.2979 -0.7568
v 0.0250 0.3253 -0.7797
v 0.0147 0.3515 -0.8017
v 0.0073 0.3766 -0.8228
v 0.0024 0.4008 -0.8431
v 0.0000 0.4240 -0.8626
v 0.0000 0.4464 -0.8814
v 0.0023 0.4679 -0.8994
v 0.0068 0.4885 -0.9167
v 0.0136 0.5083 -0.9333
v 0.0226 0.5273 -0.9493
v 0.0338 0.5455 -0.9645
v 0.0473 0.5628 -0.9790
v 0.0929 0.6046 -1.0141
v 0.1524 0.6411 -1.0448
v 0.2244 0.6730 -1.0716
v 0.3070 0.7010 -1.0950
v 0.3991 0.7254 -1.1155
v 0.5008 0.7462 -1.1329
v 0.6136 0.7629 -1.1469
v 0.7386 0.7750 -1.1571
v 0.8730 0.7835 -1.1643
v 1.0074 0.7921 -1.1715
v 1.1259 0.8067 -1.1837
v 1.2125 0.8331 -1.2059
v 1.2599 0.8743 -1.2404
v 1.2735 0.9280 -1.2855
v 1.2687 0.9886 -1.3363
v 1.2621 1.0498 -1.3877
v 1.2624 1.1085 -1.4370
v 1.2678 1.1653 -1.4846
v 1.2735 1.2220 -1.5322
v 1.2785 1.2790 -1.5800
v 1.2881 1.3342 -1.6263
v 1.3111 1.3844 -1.6684
v 1.3542 1.4271 -1.7043
v 1.4182 1.4620 -1.7336
v 1.4983 1.4909 -1.7578
v 1.5867 1.5166 -1.7794
v 1.6789 1.5410 -1.7999
v 1.7671 1.5669 -1.8216
v 1.8398 1.5985 -1.8481
v 1.8861 1.6400 -1.8829
v 0.3691 -0.1744 -0.2683
v 0.3818 -0.1568 -0.2831
v 0.3898 -0.1374 -0.2993
v 0.3920 -0.1159 -0.3174
v 0.3878 -0.0920 -0.3375
v 0.3767 -0.0655 -0.3597
v 0.3590 -0.0366 -0.3840
v 0.3355 -0.0054 -0.4101
v 0.3072 0.0275 -0.4377
v 0.2754 0.0617 -0.4664
v 0.2418 0.0966 -0.4957
v 0.2078 0.1317 -0.5251
v 0.1747 0.1664 -0.5543
v 0.1436 0.2004 -0.5828
v 0.1152 0.2333 -0.6104
v 0.0900 0.2651 -0.6371
v 0.0682 0.2956 -0.6627
v 0.0499 0.3247 -0.6872
v 0.0349 0.3527 -0.7106
v 0.0230 0.3795 -0.7331
v 0.0140 0.4052 -0.7547
v 0.0077 0.4299 -0.7754
v 0.0039 0.4537 -0.7953
v 0.0025 0.4766 -0.8145
v 0.0034 0.4986 -0.8330
v 0.0065 0.5197 -0.8508
v 0.0119 0.5401 -0.8678
v 0.0195 0.5596 -0.8842
v 0.0293 0.5783 -0.8999
v 0.0414 0.5961 -0.9149
v 0.0556 0.6132 -0.9292
v 0.1031 0.6542 -0.9636
v 0.1643 0.6902 -0.9938
v 0.2374 0.7216 -1.0202
v 0.3207 0.7493 -1.0434
v 0.4126 0.7738 -1.0640
v 0.5132 0.7950 -1.0817
v 0.6240 0.8124 -1.0964
v 0.7463 0.8256 -1.1074
v 0.8783 0.8350 -1.1153
v 1.0117 0.8440 -1.1229
v 1.1313 0.8581 -1.1347
v 1.2209 0.8835 -1.1560
v 1.2717 0.9233 -1.1894
v 1.2874 0.9762 -1.2338
v 1.2826 1.0368 -1.2847
v 1.2733 1.0991 -1.3369
v 1.2674 1.1601 -1.3881
v 1.2651 1.2198 -1.4382
v 1.2637 1.2791 -1.4880
v 1.2644 1.3377 -1.5371
v 1.2742 1.3928 -1.5834
v 1.3018 1.4413 -1.6241
v 1.3516 1.4815 -1.6578
v 1.4212 1.5143 -1.6853
v 1.5025 1.5428 -1.7092
v 1.5909 1.5685 -1.7308
v 1.6831 1.5929 -1.7513
v 1.7713 1.6188 -1.7730
v 1.8440 1.6504 -1.7995
v 1.8903 1.6919 -1.8343
v 0.3394 -0.1097 -0.2305
v 0.3471 -0.0902 -0.2468
v 0.3506 -0.0691 -0.2645
v 0.3491 -0.0463 -0.2837
v 0.3424 -0.0214 -0.3046
v 0.3301 0.0056 -0.3272
v 0.3128 0.0344 -0.3514
v 0.2910 0.0649 -0.3769
v 0.2658 0.0966 -0.4036
v 0.2383 0.1292 -0.4310
v 0.2097 0.1623 -0.4587
v 0.1813 0.1953 -0.4863
v 0.1538 0.2278 -0.5137
v 0.1283 0.2597 -0.5405
v 0.1051 0.2907 -0.5665
v 0.0847 0.3207 -0.5916
v 0.0671 0.3497 -0.6159
v 0.0523 0.3775 -0.6393
v 0.0403 0.4043 -0.6618
v 0.0309 0.4302 -0.6835
v 0.0240 0.4551 -0.7044
v 0.0195 0.4792 -0.7246
v 0.0172 0.5024 -0.7441
v 0.0171 0.5248 -0.7628
v 0.0192 0.5463 -0.7809
v 0.0234 0.5671 -0.7984
v 0.0298 0.5871 -0.8151
v 0.0383 0.6062 -0.8312
v 0.0490 0.6246 -0.8466
v 0.0618 0.6421 -0.8613
v 0.0767 0.6589 -0.8754
v 0.1258 0.6994 -0.9094
v 0.1880 0.7350 -0.9392
v 0.2615 0.7663 -0.9655
v 0.3444 0.7941 -0.9889
v 0.4352 0.8190 -1.0098
v 0.5337 0.8410 -1.0282
v 0.6413 0.8596 -1.0438
v 0.7598 0.8742 -1.0560
v 0.8883 0.8850 -1.0651
v 1.0195 0.8948 -1.0733
v 1.1392 0.9089 -1.0851
v 1.2309 0.9334 -1.1057
v 1.2844 0.9722 -1.1383
v 1.3020 1.0244 -1.1821
v 1.2967 1.0852 -1.2331
v 1.2833 1.1490 -1.2867
v 1.2709 1.2125 -1.3399
v 1.2610 1.2750 -1.3923
v 1.2534 1.3366 -1.4441
v 1.2514 1.3962 -1.4941
v 1.2632 1.4506 -1.5397
v 1.2966 1.4969 -1.5786
v 1.3531 1.5346 -1.6102
v 1.4255 1.5664 -1.6369
v 1.5068 1.5948 -1.6607
v 1.5952 1.6206 -1.6824
v 1.6874 1.6450 -1.7028
v 1.7756 1.6708 -1.7245
v 1.8482 1.7025 -1.7511
v 1.8946 1.7440 -1.7859
v 0.2982 -0.0404 -0.1965
v 0.3006 -0.0189 -0.2145
v 0.2998 0.0037 -0.2335
v 0.2955 0.0277 -0.2536
v 0.2875 0.0530 -0.2748
v 0.2758 0.0797 -0.2973
v 0.2608 0.1077 -0.3207
v 0.2431 0.1366 -0.3450
v 0.2233 0.1664 -0.3700
v 0.2023 0.1966 -0.3953
v 0.1808 0.2269 -0.4208
v 0.1597 0.2572 -0.4462
v 0.1395 0.2871 -0.4712
v 0.1207 0.3164 -0.4959
v 0.1038 0.3451 -0.5199
v 0.0888 0.3730 -0.5434
v 0.0759 0.4002 -0.5662
v 0.0652 0.4266 -0.5883
v 0.0565 0.4521 -0.6098
v 0.0500 0.4770 -0.6306
v 0.0454 0.5010 -0.6508
v 0.0428 0.5243 -0.6703
v 0.0422 0.5469 -0.6893
v 0.0436 0.5687 -0.7076
v 0.0469 0.5898 -0.7253
v 0.0523 0.6102 -0.7423
v 0.0597 0.6297 -0.7588
v 0.0692 0.6486 -0.7746
v 0.0807 0.6666 -0.7897
v 0.0942 0.6839 -0.8042
v 0.1098 0.7004 -0.8181
v 0.1600 0.7405 -0.8517
v 0.2225 0.7759 -0.8814
v 0.2956 0.8074 -0.9079
v 0.3771 0.8358 -0.9317
v 0.4657 0.8615 -0.9532
v 0.5610 0.8847 -0.9727
v 0.6646 0.9048 -0.9896
v 0.7784 0.9211 -1.0032
v 0.9024 0.9336 -1.0137
v 1.0304 0.9446 -1.0229
v 1.1491 0.9590 -1.0351
v 1.2420 0.9831 -1.0553
v 1.2978 1.0211 -1.0871
v 1.3169 1.0727 -1.1305
v 1.3103 1.1340 -1.1819
v 1.2926 1.1994 -1.2368
v 1.2732 1.2655 -1.2922
v 1.2560 1.3307 -1.3470
v 1.2434 1.3942 -1.4003
v 1.2407 1.4541 -1.4505
v 1.2565 1.5070 -1.4949
v 1.2967 1.5507 -1.5316
v 1.3576 1.5868 -1.5619
v 1.4300 1.6186 -1.5885
v 1.5112 1.6470 -1.6124
v 1.5996 1.6728 -1.6340
v 1.6917 1.6972 -1.6545
v 1.7800 1.7231 -1.6762
v 1.8526 1.7547 -1.7027
v 1.8989 1.7962 -1.7376
v 0.2648 0.0262 -0.1602
v 0.2636 0.0489 -0.1793
v 0.2603 0.0725 -0.1991
v 0.2548 0.0969 -0.2195
v 0.2471 0.1221 -0.2407
v 0.2373 0.1482 -0.2625
v 0.2256 0.1749 -0.2850
v 0.2124 0.2021 -0.3078
v 0.1982 0.2298 -0.3310
v 0.1835 0.2577 -0.3544
v 0.1686 0.2856 -0.3778
v 0.1541 0.3133 -0.4011
v 0.1403 0.3408 -0.4242
v 0.1275 0.3680 -0.4470
v 0.1159 0.3947 -0.4694
v 0.1056 0.4208 -0.4913
v 0.0969 0.4465 -0.5128
v 0.0896 0.4715 -0.5339
v 0.0840 0.4960 -0.5544
v 0.0799 0.5198 -0.5744
v 0.0775 0.5431 -0.5939
v 0.0768 0.5657 -0.6129
v 0.0779 0.5876 -0.6313
v 0.0807 0.6089 -0.6492
v 0.0854 0.6295 -0.6665
v 0.0919 0.6494 -0.6832
v 0.1003 0.6686 -0.6993
v 0.1106 0.6871 -0.7148
v 0.1229 0.7049 -0.7297
v 0.1370 0.7220 -0.7440
v 0.1531 0.7383 -0.7577
v 0.2039 0.7781 -0.7911
v 0.2661 0.8137 -0.8210
v 0.3379 0.8457 -0.8478
v 0.4172 0.8749 -0.8723
v 0.5026 0.9018 -0.8949
v 0.5939 0.9265 -0.9156
v 0.6926 0.9484 -0.9340
v 0.8010 0.9667 -0.9494
v 0.9196 0.9812 -0.9615
v 1.0436 0.9937 -0.9720
v 1.1605 1.0088 -0.9847
v 1.2541 1.0326 -1.0047
v 1.3110 1.0702 -1.0362
v 1.3288 1.1224 -1.0800
v 1.3184 1.1851 -1.1326
v 1.2952 1.2525 -1.1892
v 1.2703 1.3206 -1.2464
v 1.2488 1.3875 -1.3024
v 1.2344 1.4517 -1.3563
v 1.2339 1.5107 -1.4058
v 1.2558 1.5613 -1.4483
v 1.3013 1.6031 -1.4834
v 1.3622 1.6392 -1.5136
v 1.4345 1.6709 -1.5403
v 1.5157 1.6994 -1.5642
v 1.6041 1.7252 -1.5858
v 1.6962 1.7496 -1.6063
v 1.7844 1.7755 -1.6280
v 1.8571 1.8071 -1.6546
v 1.9034 1.8486 -1.6894
v 0.2492 0.0862 -0.1184
v 0.2466 0.1096 -0.1380
v 0.2428 0.1334 -0.1580
v 0.2376 0.1576 -0.1783
v 0.2312 0.1824 -0.1991
v 0.2236 0.2076 -0.2202
v 0.2151 0.2331 -0.2417
v 0.2058 0.2589 -0.2633
v 0.1960 0.2849 -0.2851
v 0.1861 0.3110 -0.3070
v 0.1761 0.3370 -0.3289
v 0.1665 0.3630 -0.3507
v 0.1573 0.3888 -0.3723
v 0.1488 0.4143 -0.3937
v 0.1412 0.4395 -0.4148
v 0.1345 0.4643 -0.4357
v 0.1288 0.4888 -0.4562
v 0.1244 0.5128 -0.4764
v 0.1212 0.5363 -0.4961
v 0.1193 0.5594 -0.5155
v 0.1188 0.5819 -0.5344
v 0.1199 0.6039 -0.5528
v 0.1225 0.6252 -0.5707
v 0.1267 0.6460 -0.5882
v 0.1326 0.6662 -0.6051
v 0.1402 0.6857 -0.6214
v 0.1495 0.7045 -0.6372
v 0.1606 0.7227 -0.6525
v 0.1735 0.7403 -0.6672
v 0.1881 0.7571 -0.6814
v 0.2045 0.7734 -0.6950
v 0.2554 0.8132 -0.7284
v 0.3166 0.8491 -0.7586
v 0.3863 0.8819 -0.7860
v 0.4626 0.9122 -0.8115
v 0.5442 0.9405 -0.8353
v 0.6307 0.9670 -0.8575
v 0.7244 0.9908 -0.8774
v 0.8281 1.0109 -0.8943
v 0.9431 1.0267 -0.9076
v 1.0645 1.0401 -0.9188
v 1.1794 1.0560 -0.9322
v 1.2699 1.0810 -0.9532
v 1.3226 1.1201 -0.9860
v 1.3365 1.1738 -1.0310
v 1.3224 1.2378 -1.0848
v 1.2955 1.3067 -1.1425
v 1.2670 1.3761 -1.2008
v 1.2431 1.4439 -1.2576
v 1.2291 1.5079 -1.3114
v 1.2331 1.5652 -1.3595
v 1.2605 1.6138 -1.4002
v 1.3061 1.6556 -1.4353
v 1.3669 1.6917 -1.4656
v 1.4392 1.7235 -1.4922
v 1.5204 1.7520 -1.5161
v 1.6087 1.7778 -1.5378
v 1.7008 1.8022 -1.5583
v 1.7890 1.8280 -1.5800
v 1.8617 1.8597 -1.6065
v 1.9080 1.9012 -1.6414
v 0.2509 0.1401 -0.0715
v 0.2486 0.1633 -0.0910
v 0.2454 0.1868 -0.1107
v 0.2414 0.2107 -0.1307
v 0.2367 0.2348 -0.1509
v 0.2313 0.2592 -0.1714
v 0.2254 0.2837 -0.1920
v 0.2190 0.3084 -0.2127
v 0.2125 0.3332 -0.2335
v 0.2059 0.3580 -0.2544
v 0.1993 0.3828 -0.2752
v 0.1930 0.4076 -0.2959
v 0.1871 0.4321 -0.3165
v 0.1816 0.4565 -0.3370
v 0.1768 0.4807 -0.3572
v 0.1727 0.5045 -0.3773
v 0.1695 0.5281 -0.3970
v 0.1673 0.5512 -0.4165
v 0.1662 0.5740 -0.4356
v 0.1662 0.5964 -0.4543
v 0.1674 0.6182 -0.4727
v 0.1701 0.6396 -0.4906
v 0.1741 0.6604 -0.5081
v 0.1795 0.6808 -0.5251
v 0.1865 0.7005 -0.5417
v 0.1950 0.7197 -0.5578
v 0.2051 0.7383 -0.5734
v 0.2168 0.7562 -0.5885
v 0.2301 0.7736 -0.6031
v 0.2450 0.7904 -0.6171
v 0.2615 0.8066 -0.6307
v 0.3119 0.8465 -0.6643
v 0.3714 0.8831 -0.6949
v 0.4385 0.9169 -0.7233
v 0.5112 0.9485 -0.7498
v 0.5886 0.9784 -0.7749
v 0.6710 1.0064 -0.7984
v 0.7603 1.0318 -0.8197
v 0.8600 1.0534 -0.8378
v 0.9712 1.0707 -0.8523
v 1.0888 1.0855 -0.8648
v 1.1996 1.1030 -0.8794
v 1.2857 1.1296 -0.9018
v 1.3341 1.1703 -0.9360
v 1.3438 1.2255 -0.9822
v 1.3260 1.2910 -1.0372
v 1.2958 1.3611 -1.0960
v 1.2647 1.4315 -1.1551
v 1.2400 1.4995 -1.2122
v 1.2289 1.5625 -1.2650
v 1.2379 1.6179 -1.3115
v 1.2655 1.6664 -1.3522
v 1.3110 1.7082 -1.3873
v 1.3717 1.7444 -1.4176
v 1.4440 1.7762 -1.4443
v 1.5251 1.8047 -1.4682
v 1.6134 1.8305 -1.4899
v 1.7055 1.8549 -1.5104
v 1.7937 1.8807 -1.5321
v 1.8664 1.9124 -1.5586
v 1.9127 1.9539 -1.5935
v 0.2661 0.1891 -0.0205
v 0.2653 0.2118 -0.0395
v 0.2638 0.2347 -0.0587
v 0.2614 0.2579 -0.0782
v 0.2584 0.2814 -0.0979
v 0.2549 0.3050 -0.1177
v 0.2511 0.3288 -0.1377
v 0.2471 0.3526 -0.1577
v 0.2429 0.3765 -0.1777
v 0.2388 0.4004 -0.1978
v 0.2347 0.4243 -0.2178
v 0.2308 0.4481 -0.2378
v 0.2273 0.4718 -0.2577
v 0.2241 0.4953 -0.2774
v 0.2215 0.5186 -0.2970
v 0.2196 0.5417 -0.3163
v 0.2184 0.5645 -0.3354
v 0.2181 0.5869 -0.3543
v 0.2188 0.6090 -0.3728
v 0.2204 0.6308 -0.3911
v 0.2233 0.6521 -0.4089
v 0.2273 0.6729 -0.4264
v 0.2325 0.6933 -0.4435
v 0.2388 0.7133 -0.4603
v 0.2463 0.7328 -0.4767
v 0.2552 0.7519 -0.4927
v 0.2656 0.7703 -0.5082
v 0.2775 0.7882 -0.5232
v 0.2908 0.8056 -0.5378
v 0.3056 0.8224 -0.5519
v 0.3218 0.8387 -0.5655
v 0.3708 0.8792 -0.5995
v 0.4280 0.9167 -0.6310
v 0.4917 0.9517 -0.6603
v 0.5604 0.9848 -0.6881
v 0.6333 1.0164 -0.7146
v 0.7110 1.0462 -0.7396
v 0.7959 1.0732 -0.7623
v 0.8915 1.0963 -0.7817
v 0.9989 1.1150 -0.7974
v 1.1127 1.1313 -0.8110
v 1.2194 1.1502 -0.8269
v 1.3011 1.1785 -0.8507
v 1.3450 1.2209 -0.8863
v 1.3507 1.2776 -0.9338
v 1.3294 1.3444 -0.9899
v 1.2964 1.4155 -1.0495
v 1.2640 1.4864 -1.1091
v 1.2407 1.5539 -1.1657
v 1.2336 1.6154 -1.2173
v 1.2430 1.6707 -1.2637
v 1.2705 1.7192 -1.3044
v 1.3160 1.7611 -1.3395
v 1.3766 1.7972 -1.3698
v 1.4488 1.8290 -1.3965
v 1.5299 1.8575 -1.4204
v 1.6182 1.8834 -1.4421
v 1.7103 1.9078 -1.4626
v 1.7985 1.9336 -1.4843
v 1.8712 1.9653 -1.5109
v 1.9175 2.0068 -1.5457
v 0.2962 0.2328 0.0351
v 0.2984 0.2543 0.0170
v 0.2993 0.2763 -0.0015
v 0.2987 0.2989 -0.0204
v 0.2972 0.3217 -0.0396
v 0.2955 0.3447 -0.0589
v 0.2936 0.3678 -0.0783
v 0.2914 0.3910 -0.0977
v 0.2892 0.4141 -0.1171
v 0.2871 0.4373 -0.1366
v 0.2850 0.4604 -0.1560
v 0.2831 0.4835 -0.1753
v 0.2815 0.5064 -0.1946
v 0.2803 0.5292 -0.2137
v 0.2795 0.5518 -0.2327
v 0.2794 0.5742 -0.2515
v 0.2799 0.5964 -0.2701
v 0.2813 0.6182 -0.2884
v 0.2835 0.6398 -0.3065
v 0.2866 0.6609 -0.3242
v 0.2907 0.6817 -0.3417
v 0.2959 0.7021 -0.3588
v 0.3015 0.7224 -0.3758
v 0.3074 0.7425 -0.3927
v 0.3145 0.7623 -0.4092
v 0.3229 0.7815 -0.4254
v 0.3327 0.8001 -0.4410
v 0.3439 0.8183 -0.4563
v 0.3565 0.8359 -0.4711
v 0.3704 0.8531 -0.4855
v 0.3857 0.8697 -0.4994
v 0.4316 0.9114 -0.5344
v 0.4849 0.9503 -0.5670
v 0.5443 0.9869 -0.5977
v 0.6080 1.0219 -0.6271
v 0.6756 1.0555 -0.6553
v 0.7484 1.0871 -0.6818
v 0.8291 1.1157 -0.7058
v 0.9210 1.1402 -0.7264
v 1.0249 1.1602 -0.7431
v 1.1353 1.1778 -0.7579
v 1.2381 1.1982 -0.7750
v 1.3155 1.2281 -0.8001
v 1.3550 1.2721 -0.8370
v 1.3568 1.3302 -0.8858
v 1.3325 1.3981 -0.9428
v 1.2977 1.4699 -1.0030
v 1.2656 1.5407 -1.0624
v 1.2453 1.6071 -1.1182
v 1.2387 1.6684 -1.1696
v 1.2482 1.7237 -1.2160
v 1.2757 1.7722 -1.2567
v 1.3210 1.8141 -1.2918
v 1.3816 1.8502 -1.3222
v 1.4538 1.8821 -1.3489
v 1.5349 1.9106 -1.3728
v 1.6231 1.9364 -1.3945
v 1.7152 1.9608 -1.4150
v 1.8034 1.9867 -1.4367
v 1.8761 2.0184 -1.4632
v 1.9224 2.0599 -1.4981
v 0.3467 0.2690 0.0968
v 0.3533 0.2889 0.0801
v 0.3569 0.3099 0.0625
v 0.3575 0.3320 0.0439
v 0.3576 0.3543 0.0252
v 0.3574 0.3767 0.0064
v 0.3570 0.3992 -0.0125
v 0.3565 0.4218 -0.0314
v 0.3559 0.4443 -0.0503
v 0.3554 0.4669 -0.0693
v 0.3549 0.4894 -0.0881
v 0.3546 0.5119 -0.1070
v 0.3546 0.5342 -0.1257
v 0.3550 0.5564 -0.1444
v 0.3557 0.5785 -0.1629
v 0.3571 0.6003 -0.1812
v 0.3590 0.6220 -0.1994
v 0.3616 0.6433 -0.2173
v 0.3650 0.6644 -0.2350
v 0.3692 0.6852 -0.2524
v 0.3743 0.7056 -0.2696
v 0.3799 0.7259 -0.2866
v 0.3839 0.7467 -0.3041
v 0.3887 0.7673 -0.3213
v 0.3946 0.7874 -0.3382
v 0.4018 0.8071 -0.3547
v 0.4103 0.8263 -0.3708
v 0.4199 0.8450 -0.3865
v 0.4309 0.8633 -0.4018
v 0.4430 0.8811 -0.4168
v 0.4564 0.8984 -0.4314
v 0.4969 0.9421 -0.4680
v 0.5445 0.9831 -0.5024
v 0.5976 1.0221 -0.5351
v 0.6531 1.0601 -0.5671
v 0.7132 1.0965 -0.5975
v 0.7807 1.1301 -0.6257
v 0.8576 1.1602 -0.6510
v 0.9464 1.1858 -0.6725
v 1.0476 1.2068 -0.6901
v 1.1552 1.2254 -0.7057
v 1.2546 1.2470 -0.7239
v 1.3281 1.2784 -0.7502
v 1.3636 1.3239 -0.7884
v 1.3619 1.3834 -0.8383
v 1.3353 1.4521 -0.8960
v 1.3000 1.5241 -0.9564
v 1.2697 1.5942 -1.0152
v 1.2501 1.6604 -1.0707
v 1.2438 1.7215 -1.1220
v 1.2533 1.7768 -1.1684
v 1.2808 1.8253 -1.2091
v 1.3261 1.8672 -1.2442
v 1.3867 1.9034 -1.2746
v 1.4588 1.9352 -1.3013
v 1.5399 1.9637 -1.3253
v 1.6281 1.9896 -1.3469
v 1.7202 2.0140 -1.3674
v 1.8084 2.0398 -1.3891
v 1.8810 2.0715 -1.4157
v 1.9273 2.1130 -1.4505
v 0.4094 0.3012 0.1619
v 0.4195 0.3198 0.1463
v 0.4240 0.3404 0.1290
v 0.4256 0.3622 0.1107
v 0.4268 0.3841 0.0924
v 0.4278 0.4060 0.0740
v 0.4286 0.4281 0.0555
v 0.4293 0.4501 0.0370
v 0.4300 0.4722 0.0184
v 0.4306 0.4943 -0.0001
v 0.4314 0.5164 -0.0186
v 0.4322 0.5384 -0.0371
v 0.4334 0.5603 -0.0555
v 0.4348 0.5821 -0.0738
v 0.4365 0.6038 -0.0920
v 0.4388 0.6253 -0.1100
v 0.4416 0.6466 -0.1279
v 0.4450 0.6676 -0.1455
v 0.4491 0.6884 -0.1630
v 0.4539 0.7090 -0.1802
v 0.4595 0.7292 -0.1972
v 0.4635 0.7500 -0.2147
v 0.4676 0.7708 -0.2322
v 0.4725 0.7914 -0.2494
v 0.4783 0.8115 -0.2663
v 0.4850 0.8314 -0.2829
v 0.4926 0.8508 -0.2993
v 0.5012 0.8699 -0.3153
v 0.5109 0.8887 -0.3310
v 0.5215 0.9070 -0.3464
v 0.5331 0.9250 -0.3615
v 0.5683 0.9707 -0.3998
v 0.6096 1.0140 -0.4362
v 0.6531 1.0566 -0.4719
v 0.6939 1.1001 -0.5084
v 0.7432 1.1404 -0.5423
v 0.8048 1.1762 -0.5723
v 0.8786 1.2074 -0.5985
v 0.9655 1.2337 -0.6205
v 1.0651 1.2552 -0.6386
v 1.1708 1.2745 -0.6548
v 1.2677 1.2971 -0.6737
v 1.3381 1.3296 -0.7010
v 1.3704 1.3763 -0.7402
v 1.3660 1.4367 -0.7909
v 1.3381 1.5059 -0.8489
v 1.3034 1.5776 -0.9091
v 1.2737 1.6475 -0.9678
v 1.2545 1.7135 -1.0231
v 1.2485 1.7745 -1.0743
v 1.2582 1.8296 -1.1206
v 1.2857 1.8781 -1.1613
v 1.3311 1.9199 -1.1964
v 1.3916 1.9561 -1.2267
v 1.4637 1.9879 -1.2534
v 1.5447 2.0164 -1.2773
v 1.6330 2.0422 -1.2990
v 1.7250 2.0666 -1.3195
v 1.8131 2.0925 -1.3412
v 1.8857 2.1242 -1.3677
v 1.9319 2.1656 -1.4025
v 0.4506 0.3421 0.2198
v 0.4602 0.3608 0.2040
v 0.4636 0.3819 0.1864
v 0.4659 0.4033 0.1684
v 0.4679 0.4249 0.1503
v 0.4696 0.4466 0.1321
v 0.4711 0.4683 0.1139
v 0.4725 0.4901 0.0956
v 0.4738 0.5119 0.0773
v 0.4751 0.5337 0.0589
v 0.4764 0.5556 0.0406
v 0.4778 0.5773 0.0224
v 0.4794 0.5991 0.0041
v 0.4812 0.6207 -0.0140
v 0.4833 0.6422 -0.0321
v 0.4858 0.6636 -0.0500
v 0.4888 0.6848 -0.0678
v 0.4923 0.7058 -0.0854
v 0.4964 0.7265 -0.1028
v 0.5012 0.7471 -0.1201
v 0.5067 0.7673 -0.1370
v 0.5128 0.7873 -0.1539
v 0.5194 0.8072 -0.1705
v 0.5267 0.8268 -0.1870
v 0.5345 0.8462 -0.2032
v 0.5430 0.8653 -0.2193
v 0.5521 0.8842 -0.2351
v 0.5620 0.9028 -0.2507
v 0.5727 0.9212 -0.2661
v 0.5840 0.9392 -0.2813
v 0.5961 0.9570 -0.2962
v 0.6312 1.0026 -0.3345
v 0.6709 1.0465 -0.3713
v 0.6994 1.0945 -0.4116
v 0.7221 1.1448 -0.4538
v 0.7602 1.1892 -0.4911
v 0.8174 1.2266 -0.5224
v 0.8900 1.2582 -0.5489
v 0.9767 1.2845 -0.5710
v 1.0761 1.3060 -0.5891
v 1.1812 1.3255 -0.6054
v 1.2767 1.3485 -0.6247
v 1.3450 1.3817 -0.6526
v 1.3750 1.4292 -0.6924
v 1.3690 1.4901 -0.7436
v 1.3408 1.5594 -0.8017
v 1.3064 1.6310 -0.8617
v 1.2771 1.7006 -0.9202
v 1.2583 1.7663 -0.9753
v 1.2527 1.8271 -1.0264
v 1.2626 1.8821 -1.0725
v 1.2903 1.9305 -1.1131
v 1.3358 1.9722 -1.1481
v 1.3964 2.0083 -1.1783
v 1.4684 2.0401 -1.2050
v 1.5494 2.0685 -1.2289
v 1.6376 2.0943 -1.2505
v 1.7295 2.1187 -1.2710
v 1.8175 2.1445 -1.2926
v 1.8899 2.1761 -1.3192
v 1.9361 2.2176 -1.3540
v 0.4444 0.4013 0.2622
v 0.4503 0.4214 0.2454
v 0.4531 0.4426 0.2276
v 0.4556 0.4639 0.2097
v 0.4578 0.4854 0.1917
v 0.4596 0.5070 0.1736
v 0.4612 0.5286 0.1554
v 0.4627 0.5504 0.1371
v 0.4639 0.5722 0.1188
v 0.4651 0.5940 0.1005
v 0.4662 0.6159 0.0822
v 0.4674 0.6377 0.0639
v 0.4686 0.6595 0.0456
v 0.4700 0.6812 0.0273
v 0.4717 0.7029 0.0092
v 0.4737 0.7244 -0.0089
v 0.4761 0.7458 -0.0268
v 0.4790 0.7670 -0.0446
v 0.4824 0.7880 -0.0622
v 0.4874 0.8084 -0.0794
v 0.4952 0.8277 -0.0956
v 0.5037 0.8468 -0.1116
v 0.5128 0.8657 -0.1274
v 0.5225 0.8843 -0.1431
v 0.5330 0.9027 -0.1585
v 0.5442 0.9208 -0.1737
v 0.5561 0.9386 -0.1886
v 0.5687 0.9562 -0.2034
v 0.5820 0.9734 -0.2179
v 0.5961 0.9904 -0.2321
v 0.6109 1.0072 -0.2462
v 0.6530 1.0501 -0.2822
v 0.6948 1.0930 -0.3182
v 0.7106 1.1458 -0.3625
v 0.7241 1.1993 -0.4074
v 0.7592 1.2448 -0.4456
v 0.8169 1.2819 -0.4767
v 0.8909 1.3128 -0.5026
v 0.9793 1.3384 -0.5241
v 1.0803 1.3593 -0.5416
v 1.1862 1.3783 -0.5576
v 1.2816 1.4013 -0.5769
v 1.3489 1.4347 -0.6049
v 1.3777 1.4826 -0.6451
v 1.3710 1.5437 -0.6963
v 1.3427 1.6128 -0.7544
v 1.3087 1.6842 -0.8142
v 1.2799 1.7535 -0.8724
v 1.2616 1.8190 -0.9273
v 1.2564 1.8795 -0.9782
v 1.2667 1.9343 -1.0241
v 1.2947 1.9824 -1.0645
v 1.3403 2.0240 -1.0994
v 1.4009 2.0599 -1.1295
v 1.4730 2.0916 -1.1561
v 1.5539 2.1200 -1.1799
v 1.6419 2.1457 -1.2015
v 1.7337 2.1700 -1.2219
v 1.8215 2.1958 -1.2436
v 1.8938 2.2274 -1.2701
v 1.9399 2.2688 -1.3048
v 0.4088 0.4721 0.2950
v 0.4121 0.4931 0.2774
v 0.4146 0.5143 0.2595
v 0.4168 0.5358 0.2415
v 0.4185 0.5573 0.2234
v 0.4199 0.5790 0.2052
v 0.4209 0.6009 0.1869
v 0.4217 0.6228 0.1685
v 0.4222 0.6448 0.1500
v 0.4225 0.6669 0.1315
v 0.4227 0.6891 0.1129
v 0.4229 0.7112 0.0943
v 0.4231 0.7334 0.0757
v 0.4234 0.7555 0.0572
v 0.4239 0.7775 0.0387
v 0.4246 0.7994 0.0203
v 0.4257 0.8212 0.0020
v 0.4273 0.8429 -0.0162
v 0.4296 0.8642 -0.0341
v 0.4358 0.8841 -0.0508
v 0.4428 0.9037 -0.0672
v 0.4507 0.9230 -0.0834
v 0.4594 0.9419 -0.0993
v 0.4691 0.9605 -0.1149
v 0.4798 0.9788 -0.1302
v 0.4915 0.9966 -0.1452
v 0.5043 1.0141 -0.1598
v 0.5181 1.0311 -0.1741
v 0.5330 1.0478 -0.1881
v 0.5489 1.0640 -0.2017
v 0.5659 1.0799 -0.2151
v 0.6150 1.1200 -0.2487
v 0.6565 1.1630 -0.2848
v 0.6747 1.2147 -0.3281
v 0.6973 1.2647 -0.3701
v 0.7412 1.3068 -0.4054
v 0.8047 1.3415 -0.4346
v 0.8829 1.3707 -0.4591
v 0.9748 1.3949 -0.4793
v 1.0788 1.4145 -0.4958
v 1.1868 1.4326 -0.5110
v 1.2832 1.4551 -0.5298
v 1.3506 1.4884 -0.5578
v 1.3791 1.5362 -0.5979
v 1.3724 1.5972 -0.6491
v 1.3442 1.6661 -0.7070
v 1.3105 1.7372 -0.7666
v 1.2822 1.8062 -0.8245
v 1.2644 1.8714 -0.8792
v 1.2596 1.9316 -0.9297
v 1.2704 1.9861 -0.9754
v 1.2987 2.0339 -1.0156
v 1.3446 2.0753 -1.0503
v 1.4053 2.1111 -1.0803
v 1.4774 2.1426 -1.1068
v 1.5582 2.1709 -1.1305
v 1.6461 2.1965 -1.1520
v 1.7377 2.2208 -1.1723
v 1.8252 2.2465 -1.1940
v 1.8972 2.2781 -1.2204
v 1.9432 2.3194 -1.2551
v 0.3788 0.5414 0.3290
v 0.3811 0.5626 0.3111
v 0.3830 0.5841 0.2931
v 0.3843 0.6058 0.2749
v 0.3851 0.6276 0.2566
v 0.3855 0.6496 0.2381
v 0.3854 0.6718 0.2195
v 0.3850 0.6941 0.2008
v 0.3843 0.7165 0.1820
v 0.3833 0.7391 0.1631
v 0.3820 0.7617 0.1441
v 0.3807 0.7843 0.1251
v 0.3793 0.8070 0.1061
v 0.3780 0.8296 0.0871
v 0.3768 0.8522 0.0681
v 0.3759 0.8747 0.0493
v 0.3753 0.8971 0.0305
v 0.3752 0.9193 0.0119
v 0.3773 0.9407 -0.0061
v 0.3804 0.9617 -0.0237
v 0.3844 0.9823 -0.0410
v 0.3894 1.0026 -0.0580
v 0.3955 1.0225 -0.0747
v 0.4027 1.0419 -0.0910
v 0.4112 1.0609 -0.1070
v 0.4209 1.0794 -0.1225
v 0.4320 1.0974 -0.1376
v 0.4445 1.1149 -0.1523
v 0.4583 1.1319 -0.1665
v 0.4736 1.1484 -0.1803
v 0.4903 1.1643 -0.1937
v 0.5399 1.2040 -0.2271
v 0.5815 1.2468 -0.2629
v 0.6155 1.2924 -0.3012
v 0.6577 1.3349 -0.3369
v 0.7154 1.3716 -0.3677
v 0.7869 1.4032 -0.3942
v 0.8705 1.4303 -0.4169
v 0.9669 1.4526 -0.4356
v 1.0748 1.4705 -0.4507
v 1.1860 1.4873 -0.4648
v 1.2844 1.5088 -0.4828
v 1.3529 1.5416 -0.5103
v 1.3817 1.5891 -0.5502
v 1.3748 1.6500 -0.6012
v 1.3465 1.7188 -0.6590
v 1.3127 1.7897 -0.7185
v 1.2845 1.8586 -0.7763
v 1.2670 1.9234 -0.8307
v 1.2626 1.9834 -0.8810
v 1.2738 2.0375 -0.9264
v 1.3026 2.0850 -0.9663
v 1.3487 2.1261 -1.0007
v 1.4096 2.1616 -1.0306
v 1.4816 2.1930 -1.0569
v 1.5623 2.2212 -1.0805
v 1.6500 2.2467 -1.1019
v 1.7413 2.2709 -1.1222
v 1.8285 2.2966 -1.1438
v 1.9003 2.3281 -1.1702
v 1.9460 2.3693 -1.2048
v 0.3663 0.6047 0.3680
v 0.3679 0.6262 0.3499
v 0.3688 0.6479 0.3317
v 0.3691 0.6699 0.3133
v 0.3689 0.6920 0.2947
v 0.3681 0.7144 0.2759
v 0.3668 0.7370 0.2570
v 0.3651 0.7597 0.2379
v 0.3629 0.7826 0.2187
v 0.3605 0.8056 0.1994
v 0.3577 0.8286 0.1801
v 0.3548 0.8518 0.1606
v 0.3519 0.8750 0.1412
v 0.3489 0.8982 0.1217
v 0.3461 0.9213 0.1023
v 0.3435 0.9443 0.0830
v 0.3413 0.9672 0.0638
v 0.3400 0.9898 0.0449
v 0.3396 1.0120 0.0262
v 0.3399 1.0340 0.0078
v 0.3412 1.0556 -0.0103
v 0.3434 1.0768 -0.0282
v 0.3469 1.0976 -0.0456
v 0.3515 1.1179 -0.0627
v 0.3575 1.1378 -0.0793
v 0.3649 1.1571 -0.0955
v 0.3738 1.1758 -0.1113
v 0.3842 1.1940 -0.1265
v 0.3962 1.2116 -0.1413
v 0.4097 1.2286 -0.1556
v 0.4249 1.2450 -0.1693
v 0.4703 1.2862 -0.2038
v 0.5168 1.3269 -0.2380
v 0.5667 1.3663 -0.2711
v 0.6252 1.4026 -0.3015
v 0.6936 1.4351 -0.3288
v 0.7716 1.4640 -0.3531
v 0.8601 1.4890 -0.3741
v 0.9612 1.5094 -0.3911
v 1.0737 1.5254 -0.4046
v 1.1891 1.5404 -0.4172
v 1.2912 1.5603 -0.4339
v 1.3619 1.5920 -0.4605
v 1.3911 1.6392 -0.5001
v 1.3829 1.7004 -0.5514
v 1.3525 1.7698 -0.6097
v 1.3169 1.8412 -0.6696
v 1.2876 1.9102 -0.7275
v 1.2696 1.9750 -0.7819
v 1.2654 2.0347 -0.8319
v 1.2770 2.0885 -0.8770
v 1.3062 2.1356 -0.9166
v 1.3527 2.1764 -0.9508
v 1.4137 2.2117 -0.9804
v 1.4857 2.2428 -1.0066
v 1.5663 2.2708 -1.0301
v 1.6538 2.2962 -1.0514
v 1.7447 2.3203 -1.0716
v 1.8315 2.3460 -1.0931
v 1.9029 2.3774 -1.1195
v 1.9485 2.4185 -1.1539
v 0.3654 0.6643 0.4101
v 0.3663 0.6860 0.3919
v 0.3665 0.7079 0.3736
v 0.3660 0.7300 0.3550
v 0.3650 0.7524 0.3362
v 0.3633 0.7750 0.3172
v 0.3611 0.7978 0.2981
v 0.3584 0.8208 0.2788
v 0.3552 0.8440 0.2594
v 0.3517 0.8673 0.2398
v 0.3479 0.8907 0.2202
v 0.3440 0.9141 0.2005
v 0.3399 0.9376 0.1808
v 0.3359 0.9611 0.1611
v 0.3320 0.9845 0.1414
v 0.3284 1.0079 0.1218
v 0.3253 1.0310 0.1024
v 0.3228 1.0540 0.0832
v 0.3209 1.0766 0.0641
v 0.3198 1.0990 0.0454
v 0.3197 1.1210 0.0269
v 0.3206 1.1427 0.0087
v 0.3228 1.1639 -0.0091
v 0.3261 1.1846 -0.0264
v 0.3309 1.2048 -0.0434
v 0.3371 1.2245 -0.0599
v 0.3448 1.2435 -0.0759
v 0.3542 1.2620 -0.0914
v 0.3651 1.2800 -0.1065
v 0.3776 1.2972 -0.1210
v 0.3918 1.3139 -0.1350
v 0.4353 1.3555 -0.1699
v 0.4865 1.3942 -0.2024
v 0.5452 1.4302 -0.2325
v 0.6116 1.4632 -0.2602
v 0.6853 1.4935 -0.2857
v 0.7670 1.5208 -0.3086
v 0.8591 1.5443 -0.3283
v 0.9645 1.5627 -0.3438
v 1.0827 1.5764 -0.3552
v 1.2054 1.5884 -0.3653
v 1.3149 1.6054 -0.3795
v 1.3898 1.6352 -0.4046
v 1.4191 1.6821 -0.4439
v 1.4057 1.7450 -0.4967
v 1.3679 1.8169 -0.5571
v 1.3259 1.8905 -0.6188
v 1.2925 1.9608 -0.6778
v 1.2728 2.0260 -0.7325
v 1.2681 2.0856 -0.7825
v 1.2800 2.1390 -0.8273
v 1.3097 2.1858 -0.8665
v 1.3565 2.2261 -0.9004
v 1.4176 2.2611 -0.9298
v 1.4896 2.2921 -0.9558
v 1.5700 2.3199 -0.9791
v 1.6573 2.3452 -1.0003
v 1.7479 2.3692 -1.0204
v 1.8342 2.3947 -1.0419
v 1.9052 2.4261 -1.0682
v 1.9505 2.4670 -1.1025
v 0.3713 0.7220 0.4539
v 0.3720 0.7436 0.4357
v 0.3720 0.7655 0.4174
v 0.3713 0.7876 0.3988
v 0.3700 0.8100 0.3800
v 0.3681 0.8326 0.3611
v 0.3657 0.8553 0.3420
v 0.3628 0.8783 0.3227
v 0.3595 0.9014 0.3033
v 0.3559 0.9247 0.2838
v 0.3519 0.9480 0.2642
v 0.3479 0.9714 0.2446
v 0.3437 0.9948 0.2249
v 0.3397 1.0182 0.2053
v 0.3358 1.0416 0.1857
v 0.3322 1.0648 0.1662
v 0.3291 1.0878 0.1469
v 0.3265 1.1107 0.1277
v 0.3246 1.1332 0.1088
v 0.3236 1.1555 0.0901
v 0.3235 1.1774 0.0717
v 0.3245 1.1989 0.0537
v 0.3266 1.2200 0.0360
v 0.3301 1.2406 0.0187
v 0.3349 1.2607 0.0019
v 0.3411 1.2802 -0.0145
v 0.3489 1.2992 -0.0305
v 0.3582 1.3176 -0.0459
v 0.3690 1.3354 -0.0609
v 0.3815 1.3526 -0.0753
v 0.3955 1.3693 -0.0893
v 0.4393 1.4105 -0.1239
v 0.4923 1.4483 -0.1555
v 0.5535 1.4830 -0.1847
v 0.6216 1.5151 -0.2116
v 0.6963 1.5447 -0.2365
v 0.7790 1.5714 -0.2589
v 0.8732 1.5938 -0.2777
v 0.9833 1.6102 -0.2915
v 1.1107 1.6202 -0.2998
v 1.2474 1.6267 -0.3053
v 1.3484 1.6466 -0.3219
v 1.3955 1.6865 -0.3555
v 1.4368 1.7287 -0.3908
v 1.4547 1.7795 -0.4335
v 1.3994 1.8578 -0.4992
v 1.3428 1.9365 -0.5652
v 1.3007 2.0098 -0.6267
v 1.2769 2.0763 -0.6825
v 1.2710 2.1360 -0.7327
v 1.2830 2.1891 -0.7772
v 1.3131 2.2355 -0.8161
v 1.3602 2.2754 -0.8496
v 1.4215 2.3101 -0.8787
v 1.4934 2.3408 -0.9045
v 1.5736 2.3684 -0.9276
v 1.6606 2.3935 -0.9487
v 1.7507 2.4174 -0.9687
v 1.8366 2.4429 -0.9901
v 1.9070 2.4741 -1.0163
v 1.9521 2.5149 -1.0505
v 0.3834 0.7779 0.4991
v 0.3845 0.7993 0.4812
v 0.3851 0.8208 0.4631
v 0.3850 0.8426 0.4448
v 0.3843 0.8646 0.4263
v 0.3832 0.8868 0.4077
v 0.3815 0.9092 0.3889
v 0.3794 0.9317 0.3700
v 0.3770 0.9544 0.3510
v 0.3743 0.9772 0.3319
v 0.3713 1.0001 0.3127
v 0.3683 1.0229 0.2935
v 0.3653 1.0458 0.2743
v 0.3623 1.0687 0.2551
v 0.3596 1.0915 0.2360
v 0.3572 1.1141 0.2170
v 0.3553 1.1366 0.1981
v 0.3539 1.1589 0.1794
v 0.3532 1.1809 0.1609
v 0.3534 1.2026 0.1427
v 0.3544 1.2240 0.1248
v 0.3565 1.2450 0.1072
v 0.3597 1.2655 0.0899
v 0.3641 1.2856 0.0731
v 0.3698 1.3053 0.0566
v 0.3768 1.3244 0.0405
v 0.3852 1.3430 0.0249
v 0.3950 1.3611 0.0097
v 0.4063 1.3787 -0.0050
v 0.4190 1.3957 -0.0193
v 0.4332 1.4121 -0.0331
v 0.4769 1.4531 -0.0674
v 0.5293 1.4907 -0.0991
v 0.5891 1.5257 -0.1284
v 0.6552 1.5582 -0.1557
v 0.7277 1.5884 -0.1810
v 0.8092 1.6152 -0.2035
v 0.9052 1.6366 -0.2214
v 1.0228 1.6499 -0.2326
v 1.1653 1.6540 -0.2360
v 1.3092 1.6575 -0.2389
v 1.3594 1.6960 -0.2713
v 1.4044 1.7364 -0.3052
v 1.4438 1.7789 -0.3409
v 1.4767 1.8239 -0.3786
v 1.4478 1.8920 -0.4357
v 1.3676 1.9792 -0.5089
v 1.3117 2.0573 -0.5745
v 1.2818 2.1258 -0.6319
v 1.2740 2.1859 -0.6824
v 1.2858 2.2388 -0.7267
v 1.3163 2.2847 -0.7652
v 1.3639 2.3242 -0.7984
v 1.4252 2.3585 -0.8272
v 1.4970 2.3889 -0.8527
v 1.5770 2.4163 -0.8757
v 1.6637 2.4412 -0.8966
v 1.7534 2.4650 -0.9165
v 1.8386 2.4904 -0.9378
v 1.9085 2.5215 -0.9640
v 1.9532 2.5621 -0.9980
v 0.4018 0.8321 0.5457
v 0.4040 0.8529 0.5283
v 0.4058 0.8739 0.5107
v 0.4071 0.8950 0.4929
v 0.4079 0.9164 0.4750
v 0.4083 0.9379 0.4570
v 0.4083 0.9595 0.4389
v 0.4079 0.9812 0.4206
v 0.4073 1.0031 0.4023
v 0.4065 1.0250 0.3839
v 0.4055 1.0470 0.3654
v 0.4046 1.0690 0.3470
v 0.4036 1.0910 0.3285
v 0.4028 1.1129 0.3101
v 0.4022 1.1348 0.2918
v 0.4020 1.1565 0.2736
v 0.4021 1.1781 0.2555
v 0.4029 1.1994 0.2375
v 0.4042 1.2206 0.2198
v 0.4063 1.2414 0.2023
v 0.4092 1.2620 0.1851
v 0.4130 1.2822 0.1681
v 0.4177 1.3020 0.1515
v 0.4236 1.3215 0.1351
v 0.4305 1.3405 0.1192
v 0.4386 1.3591 0.1035
v 0.4478 1.3773 0.0883
v 0.4583 1.3950 0.0734
v 0.4700 1.4123 0.0589
v 0.4829 1.4291 0.0448
v 0.4970 1.4454 0.0311
v 0.5395 1.4865 -0.0033
v 0.5892 1.5248 -0.0355
v 0.6452 1.5608 -0.0657
v 0.7069 1.5947 -0.0941
v 0.7757 1.6259 -0.1203
v 0.8558 1.6529 -0.1430
v 0.9555 1.6726 -0.1595
v 1.0846 1.6812 -0.1667
v 1.2473 1.6774 -0.1635
v 1.3269 1.7045 -0.1863
v 1.3733 1.7441 -0.2195
v 1.4153 1.7853 -0.2541
v 1.4522 1.8285 -0.2903
v 1.4828 1.8739 -0.3285
v 1.4998 1.9245 -0.3709
v 1.3932 2.0213 -0.4521
v 1.3227 2.1045 -0.5219
v 1.2865 2.1750 -0.5810
v 1.2768 2.2355 -0.6318
v 1.2885 2.2880 -0.6759
v 1.3195 2.3334 -0.7140
v 1.3673 2.3724 -0.7467
v 1.4288 2.4064 -0.7752
v 1.5005 2.4365 -0.8005
v 1.5803 2.4636 -0.8232
v 1.6665 2.4883 -0.8440
v 1.7557 2.5119 -0.8638
v 1.8403 2.5372 -0.8850
v 1.9096 2.5683 -0.9110
v 1.9540 2.6086 -0.9449
v 0.4251 0.8851 0.5935
v 0.4290 0.9051 0.5767
v 0.4325 0.9253 0.5597
v 0.4356 0.9456 0.5427
v 0.4384 0.9660 0.5255
v 0.4409 0.9866 0.5083
v 0.4431 1.0073 0.4909
v 0.4451 1.0280 0.4735
v 0.4469 1.0488 0.4561
v 0.4486 1.0697 0.4386
v 0.4502 1.0906 0.4210
v 0.4518 1.1114 0.4035
v 0.4535 1.1323 0.3860
v 0.4553 1.1531 0.3686
v 0.4573 1.1738 0.3512
v 0.4597 1.1944 0.3339
v 0.4624 1.2149 0.3167
v 0.4656 1.2352 0.2997
v 0.4693 1.2553 0.2828
v 0.4736 1.2752 0.2661
v 0.4785 1.2948 0.2496
v 0.4842 1.3142 0.2334
v 0.4907 1.3332 0.2174
v 0.4980 1.3520 0.2017
v 0.5062 1.3704 0.1862
v 0.5152 1.3885 0.1710
v 0.5252 1.4063 0.1561
v 0.5361 1.4237 0.1415
v 0.5479 1.4408 0.1272
v 0.5607 1.4575 0.1132
v 0.5744 1.4739 0.0994
v 0.6146 1.5154 0.0646
v 0.6604 1.5548 0.0315
v 0.7115 1.5922 0.0001
v 0.7686 1.6275 -0.0295
v 0.8343 1.6594 -0.0563
v 0.9153 1.6857 -0.0784
v 1.0217 1.7025 -0.0925
v 1.1640 1.7059 -0.0953
v 1.3000 1.7116 -0.1001
v 1.3456 1.7511 -0.1332
v 1.3879 1.7919 -0.1674
v 1.4265 1.8340 -0.2028
v 1.4605 1.8778 -0.2395
v 1.4889 1.9238 -0.2781
v 1.5102 1.9723 -0.3188
v 1.4078 2.0671 -0.3984
v 1.3289 2.1531 -0.4706
v 1.2894 2.2244 -0.5304
v 1.2789 2.2849 -0.5811
v 1.2909 2.3369 -0.6248
v 1.3224 2.3817 -0.6624
v 1.3707 2.4202 -0.6947
v 1.4323 2.4537 -0.7228
v 1.5039 2.4835 -0.7478
v 1.5834 2.5104 -0.7703
v 1.6692 2.5348 -0.7909
v 1.7578 2.5583 -0.8105
v 1.8417 2.5835 -0.8317
v 1.9103 2.6144 -0.8576
v 1.9543 2.6545 -0.8913
v 0.4510 0.9376 0.6415
v 0.4566 0.9569 0.6254
v 0.4620 0.9762 0.6092
v 0.4672 0.9956 0.5929
v 0.4721 1.0151 0.5765
v 0.4768 1.0346 0.5601
v 0.4813 1.0543 0.5436
v 0.4857 1.0740 0.5271
v 0.4900 1.0937 0.5106
v 0.4942 1.1134 0.4940
v 0.4984 1.1332 0.4774
v 0.5027 1.1529 0.4608
v 0.5070 1.1727 0.4443
v 0.5115 1.1923 0.4278
v 0.5161 1.2119 0.4113
v 0.5210 1.2314 0.3950
v 0.5261 1.2508 0.3787
v 0.5316 1.2701 0.3625
v 0.5375 1.2892 0.3465
v 0.5439 1.3082 0.3306
v 0.5507 1.3270 0.3148
v 0.5580 1.3456 0.2992
v 0.5659 1.3639 0.2838
v 0.5744 1.3821 0.2685
v 0.5835 1.4000 0.2535
v 0.5932 1.4177 0.2386
v 0.6036 1.4352 0.2240
v 0.6146 1.4524 0.2096
v 0.6263 1.4694 0.1953
v 0.6386 1.4861 0.1813
v 0.6516 1.5026 0.1675
v 0.6889 1.5447 0.1321
v 0.7309 1.5852 0.0981
v 0.7782 1.6236 0.0659
v 0.8330 1.6593 0.0359
v 0.8994 1.6906 0.0097
v 0.9850 1.7148 -0.0106
v 1.0989 1.7283 -0.0220
v 1.2484 1.7286 -0.0222
v 1.3211 1.7576 -0.0465
v 1.3621 1.7984 -0.0808
v 1.4006 1.8401 -0.1158
v 1.4361 1.8830 -0.1518
v 1.4676 1.9273 -0.1890
v 1.4939 1.9737 -0.2278
v 1.5135 2.0225 -0.2688
v 1.4010 2.1206 -0.3512
v 1.3253 2.2050 -0.4220
v 1.2882 2.2750 -0.4807
v 1.2794 2.3345 -0.5306
v 1.2927 2.3856 -0.5735
v 1.3251 2.4296 -0.6104
v 1.3739 2.4675 -0.6422
v 1.4357 2.5006 -0.6700
v 1.5072 2.5300 -0.6947
v 1.5864 2.5565 -0.7169
v 1.6717 2.5808 -0.7373
v 1.7596 2.6041 -0.7568
v 1.8427 2.6291 -0.7778
v 1.9107 2.6599 -0.8036
v 1.9542 2.6997 -0.8371
v 0.4766 0.9909 0.6890
v 0.4839 1.0093 0.6735
v 0.4910 1.0278 0.6580
v 0.4979 1.0464 0.6424
v 0.5047 1.0650 0.6268
v 0.5114 1.0837 0.6111
v 0.5180 1.1024 0.5954
v 0.5245 1.1211 0.5797
v 0.5310 1.1398 0.5640
v 0.5374 1.1586 0.5482
v 0.5439 1.1774 0.5325
v 0.5503 1.1961 0.5168
v 0.5569 1.2148 0.5011
v 0.5635 1.2335 0.4854
v 0.5702 1.2521 0.4697
v 0.5771 1.2707 0.4542
v 0.5842 1.2892 0.4386
v 0.5916 1.3077 0.4232
v 0.5992 1.3260 0.4078
v 0.6070 1.3442 0.3925
v 0.6152 1.3623 0.3773
v 0.6237 1.3803 0.3622
v 0.6325 1.3982 0.3472
v 0.6417 1.4159 0.3324
v 0.6513 1.4335 0.3176
v 0.6613 1.4509 0.3030
v 0.6717 1.4682 0.2885
v 0.6826 1.4853 0.2741
v 0.6939 1.5022 0.2599
v 0.7057 1.5189 0.2459
v 0.7180 1.5355 0.2320
v 0.7532 1.5780 0.1963
v 0.7934 1.6187 0.1622
v 0.8407 1.6567 0.1303
v 0.8980 1.6910 0.1015
v 0.9696 1.7199 0.0772
v 1.0607 1.7416 0.0591
v 1.1763 1.7541 0.0486
v 1.2977 1.7644 0.0399
v 1.3364 1.8056 0.0053
v 1.3739 1.8473 -0.0296
v 1.4097 1.8896 -0.0652
v 1.4429 1.9329 -0.1015
v 1.4726 1.9775 -0.1389
v 1.4972 2.0240 -0.1779
v 1.4783 2.0867 -0.2305
v 1.3772 2.1802 -0.3090
v 1.3138 2.2595 -0.3756
v 1.2836 2.3265 -0.4318
v 1.2785 2.3841 -0.4801
v 1.2939 2.4341 -0.5220
v 1.3275 2.4772 -0.5582
v 1.3770 2.5144 -0.5894
v 1.4389 2.5469 -0.6167
v 1.5103 2.5759 -0.6411
v 1.5892 2.6022 -0.6630
v 1.6740 2.6261 -0.6832
v 1.7612 2.6492 -0.7026
v 1.8435 2.6742 -0.7235
v 1.9106 2.7048 -0.7492
v 1.9537 2.7444 -0.7824
v 0.4999 1.0456 0.7352
v 0.5084 1.0634 0.7203
v 0.5168 1.0812 0.7053
v 0.5252 1.0991 0.6903
v 0.5335 1.1169 0.6753
v 0.5417 1.1349 0.6603
v 0.5498 1.1528 0.6452
v 0.5579 1.1708 0.6302
v 0.5660 1.1887 0.6151
v 0.5740 1.2067 0.6000
v 0.5821 1.2247 0.5849
v 0.5901 1.2426 0.5699
v 0.5982 1.2606 0.5548
v 0.6064 1.2785 0.5398
v 0.6146 1.2964 0.5247
v 0.6229 1.3143 0.5097
v 0.6313 1.3322 0.4947
v 0.6398 1.3500 0.4798
v 0.6484 1.3677 0.4649
v 0.6572 1.3854 0.4501
v 0.6661 1.4030 0.4353
v 0.6753 1.4206 0.4205
v 0.6846 1.4381 0.4058
v 0.6941 1.4555 0.3912
v 0.7039 1.4729 0.3767
v 0.7139 1.4901 0.3622
v 0.7242 1.5072 0.3479
v 0.7348 1.5242 0.3336
v 0.7458 1.5411 0.3194
v 0.7574 1.5578 0.3054
v 0.7696 1.5742 0.2917
v 0.8055 1.6160 0.2566
v 0.8483 1.6552 0.2237
v 0.9006 1.6909 0.1938
v 0.9644 1.7222 0.1674
v 1.0406 1.7490 0.1450
v 1.1299 1.7708 0.1267
v 1.2326 1.7877 0.1125
v 1.3084 1.8146 0.0900
v 1.3444 1.8563 0.0549
v 1.3799 1.8982 0.0197
v 1.4142 1.9406 -0.0158
v 1.4463 1.9839 -0.0521
v 1.4750 2.0284 -0.0894
v 1.4986 2.0747 -0.1284
v 1.4249 2.1575 -0.1978
v 1.3475 2.2416 -0.2684
v 1.2994 2.3148 -0.3298
v 1.2774 2.3782 -0.3830
v 1.2768 2.4337 -0.4295
v 1.2947 2.4822 -0.4702
v 1.3298 2.5243 -0.5056
v 1.3800 2.5607 -0.5361
v 1.4421 2.5927 -0.5630
v 1.5133 2.6213 -0.5870
v 1.5918 2.6472 -0.6087
v 1.6761 2.6709 -0.6286
v 1.7626 2.6938 -0.6478
v 1.8439 2.7186 -0.6687
v 1.9102 2.7491 -0.6942
v 1.9529 2.7884 -0.7271
v 0.5198 1.1021 0.7800
v 0.5292 1.1194 0.7654
v 0.5385 1.1367 0.7509
v 0.5478 1.1540 0.7364
v 0.5570 1.1713 0.7218
v 0.5662 1.1887 0.7073
v 0.5753 1.2061 0.6927
v 0.5844 1.2235 0.6781
v 0.5935 1.2408 0.6635
v 0.6026 1.2582 0.6489
v 0.6116 1.2757 0.6343
v 0.6206 1.2931 0.6197
v 0.6297 1.3105 0.6051
v 0.6387 1.3279 0.5905
v 0.6478 1.3453 0.5759
v 0.6568 1.3627 0.5613
v 0.6659 1.3801 0.5467
v 0.6751 1.3974 0.5321
v 0.6843 1.4148 0.5176
v 0.6936 1.4321 0.5030
v 0.7030 1.4494 0.4885
v 0.7125 1.4666 0.4741
v 0.7222 1.4838 0.4597
v 0.7320 1.5009 0.4453
v 0.7421 1.5179 0.4310
v 0.7524 1.5348 0.4168
v 0.7630 1.5517 0.4027
v 0.7739 1.5684 0.3887
v 0.7852 1.5849 0.3748
v 0.7970 1.6013 0.3610
v 0.8105 1.6171 0.3478
v 0.8514 1.6565 0.3148
v 0.9014 1.6925 0.2845
v 0.9610 1.7249 0.2573
v 1.0283 1.7545 0.2325
v 1.0999 1.7825 0.2090
v 1.1730 1.8098 0.1861
v 1.2483 1.8364 0.1638
v 1.3098 1.8681 0.1372
v 1.3450 1.9097 0.1023
v 1.3800 1.9513 0.0674
v 1.4141 1.9932 0.0322
v 1.4462 2.0360 -0.0037
v 1.4746 2.0800 -0.0406
v 1.4508 2.1436 -0.0940
v 1.3786 2.2253 -0.1626
v 1.3213 2.3014 -0.2264
v 1.2861 2.3693 -0.2834
v 1.2715 2.4294 -0.3338
v 1.2750 2.4828 -0.3786
v 1.2953 2.5299 -0.4181
v 1.3319 2.5710 -0.4526
v 1.3828 2.6066 -0.4825
v 1.4451 2.6381 -0.5089
v 1.5162 2.6662 -0.5325
v 1.5943 2.6917 -0.5539
v 1.6780 2.7151 -0.5736
v 1.7636 2.7379 -0.5926
v 1.8440 2.7625 -0.6133
v 1.9095 2.7928 -0.6387
v 1.9516 2.8317 -0.6714
v 0.5365 1.1604 0.8232
v 0.5464 1.1773 0.8090
v 0.5562 1.1942 0.7948
v 0.5659 1.2111 0.7806
v 0.5757 1.2281 0.7664
v 0.5854 1.2450 0.7522
v 0.5950 1.2620 0.7379
v 0.6047 1.2790 0.7237
v 0.6143 1.2960 0.7094
v 0.6239 1.3130 0.6951
v 0.6335 1.3300 0.6809
v 0.6431 1.3469 0.6666
v 0.6527 1.3639 0.6524
v 0.6623 1.3809 0.6381
v 0.6719 1.3979 0.6239
v 0.6816 1.4149 0.6096
v 0.6913 1.4319 0.5954
v 0.7010 1.4488 0.5812
v 0.7108 1.4657 0.5670
v 0.7208 1.4826 0.5528
v 0.7309 1.4993 0.5388
v 0.7413 1.5161 0.5247
v 0.7518 1.5327 0.5108
v 0.7627 1.5492 0.4969
v 0.7739 1.5656 0.4831
v 0.7855 1.5819 0.4695
v 0.7975 1.5980 0.4560
v 0.8099 1.6139 0.4426
v 0.8230 1.6296 0.4294
v 0.8366 1.6451 0.4164
v 0.8508 1.6604 0.4036
v 0.8989 1.6966 0.3733
v 0.9555 1.7296 0.3456
v 1.0159 1.7612 0.3191
v 1.0744 1.7935 0.2920
v 1.1266 1.8281 0.2629
v 1.1722 1.8652 0.2317
v 1.2174 1.9025 0.2004
v 1.2713 1.9365 0.1719
v 1.3381 1.9657 0.1474
v 1.3749 2.0062 0.1135
v 1.4099 2.0472 0.0790
v 1.4428 2.0891 0.0439
v 1.4537 2.1392 0.0019
v 1.4021 2.2126 -0.0598
v 1.3461 2.2877 -0.1228
v 1.3021 2.3583 -0.1820
v 1.2757 2.4223 -0.2357
v 1.2666 2.4799 -0.2840
v 1.2734 2.5315 -0.3273
v 1.2960 2.5772 -0.3657
v 1.3340 2.6172 -0.3992
v 1.3856 2.6521 -0.4285
v 1.4481 2.6829 -0.4544
v 1.5189 2.7106 -0.4776
v 1.5967 2.7357 -0.4987
v 1.6797 2.7588 -0.5181
v 1.7645 2.7813 -0.5369
v 1.8438 2.8058 -0.5575
v 1.9084 2.8359 -0.5827
v 1.9499 2.8745 -0.6151
v 0.5507 1.2202 0.8651
v 0.5607 1.2368 0.8512
v 0.5707 1.2534 0.8372
v 0.5806 1.2701 0.8233
v 0.5906 1.2867 0.8093
v 0.6005 1.3034 0.7953
v 0.6104 1.3200 0.7814
v 0.6204 1.3367 0.7674
v 0.6304 1.3533 0.7535
v 0.6405 1.3699 0.7395
v 0.6508 1.3864 0.7257
v 0.6611 1.4029 0.7118
v 0.6717 1.4193 0.6980
v 0.6824 1.4357 0.6843
v 0.6932 1.4520 0.6706
v 0.7040 1.4683 0.6569
v 0.7149 1.4846 0.6432
v 0.7259 1.5009 0.6296
v 0.7373 1.5170 0.6161
v 0.7489 1.5330 0.6026
v 0.7608 1.5490 0.5893
v 0.7730 1.5647 0.5760
v 0.7856 1.5804 0.5629
v 0.7986 1.5959 0.5499
v 0.8120 1.6112 0.5370
v 0.8259 1.6264 0.5243
v 0.8402 1.6415 0.5117
v 0.8549 1.6563 0.4992
v 0.8700 1.6710 0.4868
v 0.8855 1.6856 0.4746
v 0.9014 1.7001 0.4625
v 0.9480 1.7362 0.4321
v 1.0008 1.7701 0.4037
v 1.0470 1.8064 0.3732
v 1.0822 1.8468 0.3393
v 1.1065 1.8913 0.3020
v 1.1266 1.9374 0.2633
v 1.1541 1.9807 0.2270
v 1.2003 2.0171 0.1965
v 1.2676 2.0455 0.1726
v 1.3432 2.0709 0.1513
v 1.4025 2.1023 0.1250
v 1.4281 2.1463 0.0880
v 1.4127 2.2057 0.0382
v 1.3715 2.2746 -0.0196
v 1.3253 2.3455 -0.0791
v 1.2890 2.4126 -0.1354
v 1.2681 2.4740 -0.1869
v 1.2627 2.5296 -0.2336
v 1.2722 2.5797 -0.2756
v 1.2968 2.6241 -0.3129
v 1.3361 2.6630 -0.3455
v 1.3883 2.6970 -0.3741
v 1.4510 2.7272 -0.3994
v 1.5216 2.7544 -0.4222
v 1.5989 2.7792 -0.4430
v 1.6813 2.8020 -0.4621
v 1.7651 2.8242 -0.4808
v 1.8434 2.8486 -0.5012
v 1.9069 2.8784 -0.5263
v 1.9479 2.9167 -0.5584
v 0.5631 1.2812 0.9061
v 0.5731 1.2976 0.8924
v 0.5831 1.3140 0.8786
v 0.5932 1.3303 0.8649
v 0.6033 1.3467 0.8511
v 0.6135 1.3630 0.8374
v 0.6238 1.3793 0.8238
v 0.6344 1.3955 0.8102
v 0.6453 1.4115 0.7967
v 0.6567 1.4274 0.7834
v 0.6686 1.4431 0.7702
v 0.6810 1.4586 0.7572
v 0.6941 1.4739 0.7444
v 0.7075 1.4890 0.7318
v 0.7214 1.5039 0.7192
v 0.7352 1.5189 0.7066
v 0.7488 1.5340 0.6940
v 0.7623 1.5490 0.6814
v 0.7762 1.5640 0.6688
v 0.7903 1.5789 0.6563
v 0.8047 1.5936 0.6439
v 0.8193 1.6083 0.6316
v 0.8341 1.6229 0.6194
v 0.8490 1.6375 0.6072
v 0.8640 1.6520 0.5950
v 0.8790 1.6665 0.5828
v 0.8939 1.6811 0.5706
v 0.9087 1.6957 0.5583
v 0.9232 1.7104 0.5459
v 0.9373 1.7253 0.5335
v 0.9510 1.7403 0.5209
v 0.9845 1.7807 0.4869
v 1.0161 1.8219 0.4524
v 1.0354 1.8677 0.4139
v 1.0429 1.9179 0.3719
v 1.0459 1.9698 0.3283
v 1.0554 2.0192 0.2868
v 1.0836 2.0617 0.2512
v 1.1383 2.0942 0.2239
v 1.2167 2.1179 0.2040
v 1.3018 2.1391 0.1863
v 1.3689 2.1670 0.1628
v 1.3984 2.2090 0.1276
v 1.3881 2.2658 0.0799
v 1.3525 2.3321 0.0243
v 1.3117 2.4003 -0.0330
v 1.2798 2.4652 -0.0874
v 1.2623 2.5247 -0.1373
v 1.2596 2.5787 -0.1827
v 1.2713 2.6274 -0.2235
v 1.2976 2.6705 -0.2597
v 1.3381 2.7084 -0.2914
v 1.3910 2.7416 -0.3193
v 1.4538 2.7711 -0.3441
v 1.5242 2.7978 -0.3665
v 1.6010 2.8221 -0.3869
v 1.6827 2.8446 -0.4057
v 1.7655 2.8666 -0.4242
v 1.8426 2.8908 -0.4445
v 1.9051 2.9204 -0.4694
v 1.9455 2.9583 -0.5012
v 0.5746 1.3431 0.9463
v 0.5846 1.3592 0.9328
v 0.5947 1.3753 0.9192
v 0.6050 1.3914 0.9058
v 0.6155 1.4074 0.8924
v 0.6264 1.4232 0.8791
v 0.6379 1.4388 0.8660
v 0.6501 1.4541 0.8531
v 0.6632 1.4691 0.8406
v 0.6775 1.4837 0.8283
v 0.6930 1.4978 0.8165
v 0.7097 1.5114 0.8051
v 0.7276 1.5247 0.7940
v 0.7462 1.5376 0.7831
v 0.7652 1.5504 0.7724
v 0.7839 1.5633 0.7615
v 0.8015 1.5766 0.7504
v 0.8174 1.5905 0.7387
v 0.8329 1.6047 0.7268
v 0.8481 1.6189 0.7149
v 0.8629 1.6332 0.7029
v 0.8773 1.6477 0.6907
v 0.8912 1.6624 0.6783
v 0.9044 1.6774 0.6658
v 0.9169 1.6927 0.6530
v 0.9284 1.7082 0.6399
v 0.9390 1.7242 0.6265
v 0.9486 1.7405 0.6129
v 0.9571 1.7572 0.5988
v 0.9645 1.7743 0.5845
v 0.9708 1.7919 0.5697
v 0.9825 1.8398 0.5295
v 0.9867 1.8906 0.4869
v 0.9801 1.9455 0.4409
v 0.9709 2.0012 0.3941
v 0.9690 2.0543 0.3495
v 0.9845 2.1009 0.3105
v 1.0256 2.1379 0.2794
v 1.0950 2.1643 0.2572
v 1.1856 2.1828 0.2417
v 1.2783 2.2005 0.2269
v 1.3490 2.2265 0.2051
v 1.3803 2.2671 0.1710
v 1.3721 2.3225 0.1245
v 1.3394 2.3871 0.0703
v 1.3017 2.4535 0.0145
v 1.2727 2.5167 -0.0385
v 1.2575 2.5748 -0.0872
v 1.2568 2.6274 -0.1313
v 1.2704 2.6746 -0.1710
v 1.2985 2.7165 -0.2061
v 1.3402 2.7533 -0.2370
v 1.3937 2.7856 -0.2641
v 1.4565 2.8145 -0.2884
v 1.5267 2.8407 -0.3103
v 1.6030 2.8645 -0.3303
v 1.6838 2.8866 -0.3489
v 1.7656 2.9084 -0.3672
v 1.8415 2.9324 -0.3873
v 1.9030 2.9618 -0.4120
v 1.9427 2.9993 -0.4434
v 0.5859 1.4056 0.9860
v 0.5960 1.4215 0.9727
v 0.6064 1.4372 0.9595
v 0.6172 1.4528 0.9464
v 0.6287 1.4682 0.9335
v 0.6410 1.4832 0.9209
v 0.6545 1.4978 0.9086
v 0.6694 1.5119 0.8968
v 0.6861 1.5253 0.8856
v 0.7046 1.5380 0.8749
v 0.7251 1.5500 0.8648
v 0.7474 1.5613 0.8553
v 0.7709 1.5722 0.8462
v 0.7952 1.5827 0.8374
v 0.8191 1.5934 0.8284
v 0.8417 1.6047 0.8190
v 0.8617 1.6168 0.8088
v 0.8779 1.6304 0.7974
v 0.8906 1.6453 0.7849
v 0.9020 1.6607 0.7719
v 0.9120 1.6766 0.7586
v 0.9208 1.6929 0.7449
v 0.9283 1.7098 0.7308
v 0.9344 1.7272 0.7162
v 0.9390 1.7451 0.7011
v 0.9422 1.7635 0.6856
v 0.9439 1.7825 0.6697
v 0.9444 1.8020 0.6534
v 0.9437 1.8219 0.6367
v 0.9420 1.8422 0.6197
v 0.9393 1.8628 0.6023
v 0.9294 1.9182 0.5559
v 0.9185 1.9740 0.5091
v 0.9028 2.0315 0.4608
v 0.8938 2.0866 0.4146
v 0.9012 2.1355 0.3735
v 0.9309 2.1761 0.3395
v 0.9871 2.2068 0.3137
v 1.0694 2.2277 0.2961
v 1.1686 2.2424 0.2839
v 1.2653 2.2579 0.2708
v 1.3368 2.2829 0.2499
v 1.3680 2.3230 0.2163
v 1.3603 2.3775 0.1705
v 1.3292 2.4408 0.1173
v 1.2936 2.5058 0.0628
v 1.2664 2.5677 0.0109
v 1.2531 2.6243 -0.0366
v 1.2542 2.6756 -0.0797
v 1.2697 2.7215 -0.1182
v 1.2994 2.7621 -0.1522
v 1.3423 2.7978 -0.1822
v 1.3964 2.8292 -0.2086
v 1.4593 2.8574 -0.2322
v 1.5291 2.8830 -0.2537
v 1.6048 2.9064 -0.2734
v 1.6849 2.9282 -0.2916
v 1.7655 2.9498 -0.3097
v 1.8402 2.9736 -0.3297
v 1.9005 3.0027 -0.3542
v 1.9396 3.0398 -0.3853
v 0.5973 1.4686 1.0253
v 0.6076 1.4841 1.0123
v 0.6185 1.4994 0.9994
v 0.6301 1.5145 0.9868
v 0.6427 1.5292 0.9745
v 0.6566 1.5433 0.9626
v 0.6722 1.5569 0.9512
v 0.6897 1.5697 0.9404
v 0.7094 1.5818 0.9303
v 0.7313 1.5930 0.9209
v 0.7551 1.6034 0.9121
v 0.7804 1.6134 0.9038
v 0.8066 1.6230 0.8958
v 0.8324 1.6327 0.8876
v 0.8568 1.6430 0.8790
v 0.8783 1.6543 0.8695
v 0.8958 1.6671 0.8587
v 0.9082 1.6819 0.8463
v 0.9148 1.6988 0.8321
v 0.9173 1.7172 0.8166
v 0.9185 1.7362 0.8008
v 0.9184 1.7556 0.7844
v 0.9168 1.7756 0.7677
v 0.9138 1.7961 0.7505
v 0.9096 1.8170 0.7329
v 0.9043 1.8384 0.7150
v 0.8982 1.8601 0.6968
v 0.8913 1.8820 0.6784
v 0.8840 1.9041 0.6599
v 0.8765 1.9263 0.6412
v 0.8690 1.9485 0.6226
v 0.8508 2.0063 0.5741
v 0.8378 2.0621 0.5272
v 0.8315 2.1155 0.4825
v 0.8340 2.1656 0.4405
v 0.8551 2.2087 0.4043
v 0.8985 2.2435 0.3751
v 0.9664 2.2691 0.3536
v 1.0572 2.2862 0.3393
v 1.1610 2.2984 0.3290
v 1.2588 2.3128 0.3169
v 1.3292 2.3375 0.2962
v 1.3590 2.3774 0.2627
v 1.3510 2.4314 0.2174
v 1.3207 2.4937 0.1651
v 1.2865 2.5575 0.1116
v 1.2609 2.6181 0.0608
v 1.2490 2.6735 0.0143
v 1.2519 2.7234 -0.0276
v 1.2692 2.7679 -0.0650
v 1.3005 2.8072 -0.0980
v 1.3445 2.8418 -0.1270
v 1.3991 2.8724 -0.1526
v 1.4620 2.8999 -0.1757
v 1.5314 2.9250 -0.1967
v 1.6066 2.9479 -0.2160
v 1.6858 2.9693 -0.2340
v 1.7652 2.9906 -0.2518
v 1.8385 3.0142 -0.2716
v 1.8977 3.0431 -0.2959
v 1.9362 3.0797 -0.3266
v 0.6086 1.5322 1.0641
v 0.6191 1.5474 1.0513
v 0.6302 1.5623 1.0388
v 0.6422 1.5770 1.0265
v 0.6552 1.5912 1.0146
v 0.6697 1.6049 1.0031
v 0.6858 1.6180 0.9921
v 0.7036 1.6304 0.9816
v 0.7232 1.6422 0.9718
v 0.7445 1.6534 0.9624
v 0.7669 1.6641 0.9534
v 0.7899 1.6746 0.9446
v 0.8125 1.6853 0.9356
v 0.8338 1.6964 0.9263
v 0.8527 1.7085 0.9162
v 0.8681 1.7218 0.9049
v 0.8790 1.7368 0.8923
v 0.8849 1.7537 0.8782
v 0.8850 1.7728 0.8622
v 0.8805 1.7936 0.8447
v 0.8747 1.8149 0.8269
v 0.8681 1.8365 0.8088
v 0.8608 1.8583 0.7904
v 0.8529 1.8804 0.7719
v 0.8445 1.9026 0.7533
v 0.8358 1.9249 0.7345
v 0.8272 1.9473 0.7158
v 0.8188 1.9695 0.6971
v 0.8107 1.9917 0.6785
v 0.8031 2.0136 0.6601
v 0.7963 2.0352 0.6420
v 0.7829 2.0905 0.5956
v 0.7778 2.1427 0.5518
v 0.7830 2.1911 0.5112
v 0.7993 2.2352 0.4741
v 0.8317 2.2734 0.4421
v 0.8845 2.3040 0.4165
v 0.9597 2.3262 0.3979
v 1.0553 2.3407 0.3856
v 1.1608 2.3516 0.3765
v 1.2577 2.3656 0.3647
v 1.3255 2.3906 0.3438
v 1.3530 2.4306 0.3102
v 1.3439 2.4843 0.2652
v 1.3139 2.5458 0.2136
v 1.2805 2.6085 0.1609
v 1.2559 2.6680 0.1110
v 1.2455 2.7222 0.0656
v 1.2500 2.7708 0.0248
v 1.2690 2.8139 -0.0114
v 1.3019 2.8519 -0.0433
v 1.3469 2.8854 -0.0714
v 1.4019 2.9151 -0.0963
v 1.4647 2.9419 -0.1189
v 1.5338 2.9664 -0.1394
v 1.6082 2.9889 -0.1582
v 1.6865 3.0099 -0.1759
v 1.7647 3.0310 -0.1935
v 1.8366 3.0544 -0.2132
v 1.8946 3.0830 -0.2372
v 1.9324 3.1192 -0.2676
v 0.6195 1.5965 1.1023
v 0.6296 1.6115 1.0897
v 0.6403 1.6263 1.0772
v 0.6516 1.6409 1.0650
v 0.6637 1.6552 1.0530
v 0.6768 1.6691 1.0413
v 0.6910 1.6827 1.0300
v 0.7061 1.6958 1.0189
v 0.7221 1.7087 1.0081
v 0.7387 1.7213 0.9975
v 0.7555 1.7338 0.9870
v 0.7719 1.7465 0.9764
v 0.7872 1.7596 0.9654
v 0.8008 1.7734 0.9538
v 0.8119 1.7880 0.9415
v 0.8201 1.8038 0.9283
v 0.8247 1.8209 0.9140
v 0.8246 1.8398 0.8981
v 0.8214 1.8598 0.8813
v 0.8161 1.8806 0.8639
v 0.8094 1.9019 0.8460
v 0.8024 1.9234 0.8280
v 0.7953 1.9448 0.8100
v 0.7881 1.9663 0.7919
v 0.7810 1.9878 0.7739
v 0.7742 2.0092 0.7560
v 0.7678 2.0304 0.7382
v 0.7620 2.0514 0.7206
v 0.7568 2.0721 0.7031
v 0.7525 2.0926 0.6860
v 0.7490 2.1127 0.6691
v 0.7447 2.1639 0.6262
v 0.7486 2.2119 0.5858
v 0.7622 2.2564 0.5486
v 0.7873 2.2965 0.5149
v 0.8270 2.3312 0.4858
v 0.8854 2.3589 0.4625
v 0.9648 2.3788 0.4458
v 1.0626 2.3918 0.4349
v 1.1678 2.4020 0.4264
v 1.2620 2.4164 0.4143
v 1.3260 2.4420 0.3928
v 1.3502 2.4825 0.3588
v 1.3392 2.5361 0.3138
v 1.3086 2.5971 0.2627
v 1.2756 2.6589 0.2108
v 1.2518 2.7173 0.1618
v 1.2425 2.7704 0.1173
v 1.2485 2.8176 0.0776
v 1.2692 2.8594 0.0425
v 1.3035 2.8962 0.0117
v 1.3494 2.9285 -0.0155
v 1.4047 2.9574 -0.0397
v 1.4674 2.9835 -0.0616
v 1.5360 3.0074 -0.0816
v 1.6098 3.0294 -0.1001
v 1.6871 3.0501 -0.1174
v 1.7640 3.0708 -0.1349
v 1.8345 3.0940 -0.1543
v 1.8912 3.1224 -0.1781
v 1.9282 3.1581 -0.2080
v 0.6295 1.6615 1.1398
v 0.6389 1.6766 1.1272
v 0.6485 1.6915 1.1147
v 0.6584 1.7063 1.1022
v 0.6686 1.7211 1.0899
v 0.6791 1.7356 1.0777
v 0.6900 1.7501 1.0655
v 0.7011 1.7645 1.0535
v 0.7123 1.7788 1.0414
v 0.7233 1.7932 1.0293
v 0.7339 1.8078 1.0171
v 0.7438 1.8226 1.0046
v 0.7525 1.8379 0.9918
v 0.7598 1.8537 0.9786
v 0.7654 1.8702 0.9648
v 0.7690 1.8873 0.9504
v 0.7685 1.9060 0.9347
v 0.7661 1.9255 0.9184
v 0.7636 1.9449 0.9020
v 0.7611 1.9644 0.8857
v 0.7583 1.9840 0.8693
v 0.7549 2.0038 0.8527
v 0.7513 2.0236 0.8360
v 0.7477 2.0435 0.8193
v 0.7441 2.0634 0.8026
v 0.7407 2.0832 0.7860
v 0.7378 2.1028 0.7696
v 0.7353 2.1222 0.7533
v 0.7335 2.1415 0.7371
v 0.7323 2.1604 0.7212
v 0.7319 2.1791 0.7055
v 0.7349 2.2267 0.6656
v 0.7449 2.2718 0.6278
v 0.7637 2.3135 0.5928
v 0.7934 2.3511 0.5612
v 0.8373 2.3835 0.5340
v 0.8990 2.4092 0.5124
v 0.9805 2.4275 0.4971
v 1.0787 2.4396 0.4870
v 1.1818 2.4498 0.4784
v 1.2717 2.4650 0.4657
v 1.3306 2.4917 0.4432
v 1.3505 2.5331 0.4085
v 1.3368 2.5869 0.3633
v 1.3051 2.6475 0.3125
v 1.2719 2.7087 0.2612
v 1.2486 2.7661 0.2130
v 1.2403 2.8180 0.1694
v 1.2476 2.8640 0.1308
v 1.2699 2.9045 0.0969
v 1.3054 2.9400 0.0671
v 1.3521 2.9713 0.0408
v 1.4077 2.9993 0.0173
v 1.4701 3.0247 -0.0040
v 1.5383 3.0480 -0.0235
v 1.6113 3.0694 -0.0415
v 1.6875 3.0897 -0.0586
v 1.7631 3.1103 -0.0758
v 1.8321 3.1332 -0.0951
v 1.8875 3.1613 -0.1186
v 1.9238 3.1965 -0.1481
v 0.6394 1.7272 1.1769
v 0.6479 1.7423 1.1642
v 0.6563 1.7573 1.1516
v 0.6646 1.7724 1.1389
v 0.6730 1.7875 1.1262
v 0.6812 1.8027 1.1135
v 0.6893 1.8179 1.1008
v 0.6973 1.8331 1.0880
v 0.7049 1.8485 1.0751
v 0.7121 1.8640 1.0621
v 0.7188 1.8798 1.0489
v 0.7248 1.8957 1.0355
v 0.7300 1.9120 1.0218
v 0.7343 1.9286 1.0079
v 0.7376 1.9456 0.9936
v 0.7367 1.9642 0.9780
v 0.7337 1.9835 0.9618
v 0.7320 2.0024 0.9460
v 0.7322 2.0205 0.9307
v 0.7336 2.0382 0.9159
v 0.7351 2.0559 0.9011
v 0.7359 2.0738 0.8860
v 0.7360 2.0920 0.8708
v 0.7356 2.1104 0.8554
v 0.7350 2.1288 0.8399
v 0.7344 2.1473 0.8244
v 0.7341 2.1656 0.8090
v 0.7341 2.1838 0.7937
v 0.7346 2.2019 0.7786
v 0.7356 2.2197 0.7636
v 0.7373 2.2373 0.7488
v 0.7452 2.2823 0.7111
v 0.7597 2.3248 0.6754
v 0.7826 2.3642 0.6423
v 0.8161 2.3997 0.6126
v 0.8629 2.4302 0.5870
v 0.9251 2.4549 0.5663
v 1.0056 2.4727 0.5513
v 1.1025 2.4845 0.5414
v 1.2019 2.4953 0.5324
v 1.2861 2.5118 0.5185
v 1.3388 2.5401 0.4948
v 1.3535 2.5825 0.4592
v 1.3365 2.6368 0.4136
v 1.3031 2.6972 0.3629
v 1.2694 2.7578 0.3121
v 1.2463 2.8144 0.2646
v 1.2388 2.8652 0.2220
v 1.2474 2.9099 0.1845
v 1.2710 2.9490 0.1517
v 1.3077 2.9833 0.1229
v 1.3551 3.0135 0.0975
v 1.4107 3.0407 0.0747
v 1.4729 3.0654 0.0540
v 1.5405 3.0881 0.0350
v 1.6127 3.1091 0.0174
v 1.6878 3.1290 0.0006
v 1.7619 3.1492 -0.0164
v 1.8294 3.1720 -0.0354
v 1.8835 3.1997 -0.0587
v 1.9191 3.2344 -0.0878
v 0.6499 1.7931 1.2137
v 0.6577 1.8081 1.2011
v 0.6652 1.8232 1.1885
v 0.6726 1.8384 1.1758
v 0.6798 1.8536 1.1630
v 0.6867 1.8689 1.1501
v 0.6934 1.8843 1.1372
v 0.6997 1.8999 1.1241
v 0.7057 1.9156 1.1110
v 0.7112 1.9314 1.0977
v 0.7163 1.9474 1.0843
v 0.7210 1.9636 1.0707
v 0.7251 1.9799 1.0570
v 0.7287 1.9965 1.0431
v 0.7277 2.0148 1.0277
v 0.7233 2.0343 1.0113
v 0.7202 2.0534 0.9953
v 0.7205 2.0712 0.9804
v 0.7240 2.0878 0.9665
v 0.7291 2.1038 0.9530
v 0.7342 2.1198 0.9396
v 0.7382 2.1362 0.9258
v 0.7410 2.1530 0.9117
v 0.7429 2.1702 0.8973
v 0.7444 2.1876 0.8827
v 0.7457 2.2050 0.8681
v 0.7472 2.2224 0.8535
v 0.7489 2.2396 0.8390
v 0.7511 2.2567 0.8247
v 0.7537 2.2737 0.8105
v 0.7570 2.2904 0.7965
v 0.7691 2.3330 0.7607
v 0.7879 2.3730 0.7271
v 0.8160 2.4097 0.6964
v 0.8561 2.4418 0.6694
v 0.9109 2.4685 0.6470
v 0.9813 2.4893 0.6296
v 1.0653 2.5050 0.6163
v 1.1557 2.5184 0.6051
v 1.2411 2.5336 0.5924
v 1.3086 2.5555 0.5740
v 1.3486 2.5877 0.5470
v 1.3569 2.6317 0.5100
v 1.3362 2.6866 0.4640
v 1.3010 2.7469 0.4134
v 1.2669 2.8067 0.3632
v 1.2443 2.8623 0.3165
v 1.2377 2.9119 0.2749
v 1.2476 2.9553 0.2385
v 1.2726 2.9931 0.2068
v 1.3103 3.0261 0.1791
v 1.3582 3.0554 0.1545
v 1.4139 3.0817 0.1325
v 1.4758 3.1057 0.1123
v 1.5428 3.1278 0.0938
v 1.6141 3.1483 0.0766
v 1.6879 3.1678 0.0602
v 1.7606 3.1878 0.0434
v 1.8265 3.2103 0.0245
v 1.8793 3.2377 0.0016
v 1.9140 3.2719 -0.0271
v 0.6615 1.8591 1.2505
v 0.6689 1.8740 1.2380
v 0.6760 1.8889 1.2255
v 0.6829 1.9039 1.2129
v 0.6896 1.9190 1.2003
v 0.6961 1.9341 1.1875
v 0.7022 1.9494 1.1747
v 0.7081 1.9648 1.1618
v 0.7136 1.9803 1.1488
v 0.7188 1.9960 1.1356
v 0.7237 2.0117 1.1224
v 0.7282 2.0276 1.1091
v 0.7324 2.0437 1.0956
v 0.7319 2.0614 1.0807
v 0.7260 2.0812 1.0641
v 0.7200 2.1010 1.0475
v 0.7180 2.1194 1.0321
v 0.7212 2.1358 1.0183
v 0.7283 2.1507 1.0058
v 0.7372 2.1650 0.9938
v 0.7455 2.1794 0.9817
v 0.7524 2.1944 0.9691
v 0.7574 2.2102 0.9559
v 0.7611 2.2264 0.9423
v 0.7642 2.2428 0.9285
v 0.7671 2.2593 0.9147
v 0.7701 2.2758 0.9009
v 0.7733 2.2921 0.8872
v 0.7770 2.3083 0.8736
v 0.7812 2.3243 0.8601
v 0.7861 2.3401 0.8469
v 0.8027 2.3802 0.8133
v 0.8270 2.4174 0.7821
v 0.8619 2.4506 0.7542
v 0.9101 2.4789 0.7305
v 0.9734 2.5015 0.7115
v 1.0503 2.5190 0.6968
v 1.1352 2.5336 0.6845
v 1.2178 2.5490 0.6716
v 1.2863 2.5697 0.6542
v 1.3305 2.5994 0.6293
v 1.3466 2.6397 0.5955
v 1.3376 2.6893 0.5538
v 1.3123 2.7450 0.5071
v 1.2816 2.8028 0.4586
v 1.2538 2.8595 0.4111
v 1.2366 2.9121 0.3669
v 1.2343 2.9593 0.3273
v 1.2472 3.0007 0.2926
v 1.2743 3.0369 0.2622
v 1.3132 3.0686 0.2356
v 1.3616 3.0968 0.2119
v 1.4173 3.1223 0.1905
v 1.4787 3.1456 0.1710
v 1.5450 3.1671 0.1529
v 1.6154 3.1871 0.1362
v 1.6880 3.2063 0.1201
v 1.7591 3.2260 0.1036
v 1.8233 3.2482 0.0849
v 1.8748 3.2753 0.0622
v 1.9087 3.3089 0.0340
v 0.6742 1.9252 1.2872
v 0.6814 1.9398 1.2750
v 0.6884 1.9544 1.2627
v 0.6952 1.9691 1.2503
v 0.7018 1.9839 1.2379
v 0.7082 1.9988 1.2254
v 0.7143 2.0137 1.2129
v 0.7202 2.0288 1.2003
v 0.7258 2.0439 1.1876
v 0.7312 2.0592 1.1748
v 0.7363 2.0745 1.1619
v 0.7412 2.0899 1.1489
v 0.7418 2.1070 1.1347
v 0.7352 2.1267 1.1181
v 0.7263 2.1473 1.1008
v 0.7201 2.1668 1.0844
v 0.7203 2.1840 1.0700
v 0.7270 2.1987 1.0577
v 0.7383 2.2118 1.0467
v 0.7512 2.2242 1.0363
v 0.7631 2.2370 1.0255
v 0.7725 2.2507 1.0140
v 0.7795 2.2654 1.0017
v 0.7850 2.2806 0.9890
v 0.7898 2.2961 0.9760
v 0.7942 2.3116 0.9629
v 0.7988 2.3272 0.9499
v 0.8037 2.3426 0.9369
v 0.8091 2.3578 0.9241
v 0.8150 2.3729 0.9115
v 0.8217 2.3876 0.8992
v 0.8441 2.4246 0.8681
v 0.8755 2.4583 0.8398
v 0.9189 2.4875 0.8154
v 0.9762 2.5115 0.7952
v 1.0466 2.5306 0.7792
v 1.1255 2.5465 0.7659
v 1.2040 2.5626 0.7524
v 1.2711 2.5829 0.7353
v 1.3169 2.6112 0.7116
v 1.3367 2.6492 0.6797
v 1.3323 2.6962 0.6402
v 1.3107 2.7497 0.5954
v 1.2816 2.8059 0.5481
v 1.2539 2.8617 0.5014
v 1.2339 2.9146 0.4570
v 1.2252 2.9632 0.4162
v 1.2293 3.0071 0.3794
v 1.2465 3.0461 0.3467
v 1.2760 3.0804 0.3178
v 1.3163 3.1108 0.2924
v 1.3651 3.1379 0.2696
v 1.4207 3.1626 0.2489
v 1.4817 3.1852 0.2299
v 1.5473 3.2061 0.2124
v 1.6167 3.2255 0.1961
v 1.6879 3.2443 0.1803
v 1.7574 3.2637 0.1640
v 1.8200 3.2858 0.1455
v 1.8700 3.3125 0.1231
v 1.9031 3.3455 0.0954
v 0.6878 1.9914 1.3238
v 0.6950 2.0056 1.3118
v 0.7020 2.0199 1.2998
v 0.7089 2.0343 1.2878
v 0.7156 2.0487 1.2757
v 0.7221 2.0632 1.2636
v 0.7284 2.0777 1.2513
v 0.7345 2.0923 1.2391
v 0.7404 2.1070 1.2268
v 0.7462 2.1218 1.2144
v 0.7517 2.1366 1.2019
v 0.7537 2.1528 1.1884
v 0.7478 2.1719 1.1723
v 0.7369 2.1929 1.1547
v 0.7262 2.2138 1.1372
v 0.7211 2.2326 1.1214
v 0.7242 2.2483 1.1082
v 0.7352 2.2611 1.0974
v 0.7512 2.2721 1.0883
v 0.7685 2.2825 1.0795
v 0.7836 2.2938 1.0700
v 0.7954 2.3063 1.0595
v 0.8045 2.3198 1.0482
v 0.8120 2.3339 1.0364
v 0.8186 2.3484 1.0242
v 0.8248 2.3629 1.0120
v 0.8312 2.3775 0.9998
v 0.8379 2.3919 0.9878
v 0.8453 2.4060 0.9759
v 0.8534 2.4199 0.9642
v 0.8625 2.4334 0.9529
v 0.8923 2.4668 0.9249
v 0.9326 2.4962 0.9002
v 0.9855 2.5209 0.8794
v 1.0507 2.5411 0.8625
v 1.1242 2.5581 0.8482
v 1.1981 2.5750 0.8341
v 1.2624 2.5954 0.8169
v 1.3079 2.6230 0.7938
v 1.3294 2.6594 0.7632
v 1.3278 2.7045 0.7254
v 1.3089 2.7561 0.6821
v 1.2815 2.8108 0.6362
v 1.2536 2.8657 0.5901
v 1.2313 2.9186 0.5458
v 1.2181 2.9680 0.5043
v 1.2158 3.0133 0.4663
v 1.2252 3.0543 0.4319
v 1.2462 3.0910 0.4011
v 1.2781 3.1235 0.3738
v 1.3196 3.1525 0.3495
v 1.3689 3.1786 0.3276
v 1.4243 3.2024 0.3076
v 1.4847 3.2243 0.2892
v 1.5495 3.2446 0.2722
v 1.6178 3.2636 0.2563
v 1.6877 3.2820 0.2408
v 1.7555 3.3011 0.2248
v 1.8164 3.3229 0.2065
v 1.8650 3.3492 0.1844
v 1.8973 3.3817 0.1572
v 0.7023 2.0578 1.3602
v 0.7095 2.0716 1.3486
v 0.7166 2.0855 1.3369
v 0.7236 2.0995 1.3252
v 0.7304 2.1135 1.3135
v 0.7371 2.1275 1.3017
v 0.7437 2.1416 1.2898
v 0.7501 2.1558 1.2780
v 0.7564 2.1700 1.2660
v 0.7625 2.1843 1.2541
v 0.7662 2.1995 1.2413
v 0.7622 2.2175 1.2262
v 0.7510 2.2382 1.2088
v 0.7370 2.2601 1.1905
v 0.7258 2.2808 1.1731
v 0.7225 2.2986 1.1582
v 0.7294 2.3126 1.1464
v 0.7452 2.3232 1.1375
v 0.7663 2.3319 1.1302
v 0.7873 2.3406 1.1229
v 0.8049 2.3506 1.1145
v 0.8190 2.3619 1.1051
v 0.8305 2.3741 1.0948
v 0.8402 2.3871 1.0839
v 0.8488 2.4004 1.0727
v 0.8572 2.4138 1.0615
v 0.8658 2.4272 1.0502
v 0.8749 2.4403 1.0392
v 0.8849 2.4532 1.0285
v 0.8959 2.4656 1.0180
v 0.9082 2.4776 1.0080
v 0.9472 2.5066 0.9836
v 0.9974 2.5314 0.9628
v 1.0588 2.5520 0.9455
v 1.1279 2.5698 0.9306
v 1.1976 2.5873 0.9159
v 1.2587 2.6081 0.8985
v 1.3026 2.6352 0.8757
v 1.3243 2.6707 0.8459
v 1.3241 2.7143 0.8093
v 1.3070 2.7643 0.7674
v 1.2809 2.8176 0.7227
v 1.2533 2.8715 0.6774
v 1.2298 2.9239 0.6335
v 1.2137 2.9735 0.5919
v 1.2067 3.0196 0.5531
v 1.2096 3.0621 0.5175
v 1.2231 3.1007 0.4851
v 1.2470 3.1353 0.4561
v 1.2809 3.1662 0.4301
v 1.3233 3.1939 0.4069
v 1.3728 3.2190 0.3858
v 1.4280 3.2420 0.3666
v 1.4878 3.2632 0.3488
v 1.5518 3.2828 0.3323
v 1.6190 3.3013 0.3168
v 1.6874 3.3193 0.3017
v 1.7535 3.3382 0.2858
v 1.8126 3.3597 0.2678
v 1.8597 3.3857 0.2460
v 1.8912 3.4175 0.2193
v 0.7174 2.1243 1.3965
v 0.7247 2.1378 1.3852
v 0.7319 2.1513 1.3739
v 0.7390 2.1649 1.3625
v 0.7460 2.1784 1.3511
v 0.7529 2.1921 1.3397
v 0.7597 2.2057 1.3282
v 0.7665 2.2194 1.3168
v 0.7731 2.2331 1.3053
v 0.7783 2.2474 1.2933
v 0.7771 2.2640 1.2793
v 0.7677 2.2837 1.2628
v 0.7525 2.3056 1.2444
v 0.7365 2.3278 1.2258
v 0.7258 2.3480 1.2089
v 0.7252 2.3644 1.1951
v 0.7364 2.3764 1.1850
v 0.7574 2.3848 1.1780
v 0.7824 2.3916 1.1722
v 0.8054 2.3992 1.1659
v 0.8253 2.4080 1.1585
v 0.8420 2.4180 1.1501
v 0.8559 2.4289 1.1409
v 0.8680 2.4406 1.1311
v 0.8789 2.4527 1.1210
v 0.8896 2.4650 1.1107
v 0.9006 2.4770 1.1006
v 0.9124 2.4888 1.0907
v 0.9253 2.5002 1.0811
v 0.9396 2.5111 1.0720
v 0.9555 2.5213 1.0634
v 1.0055 2.5453 1.0433
v 1.0666 2.5651 1.0267
v 1.1338 2.5826 1.0120
v 1.1998 2.6006 0.9969
v 1.2576 2.6216 0.9793
v 1.2993 2.6486 0.9566
v 1.3202 2.6835 0.9274
v 1.3204 2.7260 0.8917
v 1.3044 2.7746 0.8509
v 1.2794 2.8266 0.8073
v 1.2523 2.8794 0.7630
v 1.2283 2.9309 0.7197
v 1.2105 2.9802 0.6784
v 1.2004 3.0266 0.6394
v 1.1986 3.0699 0.6031
v 1.2058 3.1098 0.5696
v 1.2225 3.1462 0.5390
v 1.2488 3.1790 0.5115
v 1.2842 3.2084 0.4868
v 1.3274 3.2349 0.4646
v 1.3770 3.2590 0.4444
v 1.4318 3.2812 0.4258
v 1.4910 3.3017 0.4086
v 1.5541 3.3207 0.3926
v 1.6201 3.3387 0.3776
v 1.6870 3.3563 0.3627
v 1.7513 3.3749 0.3471
v 1.8086 3.3962 0.3293
v 1.8543 3.4217 0.3079
v 1.8849 3.4529 0.2817
v 0.7330 2.1912 1.4326
v 0.7403 2.2043 1.4216
v 0.7476 2.2174 1.4106
v 0.7548 2.2305 1.3996
v 0.7620 2.2437 1.3885
v 0.7691 2.2568 1.3775
v 0.7761 2.2700 1.3664
v 0.7831 2.2833 1.3553
v 0.7897 2.2966 1.3441
v 0.7917 2.3117 1.3314
v 0.7858 2.3298 1.3163
v 0.7719 2.3508 1.2987
v 0.7537 2.3734 1.2797
v 0.7368 2.3956 1.2611
v 0.7275 2.4149 1.2449
v 0.7303 2.4296 1.2325
v 0.7464 2.4394 1.2243
v 0.7713 2.4460 1.2188
v 0.7971 2.4522 1.2136
v 0.8217 2.4588 1.2080
v 0.8437 2.4664 1.2016
v 0.8628 2.4751 1.1943
v 0.8792 2.4848 1.1862
v 0.8936 2.4953 1.1774
v 0.9068 2.5062 1.1683
v 0.9196 2.5172 1.1590
v 0.9327 2.5281 1.1498
v 0.9467 2.5388 1.1409
v 0.9620 2.5489 1.1324
v 0.9787 2.5585 1.1244
v 0.9970 2.5674 1.1169
v 1.0535 2.5880 1.0996
v 1.1197 2.6049 1.0854
v 1.1891 2.6207 1.0722
v 1.2512 2.6391 1.0567
v 1.2956 2.6642 1.0357
v 1.3160 2.6983 1.0071
v 1.3159 2.7400 0.9721
v 1.3004 2.7874 0.9323
v 1.2762 2.8381 0.8898
v 1.2498 2.8896 0.8465
v 1.2259 2.9402 0.8041
v 1.2075 2.9888 0.7633
v 1.1955 3.0349 0.7246
v 1.1905 3.0784 0.6881
v 1.1929 3.1192 0.6539
v 1.2036 3.1569 0.6223
v 1.2230 3.1913 0.5934
v 1.2513 3.2223 0.5673
v 1.2880 3.2503 0.5439
v 1.3317 3.2756 0.5226
v 1.3813 3.2987 0.5032
v 1.4357 3.3201 0.4853
v 1.4943 3.3399 0.4687
v 1.5564 3.3583 0.4532
v 1.6211 3.3758 0.4386
v 1.6864 3.3931 0.4241
v 1.7489 3.4114 0.4087
v 1.8044 3.4323 0.3912
v 1.8486 3.4574 0.3701
v 1.8783 3.4880 0.3444
v 0.7488 2.2583 1.4684
v 0.7562 2.2711 1.4577
v 0.7635 2.2838 1.4470
v 0.7708 2.2965 1.4364
v 0.7781 2.3092 1.4257
v 0.7853 2.3220 1.4150
v 0.7925 2.3348 1.4042
v 0.8001 2.3474 1.3937
v 0.8056 2.3608 1.3824
v 0.8040 2.3768 1.3689
v 0.7936 2.3962 1.3527
v 0.7761 2.4182 1.3343
v 0.7559 2.4412 1.3150
v 0.7393 2.4628 1.2968
v 0.7326 2.4808 1.2817
v 0.7398 2.4936 1.2710
v 0.7595 2.5017 1.2642
v 0.7837 2.5081 1.2588
v 0.8097 2.5138 1.2540
v 0.8353 2.5197 1.2490
v 0.8590 2.5263 1.2435
v 0.8801 2.5339 1.2372
v 0.8985 2.5424 1.2300
v 0.9148 2.5518 1.2221
v 0.9297 2.5617 1.2138
v 0.9440 2.5718 1.2053
v 0.9583 2.5820 1.1968
v 0.9732 2.5918 1.1885
v 0.9890 2.6014 1.1805
v 1.0061 2.6104 1.1729
v 1.0246 2.6190 1.1657
v 1.0793 2.6392 1.1488
v 1.1404 2.6571 1.1338
v 1.2011 2.6751 1.1187
v 1.2525 2.6966 1.1007
v 1.2864 2.7246 1.0772
v 1.2989 2.7606 1.0470
v 1.2915 2.8040 1.0105
v 1.2708 2.8524 0.9699
v 1.2452 2.9026 0.9277
v 1.2220 2.9520 0.8863
v 1.2036 2.9995 0.8464
v 1.1908 3.0450 0.8083
v 1.1839 3.0882 0.7720
v 1.1831 3.1292 0.7376
v 1.1890 3.1677 0.7053
v 1.2026 3.2033 0.6755
v 1.2244 3.2358 0.6482
v 1.2545 3.2652 0.6235
v 1.2922 3.2918 0.6012
v 1.3364 3.3160 0.5809
v 1.3859 3.3382 0.5623
v 1.4398 3.3587 0.5451
v 1.4976 3.3778 0.5291
v 1.5588 3.3956 0.5141
v 1.6222 3.4126 0.4998
v 1.6858 3.4295 0.4857
v 1.7464 3.4475 0.4705
v 1.8000 3.4681 0.4532
v 1.8427 3.4929 0.4325
v 1.8716 3.5228 0.4074
v 0.7648 2.3259 1.5038
v 0.7721 2.3382 1.4935
v 0.7795 2.3506 1.4831
v 0.7868 2.3629 1.4728
v 0.7941 2.3753 1.4624
v 0.8014 2.3876 1.4521
v 0.8097 2.3996 1.4420
v 0.8186 2.4113 1.4322
v 0.8219 2.4252 1.4205
v 0.8164 2.4423 1.4062
v 0.8020 2.4627 1.3890
v 0.7818 2.4854 1.3700
v 0.7609 2.5082 1.3508
v 0.7459 2.5289 1.3335
v 0.7428 2.5451 1.3199
v 0.7537 2.5562 1.3106
v 0.7716 2.5645 1.3036
v 0.7943 2.5711 1.2981
v 0.8197 2.5767 1.2934
v 0.8456 2.5821 1.2888
v 0.8703 2.5880 1.2839
v 0.8928 2.5946 1.2783
v 0.9127 2.6022 1.2719
v 0.9303 2.6108 1.2648
v 0.9461 2.6199 1.2571
v 0.9608 2.6295 1.2491
v 0.9750 2.6393 1.2409
v 0.9892 2.6491 1.2327
v 1.0039 2.6586 1.2246
v 1.0193 2.6680 1.2168
v 1.0354 2.6770 1.2092
v 1.0813 2.6995 1.1903
v 1.1299 2.7210 1.1723
v 1.1760 2.7435 1.1534
v 1.2135 2.7691 1.1319
v 1.2376 2.7998 1.1062
v 1.2466 2.8361 1.0757
v 1.2425 2.8773 1.0411
v 1.2296 2.9218 1.0038
v 1.2133 2.9676 0.9654
v 1.1977 3.0130 0.9273
v 1.1855 3.0573 0.8901
v 1.1777 3.0999 0.8544
v 1.1749 3.1406 0.8202
v 1.1774 3.1793 0.7878
v 1.1864 3.2156 0.7573
v 1.2025 3.2493 0.7290
v 1.2265 3.2799 0.7033
v 1.2582 3.3078 0.6799
v 1.2969 3.3330 0.6588
v 1.3414 3.3561 0.6394
v 1.3907 3.3773 0.6216
v 1.4441 3.3970 0.6051
v 1.5011 3.4154 0.5896
v 1.5611 3.4326 0.5752
v 1.6231 3.4491 0.5613
v 1.6850 3.4657 0.5475
v 1.7437 3.4834 0.5326
v 1.7955 3.5037 0.5155
v 1.8367 3.5280 0.4951
v 1.8646 3.5572 0.4706
v 0.7807 2.3939 1.5389
v 0.7880 2.4058 1.5289
v 0.7953 2.4178 1.5189
v 0.8026 2.4298 1.5088
v 0.8099 2.4417 1.4988
v 0.8186 2.4532 1.4892
v 0.8307 2.4633 1.4807
v 0.8392 2.4748 1.4710
v 0.8393 2.4895 1.4587
v 0.8298 2.5077 1.4434
v 0.8122 2.5290 1.4256
v 0.7903 2.5519 1.4064
v 0.7700 2.5741 1.3877
v 0.7580 2.5933 1.3716
v 0.7586 2.6077 1.3595
v 0.7673 2.6192 1.3499
v 0.7826 2.6281 1.3424
v 0.8033 2.6351 1.3365
v 0.8273 2.6408 1.3317
v 0.8527 2.6460 1.3274
v 0.8777 2.6513 1.3229
v 0.9010 2.6573 1.3179
v 0.9218 2.6642 1.3121
v 0.9401 2.6721 1.3055
v 0.9562 2.6807 1.2982
v 0.9706 2.6900 1.2904
v 0.9840 2.6997 1.2823
v 0.9968 2.7097 1.2740
v 1.0094 2.7196 1.2656
v 1.0221 2.7296 1.2573
v 1.0350 2.7394 1.2490
v 1.0698 2.7650 1.2275
v 1.1050 2.7905 1.2061
v 1.1374 2.8171 1.1838
v 1.1637 2.8459 1.1596
v 1.1817 2.8778 1.1329
v 1.1908 2.9131 1.1033
v 1.1923 2.9512 1.0713
v 1.1886 2.9912 1.0377
v 1.1822 3.0322 1.0033
v 1.1756 3.0733 0.9688
v 1.1701 3.1140 0.9347
v 1.1672 3.1538 0.9013
v 1.1678 3.1922 0.8691
v 1.1733 3.2288 0.8384
v 1.1848 3.2631 0.8096
v 1.2034 3.2948 0.7830
v 1.2295 3.3237 0.7587
v 1.2626 3.3500 0.7367
v 1.3020 3.3739 0.7166
v 1.3466 3.3958 0.6982
v 1.3957 3.4162 0.6811
v 1.4485 3.4351 0.6653
v 1.5046 3.4527 0.6504
v 1.5636 3.4694 0.6365
v 1.6241 3.4854 0.6230
v 1.6842 3.5016 0.6094
v 1.7409 3.5190 0.5948
v 1.7908 3.5391 0.5780
v 1.8304 3.5629 0.5580
v 1.8575 3.5914 0.5341
v 0.7966 2.4623 1.5737
v 0.8038 2.4739 1.5639
v 0.8110 2.4855 1.5542
v 0.8182 2.4971 1.5445
v 0.8270 2.5081 1.5353
v 0.8420 2.5168 1.5280
v 0.8558 2.5259 1.5203
v 0.8622 2.5378 1.5103
v 0.8585 2.5535 1.4972
v 0.8452 2.5727 1.4810
v 0.8249 2.5946 1.4627
v 0.8025 2.6172 1.4437
v 0.7844 2.6383 1.4260
v 0.7760 2.6558 1.4113
v 0.7748 2.6705 1.3990
v 0.7806 2.6826 1.3888
v 0.7930 2.6923 1.3807
v 0.8110 2.6998 1.3744
v 0.8332 2.7058 1.3693
v 0.8575 2.7110 1.3650
v 0.8821 2.7161 1.3607
v 0.9056 2.7216 1.3561
v 0.9270 2.7279 1.3508
v 0.9458 2.7352 1.3447
v 0.9622 2.7433 1.3378
v 0.9765 2.7523 1.3303
v 0.9891 2.7619 1.3223
v 1.0006 2.7719 1.3139
v 1.0114 2.7821 1.3053
v 1.0218 2.7925 1.2966
v 1.0321 2.8030 1.2878
v 1.0581 2.8309 1.2644
v 1.0835 2.8589 1.2408
v 1.1068 2.8878 1.2166
v 1.1265 2.9181 1.1912
v 1.1416 2.9501 1.1644
v 1.1518 2.9838 1.1361
v 1.1577 3.0193 1.1063
v 1.1600 3.0560 1.0755
v 1.1600 3.0936 1.0440
v 1.1589 3.1316 1.0121
v 1.1579 3.1696 0.9802
v 1.1584 3.2070 0.9488
v 1.1620 3.2432 0.9184
v 1.1702 3.2778 0.8894
v 1.1844 3.3101 0.8623
v 1.2053 3.3399 0.8373
v 1.2332 3.3671 0.8145
v 1.2675 3.3918 0.7937
v 1.3075 3.4145 0.7747
v 1.3522 3.4354 0.7572
v 1.4009 3.4548 0.7409
v 1.4531 3.4729 0.7257
v 1.5083 3.4899 0.7114
v 1.5660 3.5059 0.6980
v 1.6250 3.5215 0.6849
v 1.6832 3.5373 0.6716
v 1.7380 3.5545 0.6572
v 1.7859 3.5742 0.6407
v 1.8241 3.5975 0.6211
v 1.8502 3.6253 0.5978
v 0.8124 2.5311 1.6081
v 0.8195 2.5424 1.5986
v 0.8265 2.5536 1.5892
v 0.8352 2.5642 1.5803
v 0.8526 2.5716 1.5741
v 0.8715 2.5785 1.5684
v 0.8846 2.5875 1.5608
v 0.8876 2.6002 1.5501
v 0.8798 2.6170 1.5360
v 0.8629 2.6372 1.5190
v 0.8409 2.6593 1.5005
v 0.8194 2.6813 1.4821
v 0.8042 2.7008 1.4657
v 0.7947 2.7182 1.4511
v 0.7912 2.7335 1.4383
v 0.7941 2.7463 1.4275
v 0.8034 2.7567 1.4188
v 0.8185 2.7649 1.4119
v 0.8383 2.7714 1.4064
v 0.8609 2.7768 1.4019
v 0.8847 2.7818 1.3977
v 0.9081 2.7870 1.3934
v 0.9299 2.7927 1.3886
v 0.9494 2.7993 1.3830
v 0.9664 2.8069 1.3767
v 0.9809 2.8153 1.3696
v 0.9935 2.8245 1.3619
v 1.0046 2.8343 1.3537
v 1.0145 2.8444 1.3452
v 1.0237 2.8549 1.3364
v 1.0324 2.8655 1.3275
v 1.0532 2.8943 1.3033
v 1.0732 2.9234 1.2789
v 1.0916 2.9530 1.2541
v 1.1079 2.9835 1.2285
v 1.1214 3.0150 1.2021
v 1.1319 3.0476 1.1747
v 1.1393 3.0814 1.1463
v 1.1440 3.1162 1.1171
v 1.1464 3.1518 1.0873
v 1.1477 3.1879 1.0570
v 1.1489 3.2240 1.0267
v 1.1517 3.2595 0.9969
v 1.1577 3.2938 0.9681
v 1.1684 3.3263 0.9408
v 1.1851 3.3566 0.9154
v 1.2082 3.3845 0.8920
v 1.2377 3.4100 0.8706
v 1.2731 3.4334 0.8510
v 1.3135 3.4548 0.8330
v 1.3582 3.4747 0.8163
v 1.4064 3.4932 0.8008
v 1.4578 3.5105 0.7863
v 1.5121 3.5268 0.7726
v 1.5685 3.5423 0.7596
v 1.6258 3.5574 0.7469
v 1.6822 3.5729 0.7339
v 1.7349 3.5897 0.7198
v 1.7809 3.6091 0.7036
v 1.8175 3.6319 0.6844
v 1.8428 3.6590 0.6616
v 0.8282 2.6003 1.6421
v 0.8351 2.6112 1.6330
v 0.8435 2.6216 1.6243
v 0.8625 2.6279 1.6190
v 0.8862 2.6326 1.6151
v 0.9060 2.6386 1.6100
v 0.9165 2.6482 1.6020
v 0.9152 2.6622 1.5903
v 0.9030 2.6802 1.5751
v 0.8830 2.7011 1.5576
v 0.8603 2.7231 1.5391
v 0.8405 2.7440 1.5216
v 0.8250 2.7633 1.5054
v 0.8140 2.7809 1.4907
v 0.8082 2.7965 1.4775
v 0.8083 2.8100 1.4662
v 0.8145 2.8211 1.4569
v 0.8265 2.8301 1.4494
v 0.8435 2.8372 1.4434
v 0.8641 2.8430 1.4385
v 0.8867 2.8481 1.4343
v 0.9096 2.8530 1.4302
v 0.9317 2.8582 1.4258
v 0.9519 2.8641 1.4208
v 0.9697 2.8709 1.4151
v 0.9852 2.8786 1.4086
v 0.9984 2.8872 1.4015
v 1.0098 2.8964 1.3937
v 1.0198 2.9061 1.3855
v 1.0287 2.9163 1.3770
v 1.0370 2.9267 1.3683
v 1.0549 2.9554 1.3442
v 1.0721 2.9845 1.3198
v 1.0880 3.0140 1.2950
v 1.1021 3.0442 1.2697
v 1.1141 3.0752 1.2437
v 1.1235 3.1071 1.2169
v 1.1304 3.1400 1.1893
v 1.1350 3.1738 1.1609
v 1.1377 3.2083 1.1320
v 1.1397 3.2430 1.1029
v 1.1421 3.2776 1.0739
v 1.1466 3.3113 1.0455
v 1.1548 3.3438 1.0183
v 1.1680 3.3743 0.9927
v 1.1869 3.4027 0.9689
v 1.2120 3.4288 0.9470
v 1.2430 3.4527 0.9269
v 1.2793 3.4746 0.9085
v 1.3200 3.4949 0.8915
v 1.3644 3.5137 0.8757
v 1.4122 3.5313 0.8609
v 1.4628 3.5479 0.8470
v 1.5160 3.5635 0.8339
v 1.5710 3.5784 0.8214
v 1.6267 3.5931 0.8091
v 1.6811 3.6082 0.7964
v 1.7317 3.6248 0.7825
v 1.7758 3.6438 0.7666
v 1.8109 3.6661 0.7478
v 1.8352 3.6925 0.7257
v 0.8440 2.6699 1.6759
v 0.8519 2.6800 1.6674
v 0.8718 2.6857 1.6627
v 0.8993 2.6884 1.6604
v 0.9258 2.6916 1.6577
v 0.9442 2.6978 1.6525
v 0.9506 2.7085 1.6436
v 0.9443 2.7239 1.6306
v 0.9277 2.7432 1.6144
v 0.9051 2.7646 1.5964
v 0.8824 2.7862 1.5783
v 0.8627 2.8066 1.5612
v 0.8463 2.8258 1.5451
v 0.8338 2.8435 1.5302
v 0.8260 2.8595 1.5168
v 0.8235 2.8735 1.5050
v 0.8267 2.8854 1.4951
v 0.8356 2.8952 1.4869
v 0.8496 2.9030 1.4803
v 0.8677 2.9093 1.4750
v 0.8886 2.9146 1.4706
v 0.9107 2.9194 1.4666
v 0.9327 2.9242 1.4625
v 0.9535 2.9295 1.4581
v 0.9723 2.9355 1.4530
v 0.9889 2.9424 1.4473
v 1.0033 2.9501 1.4408
v 1.0156 2.9585 1.4337
v 1.0262 2.9676 1.4261
v 1.0355 2.9772 1.4180
v 1.0439 2.9872 1.4097
v 1.0602 3.0155 1.3859
v 1.0755 3.0441 1.3619
v 1.0894 3.0733 1.3374
v 1.1016 3.1031 1.3124
v 1.1117 3.1337 1.2867
v 1.1195 3.1652 1.2603
v 1.1249 3.1976 1.2332
v 1.1285 3.2306 1.2054
v 1.1308 3.2641 1.1773
v 1.1331 3.2977 1.1492
v 1.1366 3.3307 1.1214
v 1.1429 3.3627 1.0946
v 1.1533 3.3932 1.0690
v 1.1689 3.4218 1.0450
v 1.1901 3.4483 1.0228
v 1.2170 3.4726 1.0024
v 1.2493 3.4949 0.9836
v 1.2861 3.5155 0.9663
v 1.3269 3.5347 0.9503
v 1.3711 3.5525 0.9353
v 1.4182 3.5693 0.9212
v 1.4680 3.5851 0.9080
v 1.5200 3.6001 0.8954
v 1.5736 3.6144 0.8834
v 1.6275 3.6287 0.8714
v 1.6799 3.6435 0.8590
v 1.7284 3.6597 0.8454
v 1.7705 3.6783 0.8297
v 1.8041 3.7002 0.8114
v 1.8275 3.7258 0.7899
v 0.8608 2.7395 1.7097
v 0.8806 2.7447 1.7053
v 0.9109 2.7460 1.7042
v 0.9432 2.7466 1.7037
v 0.9696 2.7494 1.7013
v 0.9845 2.7565 1.6954
v 0.9855 2.7688 1.6851
v 0.9737 2.7858 1.6708
v 0.9527 2.8063 1.6536
v 0.9282 2.8281 1.6353
v 0.9054 2.8493 1.6175
v 0.8853 2.8694 1.6006
v 0.8681 2.8885 1.5846
v 0.8545 2.9062 1.5698
v 0.8449 2.9225 1.5561
v 0.8400 2.9369 1.5440
v 0.8403 2.9495 1.5335
v 0.8460 2.9600 1.5247
v 0.8569 2.9686 1.5175
v 0.8722 2.9755 1.5116
v 0.8909 2.9811 1.5069
v 0.9116 2.9860 1.5028
v 0.9331 2.9907 1.4989
v 0.9542 2.9954 1.4949
v 0.9738 3.0007 1.4905
v 0.9916 3.0067 1.4854
v 1.0072 3.0136 1.4797
v 1.0208 3.0211 1.4733
v 1.0324 3.0294 1.4664
v 1.0425 3.0383 1.4589
v 1.0514 3.0476 1.4511
v 1.0662 3.0754 1.4278
v 1.0797 3.1036 1.4041
v 1.0918 3.1324 1.3800
v 1.1019 3.1619 1.3552
v 1.1099 3.1922 1.3298
v 1.1158 3.2233 1.3037
v 1.1197 3.2551 1.2770
v 1.1223 3.2874 1.2499
v 1.1244 3.3199 1.2227
v 1.1273 3.3521 1.1957
v 1.1323 3.3835 1.1693
v 1.1406 3.4137 1.1440
v 1.1534 3.4422 1.1200
v 1.1713 3.4688 1.0977
v 1.1946 3.4933 1.0771
v 1.2231 3.5160 1.0581
v 1.2563 3.5368 1.0406
v 1.2936 3.5562 1.0244
v 1.3344 3.5742 1.0092
v 1.3781 3.5912 0.9950
v 1.4245 3.6071 0.9816
v 1.4733 3.6222 0.9690
v 1.5241 3.6365 0.9570
v 1.5762 3.6503 0.9454
v 1.6282 3.6641 0.9338
v 1.6786 3.6786 0.9217
v 1.7250 3.6945 0.9083
v 1.7652 3.7128 0.8930
v 1.7972 3.7341 0.8751
v 1.8197 3.7590 0.8542
v 0.8893 2.8050 1.7468
v 0.9209 2.8054 1.7465
v 0.9578 2.8039 1.7478
v 0.9915 2.8035 1.7481
v 1.0152 2.8068 1.7453
v 1.0247 2.8155 1.7380
v 1.0193 2.8297 1.7261
v 1.0015 2.8486 1.7102
v 0.9765 2.8702 1.6921
v 0.9515 2.8918 1.6740
v 0.9287 2.9125 1.6566
v 0.9083 2.9323 1.6400
v 0.8906 2.9512 1.6242
v 0.8760 2.9689 1.6093
v 0.8648 2.9853 1.5956
v 0.8578 3.0001 1.5831
v 0.8555 3.0132 1.5721
v 0.8581 3.0244 1.5627
v 0.8658 3.0338 1.5549
v 0.8780 3.0414 1.5484
v 0.8941 3.0477 1.5432
v 0.9129 3.0529 1.5389
v 0.9333 3.0575 1.5350
v 0.9540 3.0619 1.5312
v 0.9741 3.0666 1.5273
v 0.9929 3.0719 1.5229
v 1.0097 3.0778 1.5179
v 1.0246 3.0845 1.5123
v 1.0375 3.0919 1.5061
v 1.0486 3.0999 1.4994
v 1.0584 3.1085 1.4922
v 1.0715 3.1358 1.4693
v 1.0832 3.1636 1.4460
v 1.0931 3.1920 1.4221
v 1.1011 3.2212 1.3976
v 1.1071 3.2511 1.3725
v 1.1112 3.2818 1.3468
v 1.1139 3.3129 1.3206
v 1.1160 3.3443 1.2943
v 1.1185 3.3756 1.2681
v 1.1225 3.4062 1.2424
v 1.1293 3.4359 1.2175
v 1.1399 3.4641 1.1938
v 1.1551 3.4905 1.1716
v 1.1752 3.5152 1.1509
v 1.2004 3.5379 1.1318
v 1.2303 3.5589 1.1142
v 1.2642 3.5784 1.0979
v 1.3017 3.5966 1.0826
v 1.3423 3.6136 1.0683
v 1.3855 3.6296 1.0549
v 1.4311 3.6447 1.0422
v 1.4789 3.6591 1.0302
v 1.5284 3.6727 1.0187
v 1.5788 3.6860 1.0076
v 1.6290 3.6995 0.9963
v 1.6772 3.7136 0.9844
v 1.7214 3.7293 0.9713
v 1.7597 3.7471 0.9563
v 1.7903 3.7679 0.9389
v 1.8119 3.7920 0.9187
v 0.9298 2.8664 1.7875
v 0.9695 2.8633 1.7901
v 1.0093 2.8603 1.7926
v 1.0414 2.8601 1.7928
v 1.0601 2.8649 1.7887
v 1.0627 2.8757 1.7796
v 1.0499 2.8923 1.7658
v 1.0259 2.9130 1.7483
v 0.9999 2.9346 1.7303
v 0.9752 2.9556 1.7127
v 0.9525 2.9758 1.6956
v 0.9320 2.9953 1.6793
v 0.9138 3.0139 1.6637
v 0.8983 3.0315 1.6489
v 0.8859 3.0479 1.6352
v 0.8770 3.0630 1.6225
v 0.8723 3.0766 1.6111
v 0.8720 3.0885 1.6011
v 0.8765 3.0986 1.5926
v 0.8855 3.1070 1.5855
v 0.8986 3.1140 1.5797
v 0.9150 3.1196 1.5750
v 0.9336 3.1245 1.5709
v 0.9534 3.1288 1.5673
v 0.9734 3.1332 1.5636
v 0.9927 3.1378 1.5598
v 1.0106 3.1429 1.5555
v 1.0267 3.1487 1.5506
v 1.0410 3.1551 1.5452
v 1.0534 3.1623 1.5392
v 1.0642 3.1700 1.5327
v 1.0754 3.1969 1.5102
v 1.0850 3.2243 1.4871
v 1.0928 3.2525 1.4635
v 1.0987 3.2813 1.4393
v 1.1029 3.3108 1.4146
v 1.1056 3.3408 1.3894
v 1.1077 3.3711 1.3640
v 1.1099 3.4013 1.3386
v 1.1133 3.4311 1.3137
v 1.1190 3.4600 1.2894
v 1.1279 3.4877 1.2662
v 1.1409 3.5138 1.2442
v 1.1585 3.5383 1.2237
v 1.1808 3.5610 1.2046
v 1.2076 3.5821 1.1870
v 1.2385 3.6016 1.1706
v 1.2729 3.6197 1.1553
v 1.3105 3.6368 1.1411
v 1.3506 3.6528 1.1276
v 1.3932 3.6679 1.1149
v 1.4380 3.6822 1.1029
v 1.4846 3.6958 1.0915
v 1.5327 3.7089 1.0805
v 1.5815 3.7217 1.0697
v 1.6297 3.7348 1.0588
v 1.6757 3.7486 1.0472
v 1.7178 3.7639 1.0344
v 1.7542 3.7814 1.0197
v 1.7832 3.8016 1.0028
v 1.8039 3.8249 0.9832
v 0.9790 2.9248 1.8306
v 1.0231 2.9197 1.8349
v 1.0624 2.9164 1.8377
v 1.0900 2.9174 1.8368
v 1.1015 2.9245 1.8308
v 1.0956 2.9381 1.8195
v 1.0747 2.9573 1.8034
v 1.0490 2.9782 1.7858
v 1.0236 2.9991 1.7683
v 0.9994 3.0195 1.7512
v 0.9768 3.0393 1.7345
v 0.9562 3.0584 1.7185
v 0.9377 3.0766 1.7032
v 0.9215 3.0940 1.6886
v 0.9081 3.1104 1.6748
v 0.8976 3.1257 1.6620
v 0.8908 3.1396 1.6504
v 0.8879 3.1521 1.6399
v 0.8893 3.1629 1.6308
v 0.8950 3.1721 1.6231
v 0.9049 3.1798 1.6166
v 0.9183 3.1861 1.6113
v 0.9347 3.1914 1.6069
v 0.9529 3.1959 1.6031
v 0.9721 3.2001 1.5996
v 0.9913 3.2043 1.5961
v 1.0098 3.2088 1.5923
v 1.0270 3.2137 1.5882
v 1.0426 3.2193 1.5835
v 1.0564 3.2255 1.5783
v 1.0685 3.2323 1.5726
v 1.0776 3.2588 1.5503
v 1.0850 3.2860 1.5276
v 1.0907 3.3137 1.5042
v 1.0947 3.3421 1.4804
v 1.0975 3.3710 1.4562
v 1.0995 3.4002 1.4317
v 1.1015 3.4293 1.4073
v 1.1045 3.4581 1.3831
v 1.1094 3.4862 1.3596
v 1.1171 3.5132 1.3369
v 1.1285 3.5389 1.3154
v 1.1440 3.5630 1.2951
v 1.1638 3.5855 1.2762
v 1.1880 3.6064 1.2587
v 1.2161 3.6258 1.2424
v 1.2477 3.6438 1.2273
v 1.2824 3.6608 1.2130
v 1.3198 3.6767 1.1997
v 1.3595 3.6918 1.1870
v 1.4014 3.7061 1.1751
v 1.4452 3.7196 1.1637
v 1.4906 3.7325 1.1528
v 1.5372 3.7450 1.1424
v 1.5841 3.7574 1.1320
v 1.6303 3.7701 1.1214
v 1.6742 3.7836 1.1100
v 1.7141 3.7985 1.0975
v 1.7486 3.8156 1.0832
v 1.7762 3.8352 1.0667
v 1.7959 3.8577 1.0478
v 1.0332 2.9817 1.8750
v 1.0781 2.9759 1.8799
v 1.1137 2.9735 1.8819
v 1.1341 2.9768 1.8791
v 1.1363 2.9869 1.8706
v 1.1205 3.0037 1.8565
v 1.0969 3.0235 1.8399
v 1.0722 3.0436 1.8230
v 1.0476 3.0638 1.8061
v 1.0239 3.0836 1.7895
v 1.0016 3.1028 1.7734
v 0.9810 3.1215 1.7577
v 0.9623 3.1394 1.7427
v 0.9456 3.1565 1.7283
v 0.9313 3.1728 1.7147
v 0.9196 3.1881 1.7018
v 0.9109 3.2023 1.6899
v 0.9056 3.2152 1.6791
v 0.9042 3.2266 1.6695
v 0.9067 3.2366 1.6611
v 0.9133 3.2451 1.6540
v 0.9236 3.2522 1.6480
v 0.9371 3.2581 1.6431
v 0.9531 3.2630 1.6390
v 0.9708 3.2673 1.6353
v 0.9893 3.2713 1.6320
v 1.0078 3.2754 1.6286
v 1.0256 3.2797 1.6250
v 1.0422 3.2844 1.6210
v 1.0573 3.2897 1.6166
v 1.0708 3.2956 1.6117
v 1.0777 3.3217 1.5897
v 1.0830 3.3485 1.5672
v 1.0868 3.3758 1.5443
v 1.0895 3.4036 1.5210
v 1.0914 3.4317 1.4974
v 1.0933 3.4597 1.4739
v 1.0960 3.4874 1.4506
v 1.1004 3.5146 1.4279
v 1.1073 3.5408 1.4059
v 1.1175 3.5657 1.3849
v 1.1313 3.5893 1.3652
v 1.1492 3.6114 1.3466
v 1.1710 3.6320 1.3293
v 1.1967 3.6512 1.3133
v 1.2258 3.6691 1.2982
v 1.2579 3.6858 1.2842
v 1.2927 3.7016 1.2709
v 1.3297 3.7165 1.2584
v 1.3689 3.7307 1.2466
v 1.4099 3.7441 1.2353
v 1.4526 3.7569 1.2245
v 1.4967 3.7692 1.2142
v 1.5418 3.7811 1.2042
v 1.5868 3.7930 1.1942
v 1.6309 3.8053 1.1839
v 1.6726 3.8185 1.1728
v 1.7104 3.8332 1.1606
v 1.7429 3.8498 1.1466
v 1.7690 3.8688 1.1307
v 1.7879 3.8905 1.1125
v 1.0891 3.0382 1.9197
v 1.1311 3.0331 1.9241
v 1.1599 3.0328 1.9243
v 1.1705 3.0393 1.9188
v 1.1614 3.0532 1.9071
v 1.1415 3.0711 1.8921
v 1.1192 3.0900 1.8763
v 1.0956 3.1093 1.8601
v 1.0719 3.1286 1.8439
v 1.0488 3.1477 1.8278
v 1.0268 3.1664 1.8121
v 1.0063 3.1846 1.7969
v 0.9875 3.2021 1.7822
v 0.9705 3.2190 1.7681
v 0.9555 3.2351 1.7546
v 0.9428 3.2503 1.7418
v 0.9326 3.2646 1.7298
v 0.9253 3.2778 1.7187
v 0.9213 3.2898 1.7086
v 0.9209 3.3004 1.6997
v 0.9242 3.3097 1.6919
v 0.9312 3.3176 1.6853
v 0.9415 3.3242 1.6798
v 0.9548 3.3298 1.6751
v 0.9703 3.3345 1.6712
v 0.9873 3.3386 1.6677
v 1.0050 3.3425 1.6644
v 1.0228 3.3463 1.6612
v 1.0400 3.3504 1.6578
v 1.0561 3.3549 1.6540
v 1.0709 3.3598 1.6499
v 1.0757 3.3856 1.6282
v 1.0792 3.4119 1.6061
v 1.0816 3.4386 1.5837
v 1.0834 3.4656 1.5611
v 1.0853 3.4925 1.5386
v 1.0879 3.5191 1.5162
v 1.0920 3.5452 1.4943
v 1.0983 3.5704 1.4731
v 1.1076 3.5946 1.4529
v 1.1202 3.6175 1.4337
v 1.1365 3.6390 1.4156
v 1.1565 3.6592 1.3987
v 1.1801 3.6780 1.3829
v 1.2069 3.6955 1.3682
v 1.2367 3.7120 1.3544
v 1.2691 3.7275 1.3413
v 1.3037 3.7422 1.3290
v 1.3402 3.7562 1.3173
v 1.3787 3.7694 1.3062
v 1.4188 3.7820 1.2956
v 1.4603 3.7941 1.2855
v 1.5031 3.8058 1.2757
v 1.5464 3.8172 1.2661
v 1.5895 3.8287 1.2565
v 1.6314 3.8406 1.2464
v 1.6709 3.8535 1.2356
v 1.7066 3.8678 1.2236
v 1.7372 3.8839 1.2101
v 1.7619 3.9023 1.1947
v 1.7799 3.9232 1.1771
v 1.1432 3.0958 1.9636
v 1.1788 3.0925 1.9663
v 1.1975 3.0956 1.9638
v 1.1958 3.1063 1.9548
v 1.1810 3.1218 1.9417
v 1.1625 3.1388 1.9275
v 1.1416 3.1567 1.9125
v 1.1193 3.1751 1.8971
v 1.0965 3.1936 1.8815
v 1.0740 3.2121 1.8660
v 1.0525 3.2302 1.8508
v 1.0322 3.2478 1.8360
v 1.0134 3.2649 1.8217
v 0.9962 3.2814 1.8079
v 0.9807 3.2972 1.7946
v 0.9671 3.3123 1.7819
v 0.9557 3.3266 1.7699
v 0.9468 3.3400 1.7586
v 0.9407 3.3524 1.7483
v 0.9376 3.3636 1.7389
v 0.9378 3.3735 1.7305
v 0.9415 3.3822 1.7232
v 0.9485 3.3896 1.7170
v 0.9586 3.3959 1.7117
v 0.9713 3.4012 1.7073
v 0.9861 3.4057 1.7035
v 1.0024 3.4097 1.7001
v 1.0193 3.4134 1.6970
v 1.0364 3.4171 1.6939
v 1.0530 3.4210 1.6907
v 1.0687 3.4251 1.6872
v 1.0717 3.4505 1.6660
v 1.0739 3.4761 1.6445
v 1.0756 3.5019 1.6228
v 1.0775 3.5277 1.6012
v 1.0800 3.5532 1.5798
v 1.0840 3.5781 1.5588
v 1.0900 3.6023 1.5385
v 1.0987 3.6255 1.5191
v 1.1105 3.6476 1.5005
v 1.1256 3.6684 1.4831
v 1.1441 3.6879 1.4667
v 1.1660 3.7062 1.4514
v 1.1909 3.7234 1.4370
v 1.2186 3.7395 1.4235
v 1.2488 3.7546 1.4107
v 1.2811 3.7690 1.3987
v 1.3153 3.7827 1.3872
v 1.3513 3.7957 1.3763
v 1.3889 3.8081 1.3659
v 1.4280 3.8199 1.3559
v 1.4683 3.8313 1.3464
v 1.5095 3.8424 1.3371
v 1.5511 3.8533 1.3279
v 1.5922 3.8644 1.3186
v 1.6319 3.8760 1.3089
v 1.6691 3.8886 1.2984
v 1.7027 3.9025 1.2867
v 1.7315 3.9182 1.2735
v 1.7548 3.9359 1.2586
v 1.7718 3.9560 1.2418
v 1.1918 3.1556 2.0056
v 1.2175 3.1556 2.0056
v 1.2232 3.1631 1.9993
v 1.2142 3.1760 1.9884
v 1.2006 3.1907 1.9761
v 1.1836 3.2067 1.9627
v 1.1641 3.2236 1.9485
v 1.1430 3.2411 1.9338
v 1.1213 3.2588 1.9189
v 1.0996 3.2765 1.9041
v 1.0786 3.2940 1.8894
v 1.0586 3.3110 1.8751
v 1.0399 3.3276 1.8612
v 1.0226 3.3437 1.8477
v 1.0068 3.3592 1.8347
v 0.9926 3.3741 1.8222
v 0.9803 3.3883 1.8102
v 0.9700 3.4018 1.7989
v 0.9621 3.4144 1.7884
v 0.9567 3.4260 1.7786
v 0.9542 3.4365 1.7698
v 0.9548 3.4459 1.7619
v 0.9585 3.4542 1.7550
v 0.9652 3.4613 1.7490
v 0.9747 3.4673 1.7440
v 0.9867 3.4724 1.7397
v 1.0007 3.4768 1.7360
v 1.0160 3.4807 1.7327
v 1.0321 3.4843 1.7297
v 1.0485 3.4878 1.7268
v 1.0645 3.4914 1.7237
v 1.0664 3.5160 1.7031
v 1.0680 3.5407 1.6824
v 1.0699 3.5653 1.6618
v 1.0725 3.5896 1.6414
v 1.0765 3.6134 1.6214
v 1.0824 3.6365 1.6020
v 1.0908 3.6586 1.5835
v 1.1021 3.6797 1.5658
v 1.1163 3.6997 1.5490
v 1.1337 3.7185 1.5332
v 1.1541 3.7361 1.5184
v 1.1774 3.7527 1.5045
v 1.2034 3.7683 1.4914
v 1.2316 3.7830 1.4791
v 1.2619 3.7970 1.4673
v 1.2940 3.8103 1.4562
v 1.3277 3.8230 1.4455
v 1.3630 3.8351 1.4354
v 1.3997 3.8467 1.4256
v 1.4376 3.8578 1.4163
v 1.4766 3.8685 1.4073
v 1.5161 3.8790 1.3985
v 1.5558 3.8895 1.3897
v 1.5949 3.9002 1.3807
v 1.6324 3.9115 1.3713
v 1.6673 3.9237 1.3610
v 1.6988 3.9372 1.3497
v 1.7258 3.9524 1.3369
v 1.7476 3.9696 1.3225
v 1.7638 3.9888 1.3064
v 1.2316 3.2189 2.0445
v 1.2439 3.2235 2.0407
v 1.2407 3.2339 2.0320
v 1.2326 3.2461 2.0218
v 1.2203 3.2598 2.0102
v 1.2047 3.2748 1.9977
v 1.1866 3.2907 1.9843
v 1.1668 3.3073 1.9704
v 1.1462 3.3242 1.9562
v 1.1255 3.3411 1.9420
v 1.1051 3.3579 1.9280
v 1.0855 3.3743 1.9141
v 1.0670 3.3904 1.9006
v 1.0497 3.4061 1.8875
v 1.0337 3.4212 1.8748
v 1.0191 3.4358 1.8626
v 1.0061 3.4498 1.8508
v 0.9948 3.4632 1.8396
v 0.9854 3.4759 1.8289
v 0.9781 3.4878 1.8189
v 0.9733 3.4988 1.8097
v 0.9711 3.5088 1.8013
v 0.9716 3.5177 1.7938
v 0.9750 3.5256 1.7872
v 0.9812 3.5325 1.7815
v 0.9900 3.5383 1.7765
v 1.0011 3.5434 1.7723
v 1.0140 3.5477 1.7687
v 1.0283 3.5515 1.7655
v 1.0435 3.5550 1.7625
v 1.0591 3.5584 1.7597
v 1.0606 3.5819 1.7400
v 1.0626 3.6053 1.7203
v 1.0653 3.6284 1.7010
v 1.0695 3.6509 1.6820
v 1.0756 3.6728 1.6637
v 1.0839 3.6938 1.6461
v 1.0949 3.7138 1.6293
v 1.1086 3.7328 1.6133
v 1.1252 3.7508 1.5983
v 1.1445 3.7677 1.5841
v 1.1665 3.7836 1.5707
v 1.1908 3.7986 1.5581
v 1.2174 3.8128 1.5462
v 1.2458 3.8263 1.5349
v 1.2760 3.8392 1.5241
v 1.3076 3.8514 1.5138
v 1.3407 3.8632 1.5039
v 1.3752 3.8744 1.4945
v 1.4108 3.8852 1.4854
v 1.4475 3.8957 1.4767
v 1.4850 3.9058 1.4682
v 1.5229 3.9157 1.4598
v 1.5606 3.9258 1.4514
v 1.5975 3.9361 1.4427
v 1.6327 3.9471 1.4336
v 1.6655 3.9590 1.4236
v 1.6949 3.9721 1.4126
v 1.7201 3.9868 1.4002
v 1.7405 4.0033 1.3864
v 1.7559 4.0217 1.3710
v 1.2590 3.2871 2.0794
v 1.2611 3.2951 2.0728
v 1.2583 3.3049 2.0646
v 1.2511 3.3163 2.0550
v 1.2400 3.3291 2.0442
v 1.2258 3.3432 2.0324
v 1.2091 3.3581 2.0199
v 1.1907 3.3737 2.0068
v 1.1713 3.3897 1.9934
v 1.1515 3.4058 1.9799
v 1.1319 3.4218 1.9664
v 1.1129 3.4377 1.9531
v 1.0947 3.4532 1.9401
v 1.0775 3.4683 1.9274
v 1.0614 3.4831 1.9150
v 1.0466 3.4973 1.9031
v 1.0331 3.5111 1.8915
v 1.0210 3.5243 1.8804
v 1.0105 3.5370 1.8698
v 1.0018 3.5490 1.8598
v 0.9950 3.5602 1.8503
v 0.9904 3.5707 1.8415
v 0.9882 3.5802 1.8335
v 0.9884 3.5888 1.8263
v 0.9913 3.5965 1.8199
v 0.9967 3.6032 1.8143
v 1.0045 3.6090 1.8094
v 1.0144 3.6140 1.8052
v 1.0262 3.6183 1.8015
v 1.0394 3.6221 1.7984
v 1.0535 3.6256 1.7955
v 1.0557 3.6477 1.7769
v 1.0588 3.6695 1.7586
v 1.0633 3.6908 1.7408
v 1.0696 3.7113 1.7235
v 1.0781 3.7311 1.7069
v 1.0890 3.7500 1.6911
v 1.1025 3.7679 1.6760
v 1.1185 3.7849 1.6618
v 1.1370 3.8009 1.6483
v 1.1579 3.8161 1.6356
v 1.1810 3.8304 1.6236
v 1.2060 3.8440 1.6122
v 1.2328 3.8569 1.6013
v 1.2612 3.8693 1.5910
v 1.2910 3.8811 1.5810
v 1.3221 3.8924 1.5715
v 1.3544 3.9033 1.5624
v 1.3879 3.9138 1.5537
v 1.4224 3.9238 1.5452
v 1.4577 3.9336 1.5370
v 1.4936 3.9431 1.5290
v 1.5297 3.9526 1.5211
v 1.5654 3.9622 1.5130
v 1.6001 3.9722 1.5046
v 1.6330 3.9828 1.4957
v 1.6636 3.9944 1.4860
v 1.6909 4.0071 1.4753
v 1.7144 4.0213 1.4634
v 1.7335 4.0371 1.4502
v 1.7480 4.0546 1.4354
v 1.2764 3.3593 2.1110
v 1.2782 3.3669 2.1047
v 1.2759 3.3761 2.0970
v 1.2696 3.3867 2.0880
v 1.2597 3.3987 2.0780
v 1.2468 3.4118 2.0670
v 1.2315 3.4257 2.0553
v 1.2145 3.4404 2.0430
v 1.1964 3.4554 2.0304
v 1.1777 3.4707 2.0176
v 1.1590 3.4860 2.0048
v 1.1406 3.5011 1.9921
v 1.1228 3.5160 1.9795
v 1.1059 3.5306 1.9673
v 1.0899 3.5449 1.9553
v 1.0750 3.5587 1.9437
v 1.0612 3.5722 1.9324
v 1.0485 3.5852 1.9215
v 1.0372 3.5977 1.9110
v 1.0274 3.6096 1.9010
v 1.0191 3.6210 1.8915
v 1.0125 3.6317 1.8825
v 1.0080 3.6417 1.8741
v 1.0055 3.6509 1.8664
v 1.0053 3.6593 1.8594
v 1.0074 3.6667 1.8531
v 1.0118 3.6734 1.8475
v 1.0184 3.6792 1.8426
v 1.0270 3.6842 1.8384
v 1.0375 3.6886 1.8347
v 1.0493 3.6924 1.8315
v 1.0529 3.7129 1.8143
v 1.0580 3.7328 1.7977
v 1.0648 3.7520 1.7815
v 1.0736 3.7705 1.7660
v 1.0847 3.7881 1.7512
v 1.0980 3.8049 1.7371
v 1.1137 3.8209 1.7238
v 1.1316 3.8359 1.7111
v 1.1517 3.8502 1.6991
v 1.1736 3.8638 1.6877
v 1.1974 3.8767 1.6769
v 1.2227 3.8890 1.6666
v 1.2495 3.9008 1.6567
v 1.2776 3.9121 1.6472
v 1.3069 3.9229 1.6381
v 1.3372 3.9334 1.6294
v 1.3687 3.9434 1.6209
v 1.4011 3.9531 1.6128
v 1.4343 3.9624 1.6050
v 1.4682 3.9716 1.5973
v 1.5024 3.9806 1.5897
v 1.5365 3.9896 1.5822
v 1.5701 3.9988 1.5744
v 1.6026 4.0085 1.5663
v 1.6333 4.0188 1.5577
v 1.6616 4.0300 1.5483
v 1.6869 4.0423 1.5380
v 1.7087 4.0559 1.5265
v 1.7266 4.0710 1.5138
v 1.7402 4.0877 1.4998
v 1.2936 3.4318 2.1424
v 1.2955 3.4389 2.1364
v 1.2936 3.4475 2.1292
v 1.2881 3.4573 2.1209
v 1.2793 3.4684 2.1116
v 1.2678 3.4806 2.1014
v 1.2539 3.4936 2.0905
v 1.2383 3.5072 2.0790
v 1.2215 3.5214 2.0672
v 1.2040 3.5357 2.0552
v 1.1863 3.5502 2.0430
v 1.1687 3.5646 2.0309
v 1.1514 3.5789 2.0190
v 1.1349 3.5929 2.0072
v 1.1191 3.6066 1.9957
v 1.1042 3.6200 1.9844
v 1.0902 3.6331 1.9735
v 1.0773 3.6457 1.9628
v 1.0654 3.6580 1.9525
v 1.0547 3.6698 1.9426
v 1.0453 3.6812 1.9331
v 1.0373 3.6920 1.9240
v 1.0308 3.7022 1.9154
v 1.0261 3.7118 1.9074
v 1.0232 3.7208 1.8999
v 1.0223 3.7289 1.8930
v 1.0235 3.7363 1.8868
v 1.0268 3.7429 1.8813
v 1.0320 3.7488 1.8764
v 1.0392 3.7539 1.8721
v 1.0481 3.7584 1.8683
v 1.0538 3.7769 1.8528
v 1.0613 3.7947 1.8378
v 1.0706 3.8118 1.8235
v 1.0820 3.8282 1.8097
v 1.0955 3.8438 1.7967
v 1.1110 3.8586 1.7842
v 1.1285 3.8727 1.7724
v 1.1478 3.8860 1.7612
v 1.1689 3.8988 1.7505
v 1.1916 3.9109 1.7403
v 1.2156 3.9226 1.7306
v 1.2409 3.9337 1.7212
v 1.2674 3.9444 1.7122
v 1.2950 3.9547 1.7036
v 1.3236 3.9646 1.6952
v 1.3531 3.9742 1.6872
v 1.3835 3.9835 1.6795
v 1.4147 3.9924 1.6719
v 1.4466 4.0011 1.6646
v 1.4788 4.0097 1.6575
v 1.5112 4.0182 1.6503
v 1.5433 4.0268 1.6431
v 1.5748 4.0357 1.6357
v 1.6050 4.0450 1.6278
v 1.6335 4.0550 1.6195
v 1.6596 4.0658 1.6104
v 1.6830 4.0777 1.6004
v 1.7031 4.0907 1.5894
v 1.7197 4.1052 1.5773
v 1.7325 4.1210 1.5640
v 1.3110 3.5044 2.1736
v 1.3128 3.5111 2.1680
v 1.3113 3.5190 2.1613
v 1.3066 3.5282 2.1536
v 1.2989 3.5384 2.1450
v 1.2886 3.5496 2.1356
v 1.2762 3.5617 2.1255
v 1.2620 3.5743 2.1149
v 1.2466 3.5875 2.1039
v 1.2304 3.6010 2.0926
v 1.2137 3.6146 2.0811
v 1.1970 3.6282 2.0697
v 1.1804 3.6418 2.0583
v 1.1644 3.6552 2.0471
v 1.1489 3.6683 2.0360
v 1.1341 3.6812 2.0252
v 1.1202 3.6938 2.0146
v 1.1071 3.7061 2.0043
v 1.0949 3.7181 1.9943
v 1.0836 3.7297 1.9846
v 1.0734 3.7409 1.9752
v 1.0643 3.7516 1.9661
v 1.0564 3.7620 1.9575
v 1.0499 3.7718 1.9492
v 1.0449 3.7810 1.9415
v 1.0415 3.7897 1.9342
v 1.0398 3.7977 1.9275
v 1.0400 3.8051 1.9213
v 1.0419 3.8117 1.9157
v 1.0457 3.8177 1.9107
v 1.0513 3.8230 1.9063
v 1.0595 3.8393 1.8925
v 1.0695 3.8551 1.8794
v 1.0813 3.8701 1.8667
v 1.0950 3.8844 1.8547
v 1.1105 3.8981 1.8433
v 1.1277 3.9111 1.8323
v 1.1465 3.9235 1.8219
v 1.1668 3.9353 1.8120
v 1.1885 3.9467 1.8025
v 1.2114 3.9576 1.7933
v 1.2354 3.9680 1.7846
v 1.2604 3.9781 1.7761
v 1.2864 3.9878 1.7679
v 1.3133 3.9972 1.7601
v 1.3411 4.0063 1.7524
v 1.3696 4.0151 1.7451
v 1.3989 4.0236 1.7380
v 1.4288 4.0318 1.7310
v 1.4591 4.0400 1.7242
v 1.4896 4.0480 1.7175
v 1.5201 4.0560 1.7107
v 1.5502 4.0643 1.7038
v 1.5794 4.0728 1.6967
v 1.6073 4.0818 1.6891
v 1.6336 4.0914 1.6810
v 1.6576 4.1019 1.6723
v 1.6791 4.1133 1.6627
v 1.6976 4.1258 1.6522
v 1.7129 4.1395 1.6407
v 1.7249 4.1545 1.6281
v 1.3284 3.5771 2.2047
v 1.3302 3.5833 2.1995
v 1.3291 3.5907 2.1933
v 1.3251 3.5992 2.1862
v 1.3184 3.6086 2.1783
v 1.3094 3.6189 2.1696
v 1.2983 3.6300 2.1604
v 1.2856 3.6417 2.1505
v 1.2716 3.6539 2.1403
v 1.2566 3.6664 2.1298
v 1.2411 3.6791 2.1191
v 1.2254 3.6919 2.1084
v 1.2097 3.7047 2.0976
v 1.1943 3.7175 2.0870
v 1.1793 3.7300 2.0764
v 1.1648 3.7424 2.0661
v 1.1510 3.7545 2.0559
v 1.1379 3.7663 2.0460
v 1.1255 3.7779 2.0363
v 1.1139 3.7891 2.0268
v 1.1032 3.8001 2.0176
v 1.0934 3.8107 2.0087
v 1.0845 3.8210 2.0001
v 1.0767 3.8308 1.9918
v 1.0700 3.8403 1.9839
v 1.0647 3.8492 1.9764
v 1.0606 3.8577 1.9693
v 1.0581 3.8656 1.9627
v 1.0571 3.8729 1.9565
v 1.0577 3.8796 1.9509
v 1.0599 3.8857 1.9458
v 1.0707 3.9000 1.9338
v 1.0830 3.9136 1.9224
v 1.0970 3.9267 1.9114
v 1.1125 3.9391 1.9009
v 1.1295 3.9511 1.8909
v 1.1479 3.9625 1.8814
v 1.1675 3.9734 1.8722
v 1.1883 3.9839 1.8634
v 1.2101 3.9940 1.8549
v 1.2329 4.0038 1.8467
v 1.2566 4.0132 1.8388
v 1.2811 4.0223 1.8311
v 1.3065 4.0311 1.8238
v 1.3325 4.0397 1.8166
v 1.3593 4.0479 1.8097
v 1.3868 4.0559 1.8029
v 1.4148 4.0638 1.7964
v 1.4432 4.0714 1.7900
v 1.4718 4.0790 1.7836
v 1.5005 4.0865 1.7773
v 1.5290 4.0942 1.7709
v 1.5569 4.1020 1.7643
v 1.5839 4.1102 1.7574
v 1.6096 4.1189 1.7501
v 1.6336 4.1282 1.7423
v 1.6556 4.1382 1.7339
v 1.6752 4.1492 1.7247
v 1.6922 4.1611 1.7147
v 1.7063 4.1741 1.7038
v 1.7175 4.1882 1.6920
v 1.3459 3.6499 2.2358
v 1.3477 3.6558 2.2309
v 1.3469 3.6626 2.2252
v 1.3435 3.6703 2.2187
v 1.3378 3.6790 2.2114
v 1.3300 3.6884 2.2035
v 1.3202 3.6985 2.1950
v 1.3089 3.7093 2.1860
v 1.2963 3.7205 2.1766
v 1.2828 3.7320 2.1669
v 1.2685 3.7439 2.1569
v 1.2539 3.7558 2.1469
v 1.2392 3.7678 2.1368
v 1.2245 3.7798 2.1268
v 1.2101 3.7917 2.1168
v 1.1961 3.8034 2.1070
v 1.1825 3.8150 2.0973
v 1.1696 3.8264 2.0877
v 1.1572 3.8375 2.0784
v 1.1455 3.8483 2.0693
v 1.1345 3.8590 2.0604
v 1.1242 3.8693 2.0517
v 1.1147 3.8794 2.0432
v 1.1060 3.8891 2.0351
v 1.0982 3.8985 2.0272
v 1.0913 3.9076 2.0196
v 1.0855 3.9163 2.0123
v 1.0809 3.9245 2.0054
v 1.0774 3.9323 1.9988
v 1.0753 3.9396 1.9927
v 1.0746 3.9464 1.9870
v 1.0875 3.9587 1.9767
v 1.1017 3.9704 1.9668
v 1.1173 3.9817 1.9573
v 1.1341 3.9926 1.9483
v 1.1520 4.0030 1.9395
v 1.1710 4.0130 1.9311
v 1.1910 4.0226 1.9230
v 1.2118 4.0320 1.9152
v 1.2335 4.0410 1.9076
v 1.2559 4.0497 1.9003
v 1.2791 4.0582 1.8932
v 1.3029 4.0664 1.8863
v 1.3274 4.0743 1.8797
v 1.3526 4.0821 1.8732
v 1.3782 4.0896 1.8669
v 1.4044 4.0969 1.8607
v 1.4310 4.1041 1.8547
v 1.4578 4.1112 1.8487
v 1.4847 4.1182 1.8428
v 1.5114 4.1254 1.8368
v 1.5378 4.1326 1.8307
v 1.5635 4.1401 1.8244
v 1.5883 4.1480 1.8178
v 1.6117 4.1563 1.8108
v 1.6336 4.1653 1.8033
v 1.6536 4.1749 1.7953
v 1.6714 4.1853 1.7865
v 1.6869 4.1967 1.7770
v 1.6999 4.2089 1.7667
v 1.7102 4.2222 1.7556
v 1.3634 3.7229 2.2667
v 1.3652 3.7283 2.2621
v 1.3647 3.7346 2.2569
v 1.3620 3.7416 2.2510
v 1.3572 3.7495 2.2444
v 1.3504 3.7581 2.2372
v 1.3420 3.7673 2.2294
v 1.3320 3.7771 2.2212
v 1.3208 3.7873 2.2126
v 1.3087 3.7979 2.2037
v 1.2958 3.8088 2.1946
v 1.2824 3.8199 2.1853
v 1.2687 3.8311 2.1759
v 1.2549 3.8423 2.1665
v 1.2413 3.8534 2.1572
v 1.2279 3.8645 2.1479
v 1.2148 3.8755 2.1387
v 1.2021 3.8863 2.1296
v 1.1899 3.8969 2.1207
v 1.1782 3.9073 2.1119
v 1.1671 3.9175 2.1034
v 1.1566 3.9275 2.0950
v 1.1467 3.9373 2.0868
v 1.1374 3.9468 2.0788
v 1.1288 3.9561 2.0710
v 1.1210 3.9650 2.0635
v 1.1140 3.9737 2.0562
v 1.1078 3.9821 2.0492
v 1.1025 3.9901 2.0424
v 1.0983 3.9978 2.0360
v 1.0951 4.0051 2.0299
v 1.1096 4.0156 2.0211
v 1.1252 4.0257 2.0126
v 1.1418 4.0355 2.0044
v 1.1593 4.0449 1.9965
v 1.1776 4.0540 1.9889
v 1.1968 4.0628 1.9815
v 1.2167 4.0713 1.9743
v 1.2373 4.0796 1.9674
v 1.2585 4.0876 1.9607
v 1.2803 4.0954 1.9541
v 1.3028 4.1030 1.9478
v 1.3258 4.1103 1.9416
v 1.3493 4.1175 1.9356
v 1.3733 4.1245 1.9297
v 1.3977 4.1313 1.9240
v 1.4225 4.1380 1.9184
v 1.4475 4.1446 1.9128
v 1.4725 4.1512 1.9073
v 1.4975 4.1578 1.9017
v 1.5223 4.1645 1.8961
v 1.5465 4.1715 1.8903
v 1.5700 4.1786 1.8843
v 1.5925 4.1862 1.8779
v 1.6138 4.1942 1.8712
v 1.6335 4.2027 1.8640
v 1.6516 4.2120 1.8563
v 1.6677 4.2219 1.8480
v 1.6818 4.2326 1.8390
v 1.6936 4.2441 1.8293
v 1.7032 4.2565 1.8189
v 1.3811 3.7960 2.2975
v 1.3828 3.8009 2.2933
v 1.3825 3.8067 2.2885
v 1.3804 3.8131 2.2831
v 1.3764 3.8202 2.2772
v 1.3707 3.8280 2.2707
v 1.3634 3.8363 2.2637
v 1.3548 3.8451 2.2562
v 1.3450 3.8544 2.2485
v 1.3343 3.8641 2.2404
v 1.3227 3.8740 2.2320
v 1.3106 3.8842 2.2235
v 1.2981 3.8945 2.2149
v 1.2854 3.9048 2.2062
v 1.2727 3.9152 2.1974
v 1.2600 3.9256 2.1887
v 1.2475 3.9359 2.1801
v 1.2353 3.9461 2.1716
v 1.2234 3.9561 2.1631
v 1.2119 3.9661 2.1548
v 1.2009 3.9758 2.1466
v 1.1903 3.9854 2.1386
v 1.1803 3.9948 2.1307
v 1.1707 4.0040 2.1230
v 1.1617 4.0130 2.1154
v 1.1533 4.0217 2.1081
v 1.1454 4.0303 2.1009
v 1.1382 4.0386 2.0939
v 1.1317 4.0467 2.0871
v 1.1259 4.0545 2.0806
v 1.1209 4.0620 2.0743
v 1.1364 4.0710 2.0668
v 1.1527 4.0797 2.0594
v 1.1697 4.0881 2.0524
v 1.1875 4.0963 2.0455
v 1.2058 4.1043 2.0388
v 1.2248 4.1120 2.0323
v 1.2443 4.1195 2.0260
v 1.2643 4.1268 2.0199
v 1.2849 4.1339 2.0139
v 1.3060 4.1409 2.0081
v 1.3275 4.1476 2.0024
v 1.3495 4.1542 1.9969
v 1.3719 4.1607 1.9915
v 1.3946 4.1670 1.9862
v 1.4176 4.1732 1.9810
v 1.4408 4.1793 1.9758
v 1.4641 4.1855 1.9707
v 1.4873 4.1916 1.9655
v 1.5103 4.1978 1.9603
v 1.5329 4.2042 1.9550
v 1.5550 4.2107 1.9495
v 1.5762 4.2176 1.9437
v 1.5965 4.2248 1.9377
v 1.6157 4.2325 1.9312
v 1.6334 4.2406 1.9244
v 1.6496 4.2494 1.9170
v 1.6641 4.2588 1.9092
v 1.6768 4.2689 1.9007
v 1.6876 4.2796 1.8917
v 1.6964 4.2912 1.8820
v 1.3987 3.8691 2.3283
v 1.4004 3.8737 2.3245
v 1.4004 3.8789 2.3201
v 1.3987 3.8847 2.3152
v 1.3955 3.8911 2.3099
v 1.3907 3.8980 2.3040
v 1.3846 3.9055 2.2977
v 1.3773 3.9135 2.2911
v 1.3688 3.9218 2.2841
v 1.3595 3.9305 2.2768
v 1.3493 3.9395 2.2692
v 1.3386 3.9487 2.2615
v 1.3273 3.9581 2.2536
v 1.3158 3.9676 2.2456
v 1.3041 3.9772 2.2376
v 1.2923 3.9868 2.2296
v 1.2806 3.9963 2.2215
v 1.2690 4.0059 2.2135
v 1.2576 4.0153 2.2056
v 1.2465 4.0247 2.1978
v 1.2357 4.0339 2.1900
v 1.2253 4.0430 2.1824
v 1.2152 4.0519 2.1749
v 1.2056 4.0607 2.1675
v 1.1964 4.0693 2.1603
v 1.1876 4.0778 2.1532
v 1.1794 4.0861 2.1462
v 1.1715 4.0942 2.1394
v 1.1642 4.1021 2.1328
v 1.1575 4.1099 2.1263
v 1.1513 4.1174 2.1200
v 1.1672 4.1251 2.1135
v 1.1836 4.1326 2.1072
v 1.2006 4.1399 2.1010
v 1.2182 4.1471 2.0951
v 1.2362 4.1540 2.0892
v 1.2546 4.1608 2.0836
v 1.2735 4.1674 2.0780
v 1.2929 4.1738 2.0726
v 1.3126 4.1801 2.0673
v 1.3327 4.1863 2.0622
v 1.3532 4.1923 2.0571
v 1.3740 4.1982 2.0522
v 1.3951 4.2040 2.0473
v 1.4164 4.2097 2.0425
v 1.4378 4.2153 2.0378
v 1.4593 4.2210 2.0330
v 1.4807 4.2267 2.0283
v 1.5020 4.2324 2.0235
v 1.5229 4.2382 2.0186
v 1.5434 4.2443 2.0135
v 1.5632 4.2505 2.0083
v 1.5823 4.2571 2.0028
v 1.6004 4.2639 1.9970
v 1.6175 4.2712 1.9909
v 1.6333 4.2790 1.9843
v 1.6477 4.2873 1.9774
v 1.6607 4.2961 1.9700
v 1.6720 4.3055 1.9621
v 1.6818 4.3156 1.9537
v 1.6898 4.3262 1.9447
v 1.4164 3.9423 2.3590
v 1.4180 3.9464 2.3555
v 1.4182 3.9511 2.3516
v 1.4170 3.9564 2.3472
v 1.4144 3.9621 2.3424
v 1.4106 3.9683 2.3372
v 1.4055 3.9750 2.3316
v 1.3994 3.9820 2.3257
v 1.3922 3.9894 2.3195
v 1.3842 3.9972 2.3129
v 1.3755 4.0052 2.3062
v 1.3661 4.0135 2.2993
v 1.3561 4.0220 2.2922
v 1.3459 4.0306 2.2849
v 1.3353 4.0393 2.2776
v 1.3246 4.0481 2.2702
v 1.3137 4.0569 2.2629
v 1.3030 4.0657 2.2555
v 1.2923 4.0745 2.2481
v 1.2817 4.0832 2.2408
v 1.2714 4.0918 2.2336
v 1.2612 4.1003 2.2264
v 1.2514 4.1088 2.2193
v 1.2419 4.1171 2.2123
v 1.2327 4.1253 2.2055
v 1.2239 4.1334 2.1987
v 1.2154 4.1413 2.1920
v 1.2073 4.1491 2.1855
v 1.1996 4.1568 2.1791
v 1.1922 4.1643 2.1728
v 1.1853 4.1716 2.1666
v 1.2011 4.1782 2.1610
v 1.2174 4.1847 2.1556
v 1.2340 4.1911 2.1503
v 1.2510 4.1972 2.1451
v 1.2684 4.2033 2.1400
v 1.2861 4.2092 2.1351
v 1.3042 4.2150 2.1302
v 1.3226 4.2206 2.1255
v 1.3414 4.2262 2.1208
v 1.3604 4.2316 2.1162
v 1.3796 4.2370 2.1118
v 1.3991 4.2423 2.1073
v 1.4187 4.2475 2.1029
v 1.4384 4.2527 2.0986
v 1.4581 4.2578 2.0943
v 1.4777 4.2630 2.0899
v 1.4972 4.2683 2.0855
v 1.5164 4.2737 2.0810
v 1.5352 4.2792 2.0763
v 1.5535 4.2849 2.0715
v 1.5712 4.2908 2.0666
v 1.5881 4.2971 2.0613
v 1.6041 4.3036 2.0558
v 1.6192 4.3105 2.0500
v 1.6331 4.3179 2.0439
v 1.6459 4.3256 2.0374
v 1.6573 4.3339 2.0304
v 1.6675 4.3427 2.0231
v 1.6762 4.3519 2.0153
v 1.6835 4.3618 2.0071
v 1.4342 4.0155 2.3898
v 1.4357 4.0193 2.3866
v 1.4360 4.0235 2.3830
v 1.4352 4.0282 2.3791
v 1.4332 4.0332 2.3749
v 1.4302 4.0387 2.3703
v 1.4261 4.0446 2.3653
v 1.4210 4.0508 2.3601
v 1.4151 4.0574 2.3546
v 1.4084 4.0642 2.3489
v 1.4010 4.0713 2.3429
v 1.3930 4.0787 2.3367
v 1.3844 4.0862 2.3304
v 1.3754 4.0939 2.3240
v 1.3661 4.1017 2.3174
v 1.3565 4.1097 2.3107
v 1.3468 4.1176 2.3040
v 1.3370 4.1257 2.2973
v 1.3271 4.1337 2.2906
v 1.3173 4.1417 2.2839
v 1.3076 4.1497 2.2772
v 1.2980 4.1576 2.2705
v 1.2886 4.1654 2.2639
v 1.2794 4.1732 2.2574
v 1.2704 4.1809 2.2509
v 1.2617 4.1885 2.2446
v 1.2532 4.1960 2.2383
v 1.2451 4.2034 2.2321
v 1.2372 4.2107 2.2259
v 1.2296 4.2179 2.2199
v 1.2224 4.2249 2.2140
v 1.2377 4.2306 2.2092
v 1.2534 4.2362 2.2046
v 1.2694 4.2417 2.2000
v 1.2857 4.2470 2.1955
v 1.3023 4.2522 2.1911
v 1.3191 4.2574 2.1868
v 1.3362 4.2624 2.1825
v 1.3535 4.2674 2.1784
v 1.3710 4.2723 2.1743
v 1.3887 4.2771 2.1702
v 1.4066 4.2819 2.1662
v 1.4245 4.2866 2.1623
v 1.4424 4.2913 2.1583
v 1.4604 4.2960 2.1544
v 1.4782 4.3008 2.1504
v 1.4959 4.3056 2.1463
v 1.5133 4.3105 2.1422
v 1.5304 4.3156 2.1380
v 1.5471 4.3208 2.1336
v 1.5633 4.3262 2.1291
v 1.5788 4.3318 2.1243
v 1.5936 4.3377 2.1194
v 1.6076 4.3439 2.1142
v 1.6208 4.3504 2.1087
v 1.6330 4.3573 2.1030
v 1.6441 4.3645 2.0969
v 1.6542 4.3722 2.0904
v 1.6632 4.3803 2.0837
v 1.6710 4.3888 2.0765
v 1.6776 4.3978 2.0690
v 1.4519 4.0887 2.4204
v 1.4533 4.0921 2.4176
v 1.4538 4.0959 2.4144
v 1.4533 4.1000 2.4110
v 1.4518 4.1045 2.4072
v 1.4495 4.1093 2.4032
v 1.4463 4.1144 2.3989
v 1.4423 4.1198 2.3943
v 1.4375 4.1255 2.3896
v 1.4320 4.1315 2.3845
v 1.4259 4.1377 2.3793
v 1.4192 4.1442 2.3739
v 1.4120 4.1508 2.3684
v 1.4043 4.1576 2.3627
v 1.3963 4.1645 2.3569
v 1.3880 4.1715 2.3510
v 1.3794 4.1787 2.3450
v 1.3707 4.1858 2.3390
v 1.3619 4.1931 2.3329
v 1.3530 4.2003 2.3268
v 1.3441 4.2076 2.3207
v 1.3352 4.2148 2.3147
v 1.3264 4.2220 2.3086
v 1.3177 4.2292 2.3026
v 1.3092 4.2363 2.2966
v 1.3008 4.2434 2.2907
v 1.2926 4.2504 2.2848
v 1.2846 4.2573 2.2790
v 1.2768 4.2641 2.2733
v 1.2692 4.2709 2.2676
v 1.2618 4.2776 2.2620
v 1.2765 4.2824 2.2579
v 1.2914 4.2872 2.2539
v 1.3066 4.2919 2.2500
v 1.3219 4.2965 2.2461
v 1.3374 4.3010 2.2423
v 1.3532 4.3054 2.2386
v 1.3691 4.3098 2.2349
v 1.3851 4.3142 2.2313
v 1.4012 4.3185 2.2277
v 1.4174 4.3228 2.2241
v 1.4337 4.3270 2.2205
v 1.4499 4.3313 2.2169
v 1.4661 4.3356 2.2133
v 1.4821 4.3399 2.2097
v 1.4980 4.3443 2.2060
v 1.5136 4.3488 2.2022
v 1.5290 4.3534 2.1984
v 1.5440 4.3581 2.1944
v 1.5585 4.3630 2.1903
v 1.5726 4.3681 2.1860
v 1.5860 4.3734 2.1815
v 1.5988 4.3790 2.1769
v 1.6110 4.3848 2.1720
v 1.6223 4.3909 2.1669
v 1.6329 4.3973 2.1615
v 1.6425 4.4040 2.1559
v 1.6513 4.4111 2.1500
v 1.6591 4.4185 2.1438
v 1.6660 4.4262 2.1373
v 1.6720 4.4343 2.1304
v 1.4697 4.1620 2.4511
v 1.4710 4.1650 2.4486
v 1.4715 4.1683 2.4458
v 1.4713 4.1719 2.4428
v 1.4703 4.1758 2.4395
v 1.4686 4.1800 2.4360
v 1.4661 4.1844 2.4323
v 1.4630 4.1891 2.4284
v 1.4593 4.1940 2.4243
v 1.4549 4.1991 2.4199
v 1.4500 4.2045 2.4155
v 1.4446 4.2100 2.4108
v 1.4387 4.2158 2.4060
v 1.4323 4.2216 2.4011
v 1.4256 4.2277 2.3960
v 1.4186 4.2338 2.3909
v 1.4113 4.2400 2.3856
v 1.4038 4.2464 2.3803
v 1.3961 4.2528 2.3750
v 1.3883 4.2592 2.3695
v 1.3804 4.2657 2.3641
v 1.3724 4.2722 2.3587
v 1.3644 4.2787 2.3532
v 1.3565 4.2852 2.3478
v 1.3486 4.2916 2.3423
v 1.3407 4.2981 2.3369
v 1.3330 4.3045 2.3316
v 1.3254 4.3109 2.3262
v 1.3179 4.3172 2.3209
v 1.3105 4.3234 2.3157
v 1.3033 4.3296 2.3104
v 1.3171 4.3337 2.3070
v 1.3310 4.3378 2.3036
v 1.3451 4.3418 2.3002
v 1.3593 4.3458 2.2969
v 1.3736 4.3497 2.2936
v 1.3880 4.3535 2.2904
v 1.4025 4.3574 2.2872
v 1.4170 4.3612 2.2840
v 1.4315 4.3650 2.2808
v 1.4461 4.3689 2.2775
v 1.4606 4.3727 2.2743
v 1.4750 4.3766 2.2711
v 1.4892 4.3805 2.2678
v 1.5033 4.3845 2.2644
v 1.5171 4.3886 2.2610
v 1.5307 4.3928 2.2575
v 1.5440 4.3970 2.2539
v 1.5569 4.4015 2.2502
v 1.5694 4.4061 2.2463
v 1.5814 4.4109 2.2423
v 1.5929 4.4158 2.2381
v 1.6038 4.4210 2.2338
v 1.6141 4.4264 2.2293
v 1.6238 4.4320 2.2245
v 1.6328 4.4379 2.2196
v 1.6411 4.4441 2.2144
v 1.6486 4.4505 2.2090
v 1.6554 4.4572 2.2034
v 1.6615 4.4642 2.1975
v 1.6667 4.4715 2.1914
v 1.4874 4.2352 2.4818
v 1.4886 4.2379 2.4796
v 1.4892 4.2408 2.4772
v 1.4892 4.2439 2.4746
v 1.4886 4.2472 2.4718
v 1.4874 4.2508 2.4688
v 1.4856 4.2545 2.4656
v 1.4833 4.2585 2.4623
v 1.4805 4.2627 2.4588
v 1.4771 4.2671 2.4551
v 1.4733 4.2716 2.4513
v 1.4690 4.2763 2.4473
v 1.4644 4.2812 2.4433
v 1.4593 4.2862 2.4391
v 1.4539 4.2913 2.4347
v 1.4482 4.2966 2.4303
v 1.4422 4.3019 2.4258
v 1.4359 4.3074 2.4213
v 1.4295 4.3129 2.4166
v 1.4228 4.3185 2.4119
v 1.4160 4.3241 2.4072
v 1.4092 4.3298 2.4024
v 1.4022 4.3356 2.3976
v 1.3951 4.3413 2.3928
v 1.3881 4.3471 2.3880
v 1.3810 4.3528 2.3831
v 1.3740 4.3586 2.3783
v 1.3670 4.3643 2.3735
v 1.3600 4.3700 2.3687
v 1.3531 4.3757 2.3639
v 1.3463 4.3813 2.3592
v 1.3589 4.3848 2.3563
v 1.3716 4.3883 2.3534
v 1.3844 4.3917 2.3505
v 1.3972 4.3951 2.3476
v 1.4101 4.3985 2.3448
v 1.4230 4.4019 2.3420
v 1.4359 4.4053 2.3391
v 1.4487 4.4087 2.3363
v 1.4615 4.4121 2.3334
v 1.4742 4.4155 2.3305
v 1.4868 4.4190 2.3276
v 1.4993 4.4226 2.3246
v 1.5116 4.4262 2.3216
v 1.5236 4.4299 2.3185
v 1.5354 4.4337 2.3153
v 1.5470 4.4375 2.3120
v 1.5582 4.4415 2.3087
v 1.5691 4.4457 2.3052
v 1.5796 4.4500 2.3016
v 1.5897 4.4544 2.2979
v 1.5993 4.4590 2.2941
v 1.6085 4.4638 2.2900
v 1.6171 4.4687 2.2859
v 1.6253 4.4739 2.2816
v 1.6328 4.4793 2.2771
v 1.6398 4.4848 2.2724
v 1.6463 4.4906 2.2675
v 1.6521 4.4966 2.2625
v 1.6573 4.5029 2.2572
v 1.6620 4.5094 2.2518
v 1.5051 4.3083 2.5126
v 1.5062 4.3107 2.5107
v 1.5068 4.3132 2.5086
v 1.5069 4.3158 2.5063
v 1.5066 4.3187 2.5040
v 1.5059 4.3217 2.5014
v 1.5047 4.3248 2.4988
v 1.5030 4.3282 2.4960
v 1.5010 4.3316 2.4931
v 1.4986 4.3353 2.4900
v 1.4957 4.3391 2.4868
v 1.4925 4.3430 2.4835
v 1.4890 4.3470 2.4801
v 1.4851 4.3512 2.4766
v 1.4809 4.3555 2.4730
v 1.4764 4.3599 2.4694
v 1.4717 4.3644 2.4656
v 1.4667 4.3690 2.4617
v 1.4615 4.3736 2.4578
v 1.4561 4.3784 2.4538
v 1.4505 4.3832 2.4498
v 1.4448 4.3880 2.4457
v 1.4390 4.3929 2.4416
v 1.4330 4.3979 2.4375
v 1.4270 4.4029 2.4333
v 1.4209 4.4079 2.4291
v 1.4148 4.4129 2.4249
v 1.4086 4.4179 2.4207
v 1.4024 4.4229 2.4165
v 1.3963 4.4280 2.4122
v 1.3901 4.4330 2.4080
v 1.4014 4.4359 2.4055
v 1.4126 4.4389 2.4031
v 1.4239 4.4419 2.4006
v 1.4351 4.4448 2.3981
v 1.4464 4.4478 2.3956
v 1.4575 4.4508 2.3931
v 1.4686 4.4538 2.3906
v 1.4797 4.4568 2.3880
v 1.4906 4.4599 2.3854
v 1.5014 4.4630 2.3828
v 1.5120 4.4662 2.3801
v 1.5225 4.4695 2.3774
v 1.5328 4.4728 2.3746
v 1.5429 4.4762 2.3718
v 1.5527 4.4797 2.3688
v 1.5623 4.4833 2.3658
v 1.5715 4.4870 2.3627
v 1.5805 4.4908 2.3595
v 1.5891 4.4947 2.3562
v 1.5974 4.4988 2.3528
v 1.6053 4.5030 2.3493
v 1.6129 4.5074 2.3456
v 1.6200 4.5119 2.3418
v 1.6267 4.5165 2.3379
v 1.6330 4.5213 2.3339
v 1.6388 4.5263 2.3297
v 1.6442 4.5315 2.3254
v 1.6492 4.5368 2.3209
v 1.6536 4.5423 2.3163
v 1.6576 4.5480 2.3115
v 1.5227 4.3814 2.5434
v 1.5237 4.3834 2.5418
v 1.5243 4.3855 2.5400
v 1.5246 4.3877 2.5381
v 1.5245 4.3901 2.5361
v 1.5241 4.3926 2.5341
v 1.5233 4.3952 2.5319
v 1.5223 4.3980 2.5296
v 1.5209 4.4008 2.5272
v 1.5192 4.4038 2.5247
v 1.5172 4.4069 2.5221
v 1.5149 4.4101 2.5194
v 1.5124 4.4134 2.5166
v 1.5095 4.4168 2.5138
v 1.5065 4.4202 2.5109
v 1.5031 4.4238 2.5078
v 1.4996 4.4275 2.5048
v 1.4958 4.4313 2.5016
v 1.4918 4.4351 2.4984
v 1.4877 4.4390 2.4951
v 1.4833 4.4429 2.4918
v 1.4788 4.4469 2.4884
v 1.4742 4.4510 2.4850
v 1.4695 4.4551 2.4816
v 1.4646 4.4593 2.4781
v 1.4596 4.4635 2.4746
v 1.4545 4.4677 2.4710
v 1.4494 4.4720 2.4674
v 1.4442 4.4763 2.4638
v 1.4390 4.4806 2.4602
v 1.4337 4.4849 2.4566
v 1.4434 4.4874 2.4545
v 1.4530 4.4900 2.4523
v 1.4625 4.4926 2.4502
v 1.4720 4.4952 2.4480
v 1.4815 4.4978 2.4458
v 1.4908 4.5005 2.4435
v 1.5001 4.5032 2.4412
v 1.5092 4.5059 2.4389
v 1.5182 4.5087 2.4366
v 1.5271 4.5116 2.4342
v 1.5358 4.5145 2.4318
v 1.5443 4.5175 2.4293
v 1.5526 4.5205 2.4267
v 1.5608 4.5236 2.4241
v 1.5687 4.5268 2.4214
v 1.5764 4.5301 2.4187
v 1.5839 4.5335 2.4158
v 1.5911 4.5369 2.4129
v 1.5980 4.5405 2.4099
v 1.6047 4.5442 2.4069
v 1.6110 4.5480 2.4037
v 1.6171 4.5519 2.4004
v 1.6228 4.5559 2.3970
v 1.6283 4.5600 2.3936
v 1.6334 4.5643 2.3900
v 1.6381 4.5686 2.3863
v 1.6426 4.5731 2.3826
v 1.6467 4.5778 2.3787
v 1.6504 4.5825 2.3747
v 1.6539 4.5874 2.3706
v 1.5403 4.4543 2.5744
v 1.5411 4.4560 2.5730
v 1.5417 4.4578 2.5715
v 1.5420 4.4596 2.5700
v 1.5421 4.4615 2.5684
v 1.5420 4.4636 2.5667
v 1.5416 4.4657 2.5649
v 1.5410 4.4679 2.5630
v 1.5401 4.4702 2.5611
v 1.5391 4.4725 2.5591
v 1.5378 4.4750 2.5571
v 1.5363 4.4775 2.5549
v 1.5345 4.4801 2.5528
v 1.5326 4.4828 2.5505
v 1.5305 4.4856 2.5482
v 1.5282 4.4884 2.5458
v 1.5257 4.4913 2.5434
v 1.5230 4.4943 2.5409
v 1.5202 4.4973 2.5383
v 1.5171 4.5004 2.5357
v 1.5140 4.5036 2.5331
v 1.5107 4.5068 2.5304
v 1.5072 4.5100 2.5277
v 1.5037 4.5133 2.5249
v 1.5000 4.5167 2.5221
v 1.4962 4.5201 2.5192
v 1.4923 4.5235 2.5164
v 1.4883 4.5270 2.5135
v 1.4842 4.5305 2.5105
v 1.4801 4.5340 2.5076
v 1.4759 4.5375 2.5046
v 1.4838 4.5398 2.5027
v 1.4916 4.5420 2.5008
v 1.4993 4.5443 2.4989
v 1.5070 4.5466 2.4970
v 1.5146 4.5490 2.4950
v 1.5221 4.5514 2.4930
v 1.5294 4.5538 2.4909
v 1.5367 4.5563 2.4889
v 1.5438 4.5588 2.4867
v 1.5508 4.5614 2.4846
v 1.5576 4.5640 2.4824
v 1.5643 4.5667 2.4801
v 1.5708 4.5694 2.4778
v 1.5772 4.5723 2.4755
v 1.5834 4.5751 2.4730
v 1.5894 4.5781 2.4706
v 1.5952 4.5811 2.4680
v 1.6008 4.5842 2.4654
v 1.6062 4.5873 2.4628
v 1.6114 4.5906 2.4601
v 1.6164 4.5939 2.4573
v 1.6211 4.5973 2.4544
v 1.6256 4.6008 2.4515
v 1.6299 4.6044 2.4485
v 1.6340 4.6081 2.4454
v 1.6378 4.6118 2.4422
v 1.6414 4.6157 2.4390
v 1.6447 4.6196 2.4357
v 1.6478 4.6236 2.4323
v 1.6507 4.6278 2.4289
v 1.5577 4.5271 2.6055
v 1.5584 4.5285 2.6043
v 1.5589 4.5299 2.6032
v 1.5593 4.5314 2.6019
v 1.5595 4.5329 2.6006
v 1.5596 4.5345 2.5993
v 1.5594 4.5362 2.5979
v 1.5592 4.5379 2.5965
v 1.5587 4.5396 2.5950
v 1.5581 4.5415 2.5934
v 1.5574 4.5434 2.5918
v 1.5565 4.5453 2.5902
v 1.5555 4.5473 2.5885
v 1.5543 4.5494 2.5868
v 1.5529 4.5515 2.5850
v 1.5515 4.5537 2.5832
v 1.5498 4.5559 2.5813
v 1.5481 4.5581 2.5794
v 1.5462 4.5605 2.5775
v 1.5442 4.5628 2.5755
v 1.5421 4.5652 2.5735
v 1.5399 4.5677 2.5714
v 1.5375 4.5702 2.5693
v 1.5351 4.5727 2.5672
v 1.5325 4.5753 2.5651
v 1.5298 4.5779 2.5629
v 1.5271 4.5805 2.5607
v 1.5242 4.5832 2.5584
v 1.5213 4.5859 2.5561
v 1.5183 4.5886 2.5538
v 1.5152 4.5914 2.5515
v 1.5213 4.5934 2.5499
v 1.5273 4.5954 2.5482
v 1.5333 4.5974 2.5465
v 1.5391 4.5995 2.5448
v 1.5449 4.6016 2.5430
v 1.5506 4.6037 2.5412
v 1.5562 4.6059 2.5394
v 1.5616 4.6081 2.5376
v 1.5670 4.6103 2.5357
v 1.5723 4.6126 2.5338
v 1.5774 4.6149 2.5318
v 1.5824 4.6173 2.5298
v 1.5873 4.6197 2.5278
v 1.5921 4.6222 2.5257
v 1.5967 4.6247 2.5236
v 1.6012 4.6273 2.5214
v 1.6055 4.6299 2.5192
v 1.6097 4.6326 2.5170
v 1.6138 4.6353 2.5147
v 1.6177 4.6381 2.5124
v 1.6215 4.6409 2.5100
v 1.6251 4.6438 2.5075
v 1.6285 4.6468 2.5050
v 1.6318 4.6498 2.5025
v 1.6349 4.6529 2.4999
v 1.6379 4.6560 2.4973
v 1.6407 4.6592 2.4946
v 1.6434 4.6625 2.4919
v 1.6458 4.6658 2.4891
v 1.6482 4.6692 2.4863
v 1.5750 4.5996 2.6368
v 1.5756 4.6007 2.6359
v 1.5760 4.6018 2.6349
v 1.5764 4.6029 2.6340
v 1.5766 4.6041 2.6330
v 1.5768 4.6053 2.6320
v 1.5768 4.6066 2.6309
v 1.5768 4.6079 2.6298
v 1.5767 4.6092 2.6287
v 1.5764 4.6106 2.6276
v 1.5761 4.6120 2.6264
v 1.5756 4.6134 2.6252
v 1.5751 4.6149 2.6240
v 1.5745 4.6164 2.6227
v 1.5737 4.6180 2.6214
v 1.5729 4.6195 2.6201
v 1.5720 4.6212 2.6187
v 1.5710 4.6228 2.6173
v 1.5699 4.6245 2.6159
v 1.5687 4.6262 2.6145
v 1.5675 4.6279 2.6130
v 1.5661 4.6297 2.6115
v 1.5647 4.6315 2.6100
v 1.5632 4.6334 2.6085
v 1.5616 4.6352 2.6069
v 1.5599 4.6371 2.6053
v 1.5582 4.6391 2.6037
v 1.5564 4.6410 2.6021
v 1.5545 4.6430 2.6004
v 1.5526 4.6450 2.5987
v 1.5506 4.6470 2.5970
v 1.5550 4.6487 2.5956
v 1.5593 4.6505 2.5941
v 1.5636 4.6522 2.5926
v 1.5677 4.6540 2.5911
v 1.5719 4.6558 2.5896
v 1.5759 4.6577 2.5881
v 1.5799 4.6596 2.5865
v 1.5837 4.6615 2.5849
v 1.5876 4.6634 2.5833
v 1.5913 4.6654 2.5816
v 1.5949 4.6673 2.5800
v 1.5985 4.6694 2.5783
v 1.6020 4.6714 2.5765
v 1.6053 4.6735 2.5748
v 1.6086 4.6756 2.5730
v 1.6118 4.6778 2.5712
v 1.6149 4.6800 2.5693
v 1.6180 4.6822 2.5675
v 1.6209 4.6845 2.5656
v 1.6237 4.6868 2.5636
v 1.6264 4.6891 2.5617
v 1.6290 4.6915 2.5597
v 1.6316 4.6939 2.5577
v 1.6340 4.6964 2.5556
v 1.6363 4.6989 2.5535
v 1.6385 4.7014 2.5514
v 1.6407 4.7039 2.5492
v 1.6427 4.7065 2.5471
v 1.6446 4.7092 2.5449
v 1.6464 4.7119 2.5426
v 1.5921 4.6718 2.6683
v 1.5925 4.6726 2.6677
v 1.5929 4.6735 2.6670
v 1.5932 4.6743 2.6663
v 1.5935 4.6752 2.6655
v 1.5937 4.6760 2.6648
v 1.5938 4.6769 2.6641
v 1.5939 4.6779 2.6633
v 1.5939 4.6788 2.6625
v 1.5939 4.6798 2.6617
v 1.5938 4.6807 2.6609
v 1.5937 4.6818 2.6600
v 1.5935 4.6828 2.6591
v 1.5932 4.6838 2.6583
v 1.5929 4.6849 2.6574
v 1.5926 4.6860 2.6565
v 1.5922 4.6871 2.6555
v 1.5917 4.6882 2.6546
v 1.5912 4.6894 2.6536
v 1.5906 4.6905 2.6526
v 1.5900 4.6917 2.6516
v 1.5893 4.6929 2.6506
v 1.5886 4.6942 2.6496
v 1.5878 4.6954 2.6486
v 1.5870 4.6967 2.6475
v 1.5861 4.6980 2.6464
v 1.5852 4.6993 2.6453
v 1.5842 4.7006 2.6442
v 1.5832 4.7019 2.6431
v 1.5822 4.7033 2.6420
v 1.5811 4.7046 2.6408
v 1.5840 4.7061 2.6396
v 1.5868 4.7075 2.6384
v 1.5896 4.7090 2.6372
v 1.5924 4.7105 2.6359
v 1.5951 4.7120 2.6347
v 1.5977 4.7135 2.6334
v 1.6003 4.7150 2.6321
v 1.6029 4.7166 2.6308
v 1.6054 4.7182 2.6295
v 1.6079 4.7198 2.6281
v 1.6103 4.7214 2.6268
v 1.6126 4.7230 2.6254
v 1.6149 4.7247 2.6240
v 1.6172 4.7263 2.6226
v 1.6194 4.7280 2.6212
v 1.6215 4.7298 2.6197
v 1.6236 4.7315 2.6183
v 1.6256 4.7332 2.6168
v 1.6276 4.7350 2.6153
v 1.6295 4.7368 2.6138
v 1.6314 4.7386 2.6123
v 1.6332 4.7405 2.6107
v 1.6349 4.7423 2.6092
v 1.6366 4.7442 2.6076
v 1.6383 4.7461 2.6060
v 1.6399 4.7480 2.6044
v 1.6414 4.7500 2.6028
v 1.6429 4.7520 2.6011
v 1.6443 4.7539 2.5994
v 1.6456 4.7559 2.5978
v 1.6089 4.7436 2.7003
v 1.6092 4.7441 2.6998
v 1.6095 4.7447 2.6993
v 1.6097 4.7453 2.6989
v 1.6099 4.7459 2.6984
v 1.6101 4.7464 2.6979
v 1.6103 4.7470 2.6974
v 1.6104 4.7476 2.6969
v 1.6105 4.7483 2.6963
v 1.6106 4.7489 2.6958
v 1.6107 4.7495 2.6953
v 1.6107 4.7502 2.6947
v 1.6107 4.7508 2.6942
v 1.6107 4.7515 2.6936
v 1.6107 4.7522 2.6930
v 1.6106 4.7529 2.6925
v 1.6105 4.7536 2.6919
v 1.6103 4.7543 2.6913
v 1.6102 4.7550 2.6907
v 1.6100 4.7558 2.6901
v 1.6098 4.7565 2.6894
v 1.6096 4.7572 2.6888
v 1.6093 4.7580 2.6882
v 1.6090 4.7588 2.6875
v 1.6087 4.7595 2.6869
v 1.6084 4.7603 2.6862
v 1.6080 4.7611 2.6855
v 1.6076 4.7619 2.6849
v 1.6072 4.7628 2.6842
v 1.6067 4.7636 2.6835
v 1.6063 4.7644 2.6828
v 1.6080 4.7655 2.6819
v 1.6097 4.7666 2.6809
v 1.6113 4.7678 2.6800
v 1.6129 4.7689 2.6790
v 1.6145 4.7700 2.6781
v 1.6161 4.7712 2.6771
v 1.6177 4.7724 2.6761
v 1.6192 4.7735 2.6751
v 1.6207 4.7747 2.6742
v 1.6222 4.7759 2.6732
v 1.6236 4.7771 2.6721
v 1.6250 4.7783 2.6711
v 1.6264 4.7795 2.6701
v 1.6278 4.7808 2.6691
v 1.6291 4.7820 2.6680
v 1.6304 4.7833 2.6670
v 1.6317 4.7845 2.6659
v 1.6330 4.7858 2.6649
v 1.6342 4.7871 2.6638
v 1.6354 4.7884 2.6627
v 1.6366 4.7897 2.6616
v 1.6377 4.7910 2.6605
v 1.6389 4.7923 2.6594
v 1.6400 4.7936 2.6583
v 1.6410 4.7950 2.6572
v 1.6421 4.7963 2.6560
v 1.6431 4.7977 2.6549
v 1.6441 4.7991 2.6537
v 1.6450 4.8004 2.6526
v 1.6459 4.8018 2.6514
v 1.6252 4.8147 2.7328
v 1.6254 4.8150 2.7325
v 1.6256 4.8153 2.7322
v 1.6257 4.8157 2.7319
v 1.6258 4.8160 2.7316
v 1.6259 4.8164 2.7313
v 1.6260 4.8168 2.7310
v 1.6261 4.8172 2.7307
v 1.6262 4.8175 2.7304
v 1.6262 4.8179 2.7300
v 1.6262 4.8183 2.7297
v 1.6262 4.8187 2.7294
v 1.6262 4.8191 2.7290
v 1.6262 4.8196 2.7287
v 1.6261 4.8200 2.7283
v 1.6260 4.8204 2.7280
v 1.6259 4.8208 2.7276
v 1.6258 4.8213 2.7272
v 1.6257 4.8217 2.7268
v 1.6255 4.8222 2.7265
v 1.6254 4.8227 2.7261
v 1.6252 4.8231 2.7257
v 1.6250 4.8236 2.7253
v 1.6248 4.8241 2.7249
v 1.6246 4.8246 2.7244
v 1.6243 4.8251 2.7240
v 1.6240 4.8256 2.7236
v 1.6237 4.8261 2.7232
v 1.6234 4.8266 2.7227
v 1.6231 4.8271 2.7223
v 1.6228 4.8277 2.7219
v 1.6239 4.8283 2.7213
v 1.6250 4.8290 2.7208
v 1.6260 4.8297 2.7202
v 1.6270 4.8303 2.7196
v 1.6281 4.8310 2.7191
v 1.6291 4.8317 2.7185
v 1.6301 4.8324 2.7179
v 1.6310 4.8331 2.7173
v 1.6320 4.8338 2.7167
v 1.6329 4.8345 2.7161
v 1.6338 4.8352 2.7155
v 1.6347 4.8359 2.7149
v 1.6356 4.8367 2.7143
v 1.6365 4.8374 2.7137
v 1.6373 4.8382 2.7131
v 1.6382 4.8389 2.7124
v 1.6390 4.8397 2.7118
v 1.6398 4.8404 2.7111
v 1.6405 4.8412 2.7105
v 1.6413 4.8420 2.7098
v 1.6420 4.8428 2.7092
v 1.6427 4.8436 2.7085
v 1.6434 4.8444 2.7078
v 1.6441 4.8452 2.7072
v 1.6448 4.8460 2.7065
v 1.6454 4.8468 2.7058
v 1.6461 4.8476 2.7051
v 1.6467 4.8485 2.7044
v 1.6473 4.8493 2.7037
v 1.6478 4.8502 2.7030
v 1.6406 4.8842 2.7666
v 1.6407 4.8843 2.7665
v 1.6407 4.8845 2.7663
v 1.6408 4.8847 2.7661
v 1.6408 4.8849 2.7660
v 1.6408 4.8852 2.7658
v 1.6408 4.8854 2.7656
v 1.6408 4.8856 2.7654
v 1.6408 4.8858 2.7652
v 1.6407 4.8861 2.7650
v 1.6406 4.8863 2.7648
v 1.6405 4.8866 2.7646
v 1.6404 4.8868 2.7644
v 1.6403 4.8871 2.7641
v 1.6401 4.8874 2.7639
v 1.6399 4.8876 2.7637
v 1.6398 4.8879 2.7634
v 1.6395 4.8882 2.7632
v 1.6393 4.8885 2.7629
v 1.6391 4.8888 2.7627
v 1.6388 4.8891 2.7624
v 1.6385 4.8895 2.7622
v 1.6382 4.8898 2.7619
v 1.6379 4.8901 2.7616
v 1.6376 4.8905 2.7613
v 1.6373 4.8908 2.7610
v 1.6369 4.8912 2.7607
v 1.6365 4.8915 2.7604
v 1.6361 4.8919 2.7601
v 1.6357 4.8923 2.7598
v 1.6353 4.8926 2.7595
v 1.6361 4.8929 2.7593
v 1.6369 4.8932 2.7591
v 1.6377 4.8934 2.7588
v 1.6385 4.8937 2.7586
v 1.6393 4.8940 2.7584
v 1.6400 4.8943 2.7581
v 1.6408 4.8946 2.7579
v 1.6415 4.8949 2.7576
v 1.6422 4.8952 2.7574
v 1.6429 4.8955 2.7571
v 1.6435 4.8958 2.7568
v 1.6442 4.8961 2.7566
v 1.6448 4.8965 2.7563
v 1.6454 4.8968 2.7560
v 1.6460 4.8971 2.7557
v 1.6466 4.8975 2.7554
v 1.6471 4.8979 2.7551
v 1.6477 4.8982 2.7548
v 1.6482 4.8986 2.7545
v 1.6487 4.8990 2.7542
v 1.6492 4.8994 2.7538
v 1.6496 4.8998 2.7535
v 1.6501 4.9002 2.7532
v 1.6505 4.9006 2.7528
v 1.6509 4.9010 2.7525
v 1.6513 4.9014 2.7521
v 1.6517 4.9018 2.7518
v 1.6520 4.9023 2.7514
v 1.6524 4.9027 2.7510
v 1.6527 4.9032 2.7507
f 1 62 63
f 1 63 2
f 7321 7383 7382
f 7321 7322 7383
f 2 63 64
f 2 64 3
f 7322 7384 7383
f 7322 7323 7384
f 3 64 65
f 3 65 4
f 7323 7385 7384
f 7323 7324 7385
f 4 65 66
f 4 66 5
f 7324 7386 7385
f 7324 7325 7386
f 5 66 67
f 5 67 6
f 7325 7387 7386
f 7325 7326 7387
f 6 67 68
f 6 68 7
f 7326 7388 7387
f 7326 7327 7388
f 7 68 69
f 7 69 8
f 7327 7389 7388
f 7327 7328 7389
f 8 69 70
f 8 70 9
f 7328 7390 7389
f 7328 7329 7390
f 9 70 71
f 9 71 10
f 7329 7391 7390
f 7329 7330 7391
f 10 71 72
f 10 72 11
f 7330 7392 7391
f 7330 7331 7392
f 11 72 73
f 11 73 12
f 7331 7393 7392
f 7331 7332 7393
f 12 73 74
f 12 74 13
f 7332 7394 7393
f 7332 7333 7394
f 13 74 75
f 13 75 14
f 7333 7395 7394
f 7333 7334 7395
f 14 75 76
f 14 76 15
f 7334 7396 7395
f 7334 7335 7396
f 15 76 77
f 15 77 16
f 7335 7397 7396
f 7335 7336 7397
f 16 77 78
f 16 78 17
f 7336 7398 7397
f 7336 7337 7398
f 17 78 79
f 17 79 18
f 7337 7399 7398
f 7337 7338 7399
f 18 79 80
f 18 80 19
f 7338 7400 7399
f 7338 7339 7400
f 19 80 81
f 19 81 20
f 7339 7401 7400
f 7339 7340 7401
f 20 81 82
f 20 82 21
f 7340 7402 7401
f 7340 7341 7402
f 21 82 83
f 21 83 22
f 7341 7403 7402
f 7341 7342 7403
f 22 83 84
f 22 84 23
f 7342 7404 7403
f 7342 7343 7404
f 23 84 85
f 23 85 24
f 7343 7405 7404
f 7343 7344 7405
f 24 85 86
f 24 86 25
f 7344 7406 7405
f 7344 7345 7406
f 25 86 87
f 25 87 26
f 7345 7407 7406
f 7345 7346 7407
f 26 87 88
f 26 88 27
f 7346 7408 7407
f 7346 7347 7408
f 27 88 89
f 27 89 28
f 7347 7409 7408
f 7347 7348 7409
f 28 89 90
f 28 90 29
f 7348 7410 7409
f 7348 7349 7410
f 29 90 91
f 29 91 30
f 7349 7411 7410
f 7349 7350 7411
f 30 91 92
f 30 92 31
f 7350 7412 7411
f 7350 7351 7412
f 31 92 93
f 31 93 32
f 7351 7413 7412
f 7351 7352 7413
f 32 93 94
f 32 94 33
f 7352 7414 7413
f 7352 7353 7414
f 33 94 95
f 33 95 34
f 7353 7415 7414
f 7353 7354 7415
f 34 95 96
f 34 96 35
f 7354 7416 7415
f 7354 7355 7416
f 35 96 97
f 35 97 36
f 7355 7417 7416
f 7355 7356 7417
f 36 97 98
f 36 98 37
f 7356 7418 7417
f 7356 7357 7418
f 37 98 99
f 37 99 38
f 7357 7419 7418
f 7357 7358 7419
f 38 99 100
f 38 100 39
f 7358 7420 7419
f 7358 7359 7420
f 39 100 101
f 39 101 40
f 7359 7421 7420
f 7359 7360 7421
f 40 101 102
f 40 102 41
f 7360 7422 7421
f 7360 7361 7422
f 41 102 103
f 41 103 42
f 7361 7423 7422
f 7361 7362 7423
f 42 103 104
f 42 104 43
f 7362 7424 7423
f 7362 7363 7424
f 43 104 105
f 43 105 44
f 7363 7425 7424
f 7363 7364 7425
f 44 105 106
f 44 106 45
f 7364 7426 7425
f 7364 7365 7426
f 45 106 107
f 45 107 46
f 7365 7427 7426
f 7365 7366 7427
f 46 107 108
f 46 108 47
f 7366 7428 7427
f 7366 7367 7428
f 47 108 109
f 47 109 48
f 7367 7429 7428
f 7367 7368 7429
f 48 109 110
f 48 110 49
f 7368 7430 7429
f 7368 7369 7430
f 49 110 111
f 49 111 50
f 7369 7431 7430
f 7369 7370 7431
f 50 111 112
f 50 112 51
f 7370 7432 7431
f 7370 7371 7432
f 51 112 113
f 51 113 52
f 7371 7433 7432
f 7371 7372 7433
f 52 113 114
f 52 114 53
f 7372 7434 7433
f 7372 7373 7434
f 53 114 115
f 53 115 54
f 7373 7435 7434
f 7373 7374 7435
f 54 115 116
f 54 116 55
f 7374 7436 7435
f 7374 7375 7436
f 55 116 117
f 55 117 56
f 7375 7437 7436
f 7375 7376 7437
f 56 117 118
f 56 118 57
f 7376 7438 7437
f 7376 7377 7438
f 57 118 119
f 57 119 58
f 7377 7439 7438
f 7377 7378 7439
f 58 119 120
f 58 120 59
f 7378 7440 7439
f 7378 7379 7440
f 59 120 121
f 59 121 60
f 7379 7441 7440
f 7379 7380 7441
f 60 121 122
f 60 122 61
f 7380 7442 7441
f 7380 7381 7442
f 62 123 124
f 62 124 63
f 7382 7444 7443
f 7382 7383 7444
f 63 124 125
f 63 125 64
f 7383 7445 7444
f 7383 7384 7445
f 64 125 126
f 64 126 65
f 7384 7446 7445
f 7384 7385 7446
f 65 126 127
f 65 127 66
f 7385 7447 7446
f 7385 7386 7447
f 66 127 128
f 66 128 67
f 7386 7448 7447
f 7386 7387 7448
f 67 128 129
f 67 129 68
f 7387 7449 7448
f 7387 7388 7449
f 68 129 130
f 68 130 69
f 7388 7450 7449
f 7388 7389 7450
f 69 130 131
f 69 131 70
f 7389 7451 7450
f 7389 7390 7451
f 70 131 132
f 70 132 71
f 7390 7452 7451
f 7390 7391 7452
f 71 132 133
f 71 133 72
f 7391 7453 7452
f 7391 7392 7453
f 72 133 134
f 72 134 73
f 7392 7454 7453
f 7392 7393 7454
f 73 134 135
f 73 135 74
f 7393 7455 7454
f 7393 7394 7455
f 74 135 136
f 74 136 75
f 7394 7456 7455
f 7394 7395 7456
f 75 136 137
f 75 137 76
f 7395 7457 7456
f 7395 7396 7457
f 76 137 138
f 76 138 77
f 7396 7458 7457
f 7396 7397 7458
f 77 138 139
f 77 139 78
f 7397 7459 7458
f 7397 7398 7459
f 78 139 140
f 78 140 79
f 7398 7460 7459
f 7398 7399 7460
f 79 140 141
f 79 141 80
f 7399 7461 7460
f 7399 7400 7461
f 80 141 142
f 80 142 81
f 7400 7462 7461
f 7400 7401 7462
f 81 142 143
f 81 143 82
f 7401 7463 7462
f 7401 7402 7463
f 82 143 144
f 82 144 83
f 7402 7464 7463
f 7402 7403 7464
f 83 144 145
f 83 145 84
f 7403 7465 7464
f 7403 7404 7465
f 84 145 146
f 84 146 85
f 7404 7466 7465
f 7404 7405 7466
f 85 146 147
f 85 147 86
f 7405 7467 7466
f 7405 7406 7467
f 86 147 148
f 86 148 87
f 7406 7468 7467
f 7406 7407 7468
f 87 148 149
f 87 149 88
f 7407 7469 7468
f 7407 7408 7469
f 88 149 150
f 88 150 89
f 7408 7470 7469
f 7408 7409 7470
f 89 150 151
f 89 151 90
f 7409 7471 7470
f 7409 7410 7471
f 90 151 152
f 90 152 91
f 7410 7472 7471
f 7410 7411 7472
f 91 152 153
f 91 153 92
f 7411 7473 7472
f 7411 7412 7473
f 92 153 154
f 92 154 93
f 7412 7474 7473
f 7412 7413 7474
f 93 154 155
f 93 155 94
f 7413 7475 7474
f 7413 7414 7475
f 94 155 156
f 94 156 95
f 7414 7476 7475
f 7414 7415 7476
f 95 156 157
f 95 157 96
f 7415 7477 7476
f 7415 7416 7477
f 96 157 158
f 96 158 97
f 7416 7478 7477
f 7416 7417 7478
f 97 158 159
f 97 159 98
f 7417 7479 7478
f 7417 7418 7479
f 98 159 160
f 98 160 99
f 7418 7480 7479
f 7418 7419 7480
f 99 160 161
f 99 161 100
f 7419 7481 7480
f 7419 7420 7481
f 100 161 162
f 100 162 101
f 7420 7482 7481
f 7420 7421 7482
f 101 162 163
f 101 163 102
f 7421 7483 7482
f 7421 7422 7483
f 102 163 164
f 102 164 103
f 7422 7484 7483
f 7422 7423 7484
f 103 164 165
f 103 165 104
f 7423 7485 7484
f 7423 7424 7485
f 104 165 166
f 104 166 105
f 7424 7486 7485
f 7424 7425 7486
f 105 166 167
f 105 167 106
f 7425 7487 7486
f 7425 7426 7487
f 106 167 168
f 106 168 107
f 7426 7488 7487
f 7426 7427 7488
f 107 168 169
f 107 169 108
f 7427 7489 7488
f 7427 7428 7489
f 108 169 170
f 108 170 109
f 7428 7490 7489
f 7428 7429 7490
f 109 170 171
f 109 171 110
f 7429 7491 7490
f 7429 7430 7491
f 110 171 172
f 110 172 111
f 7430 7492 7491
f 7430 7431 7492
f 111 172 173
f 111 173 112
f 7431 7493 7492
f 7431 7432 7493
f 112 173 174
f 112 174 113
f 7432 7494 7493
f 7432 7433 7494
f 113 174 175
f 113 175 114
f 7433 7495 7494
f 7433 7434 7495
f 114 175 176
f 114 176 115
f 7434 7496 7495
f 7434 7435 7496
f 115 176 177
f 115 177 116
f 7435 7497 7496
f 7435 7436 7497
f 116 177 178
f 116 178 117
f 7436 7498 7497
f 7436 7437 7498
f 117 178 179
f 117 179 118
f 7437 7499 7498
f 7437 7438 7499
f 118 179 180
f 118 180 119
f 7438 7500 7499
f 7438 7439 7500
f 119 180 181
f 119 181 120
f 7439 7501 7500
f 7439 7440 7501
f 120 181 182
f 120 182 121
f 7440 7502 7501
f 7440 7441 7502
f 121 182 183
f 121 183 122
f 7441 7503 7502
f 7441 7442 7503
f 123 184 185
f 123 185 124
f 7443 7505 7504
f 7443 7444 7505
f 124 185 186
f 124 186 125
f 7444 7506 7505
f 7444 7445 7506
f 125 186 187
f 125 187 126
f 7445 7507 7506
f 7445 7446 7507
f 126 187 188
f 126 188 127
f 7446 7508 7507
f 7446 7447 7508
f 127 188 189
f 127 189 128
f 7447 7509 7508
f 7447 7448 7509
f 128 189 190
f 128 190 129
f 7448 7510 7509
f 7448 7449 7510
f 129 190 191
f 129 191 130
f 7449 7511 7510
f 7449 7450 7511
f 130 191 192
f 130 192 131
f 7450 7512 7511
f 7450 7451 7512
f 131 192 193
f 131 193 132
f 7451 7513 7512
f 7451 7452 7513
f 132 193 194
f 132 194 133
f 7452 7514 7513
f 7452 7453 7514
f 133 194 195
f 133 195 134
f 7453 7515 7514
f 7453 7454 7515
f 134 195 196
f 134 196 135
f 7454 7516 7515
f 7454 7455 7516
f 135 196 197
f 135 197 136
f 7455 7517 7516
f 7455 7456 7517
f 136 197 198
f 136 198 137
f 7456 7518 7517
f 7456 7457 7518
f 137 198 199
f 137 199 138
f 7457 7519 7518
f 7457 7458 7519
f 138 199 200
f 138 200 139
f 7458 7520 7519
f 7458 7459 7520
f 139 200 201
f 139 201 140
f 7459 7521 7520
f 7459 7460 7521
f 140 201 202
f 140 202 141
f 7460 7522 7521
f 7460 7461 7522
f 141 202 203
f 141 203 142
f 7461 7523 7522
f 7461 7462 7523
f 142 203 204
f 142 204 143
f 7462 7524 7523
f 7462 7463 7524
f 143 204 205
f 143 205 144
f 7463 7525 7524
f 7463 7464 7525
f 144 205 206
f 144 206 145
f 7464 7526 7525
f 7464 7465 7526
f 145 206 207
f 145 207 146
f 7465 7527 7526
f 7465 7466 7527
f 146 207 208
f 146 208 147
f 7466 7528 7527
f 7466 7467 7528
f 147 208 209
f 147 209 148
f 7467 7529 7528
f 7467 7468 7529
f 148 209 210
f 148 210 149
f 7468 7530 7529
f 7468 7469 7530
f 149 210 211
f 149 211 150
f 7469 7531 7530
f 7469 7470 7531
f 150 211 212
f 150 212 151
f 7470 7532 7531
f 7470 7471 7532
f 151 212 213
f 151 213 152
f 7471 7533 7532
f 7471 7472 7533
f 152 213 214
f 152 214 153
f 7472 7534 7533
f 7472 7473 7534
f 153 214 215
f 153 215 154
f 7473 7535 7534
f 7473 7474 7535
f 154 215 216
f 154 216 155
f 7474 7536 7535
f 7474 7475 7536
f 155 216 217
f 155 217 156
f 7475 7537 7536
f 7475 7476 7537
f 156 217 218
f 156 218 157
f 7476 7538 7537
f 7476 7477 7538
f 157 218 219
f 157 219 158
f 7477 7539 7538
f 7477 7478 7539
f 158 219 220
f 158 220 159
f 7478 7540 7539
f 7478 7479 7540
f 159 220 221
f 159 221 160
f 7479 7541 7540
f 7479 7480 7541
f 160 221 222
f 160 222 161
f 7480 7542 7541
f 7480 7481 7542
f 161 222 223
f 161 223 162
f 7481 7543 7542
f 7481 7482 7543
f 162 223 224
f 162 224 163
f 7482 7544 7543
f 7482 7483 7544
f 163 224 225
f 163 225 164
f 7483 7545 7544
f 7483 7484 7545
f 164 225 226
f 164 226 165
f 7484 7546 7545
f 7484 7485 7546
f 165 226 227
f 165 227 166
f 7485 7547 7546
f 7485 7486 7547
f 166 227 228
f 166 228 167
f 7486 7548 7547
f 7486 7487 7548
f 167 228 229
f 167 229 168
f 7487 7549 7548
f 7487 7488 7549
f 168 229 230
f 168 230 169
f 7488 7550 7549
f 7488 7489 7550
f 169 230 231
f 169 231 170
f 7489 7551 7550
f 7489 7490 7551
f 170 231 232
f 170 232 171
f 7490 7552 7551
f 7490 7491 7552
f 171 232 233
f 171 233 172
f 7491 7553 7552
f 7491 7492 7553
f 172 233 234
f 172 234 173
f 7492 7554 7553
f 7492 7493 7554
f 173 234 235
f 173 235 174
f 7493 7555 7554
f 7493 7494 7555
f 174 235 236
f 174 236 175
f 7494 7556 7555
f 7494 7495 7556
f 175 236 237
f 175 237 176
f 7495 7557 7556
f 7495 7496 7557
f 176 237 238
f 176 238 177
f 7496 7558 7557
f 7496 7497 7558
f 177 238 239
f 177 239 178
f 7497 7559 7558
f 7497 7498 7559
f 178 239 240
f 178 240 179
f 7498 7560 7559
f 7498 7499 7560
f 179 240 241
f 179 241 180
f 7499 7561 7560
f 7499 7500 7561
f 180 241 242
f 180 242 181
f 7500 7562 7561
f 7500 7501 7562
f 181 242 243
f 181 243 182
f 7501 7563 7562
f 7501 7502 7563
f 182 243 244
f 182 244 183
f 7502 7564 7563
f 7502 7503 7564
f 184 245 246
f 184 246 185
f 7504 7566 7565
f 7504 7505 7566
f 185 246 247
f 185 247 186
f 7505 7567 7566
f 7505 7506 7567
f 186 247 248
f 186 248 187
f 7506 7568 7567
f 7506 7507 7568
f 187 248 249
f 187 249 188
f 7507 7569 7568
f 7507 7508 7569
f 188 249 250
f 188 250 189
f 7508 7570 7569
f 7508 7509 7570
f 189 250 251
f 189 251 190
f 7509 7571 7570
f 7509 7510 7571
f 190 251 252
f 190 252 191
f 7510 7572 7571
f 7510 7511 7572
f 191 252 253
f 191 253 192
f 7511 7573 7572
f 7511 7512 7573
f 192 253 254
f 192 254 193
f 7512 7574 7573
f 7512 7513 7574
f 193 254 255
f 193 255 194
f 7513 7575 7574
f 7513 7514 7575
f 194 255 256
f 194 256 195
f 7514 7576 7575
f 7514 7515 7576
f 195 256 257
f 195 257 196
f 7515 7577 7576
f 7515 7516 7577
f 196 257 258
f 196 258 197
f 7516 7578 7577
f 7516 7517 7578
f 197 258 259
f 197 259 198
f 7517 7579 7578
f 7517 7518 7579
f 198 259 260
f 198 260 199
f 7518 7580 7579
f 7518 7519 7580
f 199 260 261
f 199 261 200
f 7519 7581 7580
f 7519 7520 7581
f 200 261 262
f 200 262 201
f 7520 7582 7581
f 7520 7521 7582
f 201 262 263
f 201 263 202
f 7521 7583 7582
f 7521 7522 7583
f 202 263 264
f 202 264 203
f 7522 7584 7583
f 7522 7523 7584
f 203 264 265
f 203 265 204
f 7523 7585 7584
f 7523 7524 7585
f 204 265 266
f 204 266 205
f 7524 7586 7585
f 7524 7525 7586
f 205 266 267
f 205 267 206
f 7525 7587 7586
f 7525 7526 7587
f 206 267 268
f 206 268 207
f 7526 7588 7587
f 7526 7527 7588
f 207 268 269
f 207 269 208
f 7527 7589 7588
f 7527 7528 7589
f 208 269 270
f 208 270 209
f 7528 7590 7589
f 7528 7529 7590
f 209 270 271
f 209 271 210
f 7529 7591 7590
f 7529 7530 7591
f 210 271 272
f 210 272 211
f 7530 7592 7591
f 7530 7531 7592
f 211 272 273
f 211 273 212
f 7531 7593 7592
f 7531 7532 7593
f 212 273 274
f 212 274 213
f 7532 7594 7593
f 7532 7533 7594
f 213 274 275
f 213 275 214
f 7533 7595 7594
f 7533 7534 7595
f 214 275 276
f 214 276 215
f 7534 7596 7595
f 7534 7535 7596
f 215 276 277
f 215 277 216
f 7535 7597 7596
f 7535 7536 7597
f 216 277 278
f 216 278 217
f 7536 7598 7597
f 7536 7537 7598
f 217 278 279
f 217 279 218
f 7537 7599 7598
f 7537 7538 7599
f 218 279 280
f 218 280 219
f 7538 7600 7599
f 7538 7539 7600
f 219 280 281
f 219 281 220
f 7539 7601 7600
f 7539 7540 7601
f 220 281 282
f 220 282 221
f 7540 7602 7601
f 7540 7541 7602
f 221 282 283
f 221 283 222
f 7541 7603 7602
f 7541 7542 7603
f 222 283 284
f 222 284 223
f 7542 7604 7603
f 7542 7543 7604
f 223 284 285
f 223 285 224
f 7543 7605 7604
f 7543 7544 7605
f 224 285 286
f 224 286 225
f 7544 7606 7605
f 7544 7545 7606
f 225 286 287
f 225 287 226
f 7545 7607 7606
f 7545 7546 7607
f 226 287 288
f 226 288 227
f 7546 7608 7607
f 7546 7547 7608
f 227 288 289
f 227 289 228
f 7547 7609 7608
f 7547 7548 7609
f 228 289 290
f 228 290 229
f 7548 7610 7609
f 7548 7549 7610
f 229 290 291
f 229 291 230
f 7549 7611 7610
f 7549 7550 7611
f 230 291 292
f 230 292 231
f 7550 7612 7611
f 7550 7551 7612
f 231 292 293
f 231 293 232
f 7551 7613 7612
f 7551 7552 7613
f 232 293 294
f 232 294 233
f 7552 7614 7613
f 7552 7553 7614
f 233 294 295
f 233 295 234
f 7553 7615 7614
f 7553 7554 7615
f 234 295 296
f 234 296 235
f 7554 7616 7615
f 7554 7555 7616
f 235 296 297
f 235 297 236
f 7555 7617 7616
f 7555 7556 7617
f 236 297 298
f 236 298 237
f 7556 7618 7617
f 7556 7557 7618
f 237 298 299
f 237 299 238
f 7557 7619 7618
f 7557 7558 7619
f 238 299 300
f 238 300 239
f 7558 7620 7619
f 7558 7559 7620
f 239 300 301
f 239 301 240
f 7559 7621 7620
f 7559 7560 7621
f 240 301 302
f 240 302 241
f 7560 7622 7621
f 7560 7561 7622
f 241 302 303
f 241 303 242
f 7561 7623 7622
f 7561 7562 7623
f 242 303 304
f 242 304 243
f 7562 7624 7623
f 7562 7563 7624
f 243 304 305
f 243 305 244
f 7563 7625 7624
f 7563 7564 7625
f 245 306 307
f 245 307 246
f 7565 7627 7626
f 7565 7566 7627
f 246 307 308
f 246 308 247
f 7566 7628 7627
f 7566 7567 7628
f 247 308 309
f 247 309 248
f 7567 7629 7628
f 7567 7568 7629
f 248 309 310
f 248 310 249
f 7568 7630 7629
f 7568 7569 7630
f 249 310 311
f 249 311 250
f 7569 7631 7630
f 7569 7570 7631
f 250 311 312
f 250 312 251
f 7570 7632 7631
f 7570 7571 7632
f 251 312 313
f 251 313 252
f 7571 7633 7632
f 7571 7572 7633
f 252 313 314
f 252 314 253
f 7572 7634 7633
f 7572 7573 7634
f 253 314 315
f 253 315 254
f 7573 7635 7634
f 7573 7574 7635
f 254 315 316
f 254 316 255
f 7574 7636 7635
f 7574 7575 7636
f 255 316 317
f 255 317 256
f 7575 7637 7636
f 7575 7576 7637
f 256 317 318
f 256 318 257
f 7576 7638 7637
f 7576 7577 7638
f 257 318 319
f 257 319 258
f 7577 7639 7638
f 7577 7578 7639
f 258 319 320
f 258 320 259
f 7578 7640 7639
f 7578 7579 7640
f 259 320 321
f 259 321 260
f 7579 7641 7640
f 7579 7580 7641
f 260 321 322
f 260 322 261
f 7580 7642 7641
f 7580 7581 7642
f 261 322 323
f 261 323 262
f 7581 7643 7642
f 7581 7582 7643
f 262 323 324
f 262 324 263
f 7582 7644 7643
f 7582 7583 7644
f 263 324 325
f 263 325 264
f 7583 7645 7644
f 7583 7584 7645
f 264 325 326
f 264 326 265
f 7584 7646 7645
f 7584 7585 7646
f 265 326 327
f 265 327 266
f 7585 7647 7646
f 7585 7586 7647
f 266 327 328
f 266 328 267
f 7586 7648 7647
f 7586 7587 7648
f 267 328 329
f 267 329 268
f 7587 7649 7648
f 7587 7588 7649
f 268 329 330
f 268 330 269
f 7588 7650 7649
f 7588 7589 7650
f 269 330 331
f 269 331 270
f 7589 7651 7650
f 7589 7590 7651
f 270 331 332
f 270 332 271
f 7590 7652 7651
f 7590 7591 7652
f 271 332 333
f 271 333 272
f 7591 7653 7652
f 7591 7592 7653
f 272 333 334
f 272 334 273
f 7592 7654 7653
f 7592 7593 7654
f 273 334 335
f 273 335 274
f 7593 7655 7654
f 7593 7594 7655
f 274 335 336
f 274 336 275
f 7594 7656 7655
f 7594 7595 7656
f 275 336 337
f 275 337 276
f 7595 7657 7656
f 7595 7596 7657
f 276 337 338
f 276 338 277
f 7596 7658 7657
f 7596 7597 7658
f 277 338 339
f 277 339 278
f 7597 7659 7658
f 7597 7598 7659
f 278 339 340
f 278 340 279
f 7598 7660 7659
f 7598 7599 7660
f 279 340 341
f 279 341 280
f 7599 7661 7660
f 7599 7600 7661
f 280 341 342
f 280 342 281
f 7600 7662 7661
f 7600 7601 7662
f 281 342 343
f 281 343 282
f 7601 7663 7662
f 7601 7602 7663
f 282 343 344
f 282 344 283
f 7602 7664 7663
f 7602 7603 7664
f 283 344 345
f 283 345 284
f 7603 7665 7664
f 7603 7604 7665
f 284 345 346
f 284 346 285
f 7604 7666 7665
f 7604 7605 7666
f 285 346 347
f 285 347 286
f 7605 7667 7666
f 7605 7606 7667
f 286 347 348
f 286 348 287
f 7606 7668 7667
f 7606 7607 7668
f 287 348 349
f 287 349 288
f 7607 7669 7668
f 7607 7608 7669
f 288 349 350
f 288 350 289
f 7608 7670 7669
f 7608 7609 7670
f 289 350 351
f 289 351 290
f 7609 7671 7670
f 7609 7610 7671
f 290 351 352
f 290 352 291
f 7610 7672 7671
f 7610 7611 7672
f 291 352 353
f 291 353 292
f 7611 7673 7672
f 7611 7612 7673
f 292 353 354
f 292 354 293
f 7612 7674 7673
f 7612 7613 7674
f 293 354 355
f 293 355 294
f 7613 7675 7674
f 7613 7614 7675
f 294 355 356
f 294 356 295
f 7614 7676 7675
f 7614 7615 7676
f 295 356 357
f 295 357 296
f 7615 7677 7676
f 7615 7616 7677
f 296 357 358
f 296 358 297
f 7616 7678 7677
f 7616 7617 7678
f 297 358 359
f 297 359 298
f 7617 7679 7678
f 7617 7618 7679
f 298 359 360
f 298 360 299
f 7618 7680 7679
f 7618 7619 7680
f 299 360 361
f 299 361 300
f 7619 7681 7680
f 7619 7620 7681
f 300 361 362
f 300 362 301
f 7620 7682 7681
f 7620 7621 7682
f 301 362 363
f 301 363 302
f 7621 7683 7682
f 7621 7622 7683
f 302 363 364
f 302 364 303
f 7622 7684 7683
f 7622 7623 7684
f 303 364 365
f 303 365 304
f 7623 7685 7684
f 7623 7624 7685
f 304 365 366
f 304 366 305
f 7624 7686 7685
f 7624 7625 7686
f 306 367 368
f 306 368 307
f 7626 7688 7687
f 7626 7627 7688
f 307 368 369
f 307 369 308
f 7627 7689 7688
f 7627 7628 7689
f 308 369 370
f 308 370 309
f 7628 7690 7689
f 7628 7629 7690
f 309 370 371
f 309 371 310
f 7629 7691 7690
f 7629 7630 7691
f 310 371 372
f 310 372 311
f 7630 7692 7691
f 7630 7631 7692
f 311 372 373
f 311 373 312
f 7631 7693 7692
f 7631 7632 7693
f 312 373 374
f 312 374 313
f 7632 7694 7693
f 7632 7633 7694
f 313 374 375
f 313 375 314
f 7633 7695 7694
f 7633 7634 7695
f 314 375 376
f 314 376 315
f 7634 7696 7695
f 7634 7635 7696
f 315 376 377
f 315 377 316
f 7635 7697 7696
f 7635 7636 7697
f 316 377 378
f 316 378 317
f 7636 7698 7697
f 7636 7637 7698
f 317 378 379
f 317 379 318
f 7637 7699 7698
f 7637 7638 7699
f 318 379 380
f 318 380 319
f 7638 7700 7699
f 7638 7639 7700
f 319 380 381
f 319 381 320
f 7639 7701 7700
f 7639 7640 7701
f 320 381 382
f 320 382 321
f 7640 7702 7701
f 7640 7641 7702
f 321 382 383
f 321 383 322
f 7641 7703 7702
f 7641 7642 7703
f 322 383 384
f 322 384 323
f 7642 7704 7703
f 7642 7643 7704
f 323 384 385
f 323 385 324
f 7643 7705 7704
f 7643 7644 7705
f 324 385 386
f 324 386 325
f 7644 7706 7705
f 7644 7645 7706
f 325 386 387
f 325 387 326
f 7645 7707 7706
f 7645 7646 7707
f 326 387 388
f 326 388 327
f 7646 7708 7707
f 7646 7647 7708
f 327 388 389
f 327 389 328
f 7647 7709 7708
f 7647 7648 7709
f 328 389 390
f 328 390 329
f 7648 7710 7709
f 7648 7649 7710
f 329 390 391
f 329 391 330
f 7649 7711 7710
f 7649 7650 7711
f 330 391 392
f 330 392 331
f 7650 7712 7711
f 7650 7651 7712
f 331 392 393
f 331 393 332
f 7651 7713 7712
f 7651 7652 7713
f 332 393 394
f 332 394 333
f 7652 7714 7713
f 7652 7653 7714
f 333 394 395
f 333 395 334
f 7653 7715 7714
f 7653 7654 7715
f 334 395 396
f 334 396 335
f 7654 7716 7715
f 7654 7655 7716
f 335 396 397
f 335 397 336
f 7655 7717 7716
f 7655 7656 7717
f 336 397 398
f 336 398 337
f 7656 7718 7717
f 7656 7657 7718
f 337 398 399
f 337 399 338
f 7657 7719 7718
f 7657 7658 7719
f 338 399 400
f 338 400 339
f 7658 7720 7719
f 7658 7659 7720
f 339 400 401
f 339 401 340
f 7659 7721 7720
f 7659 7660 7721
f 340 401 402
f 340 402 341
f 7660 7722 7721
f 7660 7661 7722
f 341 402 403
f 341 403 342
f 7661 7723 7722
f 7661 7662 7723
f 342 403 404
f 342 404 343
f 7662 7724 7723
f 7662 7663 7724
f 343 404 405
f 343 405 344
f 7663 7725 7724
f 7663 7664 7725
f 344 405 406
f 344 406 345
f 7664 7726 7725
f 7664 7665 7726
f 345 406 407
f 345 407 346
f 7665 7727 7726
f 7665 7666 7727
f 346 407 408
f 346 408 347
f 7666 7728 7727
f 7666 7667 7728
f 347 408 409
f 347 409 348
f 7667 7729 7728
f 7667 7668 7729
f 348 409 410
f 348 410 349
f 7668 7730 7729
f 7668 7669 7730
f 349 410 411
f 349 411 350
f 7669 7731 7730
f 7669 7670 7731
f 350 411 412
f 350 412 351
f 7670 7732 7731
f 7670 7671 7732
f 351 412 413
f 351 413 352
f 7671 7733 7732
f 7671 7672 7733
f 352 413 414
f 352 414 353
f 7672 7734 7733
f 7672 7673 7734
f 353 414 415
f 353 415 354
f 7673 7735 7734
f 7673 7674 7735
f 354 415 416
f 354 416 355
f 7674 7736 7735
f 7674 7675 7736
f 355 416 417
f 355 417 356
f 7675 7737 7736
f 7675 7676 7737
f 356 417 418
f 356 418 357
f 7676 7738 7737
f 7676 7677 7738
f 357 418 419
f 357 419 358
f 7677 7739 7738
f 7677 7678 7739
f 358 419 420
f 358 420 359
f 7678 7740 7739
f 7678 7679 7740
f 359 420 421
f 359 421 360
f 7679 7741 7740
f 7679 7680 7741
f 360 421 422
f 360 422 361
f 7680 7742 7741
f 7680 7681 7742
f 361 422 423
f 361 423 362
f 7681 7743 7742
f 7681 7682 7743
f 362 423 424
f 362 424 363
f 7682 7744 7743
f 7682 7683 7744
f 363 424 425
f 363 425 364
f 7683 7745 7744
f 7683 7684 7745
f 364 425 426
f 364 426 365
f 7684 7746 7745
f 7684 7685 7746
f 365 426 427
f 365 427 366
f 7685 7747 7746
f 7685 7686 7747
f 367 428 429
f 367 429 368
f 7687 7749 7748
f 7687 7688 7749
f 368 429 430
f 368 430 369
f 7688 7750 7749
f 7688 7689 7750
f 369 430 431
f 369 431 370
f 7689 7751 7750
f 7689 7690 7751
f 370 431 432
f 370 432 371
f 7690 7752 7751
f 7690 7691 7752
f 371 432 433
f 371 433 372
f 7691 7753 7752
f 7691 7692 7753
f 372 433 434
f 372 434 373
f 7692 7754 7753
f 7692 7693 7754
f 373 434 435
f 373 435 374
f 7693 7755 7754
f 7693 7694 7755
f 374 435 436
f 374 436 375
f 7694 7756 7755
f 7694 7695 7756
f 375 436 437
f 375 437 376
f 7695 7757 7756
f 7695 7696 7757
f 376 437 438
f 376 438 377
f 7696 7758 7757
f 7696 7697 7758
f 377 438 439
f 377 439 378
f 7697 7759 7758
f 7697 7698 7759
f 378 439 440
f 378 440 379
f 7698 7760 7759
f 7698 7699 7760
f 379 440 441
f 379 441 380
f 7699 7761 7760
f 7699 7700 7761
f 380 441 442
f 380 442 381
f 7700 7762 7761
f 7700 7701 7762
f 381 442 443
f 381 443 382
f 7701 7763 7762
f 7701 7702 7763
f 382 443 444
f 382 444 383
f 7702 7764 7763
f 7702 7703 7764
f 383 444 445
f 383 445 384
f 7703 7765 7764
f 7703 7704 7765
f 384 445 446
f 384 446 385
f 7704 7766 7765
f 7704 7705 7766
f 385 446 447
f 385 447 386
f 7705 7767 7766
f 7705 7706 7767
f 386 447 448
f 386 448 387
f 7706 7768 7767
f 7706 7707 7768
f 387 448 449
f 387 449 388
f 7707 7769 7768
f 7707 7708 7769
f 388 449 450
f 388 450 389
f 7708 7770 7769
f 7708 7709 7770
f 389 450 451
f 389 451 390
f 7709 7771 7770
f 7709 7710 7771
f 390 451 452
f 390 452 391
f 7710 7772 7771
f 7710 7711 7772
f 391 452 453
f 391 453 392
f 7711 7773 7772
f 7711 7712 7773
f 392 453 454
f 392 454 393
f 7712 7774 7773
f 7712 7713 7774
f 393 454 455
f 393 455 394
f 7713 7775 7774
f 7713 7714 7775
f 394 455 456
f 394 456 395
f 7714 7776 7775
f 7714 7715 7776
f 395 456 457
f 395 457 396
f 7715 7777 7776
f 7715 7716 7777
f 396 457 458
f 396 458 397
f 7716 7778 7777
f 7716 7717 7778
f 397 458 459
f 397 459 398
f 7717 7779 7778
f 7717 7718 7779
f 398 459 460
f 398 460 399
f 7718 7780 7779
f 7718 7719 7780
f 399 460 461
f 399 461 400
f 7719 7781 7780
f 7719 7720 7781
f 400 461 462
f 400 462 401
f 7720 7782 7781
f 7720 7721 7782
f 401 462 463
f 401 463 402
f 7721 7783 7782
f 7721 7722 7783
f 402 463 464
f 402 464 403
f 7722 7784 7783
f 7722 7723 7784
f 403 464 465
f 403 465 404
f 7723 7785 7784
f 7723 7724 7785
f 404 465 466
f 404 466 405
f 7724 7786 7785
f 7724 7725 7786
f 405 466 467
f 405 467 406
f 7725 7787 7786
f 7725 7726 7787
f 406 467 468
f 406 468 407
f 7726 7788 7787
f 7726 7727 7788
f 407 468 469
f 407 469 408
f 7727 7789 7788
f 7727 7728 7789
f 408 469 470
f 408 470 409
f 7728 7790 7789
f 7728 7729 7790
f 409 470 471
f 409 471 410
f 7729 7791 7790
f 7729 7730 7791
f 410 471 472
f 410 472 411
f 7730 7792 7791
f 7730 7731 7792
f 411 472 473
f 411 473 412
f 7731 7793 7792
f 7731 7732 7793
f 412 473 474
f 412 474 413
f 7732 7794 7793
f 7732 7733 7794
f 413 474 475
f 413 475 414
f 7733 7795 7794
f 7733 7734 7795
f 414 475 476
f 414 476 415
f 7734 7796 7795
f 7734 7735 7796
f 415 476 477
f 415 477 416
f 7735 7797 7796
f 7735 7736 7797
f 416 477 478
f 416 478 417
f 7736 7798 7797
f 7736 7737 7798
f 417 478 479
f 417 479 418
f 7737 7799 7798
f 7737 7738 7799
f 418 479 480
f 418 480 419
f 7738 7800 7799
f 7738 7739 7800
f 419 480 481
f 419 481 420
f 7739 7801 7800
f 7739 7740 7801
f 420 481 482
f 420 482 421
f 7740 7802 7801
f 7740 7741 7802
f 421 482 483
f 421 483 422
f 7741 7803 7802
f 7741 7742 7803
f 422 483 484
f 422 484 423
f 7742 7804 7803
f 7742 7743 7804
f 423 484 485
f 423 485 424
f 7743 7805 7804
f 7743 7744 7805
f 424 485 486
f 424 486 425
f 7744 7806 7805
f 7744 7745 7806
f 425 486 487
f 425 487 426
f 7745 7807 7806
f 7745 7746 7807
f 426 487 488
f 426 488 427
f 7746 7808 7807
f 7746 7747 7808
f 428 489 490
f 428 490 429
f 7748 7810 7809
f 7748 7749 7810
f 429 490 491
f 429 491 430
f 7749 7811 7810
f 7749 7750 7811
f 430 491 492
f 430 492 431
f 7750 7812 7811
f 7750 7751 7812
f 431 492 493
f 431 493 432
f 7751 7813 7812
f 7751 7752 7813
f 432 493 494
f 432 494 433
f 7752 7814 7813
f 7752 7753 7814
f 433 494 495
f 433 495 434
f 7753 7815 7814
f 7753 7754 7815
f 434 495 496
f 434 496 435
f 7754 7816 7815
f 7754 7755 7816
f 435 496 497
f 435 497 436
f 7755 7817 7816
f 7755 7756 7817
f 436 497 498
f 436 498 437
f 7756 7818 7817
f 7756 7757 7818
f 437 498 499
f 437 499 438
f 7757 7819 7818
f 7757 7758 7819
f 438 499 500
f 438 500 439
f 7758 7820 7819
f 7758 7759 7820
f 439 500 501
f 439 501 440
f 7759 7821 7820
f 7759 7760 7821
f 440 501 502
f 440 502 441
f 7760 7822 7821
f 7760 7761 7822
f 441 502 503
f 441 503 442
f 7761 7823 7822
f 7761 7762 7823
f 442 503 504
f 442 504 443
f 7762 7824 7823
f 7762 7763 7824
f 443 504 505
f 443 505 444
f 7763 7825 7824
f 7763 7764 7825
f 444 505 506
f 444 506 445
f 7764 7826 7825
f 7764 7765 7826
f 445 506 507
f 445 507 446
f 7765 7827 7826
f 7765 7766 7827
f 446 507 508
f 446 508 447
f 7766 7828 7827
f 7766 7767 7828
f 447 508 509
f 447 509 448
f 7767 7829 7828
f 7767 7768 7829
f 448 509 510
f 448 510 449
f 7768 7830 7829
f 7768 7769 7830
f 449 510 511
f 449 511 450
f 7769 7831 7830
f 7769 7770 7831
f 450 511 512
f 450 512 451
f 7770 7832 7831
f 7770 7771 7832
f 451 512 513
f 451 513 452
f 7771 7833 7832
f 7771 7772 7833
f 452 513 514
f 452 514 453
f 7772 7834 7833
f 7772 7773 7834
f 453 514 515
f 453 515 454
f 7773 7835 7834
f 7773 7774 7835
f 454 515 516
f 454 516 455
f 7774 7836 7835
f 7774 7775 7836
f 455 516 517
f 455 517 456
f 7775 7837 7836
f 7775 7776 7837
f 456 517 518
f 456 518 457
f 7776 7838 7837
f 7776 7777 7838
f 457 518 519
f 457 519 458
f 7777 7839 7838
f 7777 7778 7839
f 458 519 520
f 458 520 459
f 7778 7840 7839
f 7778 7779 7840
f 459 520 521
f 459 521 460
f 7779 7841 7840
f 7779 7780 7841
f 460 521 522
f 460 522 461
f 7780 7842 7841
f 7780 7781 7842
f 461 522 523
f 461 523 462
f 7781 7843 7842
f 7781 7782 7843
f 462 523 524
f 462 524 463
f 7782 7844 7843
f 7782 7783 7844
f 463 524 525
f 463 525 464
f 7783 7845 7844
f 7783 7784 7845
f 464 525 526
f 464 526 465
f 7784 7846 7845
f 7784 7785 7846
f 465 526 527
f 465 527 466
f 7785 7847 7846
f 7785 7786 7847
f 466 527 528
f 466 528 467
f 7786 7848 7847
f 7786 7787 7848
f 467 528 529
f 467 529 468
f 7787 7849 7848
f 7787 7788 7849
f 468 529 530
f 468 530 469
f 7788 7850 7849
f 7788 7789 7850
f 469 530 531
f 469 531 470
f 7789 7851 7850
f 7789 7790 7851
f 470 531 532
f 470 532 471
f 7790 7852 7851
f 7790 7791 7852
f 471 532 533
f 471 533 472
f 7791 7853 7852
f 7791 7792 7853
f 472 533 534
f 472 534 473
f 7792 7854 7853
f 7792 7793 7854
f 473 534 535
f 473 535 474
f 7793 7855 7854
f 7793 7794 7855
f 474 535 536
f 474 536 475
f 7794 7856 7855
f 7794 7795 7856
f 475 536 537
f 475 537 476
f 7795 7857 7856
f 7795 7796 7857
f 476 537 538
f 476 538 477
f 7796 7858 7857
f 7796 7797 7858
f 477 538 539
f 477 539 478
f 7797 7859 7858
f 7797 7798 7859
f 478 539 540
f 478 540 479
f 7798 7860 7859
f 7798 7799 7860
f 479 540 541
f 479 541 480
f 7799 7861 7860
f 7799 7800 7861
f 480 541 542
f 480 542 481
f 7800 7862 7861
f 7800 7801 7862
f 481 542 543
f 481 543 482
f 7801 7863 7862
f 7801 7802 7863
f 482 543 544
f 482 544 483
f 7802 7864 7863
f 7802 7803 7864
f 483 544 545
f 483 545 484
f 7803 7865 7864
f 7803 7804 7865
f 484 545 546
f 484 546 485
f 7804 7866 7865
f 7804 7805 7866
f 485 546 547
f 485 547 486
f 7805 7867 7866
f 7805 7806 7867
f 486 547 548
f 486 548 487
f 7806 7868 7867
f 7806 7807 7868
f 487 548 549
f 487 549 488
f 7807 7869 7868
f 7807 7808 7869
f 489 550 551
f 489 551 490
f 7809 7871 7870
f 7809 7810 7871
f 490 551 552
f 490 552 491
f 7810 7872 7871
f 7810 7811 7872
f 491 552 553
f 491 553 492
f 7811 7873 7872
f 7811 7812 7873
f 492 553 554
f 492 554 493
f 7812 7874 7873
f 7812 7813 7874
f 493 554 555
f 493 555 494
f 7813 7875 7874
f 7813 7814 7875
f 494 555 556
f 494 556 495
f 7814 7876 7875
f 7814 7815 7876
f 495 556 557
f 495 557 496
f 7815 7877 7876
f 7815 7816 7877
f 496 557 558
f 496 558 497
f 7816 7878 7877
f 7816 7817 7878
f 497 558 559
f 497 559 498
f 7817 7879 7878
f 7817 7818 7879
f 498 559 560
f 498 560 499
f 7818 7880 7879
f 7818 7819 7880
f 499 560 561
f 499 561 500
f 7819 7881 7880
f 7819 7820 7881
f 500 561 562
f 500 562 501
f 7820 7882 7881
f 7820 7821 7882
f 501 562 563
f 501 563 502
f 7821 7883 7882
f 7821 7822 7883
f 502 563 564
f 502 564 503
f 7822 7884 7883
f 7822 7823 7884
f 503 564 565
f 503 565 504
f 7823 7885 7884
f 7823 7824 7885
f 504 565 566
f 504 566 505
f 7824 7886 7885
f 7824 7825 7886
f 505 566 567
f 505 567 506
f 7825 7887 7886
f 7825 7826 7887
f 506 567 568
f 506 568 507
f 7826 7888 7887
f 7826 7827 7888
f 507 568 569
f 507 569 508
f 7827 7889 7888
f 7827 7828 7889
f 508 569 570
f 508 570 509
f 7828 7890 7889
f 7828 7829 7890
f 509 570 571
f 509 571 510
f 7829 7891 7890
f 7829 7830 7891
f 510 571 572
f 510 572 511
f 7830 7892 7891
f 7830 7831 7892
f 511 572 573
f 511 573 512
f 7831 7893 7892
f 7831 7832 7893
f 512 573 574
f 512 574 513
f 7832 7894 7893
f 7832 7833 7894
f 513 574 575
f 513 575 514
f 7833 7895 7894
f 7833 7834 7895
f 514 575 576
f 514 576 515
f 7834 7896 7895
f 7834 7835 7896
f 515 576 577
f 515 577 516
f 7835 7897 7896
f 7835 7836 7897
f 516 577 578
f 516 578 517
f 7836 7898 7897
f 7836 7837 7898
f 517 578 579
f 517 579 518
f 7837 7899 7898
f 7837 7838 7899
f 518 579 580
f 518 580 519
f 7838 7900 7899
f 7838 7839 7900
f 519 580 581
f 519 581 520
f 7839 7901 7900
f 7839 7840 7901
f 520 581 582
f 520 582 521
f 7840 7902 7901
f 7840 7841 7902
f 521 582 583
f 521 583 522
f 7841 7903 7902
f 7841 7842 7903
f 522 583 584
f 522 584 523
f 7842 7904 7903
f 7842 7843 7904
f 523 584 585
f 523 585 524
f 7843 7905 7904
f 7843 7844 7905
f 524 585 586
f 524 586 525
f 7844 7906 7905
f 7844 7845 7906
f 525 586 587
f 525 587 526
f 7845 7907 7906
f 7845 7846 7907
f 526 587 588
f 526 588 527
f 7846 7908 7907
f 7846 7847 7908
f 527 588 589
f 527 589 528
f 7847 7909 7908
f 7847 7848 7909
f 528 589 590
f 528 590 529
f 7848 7910 7909
f 7848 7849 7910
f 529 590 591
f 529 591 530
f 7849 7911 7910
f 7849 7850 7911
f 530 591 592
f 530 592 531
f 7850 7912 7911
f 7850 7851 7912
f 531 592 593
f 531 593 532
f 7851 7913 7912
f 7851 7852 7913
f 532 593 594
f 532 594 533
f 7852 7914 7913
f 7852 7853 7914
f 533 594 595
f 533 595 534
f 7853 7915 7914
f 7853 7854 7915
f 534 595 596
f 534 596 535
f 7854 7916 7915
f 7854 7855 7916
f 535 596 597
f 535 597 536
f 7855 7917 7916
f 7855 7856 7917
f 536 597 598
f 536 598 537
f 7856 7918 7917
f 7856 7857 7918
f 537 598 599
f 537 599 538
f 7857 7919 7918
f 7857 7858 7919
f 538 599 600
f 538 600 539
f 7858 7920 7919
f 7858 7859 7920
f 539 600 601
f 539 601 540
f 7859 7921 7920
f 7859 7860 7921
f 540 601 602
f 540 602 541
f 7860 7922 7921
f 7860 7861 7922
f 541 602 603
f 541 603 542
f 7861 7923 7922
f 7861 7862 7923
f 542 603 604
f 542 604 543
f 7862 7924 7923
f 7862 7863 7924
f 543 604 605
f 543 605 544
f 7863 7925 7924
f 7863 7864 7925
f 544 605 606
f 544 606 545
f 7864 7926 7925
f 7864 7865 7926
f 545 606 607
f 545 607 546
f 7865 7927 7926
f 7865 7866 7927
f 546 607 608
f 546 608 547
f 7866 7928 7927
f 7866 7867 7928
f 547 608 609
f 547 609 548
f 7867 7929 7928
f 7867 7868 7929
f 548 609 610
f 548 610 549
f 7868 7930 7929
f 7868 7869 7930
f 550 611 612
f 550 612 551
f 7870 7932 7931
f 7870 7871 7932
f 551 612 613
f 551 613 552
f 7871 7933 7932
f 7871 7872 7933
f 552 613 614
f 552 614 553
f 7872 7934 7933
f 7872 7873 7934
f 553 614 615
f 553 615 554
f 7873 7935 7934
f 7873 7874 7935
f 554 615 616
f 554 616 555
f 7874 7936 7935
f 7874 7875 7936
f 555 616 617
f 555 617 556
f 7875 7937 7936
f 7875 7876 7937
f 556 617 618
f 556 618 557
f 7876 7938 7937
f 7876 7877 7938
f 557 618 619
f 557 619 558
f 7877 7939 7938
f 7877 7878 7939
f 558 619 620
f 558 620 559
f 7878 7940 7939
f 7878 7879 7940
f 559 620 621
f 559 621 560
f 7879 7941 7940
f 7879 7880 7941
f 560 621 622
f 560 622 561
f 7880 7942 7941
f 7880 7881 7942
f 561 622 623
f 561 623 562
f 7881 7943 7942
f 7881 7882 7943
f 562 623 624
f 562 624 563
f 7882 7944 7943
f 7882 7883 7944
f 563 624 625
f 563 625 564
f 7883 7945 7944
f 7883 7884 7945
f 564 625 626
f 564 626 565
f 7884 7946 7945
f 7884 7885 7946
f 565 626 627
f 565 627 566
f 7885 7947 7946
f 7885 7886 7947
f 566 627 628
f 566 628 567
f 7886 7948 7947
f 7886 7887 7948
f 567 628 629
f 567 629 568
f 7887 7949 7948
f 7887 7888 7949
f 568 629 630
f 568 630 569
f 7888 7950 7949
f 7888 7889 7950
f 569 630 631
f 569 631 570
f 7889 7951 7950
f 7889 7890 7951
f 570 631 632
f 570 632 571
f 7890 7952 7951
f 7890 7891 7952
f 571 632 633
f 571 633 572
f 7891 7953 7952
f 7891 7892 7953
f 572 633 634
f 572 634 573
f 7892 7954 7953
f 7892 7893 7954
f 573 634 635
f 573 635 574
f 7893 7955 7954
f 7893 7894 7955
f 574 635 636
f 574 636 575
f 7894 7956 7955
f 7894 7895 7956
f 575 636 637
f 575 637 576
f 7895 7957 7956
f 7895 7896 7957
f 576 637 638
f 576 638 577
f 7896 7958 7957
f 7896 7897 7958
f 577 638 639
f 577 639 578
f 7897 7959 7958
f 7897 7898 7959
f 578 639 640
f 578 640 579
f 7898 7960 7959
f 7898 7899 7960
f 579 640 641
f 579 641 580
f 7899 7961 7960
f 7899 7900 7961
f 580 641 642
f 580 642 581
f 7900 7962 7961
f 7900 7901 7962
f 581 642 643
f 581 643 582
f 7901 7963 7962
f 7901 7902 7963
f 582 643 644
f 582 644 583
f 7902 7964 7963
f 7902 7903 7964
f 583 644 645
f 583 645 584
f 7903 7965 7964
f 7903 7904 7965
f 584 645 646
f 584 646 585
f 7904 7966 7965
f 7904 7905 7966
f 585 646 647
f 585 647 586
f 7905 7967 7966
f 7905 7906 7967
f 586 647 648
f 586 648 587
f 7906 7968 7967
f 7906 7907 7968
f 587 648 649
f 587 649 588
f 7907 7969 7968
f 7907 7908 7969
f 588 649 650
f 588 650 589
f 7908 7970 7969
f 7908 7909 7970
f 589 650 651
f 589 651 590
f 7909 7971 7970
f 7909 7910 7971
f 590 651 652
f 590 652 591
f 7910 7972 7971
f 7910 7911 7972
f 591 652 653
f 591 653 592
f 7911 7973 7972
f 7911 7912 7973
f 592 653 654
f 592 654 593
f 7912 7974 7973
f 7912 7913 7974
f 593 654 655
f 593 655 594
f 7913 7975 7974
f 7913 7914 7975
f 594 655 656
f 594 656 595
f 7914 7976 7975
f 7914 7915 7976
f 595 656 657
f 595 657 596
f 7915 7977 7976
f 7915 7916 7977
f 596 657 658
f 596 658 597
f 7916 7978 7977
f 7916 7917 7978
f 597 658 659
f 597 659 598
f 7917 7979 7978
f 7917 7918 7979
f 598 659 660
f 598 660 599
f 7918 7980 7979
f 7918 7919 7980
f 599 660 661
f 599 661 600
f 7919 7981 7980
f 7919 7920 7981
f 600 661 662
f 600 662 601
f 7920 7982 7981
f 7920 7921 7982
f 601 662 663
f 601 663 602
f 7921 7983 7982
f 7921 7922 7983
f 602 663 664
f 602 664 603
f 7922 7984 7983
f 7922 7923 7984
f 603 664 665
f 603 665 604
f 7923 7985 7984
f 7923 7924 7985
f 604 665 666
f 604 666 605
f 7924 7986 7985
f 7924 7925 7986
f 605 666 667
f 605 667 606
f 7925 7987 7986
f 7925 7926 7987
f 606 667 668
f 606 668 607
f 7926 7988 7987
f 7926 7927 7988
f 607 668 669
f 607 669 608
f 7927 7989 7988
f 7927 7928 7989
f 608 669 670
f 608 670 609
f 7928 7990 7989
f 7928 7929 7990
f 609 670 671
f 609 671 610
f 7929 7991 7990
f 7929 7930 7991
f 611 672 673
f 611 673 612
f 7931 7993 7992
f 7931 7932 7993
f 612 673 674
f 612 674 613
f 7932 7994 7993
f 7932 7933 7994
f 613 674 675
f 613 675 614
f 7933 7995 7994
f 7933 7934 7995
f 614 675 676
f 614 676 615
f 7934 7996 7995
f 7934 7935 7996
f 615 676 677
f 615 677 616
f 7935 7997 7996
f 7935 7936 7997
f 616 677 678
f 616 678 617
f 7936 7998 7997
f 7936 7937 7998
f 617 678 679
f 617 679 618
f 7937 7999 7998
f 7937 7938 7999
f 618 679 680
f 618 680 619
f 7938 8000 7999
f 7938 7939 8000
f 619 680 681
f 619 681 620
f 7939 8001 8000
f 7939 7940 8001
f 620 681 682
f 620 682 621
f 7940 8002 8001
f 7940 7941 8002
f 621 682 683
f 621 683 622
f 7941 8003 8002
f 7941 7942 8003
f 622 683 684
f 622 684 623
f 7942 8004 8003
f 7942 7943 8004
f 623 684 685
f 623 685 624
f 7943 8005 8004
f 7943 7944 8005
f 624 685 686
f 624 686 625
f 7944 8006 8005
f 7944 7945 8006
f 625 686 687
f 625 687 626
f 7945 8007 8006
f 7945 7946 8007
f 626 687 688
f 626 688 627
f 7946 8008 8007
f 7946 7947 8008
f 627 688 689
f 627 689 628
f 7947 8009 8008
f 7947 7948 8009
f 628 689 690
f 628 690 629
f 7948 8010 8009
f 7948 7949 8010
f 629 690 691
f 629 691 630
f 7949 8011 8010
f 7949 7950 8011
f 630 691 692
f 630 692 631
f 7950 8012 8011
f 7950 7951 8012
f 631 692 693
f 631 693 632
f 7951 8013 8012
f 7951 7952 8013
f 632 693 694
f 632 694 633
f 7952 8014 8013
f 7952 7953 8014
f 633 694 695
f 633 695 634
f 7953 8015 8014
f 7953 7954 8015
f 634 695 696
f 634 696 635
f 7954 8016 8015
f 7954 7955 8016
f 635 696 697
f 635 697 636
f 7955 8017 8016
f 7955 7956 8017
f 636 697 698
f 636 698 637
f 7956 8018 8017
f 7956 7957 8018
f 637 698 699
f 637 699 638
f 7957 8019 8018
f 7957 7958 8019
f 638 699 700
f 638 700 639
f 7958 8020 8019
f 7958 7959 8020
f 639 700 701
f 639 701 640
f 7959 8021 8020
f 7959 7960 8021
f 640 701 702
f 640 702 641
f 7960 8022 8021
f 7960 7961 8022
f 641 702 703
f 641 703 642
f 7961 8023 8022
f 7961 7962 8023
f 642 703 704
f 642 704 643
f 7962 8024 8023
f 7962 7963 8024
f 643 704 705
f 643 705 644
f 7963 8025 8024
f 7963 7964 8025
f 644 705 706
f 644 706 645
f 7964 8026 8025
f 7964 7965 8026
f 645 706 707
f 645 707 646
f 7965 8027 8026
f 7965 7966 8027
f 646 707 708
f 646 708 647
f 7966 8028 8027
f 7966 7967 8028
f 647 708 709
f 647 709 648
f 7967 8029 8028
f 7967 7968 8029
f 648 709 710
f 648 710 649
f 7968 8030 8029
f 7968 7969 8030
f 649 710 711
f 649 711 650
f 7969 8031 8030
f 7969 7970 8031
f 650 711 712
f 650 712 651
f 7970 8032 8031
f 7970 7971 8032
f 651 712 713
f 651 713 652
f 7971 8033 8032
f 7971 7972 8033
f 652 713 714
f 652 714 653
f 7972 8034 8033
f 7972 7973 8034
f 653 714 715
f 653 715 654
f 7973 8035 8034
f 7973 7974 8035
f 654 715 716
f 654 716 655
f 7974 8036 8035
f 7974 7975 8036
f 655 716 717
f 655 717 656
f 7975 8037 8036
f 7975 7976 8037
f 656 717 718
f 656 718 657
f 7976 8038 8037
f 7976 7977 8038
f 657 718 719
f 657 719 658
f 7977 8039 8038
f 7977 7978 8039
f 658 719 720
f 658 720 659
f 7978 8040 8039
f 7978 7979 8040
f 659 720 721
f 659 721 660
f 7979 8041 8040
f 7979 7980 8041
f 660 721 722
f 660 722 661
f 7980 8042 8041
f 7980 7981 8042
f 661 722 723
f 661 723 662
f 7981 8043 8042
f 7981 7982 8043
f 662 723 724
f 662 724 663
f 7982 8044 8043
f 7982 7983 8044
f 663 724 725
f 663 725 664
f 7983 8045 8044
f 7983 7984 8045
f 664 725 726
f 664 726 665
f 7984 8046 8045
f 7984 7985 8046
f 665 726 727
f 665 727 666
f 7985 8047 8046
f 7985 7986 8047
f 666 727 728
f 666 728 667
f 7986 8048 8047
f 7986 7987 8048
f 667 728 729
f 667 729 668
f 7987 8049 8048
f 7987 7988 8049
f 668 729 730
f 668 730 669
f 7988 8050 8049
f 7988 7989 8050
f 669 730 731
f 669 731 670
f 7989 8051 8050
f 7989 7990 8051
f 670 731 732
f 670 732 671
f 7990 8052 8051
f 7990 7991 8052
f 672 733 734
f 672 734 673
f 7992 8054 8053
f 7992 7993 8054
f 673 734 735
f 673 735 674
f 7993 8055 8054
f 7993 7994 8055
f 674 735 736
f 674 736 675
f 7994 8056 8055
f 7994 7995 8056
f 675 736 737
f 675 737 676
f 7995 8057 8056
f 7995 7996 8057
f 676 737 738
f 676 738 677
f 7996 8058 8057
f 7996 7997 8058
f 677 738 739
f 677 739 678
f 7997 8059 8058
f 7997 7998 8059
f 678 739 740
f 678 740 679
f 7998 8060 8059
f 7998 7999 8060
f 679 740 741
f 679 741 680
f 7999 8061 8060
f 7999 8000 8061
f 680 741 742
f 680 742 681
f 8000 8062 8061
f 8000 8001 8062
f 681 742 743
f 681 743 682
f 8001 8063 8062
f 8001 8002 8063
f 682 743 744
f 682 744 683
f 8002 8064 8063
f 8002 8003 8064
f 683 744 745
f 683 745 684
f 8003 8065 8064
f 8003 8004 8065
f 684 745 746
f 684 746 685
f 8004 8066 8065
f 8004 8005 8066
f 685 746 747
f 685 747 686
f 8005 8067 8066
f 8005 8006 8067
f 686 747 748
f 686 748 687
f 8006 8068 8067
f 8006 8007 8068
f 687 748 749
f 687 749 688
f 8007 8069 8068
f 8007 8008 8069
f 688 749 750
f 688 750 689
f 8008 8070 8069
f 8008 8009 8070
f 689 750 751
f 689 751 690
f 8009 8071 8070
f 8009 8010 8071
f 690 751 752
f 690 752 691
f 8010 8072 8071
f 8010 8011 8072
f 691 752 753
f 691 753 692
f 8011 8073 8072
f 8011 8012 8073
f 692 753 754
f 692 754 693
f 8012 8074 8073
f 8012 8013 8074
f 693 754 755
f 693 755 694
f 8013 8075 8074
f 8013 8014 8075
f 694 755 756
f 694 756 695
f 8014 8076 8075
f 8014 8015 8076
f 695 756 757
f 695 757 696
f 8015 8077 8076
f 8015 8016 8077
f 696 757 758
f 696 758 697
f 8016 8078 8077
f 8016 8017 8078
f 697 758 759
f 697 759 698
f 8017 8079 8078
f 8017 8018 8079
f 698 759 760
f 698 760 699
f 8018 8080 8079
f 8018 8019 8080
f 699 760 761
f 699 761 700
f 8019 8081 8080
f 8019 8020 8081
f 700 761 762
f 700 762 701
f 8020 8082 8081
f 8020 8021 8082
f 701 762 763
f 701 763 702
f 8021 8083 8082
f 8021 8022 8083
f 702 763 764
f 702 764 703
f 8022 8084 8083
f 8022 8023 8084
f 703 764 765
f 703 765 704
f 8023 8085 8084
f 8023 8024 8085
f 704 765 766
f 704 766 705
f 8024 8086 8085
f 8024 8025 8086
f 705 766 767
f 705 767 706
f 8025 8087 8086
f 8025 8026 8087
f 706 767 768
f 706 768 707
f 8026 8088 8087
f 8026 8027 8088
f 707 768 769
f 707 769 708
f 8027 8089 8088
f 8027 8028 8089
f 708 769 770
f 708 770 709
f 8028 8090 8089
f 8028 8029 8090
f 709 770 771
f 709 771 710
f 8029 8091 8090
f 8029 8030 8091
f 710 771 772
f 710 772 711
f 8030 8092 8091
f 8030 8031 8092
f 711 772 773
f 711 773 712
f 8031 8093 8092
f 8031 8032 8093
f 712 773 774
f 712 774 713
f 8032 8094 8093
f 8032 8033 8094
f 713 774 775
f 713 775 714
f 8033 8095 8094
f 8033 8034 8095
f 714 775 776
f 714 776 715
f 8034 8096 8095
f 8034 8035 8096
f 715 776 777
f 715 777 716
f 8035 8097 8096
f 8035 8036 8097
f 716 777 778
f 716 778 717
f 8036 8098 8097
f 8036 8037 8098
f 717 778 779
f 717 779 718
f 8037 8099 8098
f 8037 8038 8099
f 718 779 780
f 718 780 719
f 8038 8100 8099
f 8038 8039 8100
f 719 780 781
f 719 781 720
f 8039 8101 8100
f 8039 8040 8101
f 720 781 782
f 720 782 721
f 8040 8102 8101
f 8040 8041 8102
f 721 782 783
f 721 783 722
f 8041 8103 8102
f 8041 8042 8103
f 722 783 784
f 722 784 723
f 8042 8104 8103
f 8042 8043 8104
f 723 784 785
f 723 785 724
f 8043 8105 8104
f 8043 8044 8105
f 724 785 786
f 724 786 725
f 8044 8106 8105
f 8044 8045 8106
f 725 786 787
f 725 787 726
f 8045 8107 8106
f 8045 8046 8107
f 726 787 788
f 726 788 727
f 8046 8108 8107
f 8046 8047 8108
f 727 788 789
f 727 789 728
f 8047 8109 8108
f 8047 8048 8109
f 728 789 790
f 728 790 729
f 8048 8110 8109
f 8048 8049 8110
f 729 790 791
f 729 791 730
f 8049 8111 8110
f 8049 8050 8111
f 730 791 792
f 730 792 731
f 8050 8112 8111
f 8050 8051 8112
f 731 792 793
f 731 793 732
f 8051 8113 8112
f 8051 8052 8113
f 733 794 795
f 733 795 734
f 8053 8115 8114
f 8053 8054 8115
f 734 795 796
f 734 796 735
f 8054 8116 8115
f 8054 8055 8116
f 735 796 797
f 735 797 736
f 8055 8117 8116
f 8055 8056 8117
f 736 797 798
f 736 798 737
f 8056 8118 8117
f 8056 8057 8118
f 737 798 799
f 737 799 738
f 8057 8119 8118
f 8057 8058 8119
f 738 799 800
f 738 800 739
f 8058 8120 8119
f 8058 8059 8120
f 739 800 801
f 739 801 740
f 8059 8121 8120
f 8059 8060 8121
f 740 801 802
f 740 802 741
f 8060 8122 8121
f 8060 8061 8122
f 741 802 803
f 741 803 742
f 8061 8123 8122
f 8061 8062 8123
f 742 803 804
f 742 804 743
f 8062 8124 8123
f 8062 8063 8124
f 743 804 805
f 743 805 744
f 8063 8125 8124
f 8063 8064 8125
f 744 805 806
f 744 806 745
f 8064 8126 8125
f 8064 8065 8126
f 745 806 807
f 745 807 746
f 8065 8127 8126
f 8065 8066 8127
f 746 807 808
f 746 808 747
f 8066 8128 8127
f 8066 8067 8128
f 747 808 809
f 747 809 748
f 8067 8129 8128
f 8067 8068 8129
f 748 809 810
f 748 810 749
f 8068 8130 8129
f 8068 8069 8130
f 749 810 811
f 749 811 750
f 8069 8131 8130
f 8069 8070 8131
f 750 811 812
f 750 812 751
f 8070 8132 8131
f 8070 8071 8132
f 751 812 813
f 751 813 752
f 8071 8133 8132
f 8071 8072 8133
f 752 813 814
f 752 814 753
f 8072 8134 8133
f 8072 8073 8134
f 753 814 815
f 753 815 754
f 8073 8135 8134
f 8073 8074 8135
f 754 815 816
f 754 816 755
f 8074 8136 8135
f 8074 8075 8136
f 755 816 817
f 755 817 756
f 8075 8137 8136
f 8075 8076 8137
f 756 817 818
f 756 818 757
f 8076 8138 8137
f 8076 8077 8138
f 757 818 819
f 757 819 758
f 8077 8139 8138
f 8077 8078 8139
f 758 819 820
f 758 820 759
f 8078 8140 8139
f 8078 8079 8140
f 759 820 821
f 759 821 760
f 8079 8141 8140
f 8079 8080 8141
f 760 821 822
f 760 822 761
f 8080 8142 8141
f 8080 8081 8142
f 761 822 823
f 761 823 762
f 8081 8143 8142
f 8081 8082 8143
f 762 823 824
f 762 824 763
f 8082 8144 8143
f 8082 8083 8144
f 763 824 825
f 763 825 764
f 8083 8145 8144
f 8083 8084 8145
f 764 825 826
f 764 826 765
f 8084 8146 8145
f 8084 8085 8146
f 765 826 827
f 765 827 766
f 8085 8147 8146
f 8085 8086 8147
f 766 827 828
f 766 828 767
f 8086 8148 8147
f 8086 8087 8148
f 767 828 829
f 767 829 768
f 8087 8149 8148
f 8087 8088 8149
f 768 829 830
f 768 830 769
f 8088 8150 8149
f 8088 8089 8150
f 769 830 831
f 769 831 770
f 8089 8151 8150
f 8089 8090 8151
f 770 831 832
f 770 832 771
f 8090 8152 8151
f 8090 8091 8152
f 771 832 833
f 771 833 772
f 8091 8153 8152
f 8091 8092 8153
f 772 833 834
f 772 834 773
f 8092 8154 8153
f 8092 8093 8154
f 773 834 835
f 773 835 774
f 8093 8155 8154
f 8093 8094 8155
f 774 835 836
f 774 836 775
f 8094 8156 8155
f 8094 8095 8156
f 775 836 837
f 775 837 776
f 8095 8157 8156
f 8095 8096 8157
f 776 837 838
f 776 838 777
f 8096 8158 8157
f 8096 8097 8158
f 777 838 839
f 777 839 778
f 8097 8159 8158
f 8097 8098 8159
f 778 839 840
f 778 840 779
f 8098 8160 8159
f 8098 8099 8160
f 779 840 841
f 779 841 780
f 8099 8161 8160
f 8099 8100 8161
f 780 841 842
f 780 842 781
f 8100 8162 8161
f 8100 8101 8162
f 781 842 843
f 781 843 782
f 8101 8163 8162
f 8101 8102 8163
f 782 843 844
f 782 844 783
f 8102 8164 8163
f 8102 8103 8164
f 783 844 845
f 783 845 784
f 8103 8165 8164
f 8103 8104 8165
f 784 845 846
f 784 846 785
f 8104 8166 8165
f 8104 8105 8166
f 785 846 847
f 785 847 786
f 8105 8167 8166
f 8105 8106 8167
f 786 847 848
f 786 848 787
f 8106 8168 8167
f 8106 8107 8168
f 787 848 849
f 787 849 788
f 8107 8169 8168
f 8107 8108 8169
f 788 849 850
f 788 850 789
f 8108 8170 8169
f 8108 8109 8170
f 789 850 851
f 789 851 790
f 8109 8171 8170
f 8109 8110 8171
f 790 851 852
f 790 852 791
f 8110 8172 8171
f 8110 8111 8172
f 791 852 853
f 791 853 792
f 8111 8173 8172
f 8111 8112 8173
f 792 853 854
f 792 854 793
f 8112 8174 8173
f 8112 8113 8174
f 794 855 856
f 794 856 795
f 8114 8176 8175
f 8114 8115 8176
f 795 856 857
f 795 857 796
f 8115 8177 8176
f 8115 8116 8177
f 796 857 858
f 796 858 797
f 8116 8178 8177
f 8116 8117 8178
f 797 858 859
f 797 859 798
f 8117 8179 8178
f 8117 8118 8179
f 798 859 860
f 798 860 799
f 8118 8180 8179
f 8118 8119 8180
f 799 860 861
f 799 861 800
f 8119 8181 8180
f 8119 8120 8181
f 800 861 862
f 800 862 801
f 8120 8182 8181
f 8120 8121 8182
f 801 862 863
f 801 863 802
f 8121 8183 8182
f 8121 8122 8183
f 802 863 864
f 802 864 803
f 8122 8184 8183
f 8122 8123 8184
f 803 864 865
f 803 865 804
f 8123 8185 8184
f 8123 8124 8185
f 804 865 866
f 804 866 805
f 8124 8186 8185
f 8124 8125 8186
f 805 866 867
f 805 867 806
f 8125 8187 8186
f 8125 8126 8187
f 806 867 868
f 806 868 807
f 8126 8188 8187
f 8126 8127 8188
f 807 868 869
f 807 869 808
f 8127 8189 8188
f 8127 8128 8189
f 808 869 870
f 808 870 809
f 8128 8190 8189
f 8128 8129 8190
f 809 870 871
f 809 871 810
f 8129 8191 8190
f 8129 8130 8191
f 810 871 872
f 810 872 811
f 8130 8192 8191
f 8130 8131 8192
f 811 872 873
f 811 873 812
f 8131 8193 8192
f 8131 8132 8193
f 812 873 874
f 812 874 813
f 8132 8194 8193
f 8132 8133 8194
f 813 874 875
f 813 875 814
f 8133 8195 8194
f 8133 8134 8195
f 814 875 876
f 814 876 815
f 8134 8196 8195
f 8134 8135 8196
f 815 876 877
f 815 877 816
f 8135 8197 8196
f 8135 8136 8197
f 816 877 878
f 816 878 817
f 8136 8198 8197
f 8136 8137 8198
f 817 878 879
f 817 879 818
f 8137 8199 8198
f 8137 8138 8199
f 818 879 880
f 818 880 819
f 8138 8200 8199
f 8138 8139 8200
f 819 880 881
f 819 881 820
f 8139 8201 8200
f 8139 8140 8201
f 820 881 882
f 820 882 821
f 8140 8202 8201
f 8140 8141 8202
f 821 882 883
f 821 883 822
f 8141 8203 8202
f 8141 8142 8203
f 822 883 884
f 822 884 823
f 8142 8204 8203
f 8142 8143 8204
f 823 884 885
f 823 885 824
f 8143 8205 8204
f 8143 8144 8205
f 824 885 886
f 824 886 825
f 8144 8206 8205
f 8144 8145 8206
f 825 886 887
f 825 887 826
f 8145 8207 8206
f 8145 8146 8207
f 826 887 888
f 826 888 827
f 8146 8208 8207
f 8146 8147 8208
f 827 888 889
f 827 889 828
f 8147 8209 8208
f 8147 8148 8209
f 828 889 890
f 828 890 829
f 8148 8210 8209
f 8148 8149 8210
f 829 890 891
f 829 891 830
f 8149 8211 8210
f 8149 8150 8211
f 830 891 892
f 830 892 831
f 8150 8212 8211
f 8150 8151 8212
f 831 892 893
f 831 893 832
f 8151 8213 8212
f 8151 8152 8213
f 832 893 894
f 832 894 833
f 8152 8214 8213
f 8152 8153 8214
f 833 894 895
f 833 895 834
f 8153 8215 8214
f 8153 8154 8215
f 834 895 896
f 834 896 835
f 8154 8216 8215
f 8154 8155 8216
f 835 896 897
f 835 897 836
f 8155 8217 8216
f 8155 8156 8217
f 836 897 898
f 836 898 837
f 8156 8218 8217
f 8156 8157 8218
f 837 898 899
f 837 899 838
f 8157 8219 8218
f 8157 8158 8219
f 838 899 900
f 838 900 839
f 8158 8220 8219
f 8158 8159 8220
f 839 900 901
f 839 901 840
f 8159 8221 8220
f 8159 8160 8221
f 840 901 902
f 840 902 841
f 8160 8222 8221
f 8160 8161 8222
f 841 902 903
f 841 903 842
f 8161 8223 8222
f 8161 8162 8223
f 842 903 904
f 842 904 843
f 8162 8224 8223
f 8162 8163 8224
f 843 904 905
f 843 905 844
f 8163 8225 8224
f 8163 8164 8225
f 844 905 906
f 844 906 845
f 8164 8226 8225
f 8164 8165 8226
f 845 906 907
f 845 907 846
f 8165 8227 8226
f 8165 8166 8227
f 846 907 908
f 846 908 847
f 8166 8228 8227
f 8166 8167 8228
f 847 908 909
f 847 909 848
f 8167 8229 8228
f 8167 8168 8229
f 848 909 910
f 848 910 849
f 8168 8230 8229
f 8168 8169 8230
f 849 910 911
f 849 911 850
f 8169 8231 8230
f 8169 8170 8231
f 850 911 912
f 850 912 851
f 8170 8232 8231
f 8170 8171 8232
f 851 912 913
f 851 913 852
f 8171 8233 8232
f 8171 8172 8233
f 852 913 914
f 852 914 853
f 8172 8234 8233
f 8172 8173 8234
f 853 914 915
f 853 915 854
f 8173 8235 8234
f 8173 8174 8235
f 855 916 917
f 855 917 856
f 8175 8237 8236
f 8175 8176 8237
f 856 917 918
f 856 918 857
f 8176 8238 8237
f 8176 8177 8238
f 857 918 919
f 857 919 858
f 8177 8239 8238
f 8177 8178 8239
f 858 919 920
f 858 920 859
f 8178 8240 8239
f 8178 8179 8240
f 859 920 921
f 859 921 860
f 8179 8241 8240
f 8179 8180 8241
f 860 921 922
f 860 922 861
f 8180 8242 8241
f 8180 8181 8242
f 861 922 923
f 861 923 862
f 8181 8243 8242
f 8181 8182 8243
f 862 923 924
f 862 924 863
f 8182 8244 8243
f 8182 8183 8244
f 863 924 925
f 863 925 864
f 8183 8245 8244
f 8183 8184 8245
f 864 925 926
f 864 926 865
f 8184 8246 8245
f 8184 8185 8246
f 865 926 927
f 865 927 866
f 8185 8247 8246
f 8185 8186 8247
f 866 927 928
f 866 928 867
f 8186 8248 8247
f 8186 8187 8248
f 867 928 929
f 867 929 868
f 8187 8249 8248
f 8187 8188 8249
f 868 929 930
f 868 930 869
f 8188 8250 8249
f 8188 8189 8250
f 869 930 931
f 869 931 870
f 8189 8251 8250
f 8189 8190 8251
f 870 931 932
f 870 932 871
f 8190 8252 8251
f 8190 8191 8252
f 871 932 933
f 871 933 872
f 8191 8253 8252
f 8191 8192 8253
f 872 933 934
f 872 934 873
f 8192 8254 8253
f 8192 8193 8254
f 873 934 935
f 873 935 874
f 8193 8255 8254
f 8193 8194 8255
f 874 935 936
f 874 936 875
f 8194 8256 8255
f 8194 8195 8256
f 875 936 937
f 875 937 876
f 8195 8257 8256
f 8195 8196 8257
f 876 937 938
f 876 938 877
f 8196 8258 8257
f 8196 8197 8258
f 877 938 939
f 877 939 878
f 8197 8259 8258
f 8197 8198 8259
f 878 939 940
f 878 940 879
f 8198 8260 8259
f 8198 8199 8260
f 879 940 941
f 879 941 880
f 8199 8261 8260
f 8199 8200 8261
f 880 941 942
f 880 942 881
f 8200 8262 8261
f 8200 8201 8262
f 881 942 943
f 881 943 882
f 8201 8263 8262
f 8201 8202 8263
f 882 943 944
f 882 944 883
f 8202 8264 8263
f 8202 8203 8264
f 883 944 945
f 883 945 884
f 8203 8265 8264
f 8203 8204 8265
f 884 945 946
f 884 946 885
f 8204 8266 8265
f 8204 8205 8266
f 885 946 947
f 885 947 886
f 8205 8267 8266
f 8205 8206 8267
f 886 947 948
f 886 948 887
f 8206 8268 8267
f 8206 8207 8268
f 887 948 949
f 887 949 888
f 8207 8269 8268
f 8207 8208 8269
f 888 949 950
f 888 950 889
f 8208 8270 8269
f 8208 8209 8270
f 889 950 951
f 889 951 890
f 8209 8271 8270
f 8209 8210 8271
f 890 951 952
f 890 952 891
f 8210 8272 8271
f 8210 8211 8272
f 891 952 953
f 891 953 892
f 8211 8273 8272
f 8211 8212 8273
f 892 953 954
f 892 954 893
f 8212 8274 8273
f 8212 8213 8274
f 893 954 955
f 893 955 894
f 8213 8275 8274
f 8213 8214 8275
f 894 955 956
f 894 956 895
f 8214 8276 8275
f 8214 8215 8276
f 895 956 957
f 895 957 896
f 8215 8277 8276
f 8215 8216 8277
f 896 957 958
f 896 958 897
f 8216 8278 8277
f 8216 8217 8278
f 897 958 959
f 897 959 898
f 8217 8279 8278
f 8217 8218 8279
f 898 959 960
f 898 960 899
f 8218 8280 8279
f 8218 8219 8280
f 899 960 961
f 899 961 900
f 8219 8281 8280
f 8219 8220 8281
f 900 961 962
f 900 962 901
f 8220 8282 8281
f 8220 8221 8282
f 901 962 963
f 901 963 902
f 8221 8283 8282
f 8221 8222 8283
f 902 963 964
f 902 964 903
f 8222 8284 8283
f 8222 8223 8284
f 903 964 965
f 903 965 904
f 8223 8285 8284
f 8223 8224 8285
f 904 965 966
f 904 966 905
f 8224 8286 8285
f 8224 8225 8286
f 905 966 967
f 905 967 906
f 8225 8287 8286
f 8225 8226 8287
f 906 967 968
f 906 968 907
f 8226 8288 8287
f 8226 8227 8288
f 907 968 969
f 907 969 908
f 8227 8289 8288
f 8227 8228 8289
f 908 969 970
f 908 970 909
f 8228 8290 8289
f 8228 8229 8290
f 909 970 971
f 909 971 910
f 8229 8291 8290
f 8229 8230 8291
f 910 971 972
f 910 972 911
f 8230 8292 8291
f 8230 8231 8292
f 911 972 973
f 911 973 912
f 8231 8293 8292
f 8231 8232 8293
f 912 973 974
f 912 974 913
f 8232 8294 8293
f 8232 8233 8294
f 913 974 975
f 913 975 914
f 8233 8295 8294
f 8233 8234 8295
f 914 975 976
f 914 976 915
f 8234 8296 8295
f 8234 8235 8296
f 916 977 978
f 916 978 917
f 8236 8298 8297
f 8236 8237 8298
f 917 978 979
f 917 979 918
f 8237 8299 8298
f 8237 8238 8299
f 918 979 980
f 918 980 919
f 8238 8300 8299
f 8238 8239 8300
f 919 980 981
f 919 981 920
f 8239 8301 8300
f 8239 8240 8301
f 920 981 982
f 920 982 921
f 8240 8302 8301
f 8240 8241 8302
f 921 982 983
f 921 983 922
f 8241 8303 8302
f 8241 8242 8303
f 922 983 984
f 922 984 923
f 8242 8304 8303
f 8242 8243 8304
f 923 984 985
f 923 985 924
f 8243 8305 8304
f 8243 8244 8305
f 924 985 986
f 924 986 925
f 8244 8306 8305
f 8244 8245 8306
f 925 986 987
f 925 987 926
f 8245 8307 8306
f 8245 8246 8307
f 926 987 988
f 926 988 927
f 8246 8308 8307
f 8246 8247 8308
f 927 988 989
f 927 989 928
f 8247 8309 8308
f 8247 8248 8309
f 928 989 990
f 928 990 929
f 8248 8310 8309
f 8248 8249 8310
f 929 990 991
f 929 991 930
f 8249 8311 8310
f 8249 8250 8311
f 930 991 992
f 930 992 931
f 8250 8312 8311
f 8250 8251 8312
f 931 992 993
f 931 993 932
f 8251 8313 8312
f 8251 8252 8313
f 932 993 994
f 932 994 933
f 8252 8314 8313
f 8252 8253 8314
f 933 994 995
f 933 995 934
f 8253 8315 8314
f 8253 8254 8315
f 934 995 996
f 934 996 935
f 8254 8316 8315
f 8254 8255 8316
f 935 996 997
f 935 997 936
f 8255 8317 8316
f 8255 8256 8317
f 936 997 998
f 936 998 937
f 8256 8318 8317
f 8256 8257 8318
f 937 998 999
f 937 999 938
f 8257 8319 8318
f 8257 8258 8319
f 938 999 1000
f 938 1000 939
f 8258 8320 8319
f 8258 8259 8320
f 939 1000 1001
f 939 1001 940
f 8259 8321 8320
f 8259 8260 8321
f 940 1001 1002
f 940 1002 941
f 8260 8322 8321
f 8260 8261 8322
f 941 1002 1003
f 941 1003 942
f 8261 8323 8322
f 8261 8262 8323
f 942 1003 1004
f 942 1004 943
f 8262 8324 8323
f 8262 8263 8324
f 943 1004 1005
f 943 1005 944
f 8263 8325 8324
f 8263 8264 8325
f 944 1005 1006
f 944 1006 945
f 8264 8326 8325
f 8264 8265 8326
f 945 1006 1007
f 945 1007 946
f 8265 8327 8326
f 8265 8266 8327
f 946 1007 1008
f 946 1008 947
f 8266 8328 8327
f 8266 8267 8328
f 947 1008 1009
f 947 1009 948
f 8267 8329 8328
f 8267 8268 8329
f 948 1009 1010
f 948 1010 949
f 8268 8330 8329
f 8268 8269 8330
f 949 1010 1011
f 949 1011 950
f 8269 8331 8330
f 8269 8270 8331
f 950 1011 1012
f 950 1012 951
f 8270 8332 8331
f 8270 8271 8332
f 951 1012 1013
f 951 1013 952
f 8271 8333 8332
f 8271 8272 8333
f 952 1013 1014
f 952 1014 953
f 8272 8334 8333
f 8272 8273 8334
f 953 1014 1015
f 953 1015 954
f 8273 8335 8334
f 8273 8274 8335
f 954 1015 1016
f 954 1016 955
f 8274 8336 8335
f 8274 8275 8336
f 955 1016 1017
f 955 1017 956
f 8275 8337 8336
f 8275 8276 8337
f 956 1017 1018
f 956 1018 957
f 8276 8338 8337
f 8276 8277 8338
f 957 1018 1019
f 957 1019 958
f 8277 8339 8338
f 8277 8278 8339
f 958 1019 1020
f 958 1020 959
f 8278 8340 8339
f 8278 8279 8340
f 959 1020 1021
f 959 1021 960
f 8279 8341 8340
f 8279 8280 8341
f 960 1021 1022
f 960 1022 961
f 8280 8342 8341
f 8280 8281 8342
f 961 1022 1023
f 961 1023 962
f 8281 8343 8342
f 8281 8282 8343
f 962 1023 1024
f 962 1024 963
f 8282 8344 8343
f 8282 8283 8344
f 963 1024 1025
f 963 1025 964
f 8283 8345 8344
f 8283 8284 8345
f 964 1025 1026
f 964 1026 965
f 8284 8346 8345
f 8284 8285 8346
f 965 1026 1027
f 965 1027 966
f 8285 8347 8346
f 8285 8286 8347
f 966 1027 1028
f 966 1028 967
f 8286 8348 8347
f 8286 8287 8348
f 967 1028 1029
f 967 1029 968
f 8287 8349 8348
f 8287 8288 8349
f 968 1029 1030
f 968 1030 969
f 8288 8350 8349
f 8288 8289 8350
f 969 1030 1031
f 969 1031 970
f 8289 8351 8350
f 8289 8290 8351
f 970 1031 1032
f 970 1032 971
f 8290 8352 8351
f 8290 8291 8352
f 971 1032 1033
f 971 1033 972
f 8291 8353 8352
f 8291 8292 8353
f 972 1033 1034
f 972 1034 973
f 8292 8354 8353
f 8292 8293 8354
f 973 1034 1035
f 973 1035 974
f 8293 8355 8354
f 8293 8294 8355
f 974 1035 1036
f 974 1036 975
f 8294 8356 8355
f 8294 8295 8356
f 975 1036 1037
f 975 1037 976
f 8295 8357 8356
f 8295 8296 8357
f 977 1038 1039
f 977 1039 978
f 8297 8359 8358
f 8297 8298 8359
f 978 1039 1040
f 978 1040 979
f 8298 8360 8359
f 8298 8299 8360
f 979 1040 1041
f 979 1041 980
f 8299 8361 8360
f 8299 8300 8361
f 980 1041 1042
f 980 1042 981
f 8300 8362 8361
f 8300 8301 8362
f 981 1042 1043
f 981 1043 982
f 8301 8363 8362
f 8301 8302 8363
f 982 1043 1044
f 982 1044 983
f 8302 8364 8363
f 8302 8303 8364
f 983 1044 1045
f 983 1045 984
f 8303 8365 8364
f 8303 8304 8365
f 984 1045 1046
f 984 1046 985
f 8304 8366 8365
f 8304 8305 8366
f 985 1046 1047
f 985 1047 986
f 8305 8367 8366
f 8305 8306 8367
f 986 1047 1048
f 986 1048 987
f 8306 8368 8367
f 8306 8307 8368
f 987 1048 1049
f 987 1049 988
f 8307 8369 8368
f 8307 8308 8369
f 988 1049 1050
f 988 1050 989
f 8308 8370 8369
f 8308 8309 8370
f 989 1050 1051
f 989 1051 990
f 8309 8371 8370
f 8309 8310 8371
f 990 1051 1052
f 990 1052 991
f 8310 8372 8371
f 8310 8311 8372
f 991 1052 1053
f 991 1053 992
f 8311 8373 8372
f 8311 8312 8373
f 992 1053 1054
f 992 1054 993
f 8312 8374 8373
f 8312 8313 8374
f 993 1054 1055
f 993 1055 994
f 8313 8375 8374
f 8313 8314 8375
f 994 1055 1056
f 994 1056 995
f 8314 8376 8375
f 8314 8315 8376
f 995 1056 1057
f 995 1057 996
f 8315 8377 8376
f 8315 8316 8377
f 996 1057 1058
f 996 1058 997
f 8316 8378 8377
f 8316 8317 8378
f 997 1058 1059
f 997 1059 998
f 8317 8379 8378
f 8317 8318 8379
f 998 1059 1060
f 998 1060 999
f 8318 8380 8379
f 8318 8319 8380
f 999 1060 1061
f 999 1061 1000
f 8319 8381 8380
f 8319 8320 8381
f 1000 1061 1062
f 1000 1062 1001
f 8320 8382 8381
f 8320 8321 8382
f 1001 1062 1063
f 1001 1063 1002
f 8321 8383 8382
f 8321 8322 8383
f 1002 1063 1064
f 1002 1064 1003
f 8322 8384 8383
f 8322 8323 8384
f 1003 1064 1065
f 1003 1065 1004
f 8323 8385 8384
f 8323 8324 8385
f 1004 1065 1066
f 1004 1066 1005
f 8324 8386 8385
f 8324 8325 8386
f 1005 1066 1067
f 1005 1067 1006
f 8325 8387 8386
f 8325 8326 8387
f 1006 1067 1068
f 1006 1068 1007
f 8326 8388 8387
f 8326 8327 8388
f 1007 1068 1069
f 1007 1069 1008
f 8327 8389 8388
f 8327 8328 8389
f 1008 1069 1070
f 1008 1070 1009
f 8328 8390 8389
f 8328 8329 8390
f 1009 1070 1071
f 1009 1071 1010
f 8329 8391 8390
f 8329 8330 8391
f 1010 1071 1072
f 1010 1072 1011
f 8330 8392 8391
f 8330 8331 8392
f 1011 1072 1073
f 1011 1073 1012
f 8331 8393 8392
f 8331 8332 8393
f 1012 1073 1074
f 1012 1074 1013
f 8332 8394 8393
f 8332 8333 8394
f 1013 1074 1075
f 1013 1075 1014
f 8333 8395 8394
f 8333 8334 8395
f 1014 1075 1076
f 1014 1076 1015
f 8334 8396 8395
f 8334 8335 8396
f 1015 1076 1077
f 1015 1077 1016
f 8335 8397 8396
f 8335 8336 8397
f 1016 1077 1078
f 1016 1078 1017
f 8336 8398 8397
f 8336 8337 8398
f 1017 1078 1079
f 1017 1079 1018
f 8337 8399 8398
f 8337 8338 8399
f 1018 1079 1080
f 1018 1080 1019
f 8338 8400 8399
f 8338 8339 8400
f 1019 1080 1081
f 1019 1081 1020
f 8339 8401 8400
f 8339 8340 8401
f 1020 1081 1082
f 1020 1082 1021
f 8340 8402 8401
f 8340 8341 8402
f 1021 1082 1083
f 1021 1083 1022
f 8341 8403 8402
f 8341 8342 8403
f 1022 1083 1084
f 1022 1084 1023
f 8342 8404 8403
f 8342 8343 8404
f 1023 1084 1085
f 1023 1085 1024
f 8343 8405 8404
f 8343 8344 8405
f 1024 1085 1086
f 1024 1086 1025
f 8344 8406 8405
f 8344 8345 8406
f 1025 1086 1087
f 1025 1087 1026
f 8345 8407 8406
f 8345 8346 8407
f 1026 1087 1088
f 1026 1088 1027
f 8346 8408 8407
f 8346 8347 8408
f 1027 1088 1089
f 1027 1089 1028
f 8347 8409 8408
f 8347 8348 8409
f 1028 1089 1090
f 1028 1090 1029
f 8348 8410 8409
f 8348 8349 8410
f 1029 1090 1091
f 1029 1091 1030
f 8349 8411 8410
f 8349 8350 8411
f 1030 1091 1092
f 1030 1092 1031
f 8350 8412 8411
f 8350 8351 8412
f 1031 1092 1093
f 1031 1093 1032
f 8351 8413 8412
f 8351 8352 8413
f 1032 1093 1094
f 1032 1094 1033
f 8352 8414 8413
f 8352 8353 8414
f 1033 1094 1095
f 1033 1095 1034
f 8353 8415 8414
f 8353 8354 8415
f 1034 1095 1096
f 1034 1096 1035
f 8354 8416 8415
f 8354 8355 8416
f 1035 1096 1097
f 1035 1097 1036
f 8355 8417 8416
f 8355 8356 8417
f 1036 1097 1098
f 1036 1098 1037
f 8356 8418 8417
f 8356 8357 8418
f 1038 1099 1100
f 1038 1100 1039
f 8358 8420 8419
f 8358 8359 8420
f 1039 1100 1101
f 1039 1101 1040
f 8359 8421 8420
f 8359 8360 8421
f 1040 1101 1102
f 1040 1102 1041
f 8360 8422 8421
f 8360 8361 8422
f 1041 1102 1103
f 1041 1103 1042
f 8361 8423 8422
f 8361 8362 8423
f 1042 1103 1104
f 1042 1104 1043
f 8362 8424 8423
f 8362 8363 8424
f 1043 1104 1105
f 1043 1105 1044
f 8363 8425 8424
f 8363 8364 8425
f 1044 1105 1106
f 1044 1106 1045
f 8364 8426 8425
f 8364 8365 8426
f 1045 1106 1107
f 1045 1107 1046
f 8365 8427 8426
f 8365 8366 8427
f 1046 1107 1108
f 1046 1108 1047
f 8366 8428 8427
f 8366 8367 8428
f 1047 1108 1109
f 1047 1109 1048
f 8367 8429 8428
f 8367 8368 8429
f 1048 1109 1110
f 1048 1110 1049
f 8368 8430 8429
f 8368 8369 8430
f 1049 1110 1111
f 1049 1111 1050
f 8369 8431 8430
f 8369 8370 8431
f 1050 1111 1112
f 1050 1112 1051
f 8370 8432 8431
f 8370 8371 8432
f 1051 1112 1113
f 1051 1113 1052
f 8371 8433 8432
f 8371 8372 8433
f 1052 1113 1114
f 1052 1114 1053
f 8372 8434 8433
f 8372 8373 8434
f 1053 1114 1115
f 1053 1115 1054
f 8373 8435 8434
f 8373 8374 8435
f 1054 1115 1116
f 1054 1116 1055
f 8374 8436 8435
f 8374 8375 8436
f 1055 1116 1117
f 1055 1117 1056
f 8375 8437 8436
f 8375 8376 8437
f 1056 1117 1118
f 1056 1118 1057
f 8376 8438 8437
f 8376 8377 8438
f 1057 1118 1119
f 1057 1119 1058
f 8377 8439 8438
f 8377 8378 8439
f 1058 1119 1120
f 1058 1120 1059
f 8378 8440 8439
f 8378 8379 8440
f 1059 1120 1121
f 1059 1121 1060
f 8379 8441 8440
f 8379 8380 8441
f 1060 1121 1122
f 1060 1122 1061
f 8380 8442 8441
f 8380 8381 8442
f 1061 1122 1123
f 1061 1123 1062
f 8381 8443 8442
f 8381 8382 8443
f 1062 1123 1124
f 1062 1124 1063
f 8382 8444 8443
f 8382 8383 8444
f 1063 1124 1125
f 1063 1125 1064
f 8383 8445 8444
f 8383 8384 8445
f 1064 1125 1126
f 1064 1126 1065
f 8384 8446 8445
f 8384 8385 8446
f 1065 1126 1127
f 1065 1127 1066
f 8385 8447 8446
f 8385 8386 8447
f 1066 1127 1128
f 1066 1128 1067
f 8386 8448 8447
f 8386 8387 8448
f 1067 1128 1129
f 1067 1129 1068
f 8387 8449 8448
f 8387 8388 8449
f 1068 1129 1130
f 1068 1130 1069
f 8388 8450 8449
f 8388 8389 8450
f 1069 1130 1131
f 1069 1131 1070
f 8389 8451 8450
f 8389 8390 8451
f 1070 1131 1132
f 1070 1132 1071
f 8390 8452 8451
f 8390 8391 8452
f 1071 1132 1133
f 1071 1133 1072
f 8391 8453 8452
f 8391 8392 8453
f 1072 1133 1134
f 1072 1134 1073
f 8392 8454 8453
f 8392 8393 8454
f 1073 1134 1135
f 1073 1135 1074
f 8393 8455 8454
f 8393 8394 8455
f 1074 1135 1136
f 1074 1136 1075
f 8394 8456 8455
f 8394 8395 8456
f 1075 1136 1137
f 1075 1137 1076
f 8395 8457 8456
f 8395 8396 8457
f 1076 1137 1138
f 1076 1138 1077
f 8396 8458 8457
f 8396 8397 8458
f 1077 1138 1139
f 1077 1139 1078
f 8397 8459 8458
f 8397 8398 8459
f 1078 1139 1140
f 1078 1140 1079
f 8398 8460 8459
f 8398 8399 8460
f 1079 1140 1141
f 1079 1141 1080
f 8399 8461 8460
f 8399 8400 8461
f 1080 1141 1142
f 1080 1142 1081
f 8400 8462 8461
f 8400 8401 8462
f 1081 1142 1143
f 1081 1143 1082
f 8401 8463 8462
f 8401 8402 8463
f 1082 1143 1144
f 1082 1144 1083
f 8402 8464 8463
f 8402 8403 8464
f 1083 1144 1145
f 1083 1145 1084
f 8403 8465 8464
f 8403 8404 8465
f 1084 1145 1146
f 1084 1146 1085
f 8404 8466 8465
f 8404 8405 8466
f 1085 1146 1147
f 1085 1147 1086
f 8405 8467 8466
f 8405 8406 8467
f 1086 1147 1148
f 1086 1148 1087
f 8406 8468 8467
f 8406 8407 8468
f 1087 1148 1149
f 1087 1149 1088
f 8407 8469 8468
f 8407 8408 8469
f 1088 1149 1150
f 1088 1150 1089
f 8408 8470 8469
f 8408 8409 8470
f 1089 1150 1151
f 1089 1151 1090
f 8409 8471 8470
f 8409 8410 8471
f 1090 1151 1152
f 1090 1152 1091
f 8410 8472 8471
f 8410 8411 8472
f 1091 1152 1153
f 1091 1153 1092
f 8411 8473 8472
f 8411 8412 8473
f 1092 1153 1154
f 1092 1154 1093
f 8412 8474 8473
f 8412 8413 8474
f 1093 1154 1155
f 1093 1155 1094
f 8413 8475 8474
f 8413 8414 8475
f 1094 1155 1156
f 1094 1156 1095
f 8414 8476 8475
f 8414 8415 8476
f 1095 1156 1157
f 1095 1157 1096
f 8415 8477 8476
f 8415 8416 8477
f 1096 1157 1158
f 1096 1158 1097
f 8416 8478 8477
f 8416 8417 8478
f 1097 1158 1159
f 1097 1159 1098
f 8417 8479 8478
f 8417 8418 8479
f 1099 1160 1161
f 1099 1161 1100
f 8419 8481 8480
f 8419 8420 8481
f 1100 1161 1162
f 1100 1162 1101
f 8420 8482 8481
f 8420 8421 8482
f 1101 1162 1163
f 1101 1163 1102
f 8421 8483 8482
f 8421 8422 8483
f 1102 1163 1164
f 1102 1164 1103
f 8422 8484 8483
f 8422 8423 8484
f 1103 1164 1165
f 1103 1165 1104
f 8423 8485 8484
f 8423 8424 8485
f 1104 1165 1166
f 1104 1166 1105
f 8424 8486 8485
f 8424 8425 8486
f 1105 1166 1167
f 1105 1167 1106
f 8425 8487 8486
f 8425 8426 8487
f 1106 1167 1168
f 1106 1168 1107
f 8426 8488 8487
f 8426 8427 8488
f 1107 1168 1169
f 1107 1169 1108
f 8427 8489 8488
f 8427 8428 8489
f 1108 1169 1170
f 1108 1170 1109
f 8428 8490 8489
f 8428 8429 8490
f 1109 1170 1171
f 1109 1171 1110
f 8429 8491 8490
f 8429 8430 8491
f 1110 1171 1172
f 1110 1172 1111
f 8430 8492 8491
f 8430 8431 8492
f 1111 1172 1173
f 1111 1173 1112
f 8431 8493 8492
f 8431 8432 8493
f 1112 1173 1174
f 1112 1174 1113
f 8432 8494 8493
f 8432 8433 8494
f 1113 1174 1175
f 1113 1175 1114
f 8433 8495 8494
f 8433 8434 8495
f 1114 1175 1176
f 1114 1176 1115
f 8434 8496 8495
f 8434 8435 8496
f 1115 1176 1177
f 1115 1177 1116
f 8435 8497 8496
f 8435 8436 8497
f 1116 1177 1178
f 1116 1178 1117
f 8436 8498 8497
f 8436 8437 8498
f 1117 1178 1179
f 1117 1179 1118
f 8437 8499 8498
f 8437 8438 8499
f 1118 1179 1180
f 1118 1180 1119
f 8438 8500 8499
f 8438 8439 8500
f 1119 1180 1181
f 1119 1181 1120
f 8439 8501 8500
f 8439 8440 8501
f 1120 1181 1182
f 1120 1182 1121
f 8440 8502 8501
f 8440 8441 8502
f 1121 1182 1183
f 1121 1183 1122
f 8441 8503 8502
f 8441 8442 8503
f 1122 1183 1184
f 1122 1184 1123
f 8442 8504 8503
f 8442 8443 8504
f 1123 1184 1185
f 1123 1185 1124
f 8443 8505 8504
f 8443 8444 8505
f 1124 1185 1186
f 1124 1186 1125
f 8444 8506 8505
f 8444 8445 8506
f 1125 1186 1187
f 1125 1187 1126
f 8445 8507 8506
f 8445 8446 8507
f 1126 1187 1188
f 1126 1188 1127
f 8446 8508 8507
f 8446 8447 8508
f 1127 1188 1189
f 1127 1189 1128
f 8447 8509 8508
f 8447 8448 8509
f 1128 1189 1190
f 1128 1190 1129
f 8448 8510 8509
f 8448 8449 8510
f 1129 1190 1191
f 1129 1191 1130
f 8449 8511 8510
f 8449 8450 8511
f 1130 1191 1192
f 1130 1192 1131
f 8450 8512 8511
f 8450 8451 8512
f 1131 1192 1193
f 1131 1193 1132
f 8451 8513 8512
f 8451 8452 8513
f 1132 1193 1194
f 1132 1194 1133
f 8452 8514 8513
f 8452 8453 8514
f 1133 1194 1195
f 1133 1195 1134
f 8453 8515 8514
f 8453 8454 8515
f 1134 1195 1196
f 1134 1196 1135
f 8454 8516 8515
f 8454 8455 8516
f 1135 1196 1197
f 1135 1197 1136
f 8455 8517 8516
f 8455 8456 8517
f 1136 1197 1198
f 1136 1198 1137
f 8456 8518 8517
f 8456 8457 8518
f 1137 1198 1199
f 1137 1199 1138
f 8457 8519 8518
f 8457 8458 8519
f 1138 1199 1200
f 1138 1200 1139
f 8458 8520 8519
f 8458 8459 8520
f 1139 1200 1201
f 1139 1201 1140
f 8459 8521 8520
f 8459 8460 8521
f 1140 1201 1202
f 1140 1202 1141
f 8460 8522 8521
f 8460 8461 8522
f 1141 1202 1203
f 1141 1203 1142
f 8461 8523 8522
f 8461 8462 8523
f 1142 1203 1204
f 1142 1204 1143
f 8462 8524 8523
f 8462 8463 8524
f 1143 1204 1205
f 1143 1205 1144
f 8463 8525 8524
f 8463 8464 8525
f 1144 1205 1206
f 1144 1206 1145
f 8464 8526 8525
f 8464 8465 8526
f 1145 1206 1207
f 1145 1207 1146
f 8465 8527 8526
f 8465 8466 8527
f 1146 1207 1208
f 1146 1208 1147
f 8466 8528 8527
f 8466 8467 8528
f 1147 1208 1209
f 1147 1209 1148
f 8467 8529 8528
f 8467 8468 8529
f 1148 1209 1210
f 1148 1210 1149
f 8468 8530 8529
f 8468 8469 8530
f 1149 1210 1211
f 1149 1211 1150
f 8469 8531 8530
f 8469 8470 8531
f 1150 1211 1212
f 1150 1212 1151
f 8470 8532 8531
f 8470 8471 8532
f 1151 1212 1213
f 1151 1213 1152
f 8471 8533 8532
f 8471 8472 8533
f 1152 1213 1214
f 1152 1214 1153
f 8472 8534 8533
f 8472 8473 8534
f 1153 1214 1215
f 1153 1215 1154
f 8473 8535 8534
f 8473 8474 8535
f 1154 1215 1216
f 1154 1216 1155
f 8474 8536 8535
f 8474 8475 8536
f 1155 1216 1217
f 1155 1217 1156
f 8475 8537 8536
f 8475 8476 8537
f 1156 1217 1218
f 1156 1218 1157
f 8476 8538 8537
f 8476 8477 8538
f 1157 1218 1219
f 1157 1219 1158
f 8477 8539 8538
f 8477 8478 8539
f 1158 1219 1220
f 1158 1220 1159
f 8478 8540 8539
f 8478 8479 8540
f 1160 1221 1222
f 1160 1222 1161
f 8480 8542 8541
f 8480 8481 8542
f 1161 1222 1223
f 1161 1223 1162
f 8481 8543 8542
f 8481 8482 8543
f 1162 1223 1224
f 1162 1224 1163
f 8482 8544 8543
f 8482 8483 8544
f 1163 1224 1225
f 1163 1225 1164
f 8483 8545 8544
f 8483 8484 8545
f 1164 1225 1226
f 1164 1226 1165
f 8484 8546 8545
f 8484 8485 8546
f 1165 1226 1227
f 1165 1227 1166
f 8485 8547 8546
f 8485 8486 8547
f 1166 1227 1228
f 1166 1228 1167
f 8486 8548 8547
f 8486 8487 8548
f 1167 1228 1229
f 1167 1229 1168
f 8487 8549 8548
f 8487 8488 8549
f 1168 1229 1230
f 1168 1230 1169
f 8488 8550 8549
f 8488 8489 8550
f 1169 1230 1231
f 1169 1231 1170
f 8489 8551 8550
f 8489 8490 8551
f 1170 1231 1232
f 1170 1232 1171
f 8490 8552 8551
f 8490 8491 8552
f 1171 1232 1233
f 1171 1233 1172
f 8491 8553 8552
f 8491 8492 8553
f 1172 1233 1234
f 1172 1234 1173
f 8492 8554 8553
f 8492 8493 8554
f 1173 1234 1235
f 1173 1235 1174
f 8493 8555 8554
f 8493 8494 8555
f 1174 1235 1236
f 1174 1236 1175
f 8494 8556 8555
f 8494 8495 8556
f 1175 1236 1237
f 1175 1237 1176
f 8495 8557 8556
f 8495 8496 8557
f 1176 1237 1238
f 1176 1238 1177
f 8496 8558 8557
f 8496 8497 8558
f 1177 1238 1239
f 1177 1239 1178
f 8497 8559 8558
f 8497 8498 8559
f 1178 1239 1240
f 1178 1240 1179
f 8498 8560 8559
f 8498 8499 8560
f 1179 1240 1241
f 1179 1241 1180
f 8499 8561 8560
f 8499 8500 8561
f 1180 1241 1242
f 1180 1242 1181
f 8500 8562 8561
f 8500 8501 8562
f 1181 1242 1243
f 1181 1243 1182
f 8501 8563 8562
f 8501 8502 8563
f 1182 1243 1244
f 1182 1244 1183
f 8502 8564 8563
f 8502 8503 8564
f 1183 1244 1245
f 1183 1245 1184
f 8503 8565 8564
f 8503 8504 8565
f 1184 1245 1246
f 1184 1246 1185
f 8504 8566 8565
f 8504 8505 8566
f 1185 1246 1247
f 1185 1247 1186
f 8505 8567 8566
f 8505 8506 8567
f 1186 1247 1248
f 1186 1248 1187
f 8506 8568 8567
f 8506 8507 8568
f 1187 1248 1249
f 1187 1249 1188
f 8507 8569 8568
f 8507 8508 8569
f 1188 1249 1250
f 1188 1250 1189
f 8508 8570 8569
f 8508 8509 8570
f 1189 1250 1251
f 1189 1251 1190
f 8509 8571 8570
f 8509 8510 8571
f 1190 1251 1252
f 1190 1252 1191
f 8510 8572 8571
f 8510 8511 8572
f 1191 1252 1253
f 1191 1253 1192
f 8511 8573 8572
f 8511 8512 8573
f 1192 1253 1254
f 1192 1254 1193
f 8512 8574 8573
f 8512 8513 8574
f 1193 1254 1255
f 1193 1255 1194
f 8513 8575 8574
f 8513 8514 8575
f 1194 1255 1256
f 1194 1256 1195
f 8514 8576 8575
f 8514 8515 8576
f 1195 1256 1257
f 1195 1257 1196
f 8515 8577 8576
f 8515 8516 8577
f 1196 1257 1258
f 1196 1258 1197
f 8516 8578 8577
f 8516 8517 8578
f 1197 1258 1259
f 1197 1259 1198
f 8517 8579 8578
f 8517 8518 8579
f 1198 1259 1260
f 1198 1260 1199
f 8518 8580 8579
f 8518 8519 8580
f 1199 1260 1261
f 1199 1261 1200
f 8519 8581 8580
f 8519 8520 8581
f 1200 1261 1262
f 1200 1262 1201
f 8520 8582 8581
f 8520 8521 8582
f 1201 1262 1263
f 1201 1263 1202
f 8521 8583 8582
f 8521 8522 8583
f 1202 1263 1264
f 1202 1264 1203
f 8522 8584 8583
f 8522 8523 8584
f 1203 1264 1265
f 1203 1265 1204
f 8523 8585 8584
f 8523 8524 8585
f 1204 1265 1266
f 1204 1266 1205
f 8524 8586 8585
f 8524 8525 8586
f 1205 1266 1267
f 1205 1267 1206
f 8525 8587 8586
f 8525 8526 8587
f 1206 1267 1268
f 1206 1268 1207
f 8526 8588 8587
f 8526 8527 8588
f 1207 1268 1269
f 1207 1269 1208
f 8527 8589 8588
f 8527 8528 8589
f 1208 1269 1270
f 1208 1270 1209
f 8528 8590 8589
f 8528 8529 8590
f 1209 1270 1271
f 1209 1271 1210
f 8529 8591 8590
f 8529 8530 8591
f 1210 1271 1272
f 1210 1272 1211
f 8530 8592 8591
f 8530 8531 8592
f 1211 1272 1273
f 1211 1273 1212
f 8531 8593 8592
f 8531 8532 8593
f 1212 1273 1274
f 1212 1274 1213
f 8532 8594 8593
f 8532 8533 8594
f 1213 1274 1275
f 1213 1275 1214
f 8533 8595 8594
f 8533 8534 8595
f 1214 1275 1276
f 1214 1276 1215
f 8534 8596 8595
f 8534 8535 8596
f 1215 1276 1277
f 1215 1277 1216
f 8535 8597 8596
f 8535 8536 8597
f 1216 1277 1278
f 1216 1278 1217
f 8536 8598 8597
f 8536 8537 8598
f 1217 1278 1279
f 1217 1279 1218
f 8537 8599 8598
f 8537 8538 8599
f 1218 1279 1280
f 1218 1280 1219
f 8538 8600 8599
f 8538 8539 8600
f 1219 1280 1281
f 1219 1281 1220
f 8539 8601 8600
f 8539 8540 8601
f 1221 1282 1283
f 1221 1283 1222
f 8541 8603 8602
f 8541 8542 8603
f 1222 1283 1284
f 1222 1284 1223
f 8542 8604 8603
f 8542 8543 8604
f 1223 1284 1285
f 1223 1285 1224
f 8543 8605 8604
f 8543 8544 8605
f 1224 1285 1286
f 1224 1286 1225
f 8544 8606 8605
f 8544 8545 8606
f 1225 1286 1287
f 1225 1287 1226
f 8545 8607 8606
f 8545 8546 8607
f 1226 1287 1288
f 1226 1288 1227
f 8546 8608 8607
f 8546 8547 8608
f 1227 1288 1289
f 1227 1289 1228
f 8547 8609 8608
f 8547 8548 8609
f 1228 1289 1290
f 1228 1290 1229
f 8548 8610 8609
f 8548 8549 8610
f 1229 1290 1291
f 1229 1291 1230
f 8549 8611 8610
f 8549 8550 8611
f 1230 1291 1292
f 1230 1292 1231
f 8550 8612 8611
f 8550 8551 8612
f 1231 1292 1293
f 1231 1293 1232
f 8551 8613 8612
f 8551 8552 8613
f 1232 1293 1294
f 1232 1294 1233
f 8552 8614 8613
f 8552 8553 8614
f 1233 1294 1295
f 1233 1295 1234
f 8553 8615 8614
f 8553 8554 8615
f 1234 1295 1296
f 1234 1296 1235
f 8554 8616 8615
f 8554 8555 8616
f 1235 1296 1297
f 1235 1297 1236
f 8555 8617 8616
f 8555 8556 8617
f 1236 1297 1298
f 1236 1298 1237
f 8556 8618 8617
f 8556 8557 8618
f 1237 1298 1299
f 1237 1299 1238
f 8557 8619 8618
f 8557 8558 8619
f 1238 1299 1300
f 1238 1300 1239
f 8558 8620 8619
f 8558 8559 8620
f 1239 1300 1301
f 1239 1301 1240
f 8559 8621 8620
f 8559 8560 8621
f 1240 1301 1302
f 1240 1302 1241
f 8560 8622 8621
f 8560 8561 8622
f 1241 1302 1303
f 1241 1303 1242
f 8561 8623 8622
f 8561 8562 8623
f 1242 1303 1304
f 1242 1304 1243
f 8562 8624 8623
f 8562 8563 8624
f 1243 1304 1305
f 1243 1305 1244
f 8563 8625 8624
f 8563 8564 8625
f 1244 1305 1306
f 1244 1306 1245
f 8564 8626 8625
f 8564 8565 8626
f 1245 1306 1307
f 1245 1307 1246
f 8565 8627 8626
f 8565 8566 8627
f 1246 1307 1308
f 1246 1308 1247
f 8566 8628 8627
f 8566 8567 8628
f 1247 1308 1309
f 1247 1309 1248
f 8567 8629 8628
f 8567 8568 8629
f 1248 1309 1310
f 1248 1310 1249
f 8568 8630 8629
f 8568 8569 8630
f 1249 1310 1311
f 1249 1311 1250
f 8569 8631 8630
f 8569 8570 8631
f 1250 1311 1312
f 1250 1312 1251
f 8570 8632 8631
f 8570 8571 8632
f 1251 1312 1313
f 1251 1313 1252
f 8571 8633 8632
f 8571 8572 8633
f 1252 1313 1314
f 1252 1314 1253
f 8572 8634 8633
f 8572 8573 8634
f 1253 1314 1315
f 1253 1315 1254
f 8573 8635 8634
f 8573 8574 8635
f 1254 1315 1316
f 1254 1316 1255
f 8574 8636 8635
f 8574 8575 8636
f 1255 1316 1317
f 1255 1317 1256
f 8575 8637 8636
f 8575 8576 8637
f 1256 1317 1318
f 1256 1318 1257
f 8576 8638 8637
f 8576 8577 8638
f 1257 1318 1319
f 1257 1319 1258
f 8577 8639 8638
f 8577 8578 8639
f 1258 1319 1320
f 1258 1320 1259
f 8578 8640 8639
f 8578 8579 8640
f 1259 1320 1321
f 1259 1321 1260
f 8579 8641 8640
f 8579 8580 8641
f 1260 1321 1322
f 1260 1322 1261
f 8580 8642 8641
f 8580 8581 8642
f 1261 1322 1323
f 1261 1323 1262
f 8581 8643 8642
f 8581 8582 8643
f 1262 1323 1324
f 1262 1324 1263
f 8582 8644 8643
f 8582 8583 8644
f 1263 1324 1325
f 1263 1325 1264
f 8583 8645 8644
f 8583 8584 8645
f 1264 1325 1326
f 1264 1326 1265
f 8584 8646 8645
f 8584 8585 8646
f 1265 1326 1327
f 1265 1327 1266
f 8585 8647 8646
f 8585 8586 8647
f 1266 1327 1328
f 1266 1328 1267
f 8586 8648 8647
f 8586 8587 8648
f 1267 1328 1329
f 1267 1329 1268
f 8587 8649 8648
f 8587 8588 8649
f 1268 1329 1330
f 1268 1330 1269
f 8588 8650 8649
f 8588 8589 8650
f 1269 1330 1331
f 1269 1331 1270
f 8589 8651 8650
f 8589 8590 8651
f 1270 1331 1332
f 1270 1332 1271
f 8590 8652 8651
f 8590 8591 8652
f 1271 1332 1333
f 1271 1333 1272
f 8591 8653 8652
f 8591 8592 8653
f 1272 1333 1334
f 1272 1334 1273
f 8592 8654 8653
f 8592 8593 8654
f 1273 1334 1335
f 1273 1335 1274
f 8593 8655 8654
f 8593 8594 8655
f 1274 1335 1336
f 1274 1336 1275
f 8594 8656 8655
f 8594 8595 8656
f 1275 1336 1337
f 1275 1337 1276
f 8595 8657 8656
f 8595 8596 8657
f 1276 1337 1338
f 1276 1338 1277
f 8596 8658 8657
f 8596 8597 8658
f 1277 1338 1339
f 1277 1339 1278
f 8597 8659 8658
f 8597 8598 8659
f 1278 1339 1340
f 1278 1340 1279
f 8598 8660 8659
f 8598 8599 8660
f 1279 1340 1341
f 1279 1341 1280
f 8599 8661 8660
f 8599 8600 8661
f 1280 1341 1342
f 1280 1342 1281
f 8600 8662 8661
f 8600 8601 8662
f 1282 1343 1344
f 1282 1344 1283
f 8602 8664 8663
f 8602 8603 8664
f 1283 1344 1345
f 1283 1345 1284
f 8603 8665 8664
f 8603 8604 8665
f 1284 1345 1346
f 1284 1346 1285
f 8604 8666 8665
f 8604 8605 8666
f 1285 1346 1347
f 1285 1347 1286
f 8605 8667 8666
f 8605 8606 8667
f 1286 1347 1348
f 1286 1348 1287
f 8606 8668 8667
f 8606 8607 8668
f 1287 1348 1349
f 1287 1349 1288
f 8607 8669 8668
f 8607 8608 8669
f 1288 1349 1350
f 1288 1350 1289
f 8608 8670 8669
f 8608 8609 8670
f 1289 1350 1351
f 1289 1351 1290
f 8609 8671 8670
f 8609 8610 8671
f 1290 1351 1352
f 1290 1352 1291
f 8610 8672 8671
f 8610 8611 8672
f 1291 1352 1353
f 1291 1353 1292
f 8611 8673 8672
f 8611 8612 8673
f 1292 1353 1354
f 1292 1354 1293
f 8612 8674 8673
f 8612 8613 8674
f 1293 1354 1355
f 1293 1355 1294
f 8613 8675 8674
f 8613 8614 8675
f 1294 1355 1356
f 1294 1356 1295
f 8614 8676 8675
f 8614 8615 8676
f 1295 1356 1357
f 1295 1357 1296
f 8615 8677 8676
f 8615 8616 8677
f 1296 1357 1358
f 1296 1358 1297
f 8616 8678 8677
f 8616 8617 8678
f 1297 1358 1359
f 1297 1359 1298
f 8617 8679 8678
f 8617 8618 8679
f 1298 1359 1360
f 1298 1360 1299
f 8618 8680 8679
f 8618 8619 8680
f 1299 1360 1361
f 1299 1361 1300
f 8619 8681 8680
f 8619 8620 8681
f 1300 1361 1362
f 1300 1362 1301
f 8620 8682 8681
f 8620 8621 8682
f 1301 1362 1363
f 1301 1363 1302
f 8621 8683 8682
f 8621 8622 8683
f 1302 1363 1364
f 1302 1364 1303
f 8622 8684 8683
f 8622 8623 8684
f 1303 1364 1365
f 1303 1365 1304
f 8623 8685 8684
f 8623 8624 8685
f 1304 1365 1366
f 1304 1366 1305
f 8624 8686 8685
f 8624 8625 8686
f 1305 1366 1367
f 1305 1367 1306
f 8625 8687 8686
f 8625 8626 8687
f 1306 1367 1368
f 1306 1368 1307
f 8626 8688 8687
f 8626 8627 8688
f 1307 1368 1369
f 1307 1369 1308
f 8627 8689 8688
f 8627 8628 8689
f 1308 1369 1370
f 1308 1370 1309
f 8628 8690 8689
f 8628 8629 8690
f 1309 1370 1371
f 1309 1371 1310
f 8629 8691 8690
f 8629 8630 8691
f 1310 1371 1372
f 1310 1372 1311
f 8630 8692 8691
f 8630 8631 8692
f 1311 1372 1373
f 1311 1373 1312
f 8631 8693 8692
f 8631 8632 8693
f 1312 1373 1374
f 1312 1374 1313
f 8632 8694 8693
f 8632 8633 8694
f 1313 1374 1375
f 1313 1375 1314
f 8633 8695 8694
f 8633 8634 8695
f 1314 1375 1376
f 1314 1376 1315
f 8634 8696 8695
f 8634 8635 8696
f 1315 1376 1377
f 1315 1377 1316
f 8635 8697 8696
f 8635 8636 8697
f 1316 1377 1378
f 1316 1378 1317
f 8636 8698 8697
f 8636 8637 8698
f 1317 1378 1379
f 1317 1379 1318
f 8637 8699 8698
f 8637 8638 8699
f 1318 1379 1380
f 1318 1380 1319
f 8638 8700 8699
f 8638 8639 8700
f 1319 1380 1381
f 1319 1381 1320
f 8639 8701 8700
f 8639 8640 8701
f 1320 1381 1382
f 1320 1382 1321
f 8640 8702 8701
f 8640 8641 8702
f 1321 1382 1383
f 1321 1383 1322
f 8641 8703 8702
f 8641 8642 8703
f 1322 1383 1384
f 1322 1384 1323
f 8642 8704 8703
f 8642 8643 8704
f 1323 1384 1385
f 1323 1385 1324
f 8643 8705 8704
f 8643 8644 8705
f 1324 1385 1386
f 1324 1386 1325
f 8644 8706 8705
f 8644 8645 8706
f 1325 1386 1387
f 1325 1387 1326
f 8645 8707 8706
f 8645 8646 8707
f 1326 1387 1388
f 1326 1388 1327
f 8646 8708 8707
f 8646 8647 8708
f 1327 1388 1389
f 1327 1389 1328
f 8647 8709 8708
f 8647 8648 8709
f 1328 1389 1390
f 1328 1390 1329
f 8648 8710 8709
f 8648 8649 8710
f 1329 1390 1391
f 1329 1391 1330
f 8649 8711 8710
f 8649 8650 8711
f 1330 1391 1392
f 1330 1392 1331
f 8650 8712 8711
f 8650 8651 8712
f 1331 1392 1393
f 1331 1393 1332
f 8651 8713 8712
f 8651 8652 8713
f 1332 1393 1394
f 1332 1394 1333
f 8652 8714 8713
f 8652 8653 8714
f 1333 1394 1395
f 1333 1395 1334
f 8653 8715 8714
f 8653 8654 8715
f 1334 1395 1396
f 1334 1396 1335
f 8654 8716 8715
f 8654 8655 8716
f 1335 1396 1397
f 1335 1397 1336
f 8655 8717 8716
f 8655 8656 8717
f 1336 1397 1398
f 1336 1398 1337
f 8656 8718 8717
f 8656 8657 8718
f 1337 1398 1399
f 1337 1399 1338
f 8657 8719 8718
f 8657 8658 8719
f 1338 1399 1400
f 1338 1400 1339
f 8658 8720 8719
f 8658 8659 8720
f 1339 1400 1401
f 1339 1401 1340
f 8659 8721 8720
f 8659 8660 8721
f 1340 1401 1402
f 1340 1402 1341
f 8660 8722 8721
f 8660 8661 8722
f 1341 1402 1403
f 1341 1403 1342
f 8661 8723 8722
f 8661 8662 8723
f 1343 1404 1405
f 1343 1405 1344
f 8663 8725 8724
f 8663 8664 8725
f 1344 1405 1406
f 1344 1406 1345
f 8664 8726 8725
f 8664 8665 8726
f 1345 1406 1407
f 1345 1407 1346
f 8665 8727 8726
f 8665 8666 8727
f 1346 1407 1408
f 1346 1408 1347
f 8666 8728 8727
f 8666 8667 8728
f 1347 1408 1409
f 1347 1409 1348
f 8667 8729 8728
f 8667 8668 8729
f 1348 1409 1410
f 1348 1410 1349
f 8668 8730 8729
f 8668 8669 8730
f 1349 1410 1411
f 1349 1411 1350
f 8669 8731 8730
f 8669 8670 8731
f 1350 1411 1412
f 1350 1412 1351
f 8670 8732 8731
f 8670 8671 8732
f 1351 1412 1413
f 1351 1413 1352
f 8671 8733 8732
f 8671 8672 8733
f 1352 1413 1414
f 1352 1414 1353
f 8672 8734 8733
f 8672 8673 8734
f 1353 1414 1415
f 1353 1415 1354
f 8673 8735 8734
f 8673 8674 8735
f 1354 1415 1416
f 1354 1416 1355
f 8674 8736 8735
f 8674 8675 8736
f 1355 1416 1417
f 1355 1417 1356
f 8675 8737 8736
f 8675 8676 8737
f 1356 1417 1418
f 1356 1418 1357
f 8676 8738 8737
f 8676 8677 8738
f 1357 1418 1419
f 1357 1419 1358
f 8677 8739 8738
f 8677 8678 8739
f 1358 1419 1420
f 1358 1420 1359
f 8678 8740 8739
f 8678 8679 8740
f 1359 1420 1421
f 1359 1421 1360
f 8679 8741 8740
f 8679 8680 8741
f 1360 1421 1422
f 1360 1422 1361
f 8680 8742 8741
f 8680 8681 8742
f 1361 1422 1423
f 1361 1423 1362
f 8681 8743 8742
f 8681 8682 8743
f 1362 1423 1424
f 1362 1424 1363
f 8682 8744 8743
f 8682 8683 8744
f 1363 1424 1425
f 1363 1425 1364
f 8683 8745 8744
f 8683 8684 8745
f 1364 1425 1426
f 1364 1426 1365
f 8684 8746 8745
f 8684 8685 8746
f 1365 1426 1427
f 1365 1427 1366
f 8685 8747 8746
f 8685 8686 8747
f 1366 1427 1428
f 1366 1428 1367
f 8686 8748 8747
f 8686 8687 8748
f 1367 1428 1429
f 1367 1429 1368
f 8687 8749 8748
f 8687 8688 8749
f 1368 1429 1430
f 1368 1430 1369
f 8688 8750 8749
f 8688 8689 8750
f 1369 1430 1431
f 1369 1431 1370
f 8689 8751 8750
f 8689 8690 8751
f 1370 1431 1432
f 1370 1432 1371
f 8690 8752 8751
f 8690 8691 8752
f 1371 1432 1433
f 1371 1433 1372
f 8691 8753 8752
f 8691 8692 8753
f 1372 1433 1434
f 1372 1434 1373
f 8692 8754 8753
f 8692 8693 8754
f 1373 1434 1435
f 1373 1435 1374
f 8693 8755 8754
f 8693 8694 8755
f 1374 1435 1436
f 1374 1436 1375
f 8694 8756 8755
f 8694 8695 8756
f 1375 1436 1437
f 1375 1437 1376
f 8695 8757 8756
f 8695 8696 8757
f 1376 1437 1438
f 1376 1438 1377
f 8696 8758 8757
f 8696 8697 8758
f 1377 1438 1439
f 1377 1439 1378
f 8697 8759 8758
f 8697 8698 8759
f 1378 1439 1440
f 1378 1440 1379
f 8698 8760 8759
f 8698 8699 8760
f 1379 1440 1441
f 1379 1441 1380
f 8699 8761 8760
f 8699 8700 8761
f 1380 1441 1442
f 1380 1442 1381
f 8700 8762 8761
f 8700 8701 8762
f 1381 1442 1443
f 1381 1443 1382
f 8701 8763 8762
f 8701 8702 8763
f 1382 1443 1444
f 1382 1444 1383
f 8702 8764 8763
f 8702 8703 8764
f 1383 1444 1445
f 1383 1445 1384
f 8703 8765 8764
f 8703 8704 8765
f 1384 1445 1446
f 1384 1446 1385
f 8704 8766 8765
f 8704 8705 8766
f 1385 1446 1447
f 1385 1447 1386
f 8705 8767 8766
f 8705 8706 8767
f 1386 1447 1448
f 1386 1448 1387
f 8706 8768 8767
f 8706 8707 8768
f 1387 1448 1449
f 1387 1449 1388
f 8707 8769 8768
f 8707 8708 8769
f 1388 1449 1450
f 1388 1450 1389
f 8708 8770 8769
f 8708 8709 8770
f 1389 1450 1451
f 1389 1451 1390
f 8709 8771 8770
f 8709 8710 8771
f 1390 1451 1452
f 1390 1452 1391
f 8710 8772 8771
f 8710 8711 8772
f 1391 1452 1453
f 1391 1453 1392
f 8711 8773 8772
f 8711 8712 8773
f 1392 1453 1454
f 1392 1454 1393
f 8712 8774 8773
f 8712 8713 8774
f 1393 1454 1455
f 1393 1455 1394
f 8713 8775 8774
f 8713 8714 8775
f 1394 1455 1456
f 1394 1456 1395
f 8714 8776 8775
f 8714 8715 8776
f 1395 1456 1457
f 1395 1457 1396
f 8715 8777 8776
f 8715 8716 8777
f 1396 1457 1458
f 1396 1458 1397
f 8716 8778 8777
f 8716 8717 8778
f 1397 1458 1459
f 1397 1459 1398
f 8717 8779 8778
f 8717 8718 8779
f 1398 1459 1460
f 1398 1460 1399
f 8718 8780 8779
f 8718 8719 8780
f 1399 1460 1461
f 1399 1461 1400
f 8719 8781 8780
f 8719 8720 8781
f 1400 1461 1462
f 1400 1462 1401
f 8720 8782 8781
f 8720 8721 8782
f 1401 1462 1463
f 1401 1463 1402
f 8721 8783 8782
f 8721 8722 8783
f 1402 1463 1464
f 1402 1464 1403
f 8722 8784 8783
f 8722 8723 8784
f 1404 1465 1466
f 1404 1466 1405
f 8724 8786 8785
f 8724 8725 8786
f 1405 1466 1467
f 1405 1467 1406
f 8725 8787 8786
f 8725 8726 8787
f 1406 1467 1468
f 1406 1468 1407
f 8726 8788 8787
f 8726 8727 8788
f 1407 1468 1469
f 1407 1469 1408
f 8727 8789 8788
f 8727 8728 8789
f 1408 1469 1470
f 1408 1470 1409
f 8728 8790 8789
f 8728 8729 8790
f 1409 1470 1471
f 1409 1471 1410
f 8729 8791 8790
f 8729 8730 8791
f 1410 1471 1472
f 1410 1472 1411
f 8730 8792 8791
f 8730 8731 8792
f 1411 1472 1473
f 1411 1473 1412
f 8731 8793 8792
f 8731 8732 8793
f 1412 1473 1474
f 1412 1474 1413
f 8732 8794 8793
f 8732 8733 8794
f 1413 1474 1475
f 1413 1475 1414
f 8733 8795 8794
f 8733 8734 8795
f 1414 1475 1476
f 1414 1476 1415
f 8734 8796 8795
f 8734 8735 8796
f 1415 1476 1477
f 1415 1477 1416
f 8735 8797 8796
f 8735 8736 8797
f 1416 1477 1478
f 1416 1478 1417
f 8736 8798 8797
f 8736 8737 8798
f 1417 1478 1479
f 1417 1479 1418
f 8737 8799 8798
f 8737 8738 8799
f 1418 1479 1480
f 1418 1480 1419
f 8738 8800 8799
f 8738 8739 8800
f 1419 1480 1481
f 1419 1481 1420
f 8739 8801 8800
f 8739 8740 8801
f 1420 1481 1482
f 1420 1482 1421
f 8740 8802 8801
f 8740 8741 8802
f 1421 1482 1483
f 1421 1483 1422
f 8741 8803 8802
f 8741 8742 8803
f 1422 1483 1484
f 1422 1484 1423
f 8742 8804 8803
f 8742 8743 8804
f 1423 1484 1485
f 1423 1485 1424
f 8743 8805 8804
f 8743 8744 8805
f 1424 1485 1486
f 1424 1486 1425
f 8744 8806 8805
f 8744 8745 8806
f 1425 1486 1487
f 1425 1487 1426
f 8745 8807 8806
f 8745 8746 8807
f 1426 1487 1488
f 1426 1488 1427
f 8746 8808 8807
f 8746 8747 8808
f 1427 1488 1489
f 1427 1489 1428
f 8747 8809 8808
f 8747 8748 8809
f 1428 1489 1490
f 1428 1490 1429
f 8748 8810 8809
f 8748 8749 8810
f 1429 1490 1491
f 1429 1491 1430
f 8749 8811 8810
f 8749 8750 8811
f 1430 1491 1492
f 1430 1492 1431
f 8750 8812 8811
f 8750 8751 8812
f 1431 1492 1493
f 1431 1493 1432
f 8751 8813 8812
f 8751 8752 8813
f 1432 1493 1494
f 1432 1494 1433
f 8752 8814 8813
f 8752 8753 8814
f 1433 1494 1495
f 1433 1495 1434
f 8753 8815 8814
f 8753 8754 8815
f 1434 1495 1496
f 1434 1496 1435
f 8754 8816 8815
f 8754 8755 8816
f 1435 1496 1497
f 1435 1497 1436
f 8755 8817 8816
f 8755 8756 8817
f 1436 1497 1498
f 1436 1498 1437
f 8756 8818 8817
f 8756 8757 8818
f 1437 1498 1499
f 1437 1499 1438
f 8757 8819 8818
f 8757 8758 8819
f 1438 1499 1500
f 1438 1500 1439
f 8758 8820 8819
f 8758 8759 8820
f 1439 1500 1501
f 1439 1501 1440
f 8759 8821 8820
f 8759 8760 8821
f 1440 1501 1502
f 1440 1502 1441
f 8760 8822 8821
f 8760 8761 8822
f 1441 1502 1503
f 1441 1503 1442
f 8761 8823 8822
f 8761 8762 8823
f 1442 1503 1504
f 1442 1504 1443
f 8762 8824 8823
f 8762 8763 8824
f 1443 1504 1505
f 1443 1505 1444
f 8763 8825 8824
f 8763 8764 8825
f 1444 1505 1506
f 1444 1506 1445
f 8764 8826 8825
f 8764 8765 8826
f 1445 1506 1507
f 1445 1507 1446
f 8765 8827 8826
f 8765 8766 8827
f 1446 1507 1508
f 1446 1508 1447
f 8766 8828 8827
f 8766 8767 8828
f 1447 1508 1509
f 1447 1509 1448
f 8767 8829 8828
f 8767 8768 8829
f 1448 1509 1510
f 1448 1510 1449
f 8768 8830 8829
f 8768 8769 8830
f 1449 1510 1511
f 1449 1511 1450
f 8769 8831 8830
f 8769 8770 8831
f 1450 1511 1512
f 1450 1512 1451
f 8770 8832 8831
f 8770 8771 8832
f 1451 1512 1513
f 1451 1513 1452
f 8771 8833 8832
f 8771 8772 8833
f 1452 1513 1514
f 1452 1514 1453
f 8772 8834 8833
f 8772 8773 8834
f 1453 1514 1515
f 1453 1515 1454
f 8773 8835 8834
f 8773 8774 8835
f 1454 1515 1516
f 1454 1516 1455
f 8774 8836 8835
f 8774 8775 8836
f 1455 1516 1517
f 1455 1517 1456
f 8775 8837 8836
f 8775 8776 8837
f 1456 1517 1518
f 1456 1518 1457
f 8776 8838 8837
f 8776 8777 8838
f 1457 1518 1519
f 1457 1519 1458
f 8777 8839 8838
f 8777 8778 8839
f 1458 1519 1520
f 1458 1520 1459
f 8778 8840 8839
f 8778 8779 8840
f 1459 1520 1521
f 1459 1521 1460
f 8779 8841 8840
f 8779 8780 8841
f 1460 1521 1522
f 1460 1522 1461
f 8780 8842 8841
f 8780 8781 8842
f 1461 1522 1523
f 1461 1523 1462
f 8781 8843 8842
f 8781 8782 8843
f 1462 1523 1524
f 1462 1524 1463
f 8782 8844 8843
f 8782 8783 8844
f 1463 1524 1525
f 1463 1525 1464
f 8783 8845 8844
f 8783 8784 8845
f 1465 1526 1527
f 1465 1527 1466
f 8785 8847 8846
f 8785 8786 8847
f 1466 1527 1528
f 1466 1528 1467
f 8786 8848 8847
f 8786 8787 8848
f 1467 1528 1529
f 1467 1529 1468
f 8787 8849 8848
f 8787 8788 8849
f 1468 1529 1530
f 1468 1530 1469
f 8788 8850 8849
f 8788 8789 8850
f 1469 1530 1531
f 1469 1531 1470
f 8789 8851 8850
f 8789 8790 8851
f 1470 1531 1532
f 1470 1532 1471
f 8790 8852 8851
f 8790 8791 8852
f 1471 1532 1533
f 1471 1533 1472
f 8791 8853 8852
f 8791 8792 8853
f 1472 1533 1534
f 1472 1534 1473
f 8792 8854 8853
f 8792 8793 8854
f 1473 1534 1535
f 1473 1535 1474
f 8793 8855 8854
f 8793 8794 8855
f 1474 1535 1536
f 1474 1536 1475
f 8794 8856 8855
f 8794 8795 8856
f 1475 1536 1537
f 1475 1537 1476
f 8795 8857 8856
f 8795 8796 8857
f 1476 1537 1538
f 1476 1538 1477
f 8796 8858 8857
f 8796 8797 8858
f 1477 1538 1539
f 1477 1539 1478
f 8797 8859 8858
f 8797 8798 8859
f 1478 1539 1540
f 1478 1540 1479
f 8798 8860 8859
f 8798 8799 8860
f 1479 1540 1541
f 1479 1541 1480
f 8799 8861 8860
f 8799 8800 8861
f 1480 1541 1542
f 1480 1542 1481
f 8800 8862 8861
f 8800 8801 8862
f 1481 1542 1543
f 1481 1543 1482
f 8801 8863 8862
f 8801 8802 8863
f 1482 1543 1544
f 1482 1544 1483
f 8802 8864 8863
f 8802 8803 8864
f 1483 1544 1545
f 1483 1545 1484
f 8803 8865 8864
f 8803 8804 8865
f 1484 1545 1546
f 1484 1546 1485
f 8804 8866 8865
f 8804 8805 8866
f 1485 1546 1547
f 1485 1547 1486
f 8805 8867 8866
f 8805 8806 8867
f 1486 1547 1548
f 1486 1548 1487
f 8806 8868 8867
f 8806 8807 8868
f 1487 1548 1549
f 1487 1549 1488
f 8807 8869 8868
f 8807 8808 8869
f 1488 1549 1550
f 1488 1550 1489
f 8808 8870 8869
f 8808 8809 8870
f 1489 1550 1551
f 1489 1551 1490
f 8809 8871 8870
f 8809 8810 8871
f 1490 1551 1552
f 1490 1552 1491
f 8810 8872 8871
f 8810 8811 8872
f 1491 1552 1553
f 1491 1553 1492
f 8811 8873 8872
f 8811 8812 8873
f 1492 1553 1554
f 1492 1554 1493
f 8812 8874 8873
f 8812 8813 8874
f 1493 1554 1555
f 1493 1555 1494
f 8813 8875 8874
f 8813 8814 8875
f 1494 1555 1556
f 1494 1556 1495
f 8814 8876 8875
f 8814 8815 8876
f 1495 1556 1557
f 1495 1557 1496
f 8815 8877 8876
f 8815 8816 8877
f 1496 1557 1558
f 1496 1558 1497
f 8816 8878 8877
f 8816 8817 8878
f 1497 1558 1559
f 1497 1559 1498
f 8817 8879 8878
f 8817 8818 8879
f 1498 1559 1560
f 1498 1560 1499
f 8818 8880 8879
f 8818 8819 8880
f 1499 1560 1561
f 1499 1561 1500
f 8819 8881 8880
f 8819 8820 8881
f 1500 1561 1562
f 1500 1562 1501
f 8820 8882 8881
f 8820 8821 8882
f 1501 1562 1563
f 1501 1563 1502
f 8821 8883 8882
f 8821 8822 8883
f 1502 1563 1564
f 1502 1564 1503
f 8822 8884 8883
f 8822 8823 8884
f 1503 1564 1565
f 1503 1565 1504
f 8823 8885 8884
f 8823 8824 8885
f 1504 1565 1566
f 1504 1566 1505
f 8824 8886 8885
f 8824 8825 8886
f 1505 1566 1567
f 1505 1567 1506
f 8825 8887 8886
f 8825 8826 8887
f 1506 1567 1568
f 1506 1568 1507
f 8826 8888 8887
f 8826 8827 8888
f 1507 1568 1569
f 1507 1569 1508
f 8827 8889 8888
f 8827 8828 8889
f 1508 1569 1570
f 1508 1570 1509
f 8828 8890 8889
f 8828 8829 8890
f 1509 1570 1571
f 1509 1571 1510
f 8829 8891 8890
f 8829 8830 8891
f 1510 1571 1572
f 1510 1572 1511
f 8830 8892 8891
f 8830 8831 8892
f 1511 1572 1573
f 1511 1573 1512
f 8831 8893 8892
f 8831 8832 8893
f 1512 1573 1574
f 1512 1574 1513
f 8832 8894 8893
f 8832 8833 8894
f 1513 1574 1575
f 1513 1575 1514
f 8833 8895 8894
f 8833 8834 8895
f 1514 1575 1576
f 1514 1576 1515
f 8834 8896 8895
f 8834 8835 8896
f 1515 1576 1577
f 1515 1577 1516
f 8835 8897 8896
f 8835 8836 8897
f 1516 1577 1578
f 1516 1578 1517
f 8836 8898 8897
f 8836 8837 8898
f 1517 1578 1579
f 1517 1579 1518
f 8837 8899 8898
f 8837 8838 8899
f 1518 1579 1580
f 1518 1580 1519
f 8838 8900 8899
f 8838 8839 8900
f 1519 1580 1581
f 1519 1581 1520
f 8839 8901 8900
f 8839 8840 8901
f 1520 1581 1582
f 1520 1582 1521
f 8840 8902 8901
f 8840 8841 8902
f 1521 1582 1583
f 1521 1583 1522
f 8841 8903 8902
f 8841 8842 8903
f 1522 1583 1584
f 1522 1584 1523
f 8842 8904 8903
f 8842 8843 8904
f 1523 1584 1585
f 1523 1585 1524
f 8843 8905 8904
f 8843 8844 8905
f 1524 1585 1586
f 1524 1586 1525
f 8844 8906 8905
f 8844 8845 8906
f 1526 1587 1588
f 1526 1588 1527
f 8846 8908 8907
f 8846 8847 8908
f 1527 1588 1589
f 1527 1589 1528
f 8847 8909 8908
f 8847 8848 8909
f 1528 1589 1590
f 1528 1590 1529
f 8848 8910 8909
f 8848 8849 8910
f 1529 1590 1591
f 1529 1591 1530
f 8849 8911 8910
f 8849 8850 8911
f 1530 1591 1592
f 1530 1592 1531
f 8850 8912 8911
f 8850 8851 8912
f 1531 1592 1593
f 1531 1593 1532
f 8851 8913 8912
f 8851 8852 8913
f 1532 1593 1594
f 1532 1594 1533
f 8852 8914 8913
f 8852 8853 8914
f 1533 1594 1595
f 1533 1595 1534
f 8853 8915 8914
f 8853 8854 8915
f 1534 1595 1596
f 1534 1596 1535
f 8854 8916 8915
f 8854 8855 8916
f 1535 1596 1597
f 1535 1597 1536
f 8855 8917 8916
f 8855 8856 8917
f 1536 1597 1598
f 1536 1598 1537
f 8856 8918 8917
f 8856 8857 8918
f 1537 1598 1599
f 1537 1599 1538
f 8857 8919 8918
f 8857 8858 8919
f 1538 1599 1600
f 1538 1600 1539
f 8858 8920 8919
f 8858 8859 8920
f 1539 1600 1601
f 1539 1601 1540
f 8859 8921 8920
f 8859 8860 8921
f 1540 1601 1602
f 1540 1602 1541
f 8860 8922 8921
f 8860 8861 8922
f 1541 1602 1603
f 1541 1603 1542
f 8861 8923 8922
f 8861 8862 8923
f 1542 1603 1604
f 1542 1604 1543
f 8862 8924 8923
f 8862 8863 8924
f 1543 1604 1605
f 1543 1605 1544
f 8863 8925 8924
f 8863 8864 8925
f 1544 1605 1606
f 1544 1606 1545
f 8864 8926 8925
f 8864 8865 8926
f 1545 1606 1607
f 1545 1607 1546
f 8865 8927 8926
f 8865 8866 8927
f 1546 1607 1608
f 1546 1608 1547
f 8866 8928 8927
f 8866 8867 8928
f 1547 1608 1609
f 1547 1609 1548
f 8867 8929 8928
f 8867 8868 8929
f 1548 1609 1610
f 1548 1610 1549
f 8868 8930 8929
f 8868 8869 8930
f 1549 1610 1611
f 1549 1611 1550
f 8869 8931 8930
f 8869 8870 8931
f 1550 1611 1612
f 1550 1612 1551
f 8870 8932 8931
f 8870 8871 8932
f 1551 1612 1613
f 1551 1613 1552
f 8871 8933 8932
f 8871 8872 8933
f 1552 1613 1614
f 1552 1614 1553
f 8872 8934 8933
f 8872 8873 8934
f 1553 1614 1615
f 1553 1615 1554
f 8873 8935 8934
f 8873 8874 8935
f 1554 1615 1616
f 1554 1616 1555
f 8874 8936 8935
f 8874 8875 8936
f 1555 1616 1617
f 1555 1617 1556
f 8875 8937 8936
f 8875 8876 8937
f 1556 1617 1618
f 1556 1618 1557
f 8876 8938 8937
f 8876 8877 8938
f 1557 1618 1619
f 1557 1619 1558
f 8877 8939 8938
f 8877 8878 8939
f 1558 1619 1620
f 1558 1620 1559
f 8878 8940 8939
f 8878 8879 8940
f 1559 1620 1621
f 1559 1621 1560
f 8879 8941 8940
f 8879 8880 8941
f 1560 1621 1622
f 1560 1622 1561
f 8880 8942 8941
f 8880 8881 8942
f 1561 1622 1623
f 1561 1623 1562
f 8881 8943 8942
f 8881 8882 8943
f 1562 1623 1624
f 1562 1624 1563
f 8882 8944 8943
f 8882 8883 8944
f 1563 1624 1625
f 1563 1625 1564
f 8883 8945 8944
f 8883 8884 8945
f 1564 1625 1626
f 1564 1626 1565
f 8884 8946 8945
f 8884 8885 8946
f 1565 1626 1627
f 1565 1627 1566
f 8885 8947 8946
f 8885 8886 8947
f 1566 1627 1628
f 1566 1628 1567
f 8886 8948 8947
f 8886 8887 8948
f 1567 1628 1629
f 1567 1629 1568
f 8887 8949 8948
f 8887 8888 8949
f 1568 1629 1630
f 1568 1630 1569
f 8888 8950 8949
f 8888 8889 8950
f 1569 1630 1631
f 1569 1631 1570
f 8889 8951 8950
f 8889 8890 8951
f 1570 1631 1632
f 1570 1632 1571
f 8890 8952 8951
f 8890 8891 8952
f 1571 1632 1633
f 1571 1633 1572
f 8891 8953 8952
f 8891 8892 8953
f 1572 1633 1634
f 1572 1634 1573
f 8892 8954 8953
f 8892 8893 8954
f 1573 1634 1635
f 1573 1635 1574
f 8893 8955 8954
f 8893 8894 8955
f 1574 1635 1636
f 1574 1636 1575
f 8894 8956 8955
f 8894 8895 8956
f 1575 1636 1637
f 1575 1637 1576
f 8895 8957 8956
f 8895 8896 8957
f 1576 1637 1638
f 1576 1638 1577
f 8896 8958 8957
f 8896 8897 8958
f 1577 1638 1639
f 1577 1639 1578
f 8897 8959 8958
f 8897 8898 8959
f 1578 1639 1640
f 1578 1640 1579
f 8898 8960 8959
f 8898 8899 8960
f 1579 1640 1641
f 1579 1641 1580
f 8899 8961 8960
f 8899 8900 8961
f 1580 1641 1642
f 1580 1642 1581
f 8900 8962 8961
f 8900 8901 8962
f 1581 1642 1643
f 1581 1643 1582
f 8901 8963 8962
f 8901 8902 8963
f 1582 1643 1644
f 1582 1644 1583
f 8902 8964 8963
f 8902 8903 8964
f 1583 1644 1645
f 1583 1645 1584
f 8903 8965 8964
f 8903 8904 8965
f 1584 1645 1646
f 1584 1646 1585
f 8904 8966 8965
f 8904 8905 8966
f 1585 1646 1647
f 1585 1647 1586
f 8905 8967 8966
f 8905 8906 8967
f 1587 1648 1649
f 1587 1649 1588
f 8907 8969 8968
f 8907 8908 8969
f 1588 1649 1650
f 1588 1650 1589
f 8908 8970 8969
f 8908 8909 8970
f 1589 1650 1651
f 1589 1651 1590
f 8909 8971 8970
f 8909 8910 8971
f 1590 1651 1652
f 1590 1652 1591
f 8910 8972 8971
f 8910 8911 8972
f 1591 1652 1653
f 1591 1653 1592
f 8911 8973 8972
f 8911 8912 8973
f 1592 1653 1654
f 1592 1654 1593
f 8912 8974 8973
f 8912 8913 8974
f 1593 1654 1655
f 1593 1655 1594
f 8913 8975 8974
f 8913 8914 8975
f 1594 1655 1656
f 1594 1656 1595
f 8914 8976 8975
f 8914 8915 8976
f 1595 1656 1657
f 1595 1657 1596
f 8915 8977 8976
f 8915 8916 8977
f 1596 1657 1658
f 1596 1658 1597
f 8916 8978 8977
f 8916 8917 8978
f 1597 1658 1659
f 1597 1659 1598
f 8917 8979 8978
f 8917 8918 8979
f 1598 1659 1660
f 1598 1660 1599
f 8918 8980 8979
f 8918 8919 8980
f 1599 1660 1661
f 1599 1661 1600
f 8919 8981 8980
f 8919 8920 8981
f 1600 1661 1662
f 1600 1662 1601
f 8920 8982 8981
f 8920 8921 8982
f 1601 1662 1663
f 1601 1663 1602
f 8921 8983 8982
f 8921 8922 8983
f 1602 1663 1664
f 1602 1664 1603
f 8922 8984 8983
f 8922 8923 8984
f 1603 1664 1665
f 1603 1665 1604
f 8923 8985 8984
f 8923 8924 8985
f 1604 1665 1666
f 1604 1666 1605
f 8924 8986 8985
f 8924 8925 8986
f 1605 1666 1667
f 1605 1667 1606
f 8925 8987 8986
f 8925 8926 8987
f 1606 1667 1668
f 1606 1668 1607
f 8926 8988 8987
f 8926 8927 8988
f 1607 1668 1669
f 1607 1669 1608
f 8927 8989 8988
f 8927 8928 8989
f 1608 1669 1670
f 1608 1670 1609
f 8928 8990 8989
f 8928 8929 8990
f 1609 1670 1671
f 1609 1671 1610
f 8929 8991 8990
f 8929 8930 8991
f 1610 1671 1672
f 1610 1672 1611
f 8930 8992 8991
f 8930 8931 8992
f 1611 1672 1673
f 1611 1673 1612
f 8931 8993 8992
f 8931 8932 8993
f 1612 1673 1674
f 1612 1674 1613
f 8932 8994 8993
f 8932 8933 8994
f 1613 1674 1675
f 1613 1675 1614
f 8933 8995 8994
f 8933 8934 8995
f 1614 1675 1676
f 1614 1676 1615
f 8934 8996 8995
f 8934 8935 8996
f 1615 1676 1677
f 1615 1677 1616
f 8935 8997 8996
f 8935 8936 8997
f 1616 1677 1678
f 1616 1678 1617
f 8936 8998 8997
f 8936 8937 8998
f 1617 1678 1679
f 1617 1679 1618
f 8937 8999 8998
f 8937 8938 8999
f 1618 1679 1680
f 1618 1680 1619
f 8938 9000 8999
f 8938 8939 9000
f 1619 1680 1681
f 1619 1681 1620
f 8939 9001 9000
f 8939 8940 9001
f 1620 1681 1682
f 1620 1682 1621
f 8940 9002 9001
f 8940 8941 9002
f 1621 1682 1683
f 1621 1683 1622
f 8941 9003 9002
f 8941 8942 9003
f 1622 1683 1684
f 1622 1684 1623
f 8942 9004 9003
f 8942 8943 9004
f 1623 1684 1685
f 1623 1685 1624
f 8943 9005 9004
f 8943 8944 9005
f 1624 1685 1686
f 1624 1686 1625
f 8944 9006 9005
f 8944 8945 9006
f 1625 1686 1687
f 1625 1687 1626
f 8945 9007 9006
f 8945 8946 9007
f 1626 1687 1688
f 1626 1688 1627
f 8946 9008 9007
f 8946 8947 9008
f 1627 1688 1689
f 1627 1689 1628
f 8947 9009 9008
f 8947 8948 9009
f 1628 1689 1690
f 1628 1690 1629
f 8948 9010 9009
f 8948 8949 9010
f 1629 1690 1691
f 1629 1691 1630
f 8949 9011 9010
f 8949 8950 9011
f 1630 1691 1692
f 1630 1692 1631
f 8950 9012 9011
f 8950 8951 9012
f 1631 1692 1693
f 1631 1693 1632
f 8951 9013 9012
f 8951 8952 9013
f 1632 1693 1694
f 1632 1694 1633
f 8952 9014 9013
f 8952 8953 9014
f 1633 1694 1695
f 1633 1695 1634
f 8953 9015 9014
f 8953 8954 9015
f 1634 1695 1696
f 1634 1696 1635
f 8954 9016 9015
f 8954 8955 9016
f 1635 1696 1697
f 1635 1697 1636
f 8955 9017 9016
f 8955 8956 9017
f 1636 1697 1698
f 1636 1698 1637
f 8956 9018 9017
f 8956 8957 9018
f 1637 1698 1699
f 1637 1699 1638
f 8957 9019 9018
f 8957 8958 9019
f 1638 1699 1700
f 1638 1700 1639
f 8958 9020 9019
f 8958 8959 9020
f 1639 1700 1701
f 1639 1701 1640
f 8959 9021 9020
f 8959 8960 9021
f 1640 1701 1702
f 1640 1702 1641
f 8960 9022 9021
f 8960 8961 9022
f 1641 1702 1703
f 1641 1703 1642
f 8961 9023 9022
f 8961 8962 9023
f 1642 1703 1704
f 1642 1704 1643
f 8962 9024 9023
f 8962 8963 9024
f 1643 1704 1705
f 1643 1705 1644
f 8963 9025 9024
f 8963 8964 9025
f 1644 1705 1706
f 1644 1706 1645
f 8964 9026 9025
f 8964 8965 9026
f 1645 1706 1707
f 1645 1707 1646
f 8965 9027 9026
f 8965 8966 9027
f 1646 1707 1708
f 1646 1708 1647
f 8966 9028 9027
f 8966 8967 9028
f 1648 1709 1710
f 1648 1710 1649
f 8968 9030 9029
f 8968 8969 9030
f 1649 1710 1711
f 1649 1711 1650
f 8969 9031 9030
f 8969 8970 9031
f 1650 1711 1712
f 1650 1712 1651
f 8970 9032 9031
f 8970 8971 9032
f 1651 1712 1713
f 1651 1713 1652
f 8971 9033 9032
f 8971 8972 9033
f 1652 1713 1714
f 1652 1714 1653
f 8972 9034 9033
f 8972 8973 9034
f 1653 1714 1715
f 1653 1715 1654
f 8973 9035 9034
f 8973 8974 9035
f 1654 1715 1716
f 1654 1716 1655
f 8974 9036 9035
f 8974 8975 9036
f 1655 1716 1717
f 1655 1717 1656
f 8975 9037 9036
f 8975 8976 9037
f 1656 1717 1718
f 1656 1718 1657
f 8976 9038 9037
f 8976 8977 9038
f 1657 1718 1719
f 1657 1719 1658
f 8977 9039 9038
f 8977 8978 9039
f 1658 1719 1720
f 1658 1720 1659
f 8978 9040 9039
f 8978 8979 9040
f 1659 1720 1721
f 1659 1721 1660
f 8979 9041 9040
f 8979 8980 9041
f 1660 1721 1722
f 1660 1722 1661
f 8980 9042 9041
f 8980 8981 9042
f 1661 1722 1723
f 1661 1723 1662
f 8981 9043 9042
f 8981 8982 9043
f 1662 1723 1724
f 1662 1724 1663
f 8982 9044 9043
f 8982 8983 9044
f 1663 1724 1725
f 1663 1725 1664
f 8983 9045 9044
f 8983 8984 9045
f 1664 1725 1726
f 1664 1726 1665
f 8984 9046 9045
f 8984 8985 9046
f 1665 1726 1727
f 1665 1727 1666
f 8985 9047 9046
f 8985 8986 9047
f 1666 1727 1728
f 1666 1728 1667
f 8986 9048 9047
f 8986 8987 9048
f 1667 1728 1729
f 1667 1729 1668
f 8987 9049 9048
f 8987 8988 9049
f 1668 1729 1730
f 1668 1730 1669
f 8988 9050 9049
f 8988 8989 9050
f 1669 1730 1731
f 1669 1731 1670
f 8989 9051 9050
f 8989 8990 9051
f 1670 1731 1732
f 1670 1732 1671
f 8990 9052 9051
f 8990 8991 9052
f 1671 1732 1733
f 1671 1733 1672
f 8991 9053 9052
f 8991 8992 9053
f 1672 1733 1734
f 1672 1734 1673
f 8992 9054 9053
f 8992 8993 9054
f 1673 1734 1735
f 1673 1735 1674
f 8993 9055 9054
f 8993 8994 9055
f 1674 1735 1736
f 1674 1736 1675
f 8994 9056 9055
f 8994 8995 9056
f 1675 1736 1737
f 1675 1737 1676
f 8995 9057 9056
f 8995 8996 9057
f 1676 1737 1738
f 1676 1738 1677
f 8996 9058 9057
f 8996 8997 9058
f 1677 1738 1739
f 1677 1739 1678
f 8997 9059 9058
f 8997 8998 9059
f 1678 1739 1740
f 1678 1740 1679
f 8998 9060 9059
f 8998 8999 9060
f 1679 1740 1741
f 1679 1741 1680
f 8999 9061 9060
f 8999 9000 9061
f 1680 1741 1742
f 1680 1742 1681
f 9000 9062 9061
f 9000 9001 9062
f 1681 1742 1743
f 1681 1743 1682
f 9001 9063 9062
f 9001 9002 9063
f 1682 1743 1744
f 1682 1744 1683
f 9002 9064 9063
f 9002 9003 9064
f 1683 1744 1745
f 1683 1745 1684
f 9003 9065 9064
f 9003 9004 9065
f 1684 1745 1746
f 1684 1746 1685
f 9004 9066 9065
f 9004 9005 9066
f 1685 1746 1747
f 1685 1747 1686
f 9005 9067 9066
f 9005 9006 9067
f 1686 1747 1748
f 1686 1748 1687
f 9006 9068 9067
f 9006 9007 9068
f 1687 1748 1749
f 1687 1749 1688
f 9007 9069 9068
f 9007 9008 9069
f 1688 1749 1750
f 1688 1750 1689
f 9008 9070 9069
f 9008 9009 9070
f 1689 1750 1751
f 1689 1751 1690
f 9009 9071 9070
f 9009 9010 9071
f 1690 1751 1752
f 1690 1752 1691
f 9010 9072 9071
f 9010 9011 9072
f 1691 1752 1753
f 1691 1753 1692
f 9011 9073 9072
f 9011 9012 9073
f 1692 1753 1754
f 1692 1754 1693
f 9012 9074 9073
f 9012 9013 9074
f 1693 1754 1755
f 1693 1755 1694
f 9013 9075 9074
f 9013 9014 9075
f 1694 1755 1756
f 1694 1756 1695
f 9014 9076 9075
f 9014 9015 9076
f 1695 1756 1757
f 1695 1757 1696
f 9015 9077 9076
f 9015 9016 9077
f 1696 1757 1758
f 1696 1758 1697
f 9016 9078 9077
f 9016 9017 9078
f 1697 1758 1759
f 1697 1759 1698
f 9017 9079 9078
f 9017 9018 9079
f 1698 1759 1760
f 1698 1760 1699
f 9018 9080 9079
f 9018 9019 9080
f 1699 1760 1761
f 1699 1761 1700
f 9019 9081 9080
f 9019 9020 9081
f 1700 1761 1762
f 1700 1762 1701
f 9020 9082 9081
f 9020 9021 9082
f 1701 1762 1763
f 1701 1763 1702
f 9021 9083 9082
f 9021 9022 9083
f 1702 1763 1764
f 1702 1764 1703
f 9022 9084 9083
f 9022 9023 9084
f 1703 1764 1765
f 1703 1765 1704
f 9023 9085 9084
f 9023 9024 9085
f 1704 1765 1766
f 1704 1766 1705
f 9024 9086 9085
f 9024 9025 9086
f 1705 1766 1767
f 1705 1767 1706
f 9025 9087 9086
f 9025 9026 9087
f 1706 1767 1768
f 1706 1768 1707
f 9026 9088 9087
f 9026 9027 9088
f 1707 1768 1769
f 1707 1769 1708
f 9027 9089 9088
f 9027 9028 9089
f 1709 1770 1771
f 1709 1771 1710
f 9029 9091 9090
f 9029 9030 9091
f 1710 1771 1772
f 1710 1772 1711
f 9030 9092 9091
f 9030 9031 9092
f 1711 1772 1773
f 1711 1773 1712
f 9031 9093 9092
f 9031 9032 9093
f 1712 1773 1774
f 1712 1774 1713
f 9032 9094 9093
f 9032 9033 9094
f 1713 1774 1775
f 1713 1775 1714
f 9033 9095 9094
f 9033 9034 9095
f 1714 1775 1776
f 1714 1776 1715
f 9034 9096 9095
f 9034 9035 9096
f 1715 1776 1777
f 1715 1777 1716
f 9035 9097 9096
f 9035 9036 9097
f 1716 1777 1778
f 1716 1778 1717
f 9036 9098 9097
f 9036 9037 9098
f 1717 1778 1779
f 1717 1779 1718
f 9037 9099 9098
f 9037 9038 9099
f 1718 1779 1780
f 1718 1780 1719
f 9038 9100 9099
f 9038 9039 9100
f 1719 1780 1781
f 1719 1781 1720
f 9039 9101 9100
f 9039 9040 9101
f 1720 1781 1782
f 1720 1782 1721
f 9040 9102 9101
f 9040 9041 9102
f 1721 1782 1783
f 1721 1783 1722
f 9041 9103 9102
f 9041 9042 9103
f 1722 1783 1784
f 1722 1784 1723
f 9042 9104 9103
f 9042 9043 9104
f 1723 1784 1785
f 1723 1785 1724
f 9043 9105 9104
f 9043 9044 9105
f 1724 1785 1786
f 1724 1786 1725
f 9044 9106 9105
f 9044 9045 9106
f 1725 1786 1787
f 1725 1787 1726
f 9045 9107 9106
f 9045 9046 9107
f 1726 1787 1788
f 1726 1788 1727
f 9046 9108 9107
f 9046 9047 9108
f 1727 1788 1789
f 1727 1789 1728
f 9047 9109 9108
f 9047 9048 9109
f 1728 1789 1790
f 1728 1790 1729
f 9048 9110 9109
f 9048 9049 9110
f 1729 1790 1791
f 1729 1791 1730
f 9049 9111 9110
f 9049 9050 9111
f 1730 1791 1792
f 1730 1792 1731
f 9050 9112 9111
f 9050 9051 9112
f 1731 1792 1793
f 1731 1793 1732
f 9051 9113 9112
f 9051 9052 9113
f 1732 1793 1794
f 1732 1794 1733
f 9052 9114 9113
f 9052 9053 9114
f 1733 1794 1795
f 1733 1795 1734
f 9053 9115 9114
f 9053 9054 9115
f 1734 1795 1796
f 1734 1796 1735
f 9054 9116 9115
f 9054 9055 9116
f 1735 1796 1797
f 1735 1797 1736
f 9055 9117 9116
f 9055 9056 9117
f 1736 1797 1798
f 1736 1798 1737
f 9056 9118 9117
f 9056 9057 9118
f 1737 1798 1799
f 1737 1799 1738
f 9057 9119 9118
f 9057 9058 9119
f 1738 1799 1800
f 1738 1800 1739
f 9058 9120 9119
f 9058 9059 9120
f 1739 1800 1801
f 1739 1801 1740
f 9059 9121 9120
f 9059 9060 9121
f 1740 1801 1802
f 1740 1802 1741
f 9060 9122 9121
f 9060 9061 9122
f 1741 1802 1803
f 1741 1803 1742
f 9061 9123 9122
f 9061 9062 9123
f 1742 1803 1804
f 1742 1804 1743
f 9062 9124 9123
f 9062 9063 9124
f 1743 1804 1805
f 1743 1805 1744
f 9063 9125 9124
f 9063 9064 9125
f 1744 1805 1806
f 1744 1806 1745
f 9064 9126 9125
f 9064 9065 9126
f 1745 1806 1807
f 1745 1807 1746
f 9065 9127 9126
f 9065 9066 9127
f 1746 1807 1808
f 1746 1808 1747
f 9066 9128 9127
f 9066 9067 9128
f 1747 1808 1809
f 1747 1809 1748
f 9067 9129 9128
f 9067 9068 9129
f 1748 1809 1810
f 1748 1810 1749
f 9068 9130 9129
f 9068 9069 9130
f 1749 1810 1811
f 1749 1811 1750
f 9069 9131 9130
f 9069 9070 9131
f 1750 1811 1812
f 1750 1812 1751
f 9070 9132 9131
f 9070 9071 9132
f 1751 1812 1813
f 1751 1813 1752
f 9071 9133 9132
f 9071 9072 9133
f 1752 1813 1814
f 1752 1814 1753
f 9072 9134 9133
f 9072 9073 9134
f 1753 1814 1815
f 1753 1815 1754
f 9073 9135 9134
f 9073 9074 9135
f 1754 1815 1816
f 1754 1816 1755
f 9074 9136 9135
f 9074 9075 9136
f 1755 1816 1817
f 1755 1817 1756
f 9075 9137 9136
f 9075 9076 9137
f 1756 1817 1818
f 1756 1818 1757
f 9076 9138 9137
f 9076 9077 9138
f 1757 1818 1819
f 1757 1819 1758
f 9077 9139 9138
f 9077 9078 9139
f 1758 1819 1820
f 1758 1820 1759
f 9078 9140 9139
f 9078 9079 9140
f 1759 1820 1821
f 1759 1821 1760
f 9079 9141 9140
f 9079 9080 9141
f 1760 1821 1822
f 1760 1822 1761
f 9080 9142 9141
f 9080 9081 9142
f 1761 1822 1823
f 1761 1823 1762
f 9081 9143 9142
f 9081 9082 9143
f 1762 1823 1824
f 1762 1824 1763
f 9082 9144 9143
f 9082 9083 9144
f 1763 1824 1825
f 1763 1825 1764
f 9083 9145 9144
f 9083 9084 9145
f 1764 1825 1826
f 1764 1826 1765
f 9084 9146 9145
f 9084 9085 9146
f 1765 1826 1827
f 1765 1827 1766
f 9085 9147 9146
f 9085 9086 9147
f 1766 1827 1828
f 1766 1828 1767
f 9086 9148 9147
f 9086 9087 9148
f 1767 1828 1829
f 1767 1829 1768
f 9087 9149 9148
f 9087 9088 9149
f 1768 1829 1830
f 1768 1830 1769
f 9088 9150 9149
f 9088 9089 9150
f 1770 1831 1832
f 1770 1832 1771
f 9090 9152 9151
f 9090 9091 9152
f 1771 1832 1833
f 1771 1833 1772
f 9091 9153 9152
f 9091 9092 9153
f 1772 1833 1834
f 1772 1834 1773
f 9092 9154 9153
f 9092 9093 9154
f 1773 1834 1835
f 1773 1835 1774
f 9093 9155 9154
f 9093 9094 9155
f 1774 1835 1836
f 1774 1836 1775
f 9094 9156 9155
f 9094 9095 9156
f 1775 1836 1837
f 1775 1837 1776
f 9095 9157 9156
f 9095 9096 9157
f 1776 1837 1838
f 1776 1838 1777
f 9096 9158 9157
f 9096 9097 9158
f 1777 1838 1839
f 1777 1839 1778
f 9097 9159 9158
f 9097 9098 9159
f 1778 1839 1840
f 1778 1840 1779
f 9098 9160 9159
f 9098 9099 9160
f 1779 1840 1841
f 1779 1841 1780
f 9099 9161 9160
f 9099 9100 9161
f 1780 1841 1842
f 1780 1842 1781
f 9100 9162 9161
f 9100 9101 9162
f 1781 1842 1843
f 1781 1843 1782
f 9101 9163 9162
f 9101 9102 9163
f 1782 1843 1844
f 1782 1844 1783
f 9102 9164 9163
f 9102 9103 9164
f 1783 1844 1845
f 1783 1845 1784
f 9103 9165 9164
f 9103 9104 9165
f 1784 1845 1846
f 1784 1846 1785
f 9104 9166 9165
f 9104 9105 9166
f 1785 1846 1847
f 1785 1847 1786
f 9105 9167 9166
f 9105 9106 9167
f 1786 1847 1848
f 1786 1848 1787
f 9106 9168 9167
f 9106 9107 9168
f 1787 1848 1849
f 1787 1849 1788
f 9107 9169 9168
f 9107 9108 9169
f 1788 1849 1850
f 1788 1850 1789
f 9108 9170 9169
f 9108 9109 9170
f 1789 1850 1851
f 1789 1851 1790
f 9109 9171 9170
f 9109 9110 9171
f 1790 1851 1852
f 1790 1852 1791
f 9110 9172 9171
f 9110 9111 9172
f 1791 1852 1853
f 1791 1853 1792
f 9111 9173 9172
f 9111 9112 9173
f 1792 1853 1854
f 1792 1854 1793
f 9112 9174 9173
f 9112 9113 9174
f 1793 1854 1855
f 1793 1855 1794
f 9113 9175 9174
f 9113 9114 9175
f 1794 1855 1856
f 1794 1856 1795
f 9114 9176 9175
f 9114 9115 9176
f 1795 1856 1857
f 1795 1857 1796
f 9115 9177 9176
f 9115 9116 9177
f 1796 1857 1858
f 1796 1858 1797
f 9116 9178 9177
f 9116 9117 9178
f 1797 1858 1859
f 1797 1859 1798
f 9117 9179 9178
f 9117 9118 9179
f 1798 1859 1860
f 1798 1860 1799
f 9118 9180 9179
f 9118 9119 9180
f 1799 1860 1861
f 1799 1861 1800
f 9119 9181 9180
f 9119 9120 9181
f 1800 1861 1862
f 1800 1862 1801
f 9120 9182 9181
f 9120 9121 9182
f 1801 1862 1863
f 1801 1863 1802
f 9121 9183 9182
f 9121 9122 9183
f 1802 1863 1864
f 1802 1864 1803
f 9122 9184 9183
f 9122 9123 9184
f 1803 1864 1865
f 1803 1865 1804
f 9123 9185 9184
f 9123 9124 9185
f 1804 1865 1866
f 1804 1866 1805
f 9124 9186 9185
f 9124 9125 9186
f 1805 1866 1867
f 1805 1867 1806
f 9125 9187 9186
f 9125 9126 9187
f 1806 1867 1868
f 1806 1868 1807
f 9126 9188 9187
f 9126 9127 9188
f 1807 1868 1869
f 1807 1869 1808
f 9127 9189 9188
f 9127 9128 9189
f 1808 1869 1870
f 1808 1870 1809
f 9128 9190 9189
f 9128 9129 9190
f 1809 1870 1871
f 1809 1871 1810
f 9129 9191 9190
f 9129 9130 9191
f 1810 1871 1872
f 1810 1872 1811
f 9130 9192 9191
f 9130 9131 9192
f 1811 1872 1873
f 1811 1873 1812
f 9131 9193 9192
f 9131 9132 9193
f 1812 1873 1874
f 1812 1874 1813
f 9132 9194 9193
f 9132 9133 9194
f 1813 1874 1875
f 1813 1875 1814
f 9133 9195 9194
f 9133 9134 9195
f 1814 1875 1876
f 1814 1876 1815
f 9134 9196 9195
f 9134 9135 9196
f 1815 1876 1877
f 1815 1877 1816
f 9135 9197 9196
f 9135 9136 9197
f 1816 1877 1878
f 1816 1878 1817
f 9136 9198 9197
f 9136 9137 9198
f 1817 1878 1879
f 1817 1879 1818
f 9137 9199 9198
f 9137 9138 9199
f 1818 1879 1880
f 1818 1880 1819
f 9138 9200 9199
f 9138 9139 9200
f 1819 1880 1881
f 1819 1881 1820
f 9139 9201 9200
f 9139 9140 9201
f 1820 1881 1882
f 1820 1882 1821
f 9140 9202 9201
f 9140 9141 9202
f 1821 1882 1883
f 1821 1883 1822
f 9141 9203 9202
f 9141 9142 9203
f 1822 1883 1884
f 1822 1884 1823
f 9142 9204 9203
f 9142 9143 9204
f 1823 1884 1885
f 1823 1885 1824
f 9143 9205 9204
f 9143 9144 9205
f 1824 1885 1886
f 1824 1886 1825
f 9144 9206 9205
f 9144 9145 9206
f 1825 1886 1887
f 1825 1887 1826
f 9145 9207 9206
f 9145 9146 9207
f 1826 1887 1888
f 1826 1888 1827
f 9146 9208 9207
f 9146 9147 9208
f 1827 1888 1889
f 1827 1889 1828
f 9147 9209 9208
f 9147 9148 9209
f 1828 1889 1890
f 1828 1890 1829
f 9148 9210 9209
f 9148 9149 9210
f 1829 1890 1891
f 1829 1891 1830
f 9149 9211 9210
f 9149 9150 9211
f 1831 1892 1893
f 1831 1893 1832
f 9151 9213 9212
f 9151 9152 9213
f 1832 1893 1894
f 1832 1894 1833
f 9152 9214 9213
f 9152 9153 9214
f 1833 1894 1895
f 1833 1895 1834
f 9153 9215 9214
f 9153 9154 9215
f 1834 1895 1896
f 1834 1896 1835
f 9154 9216 9215
f 9154 9155 9216
f 1835 1896 1897
f 1835 1897 1836
f 9155 9217 9216
f 9155 9156 9217
f 1836 1897 1898
f 1836 1898 1837
f 9156 9218 9217
f 9156 9157 9218
f 1837 1898 1899
f 1837 1899 1838
f 9157 9219 9218
f 9157 9158 9219
f 1838 1899 1900
f 1838 1900 1839
f 9158 9220 9219
f 9158 9159 9220
f 1839 1900 1901
f 1839 1901 1840
f 9159 9221 9220
f 9159 9160 9221
f 1840 1901 1902
f 1840 1902 1841
f 9160 9222 9221
f 9160 9161 9222
f 1841 1902 1903
f 1841 1903 1842
f 9161 9223 9222
f 9161 9162 9223
f 1842 1903 1904
f 1842 1904 1843
f 9162 9224 9223
f 9162 9163 9224
f 1843 1904 1905
f 1843 1905 1844
f 9163 9225 9224
f 9163 9164 9225
f 1844 1905 1906
f 1844 1906 1845
f 9164 9226 9225
f 9164 9165 9226
f 1845 1906 1907
f 1845 1907 1846
f 9165 9227 9226
f 9165 9166 9227
f 1846 1907 1908
f 1846 1908 1847
f 9166 9228 9227
f 9166 9167 9228
f 1847 1908 1909
f 1847 1909 1848
f 9167 9229 9228
f 9167 9168 9229
f 1848 1909 1910
f 1848 1910 1849
f 9168 9230 9229
f 9168 9169 9230
f 1849 1910 1911
f 1849 1911 1850
f 9169 9231 9230
f 9169 9170 9231
f 1850 1911 1912
f 1850 1912 1851
f 9170 9232 9231
f 9170 9171 9232
f 1851 1912 1913
f 1851 1913 1852
f 9171 9233 9232
f 9171 9172 9233
f 1852 1913 1914
f 1852 1914 1853
f 9172 9234 9233
f 9172 9173 9234
f 1853 1914 1915
f 1853 1915 1854
f 9173 9235 9234
f 9173 9174 9235
f 1854 1915 1916
f 1854 1916 1855
f 9174 9236 9235
f 9174 9175 9236
f 1855 1916 1917
f 1855 1917 1856
f 9175 9237 9236
f 9175 9176 9237
f 1856 1917 1918
f 1856 1918 1857
f 9176 9238 9237
f 9176 9177 9238
f 1857 1918 1919
f 1857 1919 1858
f 9177 9239 9238
f 9177 9178 9239
f 1858 1919 1920
f 1858 1920 1859
f 9178 9240 9239
f 9178 9179 9240
f 1859 1920 1921
f 1859 1921 1860
f 9179 9241 9240
f 9179 9180 9241
f 1860 1921 1922
f 1860 1922 1861
f 9180 9242 9241
f 9180 9181 9242
f 1861 1922 1923
f 1861 1923 1862
f 9181 9243 9242
f 9181 9182 9243
f 1862 1923 1924
f 1862 1924 1863
f 9182 9244 9243
f 9182 9183 9244
f 1863 1924 1925
f 1863 1925 1864
f 9183 9245 9244
f 9183 9184 9245
f 1864 1925 1926
f 1864 1926 1865
f 9184 9246 9245
f 9184 9185 9246
f 1865 1926 1927
f 1865 1927 1866
f 9185 9247 9246
f 9185 9186 9247
f 1866 1927 1928
f 1866 1928 1867
f 9186 9248 9247
f 9186 9187 9248
f 1867 1928 1929
f 1867 1929 1868
f 9187 9249 9248
f 9187 9188 9249
f 1868 1929 1930
f 1868 1930 1869
f 9188 9250 9249
f 9188 9189 9250
f 1869 1930 1931
f 1869 1931 1870
f 9189 9251 9250
f 9189 9190 9251
f 1870 1931 1932
f 1870 1932 1871
f 9190 9252 9251
f 9190 9191 9252
f 1871 1932 1933
f 1871 1933 1872
f 9191 9253 9252
f 9191 9192 9253
f 1872 1933 1934
f 1872 1934 1873
f 9192 9254 9253
f 9192 9193 9254
f 1873 1934 1935
f 1873 1935 1874
f 9193 9255 9254
f 9193 9194 9255
f 1874 1935 1936
f 1874 1936 1875
f 9194 9256 9255
f 9194 9195 9256
f 1875 1936 1937
f 1875 1937 1876
f 9195 9257 9256
f 9195 9196 9257
f 1876 1937 1938
f 1876 1938 1877
f 9196 9258 9257
f 9196 9197 9258
f 1877 1938 1939
f 1877 1939 1878
f 9197 9259 9258
f 9197 9198 9259
f 1878 1939 1940
f 1878 1940 1879
f 9198 9260 9259
f 9198 9199 9260
f 1879 1940 1941
f 1879 1941 1880
f 9199 9261 9260
f 9199 9200 9261
f 1880 1941 1942
f 1880 1942 1881
f 9200 9262 9261
f 9200 9201 9262
f 1881 1942 1943
f 1881 1943 1882
f 9201 9263 9262
f 9201 9202 9263
f 1882 1943 1944
f 1882 1944 1883
f 9202 9264 9263
f 9202 9203 9264
f 1883 1944 1945
f 1883 1945 1884
f 9203 9265 9264
f 9203 9204 9265
f 1884 1945 1946
f 1884 1946 1885
f 9204 9266 9265
f 9204 9205 9266
f 1885 1946 1947
f 1885 1947 1886
f 9205 9267 9266
f 9205 9206 9267
f 1886 1947 1948
f 1886 1948 1887
f 9206 9268 9267
f 9206 9207 9268
f 1887 1948 1949
f 1887 1949 1888
f 9207 9269 9268
f 9207 9208 9269
f 1888 1949 1950
f 1888 1950 1889
f 9208 9270 9269
f 9208 9209 9270
f 1889 1950 1951
f 1889 1951 1890
f 9209 9271 9270
f 9209 9210 9271
f 1890 1951 1952
f 1890 1952 1891
f 9210 9272 9271
f 9210 9211 9272
f 1892 1953 1954
f 1892 1954 1893
f 9212 9274 9273
f 9212 9213 9274
f 1893 1954 1955
f 1893 1955 1894
f 9213 9275 9274
f 9213 9214 9275
f 1894 1955 1956
f 1894 1956 1895
f 9214 9276 9275
f 9214 9215 9276
f 1895 1956 1957
f 1895 1957 1896
f 9215 9277 9276
f 9215 9216 9277
f 1896 1957 1958
f 1896 1958 1897
f 9216 9278 9277
f 9216 9217 9278
f 1897 1958 1959
f 1897 1959 1898
f 9217 9279 9278
f 9217 9218 9279
f 1898 1959 1960
f 1898 1960 1899
f 9218 9280 9279
f 9218 9219 9280
f 1899 1960 1961
f 1899 1961 1900
f 9219 9281 9280
f 9219 9220 9281
f 1900 1961 1962
f 1900 1962 1901
f 9220 9282 9281
f 9220 9221 9282
f 1901 1962 1963
f 1901 1963 1902
f 9221 9283 9282
f 9221 9222 9283
f 1902 1963 1964
f 1902 1964 1903
f 9222 9284 9283
f 9222 9223 9284
f 1903 1964 1965
f 1903 1965 1904
f 9223 9285 9284
f 9223 9224 9285
f 1904 1965 1966
f 1904 1966 1905
f 9224 9286 9285
f 9224 9225 9286
f 1905 1966 1967
f 1905 1967 1906
f 9225 9287 9286
f 9225 9226 9287
f 1906 1967 1968
f 1906 1968 1907
f 9226 9288 9287
f 9226 9227 9288
f 1907 1968 1969
f 1907 1969 1908
f 9227 9289 9288
f 9227 9228 9289
f 1908 1969 1970
f 1908 1970 1909
f 9228 9290 9289
f 9228 9229 9290
f 1909 1970 1971
f 1909 1971 1910
f 9229 9291 9290
f 9229 9230 9291
f 1910 1971 1972
f 1910 1972 1911
f 9230 9292 9291
f 9230 9231 9292
f 1911 1972 1973
f 1911 1973 1912
f 9231 9293 9292
f 9231 9232 9293
f 1912 1973 1974
f 1912 1974 1913
f 9232 9294 9293
f 9232 9233 9294
f 1913 1974 1975
f 1913 1975 1914
f 9233 9295 9294
f 9233 9234 9295
f 1914 1975 1976
f 1914 1976 1915
f 9234 9296 9295
f 9234 9235 9296
f 1915 1976 1977
f 1915 1977 1916
f 9235 9297 9296
f 9235 9236 9297
f 1916 1977 1978
f 1916 1978 1917
f 9236 9298 9297
f 9236 9237 9298
f 1917 1978 1979
f 1917 1979 1918
f 9237 9299 9298
f 9237 9238 9299
f 1918 1979 1980
f 1918 1980 1919
f 9238 9300 9299
f 9238 9239 9300
f 1919 1980 1981
f 1919 1981 1920
f 9239 9301 9300
f 9239 9240 9301
f 1920 1981 1982
f 1920 1982 1921
f 9240 9302 9301
f 9240 9241 9302
f 1921 1982 1983
f 1921 1983 1922
f 9241 9303 9302
f 9241 9242 9303
f 1922 1983 1984
f 1922 1984 1923
f 9242 9304 9303
f 9242 9243 9304
f 1923 1984 1985
f 1923 1985 1924
f 9243 9305 9304
f 9243 9244 9305
f 1924 1985 1986
f 1924 1986 1925
f 9244 9306 9305
f 9244 9245 9306
f 1925 1986 1987
f 1925 1987 1926
f 9245 9307 9306
f 9245 9246 9307
f 1926 1987 1988
f 1926 1988 1927
f 9246 9308 9307
f 9246 9247 9308
f 1927 1988 1989
f 1927 1989 1928
f 9247 9309 9308
f 9247 9248 9309
f 1928 1989 1990
f 1928 1990 1929
f 9248 9310 9309
f 9248 9249 9310
f 1929 1990 1991
f 1929 1991 1930
f 9249 9311 9310
f 9249 9250 9311
f 1930 1991 1992
f 1930 1992 1931
f 9250 9312 9311
f 9250 9251 9312
f 1931 1992 1993
f 1931 1993 1932
f 9251 9313 9312
f 9251 9252 9313
f 1932 1993 1994
f 1932 1994 1933
f 9252 9314 9313
f 9252 9253 9314
f 1933 1994 1995
f 1933 1995 1934
f 9253 9315 9314
f 9253 9254 9315
f 1934 1995 1996
f 1934 1996 1935
f 9254 9316 9315
f 9254 9255 9316
f 1935 1996 1997
f 1935 1997 1936
f 9255 9317 9316
f 9255 9256 9317
f 1936 1997 1998
f 1936 1998 1937
f 9256 9318 9317
f 9256 9257 9318
f 1937 1998 1999
f 1937 1999 1938
f 9257 9319 9318
f 9257 9258 9319
f 1938 1999 2000
f 1938 2000 1939
f 9258 9320 9319
f 9258 9259 9320
f 1939 2000 2001
f 1939 2001 1940
f 9259 9321 9320
f 9259 9260 9321
f 1940 2001 2002
f 1940 2002 1941
f 9260 9322 9321
f 9260 9261 9322
f 1941 2002 2003
f 1941 2003 1942
f 9261 9323 9322
f 9261 9262 9323
f 1942 2003 2004
f 1942 2004 1943
f 9262 9324 9323
f 9262 9263 9324
f 1943 2004 2005
f 1943 2005 1944
f 9263 9325 9324
f 9263 9264 9325
f 1944 2005 2006
f 1944 2006 1945
f 9264 9326 9325
f 9264 9265 9326
f 1945 2006 2007
f 1945 2007 1946
f 9265 9327 9326
f 9265 9266 9327
f 1946 2007 2008
f 1946 2008 1947
f 9266 9328 9327
f 9266 9267 9328
f 1947 2008 2009
f 1947 2009 1948
f 9267 9329 9328
f 9267 9268 9329
f 1948 2009 2010
f 1948 2010 1949
f 9268 9330 9329
f 9268 9269 9330
f 1949 2010 2011
f 1949 2011 1950
f 9269 9331 9330
f 9269 9270 9331
f 1950 2011 2012
f 1950 2012 1951
f 9270 9332 9331
f 9270 9271 9332
f 1951 2012 2013
f 1951 2013 1952
f 9271 9333 9332
f 9271 9272 9333
f 1953 2014 2015
f 1953 2015 1954
f 9273 9335 9334
f 9273 9274 9335
f 1954 2015 2016
f 1954 2016 1955
f 9274 9336 9335
f 9274 9275 9336
f 1955 2016 2017
f 1955 2017 1956
f 9275 9337 9336
f 9275 9276 9337
f 1956 2017 2018
f 1956 2018 1957
f 9276 9338 9337
f 9276 9277 9338
f 1957 2018 2019
f 1957 2019 1958
f 9277 9339 9338
f 9277 9278 9339
f 1958 2019 2020
f 1958 2020 1959
f 9278 9340 9339
f 9278 9279 9340
f 1959 2020 2021
f 1959 2021 1960
f 9279 9341 9340
f 9279 9280 9341
f 1960 2021 2022
f 1960 2022 1961
f 9280 9342 9341
f 9280 9281 9342
f 1961 2022 2023
f 1961 2023 1962
f 9281 9343 9342
f 9281 9282 9343
f 1962 2023 2024
f 1962 2024 1963
f 9282 9344 9343
f 9282 9283 9344
f 1963 2024 2025
f 1963 2025 1964
f 9283 9345 9344
f 9283 9284 9345
f 1964 2025 2026
f 1964 2026 1965
f 9284 9346 9345
f 9284 9285 9346
f 1965 2026 2027
f 1965 2027 1966
f 9285 9347 9346
f 9285 9286 9347
f 1966 2027 2028
f 1966 2028 1967
f 9286 9348 9347
f 9286 9287 9348
f 1967 2028 2029
f 1967 2029 1968
f 9287 9349 9348
f 9287 9288 9349
f 1968 2029 2030
f 1968 2030 1969
f 9288 9350 9349
f 9288 9289 9350
f 1969 2030 2031
f 1969 2031 1970
f 9289 9351 9350
f 9289 9290 9351
f 1970 2031 2032
f 1970 2032 1971
f 9290 9352 9351
f 9290 9291 9352
f 1971 2032 2033
f 1971 2033 1972
f 9291 9353 9352
f 9291 9292 9353
f 1972 2033 2034
f 1972 2034 1973
f 9292 9354 9353
f 9292 9293 9354
f 1973 2034 2035
f 1973 2035 1974
f 9293 9355 9354
f 9293 9294 9355
f 1974 2035 2036
f 1974 2036 1975
f 9294 9356 9355
f 9294 9295 9356
f 1975 2036 2037
f 1975 2037 1976
f 9295 9357 9356
f 9295 9296 9357
f 1976 2037 2038
f 1976 2038 1977
f 9296 9358 9357
f 9296 9297 9358
f 1977 2038 2039
f 1977 2039 1978
f 9297 9359 9358
f 9297 9298 9359
f 1978 2039 2040
f 1978 2040 1979
f 9298 9360 9359
f 9298 9299 9360
f 1979 2040 2041
f 1979 2041 1980
f 9299 9361 9360
f 9299 9300 9361
f 1980 2041 2042
f 1980 2042 1981
f 9300 9362 9361
f 9300 9301 9362
f 1981 2042 2043
f 1981 2043 1982
f 9301 9363 9362
f 9301 9302 9363
f 1982 2043 2044
f 1982 2044 1983
f 9302 9364 9363
f 9302 9303 9364
f 1983 2044 2045
f 1983 2045 1984
f 9303 9365 9364
f 9303 9304 9365
f 1984 2045 2046
f 1984 2046 1985
f 9304 9366 9365
f 9304 9305 9366
f 1985 2046 2047
f 1985 2047 1986
f 9305 9367 9366
f 9305 9306 9367
f 1986 2047 2048
f 1986 2048 1987
f 9306 9368 9367
f 9306 9307 9368
f 1987 2048 2049
f 1987 2049 1988
f 9307 9369 9368
f 9307 9308 9369
f 1988 2049 2050
f 1988 2050 1989
f 9308 9370 9369
f 9308 9309 9370
f 1989 2050 2051
f 1989 2051 1990
f 9309 9371 9370
f 9309 9310 9371
f 1990 2051 2052
f 1990 2052 1991
f 9310 9372 9371
f 9310 9311 9372
f 1991 2052 2053
f 1991 2053 1992
f 9311 9373 9372
f 9311 9312 9373
f 1992 2053 2054
f 1992 2054 1993
f 9312 9374 9373
f 9312 9313 9374
f 1993 2054 2055
f 1993 2055 1994
f 9313 9375 9374
f 9313 9314 9375
f 1994 2055 2056
f 1994 2056 1995
f 9314 9376 9375
f 9314 9315 9376
f 1995 2056 2057
f 1995 2057 1996
f 9315 9377 9376
f 9315 9316 9377
f 1996 2057 2058
f 1996 2058 1997
f 9316 9378 9377
f 9316 9317 9378
f 1997 2058 2059
f 1997 2059 1998
f 9317 9379 9378
f 9317 9318 9379
f 1998 2059 2060
f 1998 2060 1999
f 9318 9380 9379
f 9318 9319 9380
f 1999 2060 2061
f 1999 2061 2000
f 9319 9381 9380
f 9319 9320 9381
f 2000 2061 2062
f 2000 2062 2001
f 9320 9382 9381
f 9320 9321 9382
f 2001 2062 2063
f 2001 2063 2002
f 9321 9383 9382
f 9321 9322 9383
f 2002 2063 2064
f 2002 2064 2003
f 9322 9384 9383
f 9322 9323 9384
f 2003 2064 2065
f 2003 2065 2004
f 9323 9385 9384
f 9323 9324 9385
f 2004 2065 2066
f 2004 2066 2005
f 9324 9386 9385
f 9324 9325 9386
f 2005 2066 2067
f 2005 2067 2006
f 9325 9387 9386
f 9325 9326 9387
f 2006 2067 2068
f 2006 2068 2007
f 9326 9388 9387
f 9326 9327 9388
f 2007 2068 2069
f 2007 2069 2008
f 9327 9389 9388
f 9327 9328 9389
f 2008 2069 2070
f 2008 2070 2009
f 9328 9390 9389
f 9328 9329 9390
f 2009 2070 2071
f 2009 2071 2010
f 9329 9391 9390
f 9329 9330 9391
f 2010 2071 2072
f 2010 2072 2011
f 9330 9392 9391
f 9330 9331 9392
f 2011 2072 2073
f 2011 2073 2012
f 9331 9393 9392
f 9331 9332 9393
f 2012 2073 2074
f 2012 2074 2013
f 9332 9394 9393
f 9332 9333 9394
f 2014 2075 2076
f 2014 2076 2015
f 9334 9396 9395
f 9334 9335 9396
f 2015 2076 2077
f 2015 2077 2016
f 9335 9397 9396
f 9335 9336 9397
f 2016 2077 2078
f 2016 2078 2017
f 9336 9398 9397
f 9336 9337 9398
f 2017 2078 2079
f 2017 2079 2018
f 9337 9399 9398
f 9337 9338 9399
f 2018 2079 2080
f 2018 2080 2019
f 9338 9400 9399
f 9338 9339 9400
f 2019 2080 2081
f 2019 2081 2020
f 9339 9401 9400
f 9339 9340 9401
f 2020 2081 2082
f 2020 2082 2021
f 9340 9402 9401
f 9340 9341 9402
f 2021 2082 2083
f 2021 2083 2022
f 9341 9403 9402
f 9341 9342 9403
f 2022 2083 2084
f 2022 2084 2023
f 9342 9404 9403
f 9342 9343 9404
f 2023 2084 2085
f 2023 2085 2024
f 9343 9405 9404
f 9343 9344 9405
f 2024 2085 2086
f 2024 2086 2025
f 9344 9406 9405
f 9344 9345 9406
f 2025 2086 2087
f 2025 2087 2026
f 9345 9407 9406
f 9345 9346 9407
f 2026 2087 2088
f 2026 2088 2027
f 9346 9408 9407
f 9346 9347 9408
f 2027 2088 2089
f 2027 2089 2028
f 9347 9409 9408
f 9347 9348 9409
f 2028 2089 2090
f 2028 2090 2029
f 9348 9410 9409
f 9348 9349 9410
f 2029 2090 2091
f 2029 2091 2030
f 9349 9411 9410
f 9349 9350 9411
f 2030 2091 2092
f 2030 2092 2031
f 9350 9412 9411
f 9350 9351 9412
f 2031 2092 2093
f 2031 2093 2032
f 9351 9413 9412
f 9351 9352 9413
f 2032 2093 2094
f 2032 2094 2033
f 9352 9414 9413
f 9352 9353 9414
f 2033 2094 2095
f 2033 2095 2034
f 9353 9415 9414
f 9353 9354 9415
f 2034 2095 2096
f 2034 2096 2035
f 9354 9416 9415
f 9354 9355 9416
f 2035 2096 2097
f 2035 2097 2036
f 9355 9417 9416
f 9355 9356 9417
f 2036 2097 2098
f 2036 2098 2037
f 9356 9418 9417
f 9356 9357 9418
f 2037 2098 2099
f 2037 2099 2038
f 9357 9419 9418
f 9357 9358 9419
f 2038 2099 2100
f 2038 2100 2039
f 9358 9420 9419
f 9358 9359 9420
f 2039 2100 2101
f 2039 2101 2040
f 9359 9421 9420
f 9359 9360 9421
f 2040 2101 2102
f 2040 2102 2041
f 9360 9422 9421
f 9360 9361 9422
f 2041 2102 2103
f 2041 2103 2042
f 9361 9423 9422
f 9361 9362 9423
f 2042 2103 2104
f 2042 2104 2043
f 9362 9424 9423
f 9362 9363 9424
f 2043 2104 2105
f 2043 2105 2044
f 9363 9425 9424
f 9363 9364 9425
f 2044 2105 2106
f 2044 2106 2045
f 9364 9426 9425
f 9364 9365 9426
f 2045 2106 2107
f 2045 2107 2046
f 9365 9427 9426
f 9365 9366 9427
f 2046 2107 2108
f 2046 2108 2047
f 9366 9428 9427
f 9366 9367 9428
f 2047 2108 2109
f 2047 2109 2048
f 9367 9429 9428
f 9367 9368 9429
f 2048 2109 2110
f 2048 2110 2049
f 9368 9430 9429
f 9368 9369 9430
f 2049 2110 2111
f 2049 2111 2050
f 9369 9431 9430
f 9369 9370 9431
f 2050 2111 2112
f 2050 2112 2051
f 9370 9432 9431
f 9370 9371 9432
f 2051 2112 2113
f 2051 2113 2052
f 9371 9433 9432
f 9371 9372 9433
f 2052 2113 2114
f 2052 2114 2053
f 9372 9434 9433
f 9372 9373 9434
f 2053 2114 2115
f 2053 2115 2054
f 9373 9435 9434
f 9373 9374 9435
f 2054 2115 2116
f 2054 2116 2055
f 9374 9436 9435
f 9374 9375 9436
f 2055 2116 2117
f 2055 2117 2056
f 9375 9437 9436
f 9375 9376 9437
f 2056 2117 2118
f 2056 2118 2057
f 9376 9438 9437
f 9376 9377 9438
f 2057 2118 2119
f 2057 2119 2058
f 9377 9439 9438
f 9377 9378 9439
f 2058 2119 2120
f 2058 2120 2059
f 9378 9440 9439
f 9378 9379 9440
f 2059 2120 2121
f 2059 2121 2060
f 9379 9441 9440
f 9379 9380 9441
f 2060 2121 2122
f 2060 2122 2061
f 9380 9442 9441
f 9380 9381 9442
f 2061 2122 2123
f 2061 2123 2062
f 9381 9443 9442
f 9381 9382 9443
f 2062 2123 2124
f 2062 2124 2063
f 9382 9444 9443
f 9382 9383 9444
f 2063 2124 2125
f 2063 2125 2064
f 9383 9445 9444
f 9383 9384 9445
f 2064 2125 2126
f 2064 2126 2065
f 9384 9446 9445
f 9384 9385 9446
f 2065 2126 2127
f 2065 2127 2066
f 9385 9447 9446
f 9385 9386 9447
f 2066 2127 2128
f 2066 2128 2067
f 9386 9448 9447
f 9386 9387 9448
f 2067 2128 2129
f 2067 2129 2068
f 9387 9449 9448
f 9387 9388 9449
f 2068 2129 2130
f 2068 2130 2069
f 9388 9450 9449
f 9388 9389 9450
f 2069 2130 2131
f 2069 2131 2070
f 9389 9451 9450
f 9389 9390 9451
f 2070 2131 2132
f 2070 2132 2071
f 9390 9452 9451
f 9390 9391 9452
f 2071 2132 2133
f 2071 2133 2072
f 9391 9453 9452
f 9391 9392 9453
f 2072 2133 2134
f 2072 2134 2073
f 9392 9454 9453
f 9392 9393 9454
f 2073 2134 2135
f 2073 2135 2074
f 9393 9455 9454
f 9393 9394 9455
f 2075 2136 2137
f 2075 2137 2076
f 9395 9457 9456
f 9395 9396 9457
f 2076 2137 2138
f 2076 2138 2077
f 9396 9458 9457
f 9396 9397 9458
f 2077 2138 2139
f 2077 2139 2078
f 9397 9459 9458
f 9397 9398 9459
f 2078 2139 2140
f 2078 2140 2079
f 9398 9460 9459
f 9398 9399 9460
f 2079 2140 2141
f 2079 2141 2080
f 9399 9461 9460
f 9399 9400 9461
f 2080 2141 2142
f 2080 2142 2081
f 9400 9462 9461
f 9400 9401 9462
f 2081 2142 2143
f 2081 2143 2082
f 9401 9463 9462
f 9401 9402 9463
f 2082 2143 2144
f 2082 2144 2083
f 9402 9464 9463
f 9402 9403 9464
f 2083 2144 2145
f 2083 2145 2084
f 9403 9465 9464
f 9403 9404 9465
f 2084 2145 2146
f 2084 2146 2085
f 9404 9466 9465
f 9404 9405 9466
f 2085 2146 2147
f 2085 2147 2086
f 9405 9467 9466
f 9405 9406 9467
f 2086 2147 2148
f 2086 2148 2087
f 9406 9468 9467
f 9406 9407 9468
f 2087 2148 2149
f 2087 2149 2088
f 9407 9469 9468
f 9407 9408 9469
f 2088 2149 2150
f 2088 2150 2089
f 9408 9470 9469
f 9408 9409 9470
f 2089 2150 2151
f 2089 2151 2090
f 9409 9471 9470
f 9409 9410 9471
f 2090 2151 2152
f 2090 2152 2091
f 9410 9472 9471
f 9410 9411 9472
f 2091 2152 2153
f 2091 2153 2092
f 9411 9473 9472
f 9411 9412 9473
f 2092 2153 2154
f 2092 2154 2093
f 9412 9474 9473
f 9412 9413 9474
f 2093 2154 2155
f 2093 2155 2094
f 9413 9475 9474
f 9413 9414 9475
f 2094 2155 2156
f 2094 2156 2095
f 9414 9476 9475
f 9414 9415 9476
f 2095 2156 2157
f 2095 2157 2096
f 9415 9477 9476
f 9415 9416 9477
f 2096 2157 2158
f 2096 2158 2097
f 9416 9478 9477
f 9416 9417 9478
f 2097 2158 2159
f 2097 2159 2098
f 9417 9479 9478
f 9417 9418 9479
f 2098 2159 2160
f 2098 2160 2099
f 9418 9480 9479
f 9418 9419 9480
f 2099 2160 2161
f 2099 2161 2100
f 9419 9481 9480
f 9419 9420 9481
f 2100 2161 2162
f 2100 2162 2101
f 9420 9482 9481
f 9420 9421 9482
f 2101 2162 2163
f 2101 2163 2102
f 9421 9483 9482
f 9421 9422 9483
f 2102 2163 2164
f 2102 2164 2103
f 9422 9484 9483
f 9422 9423 9484
f 2103 2164 2165
f 2103 2165 2104
f 9423 9485 9484
f 9423 9424 9485
f 2104 2165 2166
f 2104 2166 2105
f 9424 9486 9485
f 9424 9425 9486
f 2105 2166 2167
f 2105 2167 2106
f 9425 9487 9486
f 9425 9426 9487
f 2106 2167 2168
f 2106 2168 2107
f 9426 9488 9487
f 9426 9427 9488
f 2107 2168 2169
f 2107 2169 2108
f 9427 9489 9488
f 9427 9428 9489
f 2108 2169 2170
f 2108 2170 2109
f 9428 9490 9489
f 9428 9429 9490
f 2109 2170 2171
f 2109 2171 2110
f 9429 9491 9490
f 9429 9430 9491
f 2110 2171 2172
f 2110 2172 2111
f 9430 9492 9491
f 9430 9431 9492
f 2111 2172 2173
f 2111 2173 2112
f 9431 9493 9492
f 9431 9432 9493
f 2112 2173 2174
f 2112 2174 2113
f 9432 9494 9493
f 9432 9433 9494
f 2113 2174 2175
f 2113 2175 2114
f 9433 9495 9494
f 9433 9434 9495
f 2114 2175 2176
f 2114 2176 2115
f 9434 9496 9495
f 9434 9435 9496
f 2115 2176 2177
f 2115 2177 2116
f 9435 9497 9496
f 9435 9436 9497
f 2116 2177 2178
f 2116 2178 2117
f 9436 9498 9497
f 9436 9437 9498
f 2117 2178 2179
f 2117 2179 2118
f 9437 9499 9498
f 9437 9438 9499
f 2118 2179 2180
f 2118 2180 2119
f 9438 9500 9499
f 9438 9439 9500
f 2119 2180 2181
f 2119 2181 2120
f 9439 9501 9500
f 9439 9440 9501
f 2120 2181 2182
f 2120 2182 2121
f 9440 9502 9501
f 9440 9441 9502
f 2121 2182 2183
f 2121 2183 2122
f 9441 9503 9502
f 9441 9442 9503
f 2122 2183 2184
f 2122 2184 2123
f 9442 9504 9503
f 9442 9443 9504
f 2123 2184 2185
f 2123 2185 2124
f 9443 9505 9504
f 9443 9444 9505
f 2124 2185 2186
f 2124 2186 2125
f 9444 9506 9505
f 9444 9445 9506
f 2125 2186 2187
f 2125 2187 2126
f 9445 9507 9506
f 9445 9446 9507
f 2126 2187 2188
f 2126 2188 2127
f 9446 9508 9507
f 9446 9447 9508
f 2127 2188 2189
f 2127 2189 2128
f 9447 9509 9508
f 9447 9448 9509
f 2128 2189 2190
f 2128 2190 2129
f 9448 9510 9509
f 9448 9449 9510
f 2129 2190 2191
f 2129 2191 2130
f 9449 9511 9510
f 9449 9450 9511
f 2130 2191 2192
f 2130 2192 2131
f 9450 9512 9511
f 9450 9451 9512
f 2131 2192 2193
f 2131 2193 2132
f 9451 9513 9512
f 9451 9452 9513
f 2132 2193 2194
f 2132 2194 2133
f 9452 9514 9513
f 9452 9453 9514
f 2133 2194 2195
f 2133 2195 2134
f 9453 9515 9514
f 9453 9454 9515
f 2134 2195 2196
f 2134 2196 2135
f 9454 9516 9515
f 9454 9455 9516
f 2136 2197 2198
f 2136 2198 2137
f 9456 9518 9517
f 9456 9457 9518
f 2137 2198 2199
f 2137 2199 2138
f 9457 9519 9518
f 9457 9458 9519
f 2138 2199 2200
f 2138 2200 2139
f 9458 9520 9519
f 9458 9459 9520
f 2139 2200 2201
f 2139 2201 2140
f 9459 9521 9520
f 9459 9460 9521
f 2140 2201 2202
f 2140 2202 2141
f 9460 9522 9521
f 9460 9461 9522
f 2141 2202 2203
f 2141 2203 2142
f 9461 9523 9522
f 9461 9462 9523
f 2142 2203 2204
f 2142 2204 2143
f 9462 9524 9523
f 9462 9463 9524
f 2143 2204 2205
f 2143 2205 2144
f 9463 9525 9524
f 9463 9464 9525
f 2144 2205 2206
f 2144 2206 2145
f 9464 9526 9525
f 9464 9465 9526
f 2145 2206 2207
f 2145 2207 2146
f 9465 9527 9526
f 9465 9466 9527
f 2146 2207 2208
f 2146 2208 2147
f 9466 9528 9527
f 9466 9467 9528
f 2147 2208 2209
f 2147 2209 2148
f 9467 9529 9528
f 9467 9468 9529
f 2148 2209 2210
f 2148 2210 2149
f 9468 9530 9529
f 9468 9469 9530
f 2149 2210 2211
f 2149 2211 2150
f 9469 9531 9530
f 9469 9470 9531
f 2150 2211 2212
f 2150 2212 2151
f 9470 9532 9531
f 9470 9471 9532
f 2151 2212 2213
f 2151 2213 2152
f 9471 9533 9532
f 9471 9472 9533
f 2152 2213 2214
f 2152 2214 2153
f 9472 9534 9533
f 9472 9473 9534
f 2153 2214 2215
f 2153 2215 2154
f 9473 9535 9534
f 9473 9474 9535
f 2154 2215 2216
f 2154 2216 2155
f 9474 9536 9535
f 9474 9475 9536
f 2155 2216 2217
f 2155 2217 2156
f 9475 9537 9536
f 9475 9476 9537
f 2156 2217 2218
f 2156 2218 2157
f 9476 9538 9537
f 9476 9477 9538
f 2157 2218 2219
f 2157 2219 2158
f 9477 9539 9538
f 9477 9478 9539
f 2158 2219 2220
f 2158 2220 2159
f 9478 9540 9539
f 9478 9479 9540
f 2159 2220 2221
f 2159 2221 2160
f 9479 9541 9540
f 9479 9480 9541
f 2160 2221 2222
f 2160 2222 2161
f 9480 9542 9541
f 9480 9481 9542
f 2161 2222 2223
f 2161 2223 2162
f 9481 9543 9542
f 9481 9482 9543
f 2162 2223 2224
f 2162 2224 2163
f 9482 9544 9543
f 9482 9483 9544
f 2163 2224 2225
f 2163 2225 2164
f 9483 9545 9544
f 9483 9484 9545
f 2164 2225 2226
f 2164 2226 2165
f 9484 9546 9545
f 9484 9485 9546
f 2165 2226 2227
f 2165 2227 2166
f 9485 9547 9546
f 9485 9486 9547
f 2166 2227 2228
f 2166 2228 2167
f 9486 9548 9547
f 9486 9487 9548
f 2167 2228 2229
f 2167 2229 2168
f 9487 9549 9548
f 9487 9488 9549
f 2168 2229 2230
f 2168 2230 2169
f 9488 9550 9549
f 9488 9489 9550
f 2169 2230 2231
f 2169 2231 2170
f 9489 9551 9550
f 9489 9490 9551
f 2170 2231 2232
f 2170 2232 2171
f 9490 9552 9551
f 9490 9491 9552
f 2171 2232 2233
f 2171 2233 2172
f 9491 9553 9552
f 9491 9492 9553
f 2172 2233 2234
f 2172 2234 2173
f 9492 9554 9553
f 9492 9493 9554
f 2173 2234 2235
f 2173 2235 2174
f 9493 9555 9554
f 9493 9494 9555
f 2174 2235 2236
f 2174 2236 2175
f 9494 9556 9555
f 9494 9495 9556
f 2175 2236 2237
f 2175 2237 2176
f 9495 9557 9556
f 9495 9496 9557
f 2176 2237 2238
f 2176 2238 2177
f 9496 9558 9557
f 9496 9497 9558
f 2177 2238 2239
f 2177 2239 2178
f 9497 9559 9558
f 9497 9498 9559
f 2178 2239 2240
f 2178 2240 2179
f 9498 9560 9559
f 9498 9499 9560
f 2179 2240 2241
f 2179 2241 2180
f 9499 9561 9560
f 9499 9500 9561
f 2180 2241 2242
f 2180 2242 2181
f 9500 9562 9561
f 9500 9501 9562
f 2181 2242 2243
f 2181 2243 2182
f 9501 9563 9562
f 9501 9502 9563
f 2182 2243 2244
f 2182 2244 2183
f 9502 9564 9563
f 9502 9503 9564
f 2183 2244 2245
f 2183 2245 2184
f 9503 9565 9564
f 9503 9504 9565
f 2184 2245 2246
f 2184 2246 2185
f 9504 9566 9565
f 9504 9505 9566
f 2185 2246 2247
f 2185 2247 2186
f 9505 9567 9566
f 9505 9506 9567
f 2186 2247 2248
f 2186 2248 2187
f 9506 9568 9567
f 9506 9507 9568
f 2187 2248 2249
f 2187 2249 2188
f 9507 9569 9568
f 9507 9508 9569
f 2188 2249 2250
f 2188 2250 2189
f 9508 9570 9569
f 9508 9509 9570
f 2189 2250 2251
f 2189 2251 2190
f 9509 9571 9570
f 9509 9510 9571
f 2190 2251 2252
f 2190 2252 2191
f 9510 9572 9571
f 9510 9511 9572
f 2191 2252 2253
f 2191 2253 2192
f 9511 9573 9572
f 9511 9512 9573
f 2192 2253 2254
f 2192 2254 2193
f 9512 9574 9573
f 9512 9513 9574
f 2193 2254 2255
f 2193 2255 2194
f 9513 9575 9574
f 9513 9514 9575
f 2194 2255 2256
f 2194 2256 2195
f 9514 9576 9575
f 9514 9515 9576
f 2195 2256 2257
f 2195 2257 2196
f 9515 9577 9576
f 9515 9516 9577
f 2197 2258 2259
f 2197 2259 2198
f 9517 9579 9578
f 9517 9518 9579
f 2198 2259 2260
f 2198 2260 2199
f 9518 9580 9579
f 9518 9519 9580
f 2199 2260 2261
f 2199 2261 2200
f 9519 9581 9580
f 9519 9520 9581
f 2200 2261 2262
f 2200 2262 2201
f 9520 9582 9581
f 9520 9521 9582
f 2201 2262 2263
f 2201 2263 2202
f 9521 9583 9582
f 9521 9522 9583
f 2202 2263 2264
f 2202 2264 2203
f 9522 9584 9583
f 9522 9523 9584
f 2203 2264 2265
f 2203 2265 2204
f 9523 9585 9584
f 9523 9524 9585
f 2204 2265 2266
f 2204 2266 2205
f 9524 9586 9585
f 9524 9525 9586
f 2205 2266 2267
f 2205 2267 2206
f 9525 9587 9586
f 9525 9526 9587
f 2206 2267 2268
f 2206 2268 2207
f 9526 9588 9587
f 9526 9527 9588
f 2207 2268 2269
f 2207 2269 2208
f 9527 9589 9588
f 9527 9528 9589
f 2208 2269 2270
f 2208 2270 2209
f 9528 9590 9589
f 9528 9529 9590
f 2209 2270 2271
f 2209 2271 2210
f 9529 9591 9590
f 9529 9530 9591
f 2210 2271 2272
f 2210 2272 2211
f 9530 9592 9591
f 9530 9531 9592
f 2211 2272 2273
f 2211 2273 2212
f 9531 9593 9592
f 9531 9532 9593
f 2212 2273 2274
f 2212 2274 2213
f 9532 9594 9593
f 9532 9533 9594
f 2213 2274 2275
f 2213 2275 2214
f 9533 9595 9594
f 9533 9534 9595
f 2214 2275 2276
f 2214 2276 2215
f 9534 9596 9595
f 9534 9535 9596
f 2215 2276 2277
f 2215 2277 2216
f 9535 9597 9596
f 9535 9536 9597
f 2216 2277 2278
f 2216 2278 2217
f 9536 9598 9597
f 9536 9537 9598
f 2217 2278 2279
f 2217 2279 2218
f 9537 9599 9598
f 9537 9538 9599
f 2218 2279 2280
f 2218 2280 2219
f 9538 9600 9599
f 9538 9539 9600
f 2219 2280 2281
f 2219 2281 2220
f 9539 9601 9600
f 9539 9540 9601
f 2220 2281 2282
f 2220 2282 2221
f 9540 9602 9601
f 9540 9541 9602
f 2221 2282 2283
f 2221 2283 2222
f 9541 9603 9602
f 9541 9542 9603
f 2222 2283 2284
f 2222 2284 2223
f 9542 9604 9603
f 9542 9543 9604
f 2223 2284 2285
f 2223 2285 2224
f 9543 9605 9604
f 9543 9544 9605
f 2224 2285 2286
f 2224 2286 2225
f 9544 9606 9605
f 9544 9545 9606
f 2225 2286 2287
f 2225 2287 2226
f 9545 9607 9606
f 9545 9546 9607
f 2226 2287 2288
f 2226 2288 2227
f 9546 9608 9607
f 9546 9547 9608
f 2227 2288 2289
f 2227 2289 2228
f 9547 9609 9608
f 9547 9548 9609
f 2228 2289 2290
f 2228 2290 2229
f 9548 9610 9609
f 9548 9549 9610
f 2229 2290 2291
f 2229 2291 2230
f 9549 9611 9610
f 9549 9550 9611
f 2230 2291 2292
f 2230 2292 2231
f 9550 9612 9611
f 9550 9551 9612
f 2231 2292 2293
f 2231 2293 2232
f 9551 9613 9612
f 9551 9552 9613
f 2232 2293 2294
f 2232 2294 2233
f 9552 9614 9613
f 9552 9553 9614
f 2233 2294 2295
f 2233 2295 2234
f 9553 9615 9614
f 9553 9554 9615
f 2234 2295 2296
f 2234 2296 2235
f 9554 9616 9615
f 9554 9555 9616
f 2235 2296 2297
f 2235 2297 2236
f 9555 9617 9616
f 9555 9556 9617
f 2236 2297 2298
f 2236 2298 2237
f 9556 9618 9617
f 9556 9557 9618
f 2237 2298 2299
f 2237 2299 2238
f 9557 9619 9618
f 9557 9558 9619
f 2238 2299 2300
f 2238 2300 2239
f 9558 9620 9619
f 9558 9559 9620
f 2239 2300 2301
f 2239 2301 2240
f 9559 9621 9620
f 9559 9560 9621
f 2240 2301 2302
f 2240 2302 2241
f 9560 9622 9621
f 9560 9561 9622
f 2241 2302 2303
f 2241 2303 2242
f 9561 9623 9622
f 9561 9562 9623
f 2242 2303 2304
f 2242 2304 2243
f 9562 9624 9623
f 9562 9563 9624
f 2243 2304 2305
f 2243 2305 2244
f 9563 9625 9624
f 9563 9564 9625
f 2244 2305 2306
f 2244 2306 2245
f 9564 9626 9625
f 9564 9565 9626
f 2245 2306 2307
f 2245 2307 2246
f 9565 9627 9626
f 9565 9566 9627
f 2246 2307 2308
f 2246 2308 2247
f 9566 9628 9627
f 9566 9567 9628
f 2247 2308 2309
f 2247 2309 2248
f 9567 9629 9628
f 9567 9568 9629
f 2248 2309 2310
f 2248 2310 2249
f 9568 9630 9629
f 9568 9569 9630
f 2249 2310 2311
f 2249 2311 2250
f 9569 9631 9630
f 9569 9570 9631
f 2250 2311 2312
f 2250 2312 2251
f 9570 9632 9631
f 9570 9571 9632
f 2251 2312 2313
f 2251 2313 2252
f 9571 9633 9632
f 9571 9572 9633
f 2252 2313 2314
f 2252 2314 2253
f 9572 9634 9633
f 9572 9573 9634
f 2253 2314 2315
f 2253 2315 2254
f 9573 9635 9634
f 9573 9574 9635
f 2254 2315 2316
f 2254 2316 2255
f 9574 9636 9635
f 9574 9575 9636
f 2255 2316 2317
f 2255 2317 2256
f 9575 9637 9636
f 9575 9576 9637
f 2256 2317 2318
f 2256 2318 2257
f 9576 9638 9637
f 9576 9577 9638
f 2258 2319 2320
f 2258 2320 2259
f 9578 9640 9639
f 9578 9579 9640
f 2259 2320 2321
f 2259 2321 2260
f 9579 9641 9640
f 9579 9580 9641
f 2260 2321 2322
f 2260 2322 2261
f 9580 9642 9641
f 9580 9581 9642
f 2261 2322 2323
f 2261 2323 2262
f 9581 9643 9642
f 9581 9582 9643
f 2262 2323 2324
f 2262 2324 2263
f 9582 9644 9643
f 9582 9583 9644
f 2263 2324 2325
f 2263 2325 2264
f 9583 9645 9644
f 9583 9584 9645
f 2264 2325 2326
f 2264 2326 2265
f 9584 9646 9645
f 9584 9585 9646
f 2265 2326 2327
f 2265 2327 2266
f 9585 9647 9646
f 9585 9586 9647
f 2266 2327 2328
f 2266 2328 2267
f 9586 9648 9647
f 9586 9587 9648
f 2267 2328 2329
f 2267 2329 2268
f 9587 9649 9648
f 9587 9588 9649
f 2268 2329 2330
f 2268 2330 2269
f 9588 9650 9649
f 9588 9589 9650
f 2269 2330 2331
f 2269 2331 2270
f 9589 9651 9650
f 9589 9590 9651
f 2270 2331 2332
f 2270 2332 2271
f 9590 9652 9651
f 9590 9591 9652
f 2271 2332 2333
f 2271 2333 2272
f 9591 9653 9652
f 9591 9592 9653
f 2272 2333 2334
f 2272 2334 2273
f 9592 9654 9653
f 9592 9593 9654
f 2273 2334 2335
f 2273 2335 2274
f 9593 9655 9654
f 9593 9594 9655
f 2274 2335 2336
f 2274 2336 2275
f 9594 9656 9655
f 9594 9595 9656
f 2275 2336 2337
f 2275 2337 2276
f 9595 9657 9656
f 9595 9596 9657
f 2276 2337 2338
f 2276 2338 2277
f 9596 9658 9657
f 9596 9597 9658
f 2277 2338 2339
f 2277 2339 2278
f 9597 9659 9658
f 9597 9598 9659
f 2278 2339 2340
f 2278 2340 2279
f 9598 9660 9659
f 9598 9599 9660
f 2279 2340 2341
f 2279 2341 2280
f 9599 9661 9660
f 9599 9600 9661
f 2280 2341 2342
f 2280 2342 2281
f 9600 9662 9661
f 9600 9601 9662
f 2281 2342 2343
f 2281 2343 2282
f 9601 9663 9662
f 9601 9602 9663
f 2282 2343 2344
f 2282 2344 2283
f 9602 9664 9663
f 9602 9603 9664
f 2283 2344 2345
f 2283 2345 2284
f 9603 9665 9664
f 9603 9604 9665
f 2284 2345 2346
f 2284 2346 2285
f 9604 9666 9665
f 9604 9605 9666
f 2285 2346 2347
f 2285 2347 2286
f 9605 9667 9666
f 9605 9606 9667
f 2286 2347 2348
f 2286 2348 2287
f 9606 9668 9667
f 9606 9607 9668
f 2287 2348 2349
f 2287 2349 2288
f 9607 9669 9668
f 9607 9608 9669
f 2288 2349 2350
f 2288 2350 2289
f 9608 9670 9669
f 9608 9609 9670
f 2289 2350 2351
f 2289 2351 2290
f 9609 9671 9670
f 9609 9610 9671
f 2290 2351 2352
f 2290 2352 2291
f 9610 9672 9671
f 9610 9611 9672
f 2291 2352 2353
f 2291 2353 2292
f 9611 9673 9672
f 9611 9612 9673
f 2292 2353 2354
f 2292 2354 2293
f 9612 9674 9673
f 9612 9613 9674
f 2293 2354 2355
f 2293 2355 2294
f 9613 9675 9674
f 9613 9614 9675
f 2294 2355 2356
f 2294 2356 2295
f 9614 9676 9675
f 9614 9615 9676
f 2295 2356 2357
f 2295 2357 2296
f 9615 9677 9676
f 9615 9616 9677
f 2296 2357 2358
f 2296 2358 2297
f 9616 9678 9677
f 9616 9617 9678
f 2297 2358 2359
f 2297 2359 2298
f 9617 9679 9678
f 9617 9618 9679
f 2298 2359 2360
f 2298 2360 2299
f 9618 9680 9679
f 9618 9619 9680
f 2299 2360 2361
f 2299 2361 2300
f 9619 9681 9680
f 9619 9620 9681
f 2300 2361 2362
f 2300 2362 2301
f 9620 9682 9681
f 9620 9621 9682
f 2301 2362 2363
f 2301 2363 2302
f 9621 9683 9682
f 9621 9622 9683
f 2302 2363 2364
f 2302 2364 2303
f 9622 9684 9683
f 9622 9623 9684
f 2303 2364 2365
f 2303 2365 2304
f 9623 9685 9684
f 9623 9624 9685
f 2304 2365 2366
f 2304 2366 2305
f 9624 9686 9685
f 9624 9625 9686
f 2305 2366 2367
f 2305 2367 2306
f 9625 9687 9686
f 9625 9626 9687
f 2306 2367 2368
f 2306 2368 2307
f 9626 9688 9687
f 9626 9627 9688
f 2307 2368 2369
f 2307 2369 2308
f 9627 9689 9688
f 9627 9628 9689
f 2308 2369 2370
f 2308 2370 2309
f 9628 9690 9689
f 9628 9629 9690
f 2309 2370 2371
f 2309 2371 2310
f 9629 9691 9690
f 9629 9630 9691
f 2310 2371 2372
f 2310 2372 2311
f 9630 9692 9691
f 9630 9631 9692
f 2311 2372 2373
f 2311 2373 2312
f 9631 9693 9692
f 9631 9632 9693
f 2312 2373 2374
f 2312 2374 2313
f 9632 9694 9693
f 9632 9633 9694
f 2313 2374 2375
f 2313 2375 2314
f 9633 9695 9694
f 9633 9634 9695
f 2314 2375 2376
f 2314 2376 2315
f 9634 9696 9695
f 9634 9635 9696
f 2315 2376 2377
f 2315 2377 2316
f 9635 9697 9696
f 9635 9636 9697
f 2316 2377 2378
f 2316 2378 2317
f 9636 9698 9697
f 9636 9637 9698
f 2317 2378 2379
f 2317 2379 2318
f 9637 9699 9698
f 9637 9638 9699
f 2319 2380 2381
f 2319 2381 2320
f 9639 9701 9700
f 9639 9640 9701
f 2320 2381 2382
f 2320 2382 2321
f 9640 9702 9701
f 9640 9641 9702
f 2321 2382 2383
f 2321 2383 2322
f 9641 9703 9702
f 9641 9642 9703
f 2322 2383 2384
f 2322 2384 2323
f 9642 9704 9703
f 9642 9643 9704
f 2323 2384 2385
f 2323 2385 2324
f 9643 9705 9704
f 9643 9644 9705
f 2324 2385 2386
f 2324 2386 2325
f 9644 9706 9705
f 9644 9645 9706
f 2325 2386 2387
f 2325 2387 2326
f 9645 9707 9706
f 9645 9646 9707
f 2326 2387 2388
f 2326 2388 2327
f 9646 9708 9707
f 9646 9647 9708
f 2327 2388 2389
f 2327 2389 2328
f 9647 9709 9708
f 9647 9648 9709
f 2328 2389 2390
f 2328 2390 2329
f 9648 9710 9709
f 9648 9649 9710
f 2329 2390 2391
f 2329 2391 2330
f 9649 9711 9710
f 9649 9650 9711
f 2330 2391 2392
f 2330 2392 2331
f 9650 9712 9711
f 9650 9651 9712
f 2331 2392 2393
f 2331 2393 2332
f 9651 9713 9712
f 9651 9652 9713
f 2332 2393 2394
f 2332 2394 2333
f 9652 9714 9713
f 9652 9653 9714
f 2333 2394 2395
f 2333 2395 2334
f 9653 9715 9714
f 9653 9654 9715
f 2334 2395 2396
f 2334 2396 2335
f 9654 9716 9715
f 9654 9655 9716
f 2335 2396 2397
f 2335 2397 2336
f 9655 9717 9716
f 9655 9656 9717
f 2336 2397 2398
f 2336 2398 2337
f 9656 9718 9717
f 9656 9657 9718
f 2337 2398 2399
f 2337 2399 2338
f 9657 9719 9718
f 9657 9658 9719
f 2338 2399 2400
f 2338 2400 2339
f 9658 9720 9719
f 9658 9659 9720
f 2339 2400 2401
f 2339 2401 2340
f 9659 9721 9720
f 9659 9660 9721
f 2340 2401 2402
f 2340 2402 2341
f 9660 9722 9721
f 9660 9661 9722
f 2341 2402 2403
f 2341 2403 2342
f 9661 9723 9722
f 9661 9662 9723
f 2342 2403 2404
f 2342 2404 2343
f 9662 9724 9723
f 9662 9663 9724
f 2343 2404 2405
f 2343 2405 2344
f 9663 9725 9724
f 9663 9664 9725
f 2344 2405 2406
f 2344 2406 2345
f 9664 9726 9725
f 9664 9665 9726
f 2345 2406 2407
f 2345 2407 2346
f 9665 9727 9726
f 9665 9666 9727
f 2346 2407 2408
f 2346 2408 2347
f 9666 9728 9727
f 9666 9667 9728
f 2347 2408 2409
f 2347 2409 2348
f 9667 9729 9728
f 9667 9668 9729
f 2348 2409 2410
f 2348 2410 2349
f 9668 9730 9729
f 9668 9669 9730
f 2349 2410 2411
f 2349 2411 2350
f 9669 9731 9730
f 9669 9670 9731
f 2350 2411 2412
f 2350 2412 2351
f 9670 9732 9731
f 9670 9671 9732
f 2351 2412 2413
f 2351 2413 2352
f 9671 9733 9732
f 9671 9672 9733
f 2352 2413 2414
f 2352 2414 2353
f 9672 9734 9733
f 9672 9673 9734
f 2353 2414 2415
f 2353 2415 2354
f 9673 9735 9734
f 9673 9674 9735
f 2354 2415 2416
f 2354 2416 2355
f 9674 9736 9735
f 9674 9675 9736
f 2355 2416 2417
f 2355 2417 2356
f 9675 9737 9736
f 9675 9676 9737
f 2356 2417 2418
f 2356 2418 2357
f 9676 9738 9737
f 9676 9677 9738
f 2357 2418 2419
f 2357 2419 2358
f 9677 9739 9738
f 9677 9678 9739
f 2358 2419 2420
f 2358 2420 2359
f 9678 9740 9739
f 9678 9679 9740
f 2359 2420 2421
f 2359 2421 2360
f 9679 9741 9740
f 9679 9680 9741
f 2360 2421 2422
f 2360 2422 2361
f 9680 9742 9741
f 9680 9681 9742
f 2361 2422 2423
f 2361 2423 2362
f 9681 9743 9742
f 9681 9682 9743
f 2362 2423 2424
f 2362 2424 2363
f 9682 9744 9743
f 9682 9683 9744
f 2363 2424 2425
f 2363 2425 2364
f 9683 9745 9744
f 9683 9684 9745
f 2364 2425 2426
f 2364 2426 2365
f 9684 9746 9745
f 9684 9685 9746
f 2365 2426 2427
f 2365 2427 2366
f 9685 9747 9746
f 9685 9686 9747
f 2366 2427 2428
f 2366 2428 2367
f 9686 9748 9747
f 9686 9687 9748
f 2367 2428 2429
f 2367 2429 2368
f 9687 9749 9748
f 9687 9688 9749
f 2368 2429 2430
f 2368 2430 2369
f 9688 9750 9749
f 9688 9689 9750
f 2369 2430 2431
f 2369 2431 2370
f 9689 9751 9750
f 9689 9690 9751
f 2370 2431 2432
f 2370 2432 2371
f 9690 9752 9751
f 9690 9691 9752
f 2371 2432 2433
f 2371 2433 2372
f 9691 9753 9752
f 9691 9692 9753
f 2372 2433 2434
f 2372 2434 2373
f 9692 9754 9753
f 9692 9693 9754
f 2373 2434 2435
f 2373 2435 2374
f 9693 9755 9754
f 9693 9694 9755
f 2374 2435 2436
f 2374 2436 2375
f 9694 9756 9755
f 9694 9695 9756
f 2375 2436 2437
f 2375 2437 2376
f 9695 9757 9756
f 9695 9696 9757
f 2376 2437 2438
f 2376 2438 2377
f 9696 9758 9757
f 9696 9697 9758
f 2377 2438 2439
f 2377 2439 2378
f 9697 9759 9758
f 9697 9698 9759
f 2378 2439 2440
f 2378 2440 2379
f 9698 9760 9759
f 9698 9699 9760
f 2380 2441 2442
f 2380 2442 2381
f 9700 9762 9761
f 9700 9701 9762
f 2381 2442 2443
f 2381 2443 2382
f 9701 9763 9762
f 9701 9702 9763
f 2382 2443 2444
f 2382 2444 2383
f 9702 9764 9763
f 9702 9703 9764
f 2383 2444 2445
f 2383 2445 2384
f 9703 9765 9764
f 9703 9704 9765
f 2384 2445 2446
f 2384 2446 2385
f 9704 9766 9765
f 9704 9705 9766
f 2385 2446 2447
f 2385 2447 2386
f 9705 9767 9766
f 9705 9706 9767
f 2386 2447 2448
f 2386 2448 2387
f 9706 9768 9767
f 9706 9707 9768
f 2387 2448 2449
f 2387 2449 2388
f 9707 9769 9768
f 9707 9708 9769
f 2388 2449 2450
f 2388 2450 2389
f 9708 9770 9769
f 9708 9709 9770
f 2389 2450 2451
f 2389 2451 2390
f 9709 9771 9770
f 9709 9710 9771
f 2390 2451 2452
f 2390 2452 2391
f 9710 9772 9771
f 9710 9711 9772
f 2391 2452 2453
f 2391 2453 2392
f 9711 9773 9772
f 9711 9712 9773
f 2392 2453 2454
f 2392 2454 2393
f 9712 9774 9773
f 9712 9713 9774
f 2393 2454 2455
f 2393 2455 2394
f 9713 9775 9774
f 9713 9714 9775
f 2394 2455 2456
f 2394 2456 2395
f 9714 9776 9775
f 9714 9715 9776
f 2395 2456 2457
f 2395 2457 2396
f 9715 9777 9776
f 9715 9716 9777
f 2396 2457 2458
f 2396 2458 2397
f 9716 9778 9777
f 9716 9717 9778
f 2397 2458 2459
f 2397 2459 2398
f 9717 9779 9778
f 9717 9718 9779
f 2398 2459 2460
f 2398 2460 2399
f 9718 9780 9779
f 9718 9719 9780
f 2399 2460 2461
f 2399 2461 2400
f 9719 9781 9780
f 9719 9720 9781
f 2400 2461 2462
f 2400 2462 2401
f 9720 9782 9781
f 9720 9721 9782
f 2401 2462 2463
f 2401 2463 2402
f 9721 9783 9782
f 9721 9722 9783
f 2402 2463 2464
f 2402 2464 2403
f 9722 9784 9783
f 9722 9723 9784
f 2403 2464 2465
f 2403 2465 2404
f 9723 9785 9784
f 9723 9724 9785
f 2404 2465 2466
f 2404 2466 2405
f 9724 9786 9785
f 9724 9725 9786
f 2405 2466 2467
f 2405 2467 2406
f 9725 9787 9786
f 9725 9726 9787
f 2406 2467 2468
f 2406 2468 2407
f 9726 9788 9787
f 9726 9727 9788
f 2407 2468 2469
f 2407 2469 2408
f 9727 9789 9788
f 9727 9728 9789
f 2408 2469 2470
f 2408 2470 2409
f 9728 9790 9789
f 9728 9729 9790
f 2409 2470 2471
f 2409 2471 2410
f 9729 9791 9790
f 9729 9730 9791
f 2410 2471 2472
f 2410 2472 2411
f 9730 9792 9791
f 9730 9731 9792
f 2411 2472 2473
f 2411 2473 2412
f 9731 9793 9792
f 9731 9732 9793
f 2412 2473 2474
f 2412 2474 2413
f 9732 9794 9793
f 9732 9733 9794
f 2413 2474 2475
f 2413 2475 2414
f 9733 9795 9794
f 9733 9734 9795
f 2414 2475 2476
f 2414 2476 2415
f 9734 9796 9795
f 9734 9735 9796
f 2415 2476 2477
f 2415 2477 2416
f 9735 9797 9796
f 9735 9736 9797
f 2416 2477 2478
f 2416 2478 2417
f 9736 9798 9797
f 9736 9737 9798
f 2417 2478 2479
f 2417 2479 2418
f 9737 9799 9798
f 9737 9738 9799
f 2418 2479 2480
f 2418 2480 2419
f 9738 9800 9799
f 9738 9739 9800
f 2419 2480 2481
f 2419 2481 2420
f 9739 9801 9800
f 9739 9740 9801
f 2420 2481 2482
f 2420 2482 2421
f 9740 9802 9801
f 9740 9741 9802
f 2421 2482 2483
f 2421 2483 2422
f 9741 9803 9802
f 9741 9742 9803
f 2422 2483 2484
f 2422 2484 2423
f 9742 9804 9803
f 9742 9743 9804
f 2423 2484 2485
f 2423 2485 2424
f 9743 9805 9804
f 9743 9744 9805
f 2424 2485 2486
f 2424 2486 2425
f 9744 9806 9805
f 9744 9745 9806
f 2425 2486 2487
f 2425 2487 2426
f 9745 9807 9806
f 9745 9746 9807
f 2426 2487 2488
f 2426 2488 2427
f 9746 9808 9807
f 9746 9747 9808
f 2427 2488 2489
f 2427 2489 2428
f 9747 9809 9808
f 9747 9748 9809
f 2428 2489 2490
f 2428 2490 2429
f 9748 9810 9809
f 9748 9749 9810
f 2429 2490 2491
f 2429 2491 2430
f 9749 9811 9810
f 9749 9750 9811
f 2430 2491 2492
f 2430 2492 2431
f 9750 9812 9811
f 9750 9751 9812
f 2431 2492 2493
f 2431 2493 2432
f 9751 9813 9812
f 9751 9752 9813
f 2432 2493 2494
f 2432 2494 2433
f 9752 9814 9813
f 9752 9753 9814
f 2433 2494 2495
f 2433 2495 2434
f 9753 9815 9814
f 9753 9754 9815
f 2434 2495 2496
f 2434 2496 2435
f 9754 9816 9815
f 9754 9755 9816
f 2435 2496 2497
f 2435 2497 2436
f 9755 9817 9816
f 9755 9756 9817
f 2436 2497 2498
f 2436 2498 2437
f 9756 9818 9817
f 9756 9757 9818
f 2437 2498 2499
f 2437 2499 2438
f 9757 9819 9818
f 9757 9758 9819
f 2438 2499 2500
f 2438 2500 2439
f 9758 9820 9819
f 9758 9759 9820
f 2439 2500 2501
f 2439 2501 2440
f 9759 9821 9820
f 9759 9760 9821
f 2441 2502 2503
f 2441 2503 2442
f 9761 9823 9822
f 9761 9762 9823
f 2442 2503 2504
f 2442 2504 2443
f 9762 9824 9823
f 9762 9763 9824
f 2443 2504 2505
f 2443 2505 2444
f 9763 9825 9824
f 9763 9764 9825
f 2444 2505 2506
f 2444 2506 2445
f 9764 9826 9825
f 9764 9765 9826
f 2445 2506 2507
f 2445 2507 2446
f 9765 9827 9826
f 9765 9766 9827
f 2446 2507 2508
f 2446 2508 2447
f 9766 9828 9827
f 9766 9767 9828
f 2447 2508 2509
f 2447 2509 2448
f 9767 9829 9828
f 9767 9768 9829
f 2448 2509 2510
f 2448 2510 2449
f 9768 9830 9829
f 9768 9769 9830
f 2449 2510 2511
f 2449 2511 2450
f 9769 9831 9830
f 9769 9770 9831
f 2450 2511 2512
f 2450 2512 2451
f 9770 9832 9831
f 9770 9771 9832
f 2451 2512 2513
f 2451 2513 2452
f 9771 9833 9832
f 9771 9772 9833
f 2452 2513 2514
f 2452 2514 2453
f 9772 9834 9833
f 9772 9773 9834
f 2453 2514 2515
f 2453 2515 2454
f 9773 9835 9834
f 9773 9774 9835
f 2454 2515 2516
f 2454 2516 2455
f 9774 9836 9835
f 9774 9775 9836
f 2455 2516 2517
f 2455 2517 2456
f 9775 9837 9836
f 9775 9776 9837
f 2456 2517 2518
f 2456 2518 2457
f 9776 9838 9837
f 9776 9777 9838
f 2457 2518 2519
f 2457 2519 2458
f 9777 9839 9838
f 9777 9778 9839
f 2458 2519 2520
f 2458 2520 2459
f 9778 9840 9839
f 9778 9779 9840
f 2459 2520 2521
f 2459 2521 2460
f 9779 9841 9840
f 9779 9780 9841
f 2460 2521 2522
f 2460 2522 2461
f 9780 9842 9841
f 9780 9781 9842
f 2461 2522 2523
f 2461 2523 2462
f 9781 9843 9842
f 9781 9782 9843
f 2462 2523 2524
f 2462 2524 2463
f 9782 9844 9843
f 9782 9783 9844
f 2463 2524 2525
f 2463 2525 2464
f 9783 9845 9844
f 9783 9784 9845
f 2464 2525 2526
f 2464 2526 2465
f 9784 9846 9845
f 9784 9785 9846
f 2465 2526 2527
f 2465 2527 2466
f 9785 9847 9846
f 9785 9786 9847
f 2466 2527 2528
f 2466 2528 2467
f 9786 9848 9847
f 9786 9787 9848
f 2467 2528 2529
f 2467 2529 2468
f 9787 9849 9848
f 9787 9788 9849
f 2468 2529 2530
f 2468 2530 2469
f 9788 9850 9849
f 9788 9789 9850
f 2469 2530 2531
f 2469 2531 2470
f 9789 9851 9850
f 9789 9790 9851
f 2470 2531 2532
f 2470 2532 2471
f 9790 9852 9851
f 9790 9791 9852
f 2471 2532 2533
f 2471 2533 2472
f 9791 9853 9852
f 9791 9792 9853
f 2472 2533 2534
f 2472 2534 2473
f 9792 9854 9853
f 9792 9793 9854
f 2473 2534 2535
f 2473 2535 2474
f 9793 9855 9854
f 9793 9794 9855
f 2474 2535 2536
f 2474 2536 2475
f 9794 9856 9855
f 9794 9795 9856
f 2475 2536 2537
f 2475 2537 2476
f 9795 9857 9856
f 9795 9796 9857
f 2476 2537 2538
f 2476 2538 2477
f 9796 9858 9857
f 9796 9797 9858
f 2477 2538 2539
f 2477 2539 2478
f 9797 9859 9858
f 9797 9798 9859
f 2478 2539 2540
f 2478 2540 2479
f 9798 9860 9859
f 9798 9799 9860
f 2479 2540 2541
f 2479 2541 2480
f 9799 9861 9860
f 9799 9800 9861
f 2480 2541 2542
f 2480 2542 2481
f 9800 9862 9861
f 9800 9801 9862
f 2481 2542 2543
f 2481 2543 2482
f 9801 9863 9862
f 9801 9802 9863
f 2482 2543 2544
f 2482 2544 2483
f 9802 9864 9863
f 9802 9803 9864
f 2483 2544 2545
f 2483 2545 2484
f 9803 9865 9864
f 9803 9804 9865
f 2484 2545 2546
f 2484 2546 2485
f 9804 9866 9865
f 9804 9805 9866
f 2485 2546 2547
f 2485 2547 2486
f 9805 9867 9866
f 9805 9806 9867
f 2486 2547 2548
f 2486 2548 2487
f 9806 9868 9867
f 9806 9807 9868
f 2487 2548 2549
f 2487 2549 2488
f 9807 9869 9868
f 9807 9808 9869
f 2488 2549 2550
f 2488 2550 2489
f 9808 9870 9869
f 9808 9809 9870
f 2489 2550 2551
f 2489 2551 2490
f 9809 9871 9870
f 9809 9810 9871
f 2490 2551 2552
f 2490 2552 2491
f 9810 9872 9871
f 9810 9811 9872
f 2491 2552 2553
f 2491 2553 2492
f 9811 9873 9872
f 9811 9812 9873
f 2492 2553 2554
f 2492 2554 2493
f 9812 9874 9873
f 9812 9813 9874
f 2493 2554 2555
f 2493 2555 2494
f 9813 9875 9874
f 9813 9814 9875
f 2494 2555 2556
f 2494 2556 2495
f 9814 9876 9875
f 9814 9815 9876
f 2495 2556 2557
f 2495 2557 2496
f 9815 9877 9876
f 9815 9816 9877
f 2496 2557 2558
f 2496 2558 2497
f 9816 9878 9877
f 9816 9817 9878
f 2497 2558 2559
f 2497 2559 2498
f 9817 9879 9878
f 9817 9818 9879
f 2498 2559 2560
f 2498 2560 2499
f 9818 9880 9879
f 9818 9819 9880
f 2499 2560 2561
f 2499 2561 2500
f 9819 9881 9880
f 9819 9820 9881
f 2500 2561 2562
f 2500 2562 2501
f 9820 9882 9881
f 9820 9821 9882
f 2502 2563 2564
f 2502 2564 2503
f 9822 9884 9883
f 9822 9823 9884
f 2503 2564 2565
f 2503 2565 2504
f 9823 9885 9884
f 9823 9824 9885
f 2504 2565 2566
f 2504 2566 2505
f 9824 9886 9885
f 9824 9825 9886
f 2505 2566 2567
f 2505 2567 2506
f 9825 9887 9886
f 9825 9826 9887
f 2506 2567 2568
f 2506 2568 2507
f 9826 9888 9887
f 9826 9827 9888
f 2507 2568 2569
f 2507 2569 2508
f 9827 9889 9888
f 9827 9828 9889
f 2508 2569 2570
f 2508 2570 2509
f 9828 9890 9889
f 9828 9829 9890
f 2509 2570 2571
f 2509 2571 2510
f 9829 9891 9890
f 9829 9830 9891
f 2510 2571 2572
f 2510 2572 2511
f 9830 9892 9891
f 9830 9831 9892
f 2511 2572 2573
f 2511 2573 2512
f 9831 9893 9892
f 9831 9832 9893
f 2512 2573 2574
f 2512 2574 2513
f 9832 9894 9893
f 9832 9833 9894
f 2513 2574 2575
f 2513 2575 2514
f 9833 9895 9894
f 9833 9834 9895
f 2514 2575 2576
f 2514 2576 2515
f 9834 9896 9895
f 9834 9835 9896
f 2515 2576 2577
f 2515 2577 2516
f 9835 9897 9896
f 9835 9836 9897
f 2516 2577 2578
f 2516 2578 2517
f 9836 9898 9897
f 9836 9837 9898
f 2517 2578 2579
f 2517 2579 2518
f 9837 9899 9898
f 9837 9838 9899
f 2518 2579 2580
f 2518 2580 2519
f 9838 9900 9899
f 9838 9839 9900
f 2519 2580 2581
f 2519 2581 2520
f 9839 9901 9900
f 9839 9840 9901
f 2520 2581 2582
f 2520 2582 2521
f 9840 9902 9901
f 9840 9841 9902
f 2521 2582 2583
f 2521 2583 2522
f 9841 9903 9902
f 9841 9842 9903
f 2522 2583 2584
f 2522 2584 2523
f 9842 9904 9903
f 9842 9843 9904
f 2523 2584 2585
f 2523 2585 2524
f 9843 9905 9904
f 9843 9844 9905
f 2524 2585 2586
f 2524 2586 2525
f 9844 9906 9905
f 9844 9845 9906
f 2525 2586 2587
f 2525 2587 2526
f 9845 9907 9906
f 9845 9846 9907
f 2526 2587 2588
f 2526 2588 2527
f 9846 9908 9907
f 9846 9847 9908
f 2527 2588 2589
f 2527 2589 2528
f 9847 9909 9908
f 9847 9848 9909
f 2528 2589 2590
f 2528 2590 2529
f 9848 9910 9909
f 9848 9849 9910
f 2529 2590 2591
f 2529 2591 2530
f 9849 9911 9910
f 9849 9850 9911
f 2530 2591 2592
f 2530 2592 2531
f 9850 9912 9911
f 9850 9851 9912
f 2531 2592 2593
f 2531 2593 2532
f 9851 9913 9912
f 9851 9852 9913
f 2532 2593 2594
f 2532 2594 2533
f 9852 9914 9913
f 9852 9853 9914
f 2533 2594 2595
f 2533 2595 2534
f 9853 9915 9914
f 9853 9854 9915
f 2534 2595 2596
f 2534 2596 2535
f 9854 9916 9915
f 9854 9855 9916
f 2535 2596 2597
f 2535 2597 2536
f 9855 9917 9916
f 9855 9856 9917
f 2536 2597 2598
f 2536 2598 2537
f 9856 9918 9917
f 9856 9857 9918
f 2537 2598 2599
f 2537 2599 2538
f 9857 9919 9918
f 9857 9858 9919
f 2538 2599 2600
f 2538 2600 2539
f 9858 9920 9919
f 9858 9859 9920
f 2539 2600 2601
f 2539 2601 2540
f 9859 9921 9920
f 9859 9860 9921
f 2540 2601 2602
f 2540 2602 2541
f 9860 9922 9921
f 9860 9861 9922
f 2541 2602 2603
f 2541 2603 2542
f 9861 9923 9922
f 9861 9862 9923
f 2542 2603 2604
f 2542 2604 2543
f 9862 9924 9923
f 9862 9863 9924
f 2543 2604 2605
f 2543 2605 2544
f 9863 9925 9924
f 9863 9864 9925
f 2544 2605 2606
f 2544 2606 2545
f 9864 9926 9925
f 9864 9865 9926
f 2545 2606 2607
f 2545 2607 2546
f 9865 9927 9926
f 9865 9866 9927
f 2546 2607 2608
f 2546 2608 2547
f 9866 9928 9927
f 9866 9867 9928
f 2547 2608 2609
f 2547 2609 2548
f 9867 9929 9928
f 9867 9868 9929
f 2548 2609 2610
f 2548 2610 2549
f 9868 9930 9929
f 9868 9869 9930
f 2549 2610 2611
f 2549 2611 2550
f 9869 9931 9930
f 9869 9870 9931
f 2550 2611 2612
f 2550 2612 2551
f 9870 9932 9931
f 9870 9871 9932
f 2551 2612 2613
f 2551 2613 2552
f 9871 9933 9932
f 9871 9872 9933
f 2552 2613 2614
f 2552 2614 2553
f 9872 9934 9933
f 9872 9873 9934
f 2553 2614 2615
f 2553 2615 2554
f 9873 9935 9934
f 9873 9874 9935
f 2554 2615 2616
f 2554 2616 2555
f 9874 9936 9935
f 9874 9875 9936
f 2555 2616 2617
f 2555 2617 2556
f 9875 9937 9936
f 9875 9876 9937
f 2556 2617 2618
f 2556 2618 2557
f 9876 9938 9937
f 9876 9877 9938
f 2557 2618 2619
f 2557 2619 2558
f 9877 9939 9938
f 9877 9878 9939
f 2558 2619 2620
f 2558 2620 2559
f 9878 9940 9939
f 9878 9879 9940
f 2559 2620 2621
f 2559 2621 2560
f 9879 9941 9940
f 9879 9880 9941
f 2560 2621 2622
f 2560 2622 2561
f 9880 9942 9941
f 9880 9881 9942
f 2561 2622 2623
f 2561 2623 2562
f 9881 9943 9942
f 9881 9882 9943
f 2563 2624 2625
f 2563 2625 2564
f 9883 9945 9944
f 9883 9884 9945
f 2564 2625 2626
f 2564 2626 2565
f 9884 9946 9945
f 9884 9885 9946
f 2565 2626 2627
f 2565 2627 2566
f 9885 9947 9946
f 9885 9886 9947
f 2566 2627 2628
f 2566 2628 2567
f 9886 9948 9947
f 9886 9887 9948
f 2567 2628 2629
f 2567 2629 2568
f 9887 9949 9948
f 9887 9888 9949
f 2568 2629 2630
f 2568 2630 2569
f 9888 9950 9949
f 9888 9889 9950
f 2569 2630 2631
f 2569 2631 2570
f 9889 9951 9950
f 9889 9890 9951
f 2570 2631 2632
f 2570 2632 2571
f 9890 9952 9951
f 9890 9891 9952
f 2571 2632 2633
f 2571 2633 2572
f 9891 9953 9952
f 9891 9892 9953
f 2572 2633 2634
f 2572 2634 2573
f 9892 9954 9953
f 9892 9893 9954
f 2573 2634 2635
f 2573 2635 2574
f 9893 9955 9954
f 9893 9894 9955
f 2574 2635 2636
f 2574 2636 2575
f 9894 9956 9955
f 9894 9895 9956
f 2575 2636 2637
f 2575 2637 2576
f 9895 9957 9956
f 9895 9896 9957
f 2576 2637 2638
f 2576 2638 2577
f 9896 9958 9957
f 9896 9897 9958
f 2577 2638 2639
f 2577 2639 2578
f 9897 9959 9958
f 9897 9898 9959
f 2578 2639 2640
f 2578 2640 2579
f 9898 9960 9959
f 9898 9899 9960
f 2579 2640 2641
f 2579 2641 2580
f 9899 9961 9960
f 9899 9900 9961
f 2580 2641 2642
f 2580 2642 2581
f 9900 9962 9961
f 9900 9901 9962
f 2581 2642 2643
f 2581 2643 2582
f 9901 9963 9962
f 9901 9902 9963
f 2582 2643 2644
f 2582 2644 2583
f 9902 9964 9963
f 9902 9903 9964
f 2583 2644 2645
f 2583 2645 2584
f 9903 9965 9964
f 9903 9904 9965
f 2584 2645 2646
f 2584 2646 2585
f 9904 9966 9965
f 9904 9905 9966
f 2585 2646 2647
f 2585 2647 2586
f 9905 9967 9966
f 9905 9906 9967
f 2586 2647 2648
f 2586 2648 2587
f 9906 9968 9967
f 9906 9907 9968
f 2587 2648 2649
f 2587 2649 2588
f 9907 9969 9968
f 9907 9908 9969
f 2588 2649 2650
f 2588 2650 2589
f 9908 9970 9969
f 9908 9909 9970
f 2589 2650 2651
f 2589 2651 2590
f 9909 9971 9970
f 9909 9910 9971
f 2590 2651 2652
f 2590 2652 2591
f 9910 9972 9971
f 9910 9911 9972
f 2591 2652 2653
f 2591 2653 2592
f 9911 9973 9972
f 9911 9912 9973
f 2592 2653 2654
f 2592 2654 2593
f 9912 9974 9973
f 9912 9913 9974
f 2593 2654 2655
f 2593 2655 2594
f 9913 9975 9974
f 9913 9914 9975
f 2594 2655 2656
f 2594 2656 2595
f 9914 9976 9975
f 9914 9915 9976
f 2595 2656 2657
f 2595 2657 2596
f 9915 9977 9976
f 9915 9916 9977
f 2596 2657 2658
f 2596 2658 2597
f 9916 9978 9977
f 9916 9917 9978
f 2597 2658 2659
f 2597 2659 2598
f 9917 9979 9978
f 9917 9918 9979
f 2598 2659 2660
f 2598 2660 2599
f 9918 9980 9979
f 9918 9919 9980
f 2599 2660 2661
f 2599 2661 2600
f 9919 9981 9980
f 9919 9920 9981
f 2600 2661 2662
f 2600 2662 2601
f 9920 9982 9981
f 9920 9921 9982
f 2601 2662 2663
f 2601 2663 2602
f 9921 9983 9982
f 9921 9922 9983
f 2602 2663 2664
f 2602 2664 2603
f 9922 9984 9983
f 9922 9923 9984
f 2603 2664 2665
f 2603 2665 2604
f 9923 9985 9984
f 9923 9924 9985
f 2604 2665 2666
f 2604 2666 2605
f 9924 9986 9985
f 9924 9925 9986
f 2605 2666 2667
f 2605 2667 2606
f 9925 9987 9986
f 9925 9926 9987
f 2606 2667 2668
f 2606 2668 2607
f 9926 9988 9987
f 9926 9927 9988
f 2607 2668 2669
f 2607 2669 2608
f 9927 9989 9988
f 9927 9928 9989
f 2608 2669 2670
f 2608 2670 2609
f 9928 9990 9989
f 9928 9929 9990
f 2609 2670 2671
f 2609 2671 2610
f 9929 9991 9990
f 9929 9930 9991
f 2610 2671 2672
f 2610 2672 2611
f 9930 9992 9991
f 9930 9931 9992
f 2611 2672 2673
f 2611 2673 2612
f 9931 9993 9992
f 9931 9932 9993
f 2612 2673 2674
f 2612 2674 2613
f 9932 9994 9993
f 9932 9933 9994
f 2613 2674 2675
f 2613 2675 2614
f 9933 9995 9994
f 9933 9934 9995
f 2614 2675 2676
f 2614 2676 2615
f 9934 9996 9995
f 9934 9935 9996
f 2615 2676 2677
f 2615 2677 2616
f 9935 9997 9996
f 9935 9936 9997
f 2616 2677 2678
f 2616 2678 2617
f 9936 9998 9997
f 9936 9937 9998
f 2617 2678 2679
f 2617 2679 2618
f 9937 9999 9998
f 9937 9938 9999
f 2618 2679 2680
f 2618 2680 2619
f 9938 10000 9999
f 9938 9939 10000
f 2619 2680 2681
f 2619 2681 2620
f 9939 10001 10000
f 9939 9940 10001
f 2620 2681 2682
f 2620 2682 2621
f 9940 10002 10001
f 9940 9941 10002
f 2621 2682 2683
f 2621 2683 2622
f 9941 10003 10002
f 9941 9942 10003
f 2622 2683 2684
f 2622 2684 2623
f 9942 10004 10003
f 9942 9943 10004
f 2624 2685 2686
f 2624 2686 2625
f 9944 10006 10005
f 9944 9945 10006
f 2625 2686 2687
f 2625 2687 2626
f 9945 10007 10006
f 9945 9946 10007
f 2626 2687 2688
f 2626 2688 2627
f 9946 10008 10007
f 9946 9947 10008
f 2627 2688 2689
f 2627 2689 2628
f 9947 10009 10008
f 9947 9948 10009
f 2628 2689 2690
f 2628 2690 2629
f 9948 10010 10009
f 9948 9949 10010
f 2629 2690 2691
f 2629 2691 2630
f 9949 10011 10010
f 9949 9950 10011
f 2630 2691 2692
f 2630 2692 2631
f 9950 10012 10011
f 9950 9951 10012
f 2631 2692 2693
f 2631 2693 2632
f 9951 10013 10012
f 9951 9952 10013
f 2632 2693 2694
f 2632 2694 2633
f 9952 10014 10013
f 9952 9953 10014
f 2633 2694 2695
f 2633 2695 2634
f 9953 10015 10014
f 9953 9954 10015
f 2634 2695 2696
f 2634 2696 2635
f 9954 10016 10015
f 9954 9955 10016
f 2635 2696 2697
f 2635 2697 2636
f 9955 10017 10016
f 9955 9956 10017
f 2636 2697 2698
f 2636 2698 2637
f 9956 10018 10017
f 9956 9957 10018
f 2637 2698 2699
f 2637 2699 2638
f 9957 10019 10018
f 9957 9958 10019
f 2638 2699 2700
f 2638 2700 2639
f 9958 10020 10019
f 9958 9959 10020
f 2639 2700 2701
f 2639 2701 2640
f 9959 10021 10020
f 9959 9960 10021
f 2640 2701 2702
f 2640 2702 2641
f 9960 10022 10021
f 9960 9961 10022
f 2641 2702 2703
f 2641 2703 2642
f 9961 10023 10022
f 9961 9962 10023
f 2642 2703 2704
f 2642 2704 2643
f 9962 10024 10023
f 9962 9963 10024
f 2643 2704 2705
f 2643 2705 2644
f 9963 10025 10024
f 9963 9964 10025
f 2644 2705 2706
f 2644 2706 2645
f 9964 10026 10025
f 9964 9965 10026
f 2645 2706 2707
f 2645 2707 2646
f 9965 10027 10026
f 9965 9966 10027
f 2646 2707 2708
f 2646 2708 2647
f 9966 10028 10027
f 9966 9967 10028
f 2647 2708 2709
f 2647 2709 2648
f 9967 10029 10028
f 9967 9968 10029
f 2648 2709 2710
f 2648 2710 2649
f 9968 10030 10029
f 9968 9969 10030
f 2649 2710 2711
f 2649 2711 2650
f 9969 10031 10030
f 9969 9970 10031
f 2650 2711 2712
f 2650 2712 2651
f 9970 10032 10031
f 9970 9971 10032
f 2651 2712 2713
f 2651 2713 2652
f 9971 10033 10032
f 9971 9972 10033
f 2652 2713 2714
f 2652 2714 2653
f 9972 10034 10033
f 9972 9973 10034
f 2653 2714 2715
f 2653 2715 2654
f 9973 10035 10034
f 9973 9974 10035
f 2654 2715 2716
f 2654 2716 2655
f 9974 10036 10035
f 9974 9975 10036
f 2655 2716 2717
f 2655 2717 2656
f 9975 10037 10036
f 9975 9976 10037
f 2656 2717 2718
f 2656 2718 2657
f 9976 10038 10037
f 9976 9977 10038
f 2657 2718 2719
f 2657 2719 2658
f 9977 10039 10038
f 9977 9978 10039
f 2658 2719 2720
f 2658 2720 2659
f 9978 10040 10039
f 9978 9979 10040
f 2659 2720 2721
f 2659 2721 2660
f 9979 10041 10040
f 9979 9980 10041
f 2660 2721 2722
f 2660 2722 2661
f 9980 10042 10041
f 9980 9981 10042
f 2661 2722 2723
f 2661 2723 2662
f 9981 10043 10042
f 9981 9982 10043
f 2662 2723 2724
f 2662 2724 2663
f 9982 10044 10043
f 9982 9983 10044
f 2663 2724 2725
f 2663 2725 2664
f 9983 10045 10044
f 9983 9984 10045
f 2664 2725 2726
f 2664 2726 2665
f 9984 10046 10045
f 9984 9985 10046
f 2665 2726 2727
f 2665 2727 2666
f 9985 10047 10046
f 9985 9986 10047
f 2666 2727 2728
f 2666 2728 2667
f 9986 10048 10047
f 9986 9987 10048
f 2667 2728 2729
f 2667 2729 2668
f 9987 10049 10048
f 9987 9988 10049
f 2668 2729 2730
f 2668 2730 2669
f 9988 10050 10049
f 9988 9989 10050
f 2669 2730 2731
f 2669 2731 2670
f 9989 10051 10050
f 9989 9990 10051
f 2670 2731 2732
f 2670 2732 2671
f 9990 10052 10051
f 9990 9991 10052
f 2671 2732 2733
f 2671 2733 2672
f 9991 10053 10052
f 9991 9992 10053
f 2672 2733 2734
f 2672 2734 2673
f 9992 10054 10053
f 9992 9993 10054
f 2673 2734 2735
f 2673 2735 2674
f 9993 10055 10054
f 9993 9994 10055
f 2674 2735 2736
f 2674 2736 2675
f 9994 10056 10055
f 9994 9995 10056
f 2675 2736 2737
f 2675 2737 2676
f 9995 10057 10056
f 9995 9996 10057
f 2676 2737 2738
f 2676 2738 2677
f 9996 10058 10057
f 9996 9997 10058
f 2677 2738 2739
f 2677 2739 2678
f 9997 10059 10058
f 9997 9998 10059
f 2678 2739 2740
f 2678 2740 2679
f 9998 10060 10059
f 9998 9999 10060
f 2679 2740 2741
f 2679 2741 2680
f 9999 10061 10060
f 9999 10000 10061
f 2680 2741 2742
f 2680 2742 2681
f 10000 10062 10061
f 10000 10001 10062
f 2681 2742 2743
f 2681 2743 2682
f 10001 10063 10062
f 10001 10002 10063
f 2682 2743 2744
f 2682 2744 2683
f 10002 10064 10063
f 10002 10003 10064
f 2683 2744 2745
f 2683 2745 2684
f 10003 10065 10064
f 10003 10004 10065
f 2685 2746 2747
f 2685 2747 2686
f 10005 10067 10066
f 10005 10006 10067
f 2686 2747 2748
f 2686 2748 2687
f 10006 10068 10067
f 10006 10007 10068
f 2687 2748 2749
f 2687 2749 2688
f 10007 10069 10068
f 10007 10008 10069
f 2688 2749 2750
f 2688 2750 2689
f 10008 10070 10069
f 10008 10009 10070
f 2689 2750 2751
f 2689 2751 2690
f 10009 10071 10070
f 10009 10010 10071
f 2690 2751 2752
f 2690 2752 2691
f 10010 10072 10071
f 10010 10011 10072
f 2691 2752 2753
f 2691 2753 2692
f 10011 10073 10072
f 10011 10012 10073
f 2692 2753 2754
f 2692 2754 2693
f 10012 10074 10073
f 10012 10013 10074
f 2693 2754 2755
f 2693 2755 2694
f 10013 10075 10074
f 10013 10014 10075
f 2694 2755 2756
f 2694 2756 2695
f 10014 10076 10075
f 10014 10015 10076
f 2695 2756 2757
f 2695 2757 2696
f 10015 10077 10076
f 10015 10016 10077
f 2696 2757 2758
f 2696 2758 2697
f 10016 10078 10077
f 10016 10017 10078
f 2697 2758 2759
f 2697 2759 2698
f 10017 10079 10078
f 10017 10018 10079
f 2698 2759 2760
f 2698 2760 2699
f 10018 10080 10079
f 10018 10019 10080
f 2699 2760 2761
f 2699 2761 2700
f 10019 10081 10080
f 10019 10020 10081
f 2700 2761 2762
f 2700 2762 2701
f 10020 10082 10081
f 10020 10021 10082
f 2701 2762 2763
f 2701 2763 2702
f 10021 10083 10082
f 10021 10022 10083
f 2702 2763 2764
f 2702 2764 2703
f 10022 10084 10083
f 10022 10023 10084
f 2703 2764 2765
f 2703 2765 2704
f 10023 10085 10084
f 10023 10024 10085
f 2704 2765 2766
f 2704 2766 2705
f 10024 10086 10085
f 10024 10025 10086
f 2705 2766 2767
f 2705 2767 2706
f 10025 10087 10086
f 10025 10026 10087
f 2706 2767 2768
f 2706 2768 2707
f 10026 10088 10087
f 10026 10027 10088
f 2707 2768 2769
f 2707 2769 2708
f 10027 10089 10088
f 10027 10028 10089
f 2708 2769 2770
f 2708 2770 2709
f 10028 10090 10089
f 10028 10029 10090
f 2709 2770 2771
f 2709 2771 2710
f 10029 10091 10090
f 10029 10030 10091
f 2710 2771 2772
f 2710 2772 2711
f 10030 10092 10091
f 10030 10031 10092
f 2711 2772 2773
f 2711 2773 2712
f 10031 10093 10092
f 10031 10032 10093
f 2712 2773 2774
f 2712 2774 2713
f 10032 10094 10093
f 10032 10033 10094
f 2713 2774 2775
f 2713 2775 2714
f 10033 10095 10094
f 10033 10034 10095
f 2714 2775 2776
f 2714 2776 2715
f 10034 10096 10095
f 10034 10035 10096
f 2715 2776 2777
f 2715 2777 2716
f 10035 10097 10096
f 10035 10036 10097
f 2716 2777 2778
f 2716 2778 2717
f 10036 10098 10097
f 10036 10037 10098
f 2717 2778 2779
f 2717 2779 2718
f 10037 10099 10098
f 10037 10038 10099
f 2718 2779 2780
f 2718 2780 2719
f 10038 10100 10099
f 10038 10039 10100
f 2719 2780 2781
f 2719 2781 2720
f 10039 10101 10100
f 10039 10040 10101
f 2720 2781 2782
f 2720 2782 2721
f 10040 10102 10101
f 10040 10041 10102
f 2721 2782 2783
f 2721 2783 2722
f 10041 10103 10102
f 10041 10042 10103
f 2722 2783 2784
f 2722 2784 2723
f 10042 10104 10103
f 10042 10043 10104
f 2723 2784 2785
f 2723 2785 2724
f 10043 10105 10104
f 10043 10044 10105
f 2724 2785 2786
f 2724 2786 2725
f 10044 10106 10105
f 10044 10045 10106
f 2725 2786 2787
f 2725 2787 2726
f 10045 10107 10106
f 10045 10046 10107
f 2726 2787 2788
f 2726 2788 2727
f 10046 10108 10107
f 10046 10047 10108
f 2727 2788 2789
f 2727 2789 2728
f 10047 10109 10108
f 10047 10048 10109
f 2728 2789 2790
f 2728 2790 2729
f 10048 10110 10109
f 10048 10049 10110
f 2729 2790 2791
f 2729 2791 2730
f 10049 10111 10110
f 10049 10050 10111
f 2730 2791 2792
f 2730 2792 2731
f 10050 10112 10111
f 10050 10051 10112
f 2731 2792 2793
f 2731 2793 2732
f 10051 10113 10112
f 10051 10052 10113
f 2732 2793 2794
f 2732 2794 2733
f 10052 10114 10113
f 10052 10053 10114
f 2733 2794 2795
f 2733 2795 2734
f 10053 10115 10114
f 10053 10054 10115
f 2734 2795 2796
f 2734 2796 2735
f 10054 10116 10115
f 10054 10055 10116
f 2735 2796 2797
f 2735 2797 2736
f 10055 10117 10116
f 10055 10056 10117
f 2736 2797 2798
f 2736 2798 2737
f 10056 10118 10117
f 10056 10057 10118
f 2737 2798 2799
f 2737 2799 2738
f 10057 10119 10118
f 10057 10058 10119
f 2738 2799 2800
f 2738 2800 2739
f 10058 10120 10119
f 10058 10059 10120
f 2739 2800 2801
f 2739 2801 2740
f 10059 10121 10120
f 10059 10060 10121
f 2740 2801 2802
f 2740 2802 2741
f 10060 10122 10121
f 10060 10061 10122
f 2741 2802 2803
f 2741 2803 2742
f 10061 10123 10122
f 10061 10062 10123
f 2742 2803 2804
f 2742 2804 2743
f 10062 10124 10123
f 10062 10063 10124
f 2743 2804 2805
f 2743 2805 2744
f 10063 10125 10124
f 10063 10064 10125
f 2744 2805 2806
f 2744 2806 2745
f 10064 10126 10125
f 10064 10065 10126
f 2746 2807 2808
f 2746 2808 2747
f 10066 10128 10127
f 10066 10067 10128
f 2747 2808 2809
f 2747 2809 2748
f 10067 10129 10128
f 10067 10068 10129
f 2748 2809 2810
f 2748 2810 2749
f 10068 10130 10129
f 10068 10069 10130
f 2749 2810 2811
f 2749 2811 2750
f 10069 10131 10130
f 10069 10070 10131
f 2750 2811 2812
f 2750 2812 2751
f 10070 10132 10131
f 10070 10071 10132
f 2751 2812 2813
f 2751 2813 2752
f 10071 10133 10132
f 10071 10072 10133
f 2752 2813 2814
f 2752 2814 2753
f 10072 10134 10133
f 10072 10073 10134
f 2753 2814 2815
f 2753 2815 2754
f 10073 10135 10134
f 10073 10074 10135
f 2754 2815 2816
f 2754 2816 2755
f 10074 10136 10135
f 10074 10075 10136
f 2755 2816 2817
f 2755 2817 2756
f 10075 10137 10136
f 10075 10076 10137
f 2756 2817 2818
f 2756 2818 2757
f 10076 10138 10137
f 10076 10077 10138
f 2757 2818 2819
f 2757 2819 2758
f 10077 10139 10138
f 10077 10078 10139
f 2758 2819 2820
f 2758 2820 2759
f 10078 10140 10139
f 10078 10079 10140
f 2759 2820 2821
f 2759 2821 2760
f 10079 10141 10140
f 10079 10080 10141
f 2760 2821 2822
f 2760 2822 2761
f 10080 10142 10141
f 10080 10081 10142
f 2761 2822 2823
f 2761 2823 2762
f 10081 10143 10142
f 10081 10082 10143
f 2762 2823 2824
f 2762 2824 2763
f 10082 10144 10143
f 10082 10083 10144
f 2763 2824 2825
f 2763 2825 2764
f 10083 10145 10144
f 10083 10084 10145
f 2764 2825 2826
f 2764 2826 2765
f 10084 10146 10145
f 10084 10085 10146
f 2765 2826 2827
f 2765 2827 2766
f 10085 10147 10146
f 10085 10086 10147
f 2766 2827 2828
f 2766 2828 2767
f 10086 10148 10147
f 10086 10087 10148
f 2767 2828 2829
f 2767 2829 2768
f 10087 10149 10148
f 10087 10088 10149
f 2768 2829 2830
f 2768 2830 2769
f 10088 10150 10149
f 10088 10089 10150
f 2769 2830 2831
f 2769 2831 2770
f 10089 10151 10150
f 10089 10090 10151
f 2770 2831 2832
f 2770 2832 2771
f 10090 10152 10151
f 10090 10091 10152
f 2771 2832 2833
f 2771 2833 2772
f 10091 10153 10152
f 10091 10092 10153
f 2772 2833 2834
f 2772 2834 2773
f 10092 10154 10153
f 10092 10093 10154
f 2773 2834 2835
f 2773 2835 2774
f 10093 10155 10154
f 10093 10094 10155
f 2774 2835 2836
f 2774 2836 2775
f 10094 10156 10155
f 10094 10095 10156
f 2775 2836 2837
f 2775 2837 2776
f 10095 10157 10156
f 10095 10096 10157
f 2776 2837 2838
f 2776 2838 2777
f 10096 10158 10157
f 10096 10097 10158
f 2777 2838 2839
f 2777 2839 2778
f 10097 10159 10158
f 10097 10098 10159
f 2778 2839 2840
f 2778 2840 2779
f 10098 10160 10159
f 10098 10099 10160
f 2779 2840 2841
f 2779 2841 2780
f 10099 10161 10160
f 10099 10100 10161
f 2780 2841 2842
f 2780 2842 2781
f 10100 10162 10161
f 10100 10101 10162
f 2781 2842 2843
f 2781 2843 2782
f 10101 10163 10162
f 10101 10102 10163
f 2782 2843 2844
f 2782 2844 2783
f 10102 10164 10163
f 10102 10103 10164
f 2783 2844 2845
f 2783 2845 2784
f 10103 10165 10164
f 10103 10104 10165
f 2784 2845 2846
f 2784 2846 2785
f 10104 10166 10165
f 10104 10105 10166
f 2785 2846 2847
f 2785 2847 2786
f 10105 10167 10166
f 10105 10106 10167
f 2786 2847 2848
f 2786 2848 2787
f 10106 10168 10167
f 10106 10107 10168
f 2787 2848 2849
f 2787 2849 2788
f 10107 10169 10168
f 10107 10108 10169
f 2788 2849 2850
f 2788 2850 2789
f 10108 10170 10169
f 10108 10109 10170
f 2789 2850 2851
f 2789 2851 2790
f 10109 10171 10170
f 10109 10110 10171
f 2790 2851 2852
f 2790 2852 2791
f 10110 10172 10171
f 10110 10111 10172
f 2791 2852 2853
f 2791 2853 2792
f 10111 10173 10172
f 10111 10112 10173
f 2792 2853 2854
f 2792 2854 2793
f 10112 10174 10173
f 10112 10113 10174
f 2793 2854 2855
f 2793 2855 2794
f 10113 10175 10174
f 10113 10114 10175
f 2794 2855 2856
f 2794 2856 2795
f 10114 10176 10175
f 10114 10115 10176
f 2795 2856 2857
f 2795 2857 2796
f 10115 10177 10176
f 10115 10116 10177
f 2796 2857 2858
f 2796 2858 2797
f 10116 10178 10177
f 10116 10117 10178
f 2797 2858 2859
f 2797 2859 2798
f 10117 10179 10178
f 10117 10118 10179
f 2798 2859 2860
f 2798 2860 2799
f 10118 10180 10179
f 10118 10119 10180
f 2799 2860 2861
f 2799 2861 2800
f 10119 10181 10180
f 10119 10120 10181
f 2800 2861 2862
f 2800 2862 2801
f 10120 10182 10181
f 10120 10121 10182
f 2801 2862 2863
f 2801 2863 2802
f 10121 10183 10182
f 10121 10122 10183
f 2802 2863 2864
f 2802 2864 2803
f 10122 10184 10183
f 10122 10123 10184
f 2803 2864 2865
f 2803 2865 2804
f 10123 10185 10184
f 10123 10124 10185
f 2804 2865 2866
f 2804 2866 2805
f 10124 10186 10185
f 10124 10125 10186
f 2805 2866 2867
f 2805 2867 2806
f 10125 10187 10186
f 10125 10126 10187
f 2807 2868 2869
f 2807 2869 2808
f 10127 10189 10188
f 10127 10128 10189
f 2808 2869 2870
f 2808 2870 2809
f 10128 10190 10189
f 10128 10129 10190
f 2809 2870 2871
f 2809 2871 2810
f 10129 10191 10190
f 10129 10130 10191
f 2810 2871 2872
f 2810 2872 2811
f 10130 10192 10191
f 10130 10131 10192
f 2811 2872 2873
f 2811 2873 2812
f 10131 10193 10192
f 10131 10132 10193
f 2812 2873 2874
f 2812 2874 2813
f 10132 10194 10193
f 10132 10133 10194
f 2813 2874 2875
f 2813 2875 2814
f 10133 10195 10194
f 10133 10134 10195
f 2814 2875 2876
f 2814 2876 2815
f 10134 10196 10195
f 10134 10135 10196
f 2815 2876 2877
f 2815 2877 2816
f 10135 10197 10196
f 10135 10136 10197
f 2816 2877 2878
f 2816 2878 2817
f 10136 10198 10197
f 10136 10137 10198
f 2817 2878 2879
f 2817 2879 2818
f 10137 10199 10198
f 10137 10138 10199
f 2818 2879 2880
f 2818 2880 2819
f 10138 10200 10199
f 10138 10139 10200
f 2819 2880 2881
f 2819 2881 2820
f 10139 10201 10200
f 10139 10140 10201
f 2820 2881 2882
f 2820 2882 2821
f 10140 10202 10201
f 10140 10141 10202
f 2821 2882 2883
f 2821 2883 2822
f 10141 10203 10202
f 10141 10142 10203
f 2822 2883 2884
f 2822 2884 2823
f 10142 10204 10203
f 10142 10143 10204
f 2823 2884 2885
f 2823 2885 2824
f 10143 10205 10204
f 10143 10144 10205
f 2824 2885 2886
f 2824 2886 2825
f 10144 10206 10205
f 10144 10145 10206
f 2825 2886 2887
f 2825 2887 2826
f 10145 10207 10206
f 10145 10146 10207
f 2826 2887 2888
f 2826 2888 2827
f 10146 10208 10207
f 10146 10147 10208
f 2827 2888 2889
f 2827 2889 2828
f 10147 10209 10208
f 10147 10148 10209
f 2828 2889 2890
f 2828 2890 2829
f 10148 10210 10209
f 10148 10149 10210
f 2829 2890 2891
f 2829 2891 2830
f 10149 10211 10210
f 10149 10150 10211
f 2830 2891 2892
f 2830 2892 2831
f 10150 10212 10211
f 10150 10151 10212
f 2831 2892 2893
f 2831 2893 2832
f 10151 10213 10212
f 10151 10152 10213
f 2832 2893 2894
f 2832 2894 2833
f 10152 10214 10213
f 10152 10153 10214
f 2833 2894 2895
f 2833 2895 2834
f 10153 10215 10214
f 10153 10154 10215
f 2834 2895 2896
f 2834 2896 2835
f 10154 10216 10215
f 10154 10155 10216
f 2835 2896 2897
f 2835 2897 2836
f 10155 10217 10216
f 10155 10156 10217
f 2836 2897 2898
f 2836 2898 2837
f 10156 10218 10217
f 10156 10157 10218
f 2837 2898 2899
f 2837 2899 2838
f 10157 10219 10218
f 10157 10158 10219
f 2838 2899 2900
f 2838 2900 2839
f 10158 10220 10219
f 10158 10159 10220
f 2839 2900 2901
f 2839 2901 2840
f 10159 10221 10220
f 10159 10160 10221
f 2840 2901 2902
f 2840 2902 2841
f 10160 10222 10221
f 10160 10161 10222
f 2841 2902 2903
f 2841 2903 2842
f 10161 10223 10222
f 10161 10162 10223
f 2842 2903 2904
f 2842 2904 2843
f 10162 10224 10223
f 10162 10163 10224
f 2843 2904 2905
f 2843 2905 2844
f 10163 10225 10224
f 10163 10164 10225
f 2844 2905 2906
f 2844 2906 2845
f 10164 10226 10225
f 10164 10165 10226
f 2845 2906 2907
f 2845 2907 2846
f 10165 10227 10226
f 10165 10166 10227
f 2846 2907 2908
f 2846 2908 2847
f 10166 10228 10227
f 10166 10167 10228
f 2847 2908 2909
f 2847 2909 2848
f 10167 10229 10228
f 10167 10168 10229
f 2848 2909 2910
f 2848 2910 2849
f 10168 10230 10229
f 10168 10169 10230
f 2849 2910 2911
f 2849 2911 2850
f 10169 10231 10230
f 10169 10170 10231
f 2850 2911 2912
f 2850 2912 2851
f 10170 10232 10231
f 10170 10171 10232
f 2851 2912 2913
f 2851 2913 2852
f 10171 10233 10232
f 10171 10172 10233
f 2852 2913 2914
f 2852 2914 2853
f 10172 10234 10233
f 10172 10173 10234
f 2853 2914 2915
f 2853 2915 2854
f 10173 10235 10234
f 10173 10174 10235
f 2854 2915 2916
f 2854 2916 2855
f 10174 10236 10235
f 10174 10175 10236
f 2855 2916 2917
f 2855 2917 2856
f 10175 10237 10236
f 10175 10176 10237
f 2856 2917 2918
f 2856 2918 2857
f 10176 10238 10237
f 10176 10177 10238
f 2857 2918 2919
f 2857 2919 2858
f 10177 10239 10238
f 10177 10178 10239
f 2858 2919 2920
f 2858 2920 2859
f 10178 10240 10239
f 10178 10179 10240
f 2859 2920 2921
f 2859 2921 2860
f 10179 10241 10240
f 10179 10180 10241
f 2860 2921 2922
f 2860 2922 2861
f 10180 10242 10241
f 10180 10181 10242
f 2861 2922 2923
f 2861 2923 2862
f 10181 10243 10242
f 10181 10182 10243
f 2862 2923 2924
f 2862 2924 2863
f 10182 10244 10243
f 10182 10183 10244
f 2863 2924 2925
f 2863 2925 2864
f 10183 10245 10244
f 10183 10184 10245
f 2864 2925 2926
f 2864 2926 2865
f 10184 10246 10245
f 10184 10185 10246
f 2865 2926 2927
f 2865 2927 2866
f 10185 10247 10246
f 10185 10186 10247
f 2866 2927 2928
f 2866 2928 2867
f 10186 10248 10247
f 10186 10187 10248
f 2868 2929 2930
f 2868 2930 2869
f 10188 10250 10249
f 10188 10189 10250
f 2869 2930 2931
f 2869 2931 2870
f 10189 10251 10250
f 10189 10190 10251
f 2870 2931 2932
f 2870 2932 2871
f 10190 10252 10251
f 10190 10191 10252
f 2871 2932 2933
f 2871 2933 2872
f 10191 10253 10252
f 10191 10192 10253
f 2872 2933 2934
f 2872 2934 2873
f 10192 10254 10253
f 10192 10193 10254
f 2873 2934 2935
f 2873 2935 2874
f 10193 10255 10254
f 10193 10194 10255
f 2874 2935 2936
f 2874 2936 2875
f 10194 10256 10255
f 10194 10195 10256
f 2875 2936 2937
f 2875 2937 2876
f 10195 10257 10256
f 10195 10196 10257
f 2876 2937 2938
f 2876 2938 2877
f 10196 10258 10257
f 10196 10197 10258
f 2877 2938 2939
f 2877 2939 2878
f 10197 10259 10258
f 10197 10198 10259
f 2878 2939 2940
f 2878 2940 2879
f 10198 10260 10259
f 10198 10199 10260
f 2879 2940 2941
f 2879 2941 2880
f 10199 10261 10260
f 10199 10200 10261
f 2880 2941 2942
f 2880 2942 2881
f 10200 10262 10261
f 10200 10201 10262
f 2881 2942 2943
f 2881 2943 2882
f 10201 10263 10262
f 10201 10202 10263
f 2882 2943 2944
f 2882 2944 2883
f 10202 10264 10263
f 10202 10203 10264
f 2883 2944 2945
f 2883 2945 2884
f 10203 10265 10264
f 10203 10204 10265
f 2884 2945 2946
f 2884 2946 2885
f 10204 10266 10265
f 10204 10205 10266
f 2885 2946 2947
f 2885 2947 2886
f 10205 10267 10266
f 10205 10206 10267
f 2886 2947 2948
f 2886 2948 2887
f 10206 10268 10267
f 10206 10207 10268
f 2887 2948 2949
f 2887 2949 2888
f 10207 10269 10268
f 10207 10208 10269
f 2888 2949 2950
f 2888 2950 2889
f 10208 10270 10269
f 10208 10209 10270
f 2889 2950 2951
f 2889 2951 2890
f 10209 10271 10270
f 10209 10210 10271
f 2890 2951 2952
f 2890 2952 2891
f 10210 10272 10271
f 10210 10211 10272
f 2891 2952 2953
f 2891 2953 2892
f 10211 10273 10272
f 10211 10212 10273
f 2892 2953 2954
f 2892 2954 2893
f 10212 10274 10273
f 10212 10213 10274
f 2893 2954 2955
f 2893 2955 2894
f 10213 10275 10274
f 10213 10214 10275
f 2894 2955 2956
f 2894 2956 2895
f 10214 10276 10275
f 10214 10215 10276
f 2895 2956 2957
f 2895 2957 2896
f 10215 10277 10276
f 10215 10216 10277
f 2896 2957 2958
f 2896 2958 2897
f 10216 10278 10277
f 10216 10217 10278
f 2897 2958 2959
f 2897 2959 2898
f 10217 10279 10278
f 10217 10218 10279
f 2898 2959 2960
f 2898 2960 2899
f 10218 10280 10279
f 10218 10219 10280
f 2899 2960 2961
f 2899 2961 2900
f 10219 10281 10280
f 10219 10220 10281
f 2900 2961 2962
f 2900 2962 2901
f 10220 10282 10281
f 10220 10221 10282
f 2901 2962 2963
f 2901 2963 2902
f 10221 10283 10282
f 10221 10222 10283
f 2902 2963 2964
f 2902 2964 2903
f 10222 10284 10283
f 10222 10223 10284
f 2903 2964 2965
f 2903 2965 2904
f 10223 10285 10284
f 10223 10224 10285
f 2904 2965 2966
f 2904 2966 2905
f 10224 10286 10285
f 10224 10225 10286
f 2905 2966 2967
f 2905 2967 2906
f 10225 10287 10286
f 10225 10226 10287
f 2906 2967 2968
f 2906 2968 2907
f 10226 10288 10287
f 10226 10227 10288
f 2907 2968 2969
f 2907 2969 2908
f 10227 10289 10288
f 10227 10228 10289
f 2908 2969 2970
f 2908 2970 2909
f 10228 10290 10289
f 10228 10229 10290
f 2909 2970 2971
f 2909 2971 2910
f 10229 10291 10290
f 10229 10230 10291
f 2910 2971 2972
f 2910 2972 2911
f 10230 10292 10291
f 10230 10231 10292
f 2911 2972 2973
f 2911 2973 2912
f 10231 10293 10292
f 10231 10232 10293
f 2912 2973 2974
f 2912 2974 2913
f 10232 10294 10293
f 10232 10233 10294
f 2913 2974 2975
f 2913 2975 2914
f 10233 10295 10294
f 10233 10234 10295
f 2914 2975 2976
f 2914 2976 2915
f 10234 10296 10295
f 10234 10235 10296
f 2915 2976 2977
f 2915 2977 2916
f 10235 10297 10296
f 10235 10236 10297
f 2916 2977 2978
f 2916 2978 2917
f 10236 10298 10297
f 10236 10237 10298
f 2917 2978 2979
f 2917 2979 2918
f 10237 10299 10298
f 10237 10238 10299
f 2918 2979 2980
f 2918 2980 2919
f 10238 10300 10299
f 10238 10239 10300
f 2919 2980 2981
f 2919 2981 2920
f 10239 10301 10300
f 10239 10240 10301
f 2920 2981 2982
f 2920 2982 2921
f 10240 10302 10301
f 10240 10241 10302
f 2921 2982 2983
f 2921 2983 2922
f 10241 10303 10302
f 10241 10242 10303
f 2922 2983 2984
f 2922 2984 2923
f 10242 10304 10303
f 10242 10243 10304
f 2923 2984 2985
f 2923 2985 2924
f 10243 10305 10304
f 10243 10244 10305
f 2924 2985 2986
f 2924 2986 2925
f 10244 10306 10305
f 10244 10245 10306
f 2925 2986 2987
f 2925 2987 2926
f 10245 10307 10306
f 10245 10246 10307
f 2926 2987 2988
f 2926 2988 2927
f 10246 10308 10307
f 10246 10247 10308
f 2927 2988 2989
f 2927 2989 2928
f 10247 10309 10308
f 10247 10248 10309
f 2929 2990 2991
f 2929 2991 2930
f 10249 10311 10310
f 10249 10250 10311
f 2930 2991 2992
f 2930 2992 2931
f 10250 10312 10311
f 10250 10251 10312
f 2931 2992 2993
f 2931 2993 2932
f 10251 10313 10312
f 10251 10252 10313
f 2932 2993 2994
f 2932 2994 2933
f 10252 10314 10313
f 10252 10253 10314
f 2933 2994 2995
f 2933 2995 2934
f 10253 10315 10314
f 10253 10254 10315
f 2934 2995 2996
f 2934 2996 2935
f 10254 10316 10315
f 10254 10255 10316
f 2935 2996 2997
f 2935 2997 2936
f 10255 10317 10316
f 10255 10256 10317
f 2936 2997 2998
f 2936 2998 2937
f 10256 10318 10317
f 10256 10257 10318
f 2937 2998 2999
f 2937 2999 2938
f 10257 10319 10318
f 10257 10258 10319
f 2938 2999 3000
f 2938 3000 2939
f 10258 10320 10319
f 10258 10259 10320
f 2939 3000 3001
f 2939 3001 2940
f 10259 10321 10320
f 10259 10260 10321
f 2940 3001 3002
f 2940 3002 2941
f 10260 10322 10321
f 10260 10261 10322
f 2941 3002 3003
f 2941 3003 2942
f 10261 10323 10322
f 10261 10262 10323
f 2942 3003 3004
f 2942 3004 2943
f 10262 10324 10323
f 10262 10263 10324
f 2943 3004 3005
f 2943 3005 2944
f 10263 10325 10324
f 10263 10264 10325
f 2944 3005 3006
f 2944 3006 2945
f 10264 10326 10325
f 10264 10265 10326
f 2945 3006 3007
f 2945 3007 2946
f 10265 10327 10326
f 10265 10266 10327
f 2946 3007 3008
f 2946 3008 2947
f 10266 10328 10327
f 10266 10267 10328
f 2947 3008 3009
f 2947 3009 2948
f 10267 10329 10328
f 10267 10268 10329
f 2948 3009 3010
f 2948 3010 2949
f 10268 10330 10329
f 10268 10269 10330
f 2949 3010 3011
f 2949 3011 2950
f 10269 10331 10330
f 10269 10270 10331
f 2950 3011 3012
f 2950 3012 2951
f 10270 10332 10331
f 10270 10271 10332
f 2951 3012 3013
f 2951 3013 2952
f 10271 10333 10332
f 10271 10272 10333
f 2952 3013 3014
f 2952 3014 2953
f 10272 10334 10333
f 10272 10273 10334
f 2953 3014 3015
f 2953 3015 2954
f 10273 10335 10334
f 10273 10274 10335
f 2954 3015 3016
f 2954 3016 2955
f 10274 10336 10335
f 10274 10275 10336
f 2955 3016 3017
f 2955 3017 2956
f 10275 10337 10336
f 10275 10276 10337
f 2956 3017 3018
f 2956 3018 2957
f 10276 10338 10337
f 10276 10277 10338
f 2957 3018 3019
f 2957 3019 2958
f 10277 10339 10338
f 10277 10278 10339
f 2958 3019 3020
f 2958 3020 2959
f 10278 10340 10339
f 10278 10279 10340
f 2959 3020 3021
f 2959 3021 2960
f 10279 10341 10340
f 10279 10280 10341
f 2960 3021 3022
f 2960 3022 2961
f 10280 10342 10341
f 10280 10281 10342
f 2961 3022 3023
f 2961 3023 2962
f 10281 10343 10342
f 10281 10282 10343
f 2962 3023 3024
f 2962 3024 2963
f 10282 10344 10343
f 10282 10283 10344
f 2963 3024 3025
f 2963 3025 2964
f 10283 10345 10344
f 10283 10284 10345
f 2964 3025 3026
f 2964 3026 2965
f 10284 10346 10345
f 10284 10285 10346
f 2965 3026 3027
f 2965 3027 2966
f 10285 10347 10346
f 10285 10286 10347
f 2966 3027 3028
f 2966 3028 2967
f 10286 10348 10347
f 10286 10287 10348
f 2967 3028 3029
f 2967 3029 2968
f 10287 10349 10348
f 10287 10288 10349
f 2968 3029 3030
f 2968 3030 2969
f 10288 10350 10349
f 10288 10289 10350
f 2969 3030 3031
f 2969 3031 2970
f 10289 10351 10350
f 10289 10290 10351
f 2970 3031 3032
f 2970 3032 2971
f 10290 10352 10351
f 10290 10291 10352
f 2971 3032 3033
f 2971 3033 2972
f 10291 10353 10352
f 10291 10292 10353
f 2972 3033 3034
f 2972 3034 2973
f 10292 10354 10353
f 10292 10293 10354
f 2973 3034 3035
f 2973 3035 2974
f 10293 10355 10354
f 10293 10294 10355
f 2974 3035 3036
f 2974 3036 2975
f 10294 10356 10355
f 10294 10295 10356
f 2975 3036 3037
f 2975 3037 2976
f 10295 10357 10356
f 10295 10296 10357
f 2976 3037 3038
f 2976 3038 2977
f 10296 10358 10357
f 10296 10297 10358
f 2977 3038 3039
f 2977 3039 2978
f 10297 10359 10358
f 10297 10298 10359
f 2978 3039 3040
f 2978 3040 2979
f 10298 10360 10359
f 10298 10299 10360
f 2979 3040 3041
f 2979 3041 2980
f 10299 10361 10360
f 10299 10300 10361
f 2980 3041 3042
f 2980 3042 2981
f 10300 10362 10361
f 10300 10301 10362
f 2981 3042 3043
f 2981 3043 2982
f 10301 10363 10362
f 10301 10302 10363
f 2982 3043 3044
f 2982 3044 2983
f 10302 10364 10363
f 10302 10303 10364
f 2983 3044 3045
f 2983 3045 2984
f 10303 10365 10364
f 10303 10304 10365
f 2984 3045 3046
f 2984 3046 2985
f 10304 10366 10365
f 10304 10305 10366
f 2985 3046 3047
f 2985 3047 2986
f 10305 10367 10366
f 10305 10306 10367
f 2986 3047 3048
f 2986 3048 2987
f 10306 10368 10367
f 10306 10307 10368
f 2987 3048 3049
f 2987 3049 2988
f 10307 10369 10368
f 10307 10308 10369
f 2988 3049 3050
f 2988 3050 2989
f 10308 10370 10369
f 10308 10309 10370
f 2990 3051 3052
f 2990 3052 2991
f 10310 10372 10371
f 10310 10311 10372
f 2991 3052 3053
f 2991 3053 2992
f 10311 10373 10372
f 10311 10312 10373
f 2992 3053 3054
f 2992 3054 2993
f 10312 10374 10373
f 10312 10313 10374
f 2993 3054 3055
f 2993 3055 2994
f 10313 10375 10374
f 10313 10314 10375
f 2994 3055 3056
f 2994 3056 2995
f 10314 10376 10375
f 10314 10315 10376
f 2995 3056 3057
f 2995 3057 2996
f 10315 10377 10376
f 10315 10316 10377
f 2996 3057 3058
f 2996 3058 2997
f 10316 10378 10377
f 10316 10317 10378
f 2997 3058 3059
f 2997 3059 2998
f 10317 10379 10378
f 10317 10318 10379
f 2998 3059 3060
f 2998 3060 2999
f 10318 10380 10379
f 10318 10319 10380
f 2999 3060 3061
f 2999 3061 3000
f 10319 10381 10380
f 10319 10320 10381
f 3000 3061 3062
f 3000 3062 3001
f 10320 10382 10381
f 10320 10321 10382
f 3001 3062 3063
f 3001 3063 3002
f 10321 10383 10382
f 10321 10322 10383
f 3002 3063 3064
f 3002 3064 3003
f 10322 10384 10383
f 10322 10323 10384
f 3003 3064 3065
f 3003 3065 3004
f 10323 10385 10384
f 10323 10324 10385
f 3004 3065 3066
f 3004 3066 3005
f 10324 10386 10385
f 10324 10325 10386
f 3005 3066 3067
f 3005 3067 3006
f 10325 10387 10386
f 10325 10326 10387
f 3006 3067 3068
f 3006 3068 3007
f 10326 10388 10387
f 10326 10327 10388
f 3007 3068 3069
f 3007 3069 3008
f 10327 10389 10388
f 10327 10328 10389
f 3008 3069 3070
f 3008 3070 3009
f 10328 10390 10389
f 10328 10329 10390
f 3009 3070 3071
f 3009 3071 3010
f 10329 10391 10390
f 10329 10330 10391
f 3010 3071 3072
f 3010 3072 3011
f 10330 10392 10391
f 10330 10331 10392
f 3011 3072 3073
f 3011 3073 3012
f 10331 10393 10392
f 10331 10332 10393
f 3012 3073 3074
f 3012 3074 3013
f 10332 10394 10393
f 10332 10333 10394
f 3013 3074 3075
f 3013 3075 3014
f 10333 10395 10394
f 10333 10334 10395
f 3014 3075 3076
f 3014 3076 3015
f 10334 10396 10395
f 10334 10335 10396
f 3015 3076 3077
f 3015 3077 3016
f 10335 10397 10396
f 10335 10336 10397
f 3016 3077 3078
f 3016 3078 3017
f 10336 10398 10397
f 10336 10337 10398
f 3017 3078 3079
f 3017 3079 3018
f 10337 10399 10398
f 10337 10338 10399
f 3018 3079 3080
f 3018 3080 3019
f 10338 10400 10399
f 10338 10339 10400
f 3019 3080 3081
f 3019 3081 3020
f 10339 10401 10400
f 10339 10340 10401
f 3020 3081 3082
f 3020 3082 3021
f 10340 10402 10401
f 10340 10341 10402
f 3021 3082 3083
f 3021 3083 3022
f 10341 10403 10402
f 10341 10342 10403
f 3022 3083 3084
f 3022 3084 3023
f 10342 10404 10403
f 10342 10343 10404
f 3023 3084 3085
f 3023 3085 3024
f 10343 10405 10404
f 10343 10344 10405
f 3024 3085 3086
f 3024 3086 3025
f 10344 10406 10405
f 10344 10345 10406
f 3025 3086 3087
f 3025 3087 3026
f 10345 10407 10406
f 10345 10346 10407
f 3026 3087 3088
f 3026 3088 3027
f 10346 10408 10407
f 10346 10347 10408
f 3027 3088 3089
f 3027 3089 3028
f 10347 10409 10408
f 10347 10348 10409
f 3028 3089 3090
f 3028 3090 3029
f 10348 10410 10409
f 10348 10349 10410
f 3029 3090 3091
f 3029 3091 3030
f 10349 10411 10410
f 10349 10350 10411
f 3030 3091 3092
f 3030 3092 3031
f 10350 10412 10411
f 10350 10351 10412
f 3031 3092 3093
f 3031 3093 3032
f 10351 10413 10412
f 10351 10352 10413
f 3032 3093 3094
f 3032 3094 3033
f 10352 10414 10413
f 10352 10353 10414
f 3033 3094 3095
f 3033 3095 3034
f 10353 10415 10414
f 10353 10354 10415
f 3034 3095 3096
f 3034 3096 3035
f 10354 10416 10415
f 10354 10355 10416
f 3035 3096 3097
f 3035 3097 3036
f 10355 10417 10416
f 10355 10356 10417
f 3036 3097 3098
f 3036 3098 3037
f 10356 10418 10417
f 10356 10357 10418
f 3037 3098 3099
f 3037 3099 3038
f 10357 10419 10418
f 10357 10358 10419
f 3038 3099 3100
f 3038 3100 3039
f 10358 10420 10419
f 10358 10359 10420
f 3039 3100 3101
f 3039 3101 3040
f 10359 10421 10420
f 10359 10360 10421
f 3040 3101 3102
f 3040 3102 3041
f 10360 10422 10421
f 10360 10361 10422
f 3041 3102 3103
f 3041 3103 3042
f 10361 10423 10422
f 10361 10362 10423
f 3042 3103 3104
f 3042 3104 3043
f 10362 10424 10423
f 10362 10363 10424
f 3043 3104 3105
f 3043 3105 3044
f 10363 10425 10424
f 10363 10364 10425
f 3044 3105 3106
f 3044 3106 3045
f 10364 10426 10425
f 10364 10365 10426
f 3045 3106 3107
f 3045 3107 3046
f 10365 10427 10426
f 10365 10366 10427
f 3046 3107 3108
f 3046 3108 3047
f 10366 10428 10427
f 10366 10367 10428
f 3047 3108 3109
f 3047 3109 3048
f 10367 10429 10428
f 10367 10368 10429
f 3048 3109 3110
f 3048 3110 3049
f 10368 10430 10429
f 10368 10369 10430
f 3049 3110 3111
f 3049 3111 3050
f 10369 10431 10430
f 10369 10370 10431
f 3051 3112 3113
f 3051 3113 3052
f 10371 10433 10432
f 10371 10372 10433
f 3052 3113 3114
f 3052 3114 3053
f 10372 10434 10433
f 10372 10373 10434
f 3053 3114 3115
f 3053 3115 3054
f 10373 10435 10434
f 10373 10374 10435
f 3054 3115 3116
f 3054 3116 3055
f 10374 10436 10435
f 10374 10375 10436
f 3055 3116 3117
f 3055 3117 3056
f 10375 10437 10436
f 10375 10376 10437
f 3056 3117 3118
f 3056 3118 3057
f 10376 10438 10437
f 10376 10377 10438
f 3057 3118 3119
f 3057 3119 3058
f 10377 10439 10438
f 10377 10378 10439
f 3058 3119 3120
f 3058 3120 3059
f 10378 10440 10439
f 10378 10379 10440
f 3059 3120 3121
f 3059 3121 3060
f 10379 10441 10440
f 10379 10380 10441
f 3060 3121 3122
f 3060 3122 3061
f 10380 10442 10441
f 10380 10381 10442
f 3061 3122 3123
f 3061 3123 3062
f 10381 10443 10442
f 10381 10382 10443
f 3062 3123 3124
f 3062 3124 3063
f 10382 10444 10443
f 10382 10383 10444
f 3063 3124 3125
f 3063 3125 3064
f 10383 10445 10444
f 10383 10384 10445
f 3064 3125 3126
f 3064 3126 3065
f 10384 10446 10445
f 10384 10385 10446
f 3065 3126 3127
f 3065 3127 3066
f 10385 10447 10446
f 10385 10386 10447
f 3066 3127 3128
f 3066 3128 3067
f 10386 10448 10447
f 10386 10387 10448
f 3067 3128 3129
f 3067 3129 3068
f 10387 10449 10448
f 10387 10388 10449
f 3068 3129 3130
f 3068 3130 3069
f 10388 10450 10449
f 10388 10389 10450
f 3069 3130 3131
f 3069 3131 3070
f 10389 10451 10450
f 10389 10390 10451
f 3070 3131 3132
f 3070 3132 3071
f 10390 10452 10451
f 10390 10391 10452
f 3071 3132 3133
f 3071 3133 3072
f 10391 10453 10452
f 10391 10392 10453
f 3072 3133 3134
f 3072 3134 3073
f 10392 10454 10453
f 10392 10393 10454
f 3073 3134 3135
f 3073 3135 3074
f 10393 10455 10454
f 10393 10394 10455
f 3074 3135 3136
f 3074 3136 3075
f 10394 10456 10455
f 10394 10395 10456
f 3075 3136 3137
f 3075 3137 3076
f 10395 10457 10456
f 10395 10396 10457
f 3076 3137 3138
f 3076 3138 3077
f 10396 10458 10457
f 10396 10397 10458
f 3077 3138 3139
f 3077 3139 3078
f 10397 10459 10458
f 10397 10398 10459
f 3078 3139 3140
f 3078 3140 3079
f 10398 10460 10459
f 10398 10399 10460
f 3079 3140 3141
f 3079 3141 3080
f 10399 10461 10460
f 10399 10400 10461
f 3080 3141 3142
f 3080 3142 3081
f 10400 10462 10461
f 10400 10401 10462
f 3081 3142 3143
f 3081 3143 3082
f 10401 10463 10462
f 10401 10402 10463
f 3082 3143 3144
f 3082 3144 3083
f 10402 10464 10463
f 10402 10403 10464
f 3083 3144 3145
f 3083 3145 3084
f 10403 10465 10464
f 10403 10404 10465
f 3084 3145 3146
f 3084 3146 3085
f 10404 10466 10465
f 10404 10405 10466
f 3085 3146 3147
f 3085 3147 3086
f 10405 10467 10466
f 10405 10406 10467
f 3086 3147 3148
f 3086 3148 3087
f 10406 10468 10467
f 10406 10407 10468
f 3087 3148 3149
f 3087 3149 3088
f 10407 10469 10468
f 10407 10408 10469
f 3088 3149 3150
f 3088 3150 3089
f 10408 10470 10469
f 10408 10409 10470
f 3089 3150 3151
f 3089 3151 3090
f 10409 10471 10470
f 10409 10410 10471
f 3090 3151 3152
f 3090 3152 3091
f 10410 10472 10471
f 10410 10411 10472
f 3091 3152 3153
f 3091 3153 3092
f 10411 10473 10472
f 10411 10412 10473
f 3092 3153 3154
f 3092 3154 3093
f 10412 10474 10473
f 10412 10413 10474
f 3093 3154 3155
f 3093 3155 3094
f 10413 10475 10474
f 10413 10414 10475
f 3094 3155 3156
f 3094 3156 3095
f 10414 10476 10475
f 10414 10415 10476
f 3095 3156 3157
f 3095 3157 3096
f 10415 10477 10476
f 10415 10416 10477
f 3096 3157 3158
f 3096 3158 3097
f 10416 10478 10477
f 10416 10417 10478
f 3097 3158 3159
f 3097 3159 3098
f 10417 10479 10478
f 10417 10418 10479
f 3098 3159 3160
f 3098 3160 3099
f 10418 10480 10479
f 10418 10419 10480
f 3099 3160 3161
f 3099 3161 3100
f 10419 10481 10480
f 10419 10420 10481
f 3100 3161 3162
f 3100 3162 3101
f 10420 10482 10481
f 10420 10421 10482
f 3101 3162 3163
f 3101 3163 3102
f 10421 10483 10482
f 10421 10422 10483
f 3102 3163 3164
f 3102 3164 3103
f 10422 10484 10483
f 10422 10423 10484
f 3103 3164 3165
f 3103 3165 3104
f 10423 10485 10484
f 10423 10424 10485
f 3104 3165 3166
f 3104 3166 3105
f 10424 10486 10485
f 10424 10425 10486
f 3105 3166 3167
f 3105 3167 3106
f 10425 10487 10486
f 10425 10426 10487
f 3106 3167 3168
f 3106 3168 3107
f 10426 10488 10487
f 10426 10427 10488
f 3107 3168 3169
f 3107 3169 3108
f 10427 10489 10488
f 10427 10428 10489
f 3108 3169 3170
f 3108 3170 3109
f 10428 10490 10489
f 10428 10429 10490
f 3109 3170 3171
f 3109 3171 3110
f 10429 10491 10490
f 10429 10430 10491
f 3110 3171 3172
f 3110 3172 3111
f 10430 10492 10491
f 10430 10431 10492
f 3112 3173 3174
f 3112 3174 3113
f 10432 10494 10493
f 10432 10433 10494
f 3113 3174 3175
f 3113 3175 3114
f 10433 10495 10494
f 10433 10434 10495
f 3114 3175 3176
f 3114 3176 3115
f 10434 10496 10495
f 10434 10435 10496
f 3115 3176 3177
f 3115 3177 3116
f 10435 10497 10496
f 10435 10436 10497
f 3116 3177 3178
f 3116 3178 3117
f 10436 10498 10497
f 10436 10437 10498
f 3117 3178 3179
f 3117 3179 3118
f 10437 10499 10498
f 10437 10438 10499
f 3118 3179 3180
f 3118 3180 3119
f 10438 10500 10499
f 10438 10439 10500
f 3119 3180 3181
f 3119 3181 3120
f 10439 10501 10500
f 10439 10440 10501
f 3120 3181 3182
f 3120 3182 3121
f 10440 10502 10501
f 10440 10441 10502
f 3121 3182 3183
f 3121 3183 3122
f 10441 10503 10502
f 10441 10442 10503
f 3122 3183 3184
f 3122 3184 3123
f 10442 10504 10503
f 10442 10443 10504
f 3123 3184 3185
f 3123 3185 3124
f 10443 10505 10504
f 10443 10444 10505
f 3124 3185 3186
f 3124 3186 3125
f 10444 10506 10505
f 10444 10445 10506
f 3125 3186 3187
f 3125 3187 3126
f 10445 10507 10506
f 10445 10446 10507
f 3126 3187 3188
f 3126 3188 3127
f 10446 10508 10507
f 10446 10447 10508
f 3127 3188 3189
f 3127 3189 3128
f 10447 10509 10508
f 10447 10448 10509
f 3128 3189 3190
f 3128 3190 3129
f 10448 10510 10509
f 10448 10449 10510
f 3129 3190 3191
f 3129 3191 3130
f 10449 10511 10510
f 10449 10450 10511
f 3130 3191 3192
f 3130 3192 3131
f 10450 10512 10511
f 10450 10451 10512
f 3131 3192 3193
f 3131 3193 3132
f 10451 10513 10512
f 10451 10452 10513
f 3132 3193 3194
f 3132 3194 3133
f 10452 10514 10513
f 10452 10453 10514
f 3133 3194 3195
f 3133 3195 3134
f 10453 10515 10514
f 10453 10454 10515
f 3134 3195 3196
f 3134 3196 3135
f 10454 10516 10515
f 10454 10455 10516
f 3135 3196 3197
f 3135 3197 3136
f 10455 10517 10516
f 10455 10456 10517
f 3136 3197 3198
f 3136 3198 3137
f 10456 10518 10517
f 10456 10457 10518
f 3137 3198 3199
f 3137 3199 3138
f 10457 10519 10518
f 10457 10458 10519
f 3138 3199 3200
f 3138 3200 3139
f 10458 10520 10519
f 10458 10459 10520
f 3139 3200 3201
f 3139 3201 3140
f 10459 10521 10520
f 10459 10460 10521
f 3140 3201 3202
f 3140 3202 3141
f 10460 10522 10521
f 10460 10461 10522
f 3141 3202 3203
f 3141 3203 3142
f 10461 10523 10522
f 10461 10462 10523
f 3142 3203 3204
f 3142 3204 3143
f 10462 10524 10523
f 10462 10463 10524
f 3143 3204 3205
f 3143 3205 3144
f 10463 10525 10524
f 10463 10464 10525
f 3144 3205 3206
f 3144 3206 3145
f 10464 10526 10525
f 10464 10465 10526
f 3145 3206 3207
f 3145 3207 3146
f 10465 10527 10526
f 10465 10466 10527
f 3146 3207 3208
f 3146 3208 3147
f 10466 10528 10527
f 10466 10467 10528
f 3147 3208 3209
f 3147 3209 3148
f 10467 10529 10528
f 10467 10468 10529
f 3148 3209 3210
f 3148 3210 3149
f 10468 10530 10529
f 10468 10469 10530
f 3149 3210 3211
f 3149 3211 3150
f 10469 10531 10530
f 10469 10470 10531
f 3150 3211 3212
f 3150 3212 3151
f 10470 10532 10531
f 10470 10471 10532
f 3151 3212 3213
f 3151 3213 3152
f 10471 10533 10532
f 10471 10472 10533
f 3152 3213 3214
f 3152 3214 3153
f 10472 10534 10533
f 10472 10473 10534
f 3153 3214 3215
f 3153 3215 3154
f 10473 10535 10534
f 10473 10474 10535
f 3154 3215 3216
f 3154 3216 3155
f 10474 10536 10535
f 10474 10475 10536
f 3155 3216 3217
f 3155 3217 3156
f 10475 10537 10536
f 10475 10476 10537
f 3156 3217 3218
f 3156 3218 3157
f 10476 10538 10537
f 10476 10477 10538
f 3157 3218 3219
f 3157 3219 3158
f 10477 10539 10538
f 10477 10478 10539
f 3158 3219 3220
f 3158 3220 3159
f 10478 10540 10539
f 10478 10479 10540
f 3159 3220 3221
f 3159 3221 3160
f 10479 10541 10540
f 10479 10480 10541
f 3160 3221 3222
f 3160 3222 3161
f 10480 10542 10541
f 10480 10481 10542
f 3161 3222 3223
f 3161 3223 3162
f 10481 10543 10542
f 10481 10482 10543
f 3162 3223 3224
f 3162 3224 3163
f 10482 10544 10543
f 10482 10483 10544
f 3163 3224 3225
f 3163 3225 3164
f 10483 10545 10544
f 10483 10484 10545
f 3164 3225 3226
f 3164 3226 3165
f 10484 10546 10545
f 10484 10485 10546
f 3165 3226 3227
f 3165 3227 3166
f 10485 10547 10546
f 10485 10486 10547
f 3166 3227 3228
f 3166 3228 3167
f 10486 10548 10547
f 10486 10487 10548
f 3167 3228 3229
f 3167 3229 3168
f 10487 10549 10548
f 10487 10488 10549
f 3168 3229 3230
f 3168 3230 3169
f 10488 10550 10549
f 10488 10489 10550
f 3169 3230 3231
f 3169 3231 3170
f 10489 10551 10550
f 10489 10490 10551
f 3170 3231 3232
f 3170 3232 3171
f 10490 10552 10551
f 10490 10491 10552
f 3171 3232 3233
f 3171 3233 3172
f 10491 10553 10552
f 10491 10492 10553
f 3173 3234 3235
f 3173 3235 3174
f 10493 10555 10554
f 10493 10494 10555
f 3174 3235 3236
f 3174 3236 3175
f 10494 10556 10555
f 10494 10495 10556
f 3175 3236 3237
f 3175 3237 3176
f 10495 10557 10556
f 10495 10496 10557
f 3176 3237 3238
f 3176 3238 3177
f 10496 10558 10557
f 10496 10497 10558
f 3177 3238 3239
f 3177 3239 3178
f 10497 10559 10558
f 10497 10498 10559
f 3178 3239 3240
f 3178 3240 3179
f 10498 10560 10559
f 10498 10499 10560
f 3179 3240 3241
f 3179 3241 3180
f 10499 10561 10560
f 10499 10500 10561
f 3180 3241 3242
f 3180 3242 3181
f 10500 10562 10561
f 10500 10501 10562
f 3181 3242 3243
f 3181 3243 3182
f 10501 10563 10562
f 10501 10502 10563
f 3182 3243 3244
f 3182 3244 3183
f 10502 10564 10563
f 10502 10503 10564
f 3183 3244 3245
f 3183 3245 3184
f 10503 10565 10564
f 10503 10504 10565
f 3184 3245 3246
f 3184 3246 3185
f 10504 10566 10565
f 10504 10505 10566
f 3185 3246 3247
f 3185 3247 3186
f 10505 10567 10566
f 10505 10506 10567
f 3186 3247 3248
f 3186 3248 3187
f 10506 10568 10567
f 10506 10507 10568
f 3187 3248 3249
f 3187 3249 3188
f 10507 10569 10568
f 10507 10508 10569
f 3188 3249 3250
f 3188 3250 3189
f 10508 10570 10569
f 10508 10509 10570
f 3189 3250 3251
f 3189 3251 3190
f 10509 10571 10570
f 10509 10510 10571
f 3190 3251 3252
f 3190 3252 3191
f 10510 10572 10571
f 10510 10511 10572
f 3191 3252 3253
f 3191 3253 3192
f 10511 10573 10572
f 10511 10512 10573
f 3192 3253 3254
f 3192 3254 3193
f 10512 10574 10573
f 10512 10513 10574
f 3193 3254 3255
f 3193 3255 3194
f 10513 10575 10574
f 10513 10514 10575
f 3194 3255 3256
f 3194 3256 3195
f 10514 10576 10575
f 10514 10515 10576
f 3195 3256 3257
f 3195 3257 3196
f 10515 10577 10576
f 10515 10516 10577
f 3196 3257 3258
f 3196 3258 3197
f 10516 10578 10577
f 10516 10517 10578
f 3197 3258 3259
f 3197 3259 3198
f 10517 10579 10578
f 10517 10518 10579
f 3198 3259 3260
f 3198 3260 3199
f 10518 10580 10579
f 10518 10519 10580
f 3199 3260 3261
f 3199 3261 3200
f 10519 10581 10580
f 10519 10520 10581
f 3200 3261 3262
f 3200 3262 3201
f 10520 10582 10581
f 10520 10521 10582
f 3201 3262 3263
f 3201 3263 3202
f 10521 10583 10582
f 10521 10522 10583
f 3202 3263 3264
f 3202 3264 3203
f 10522 10584 10583
f 10522 10523 10584
f 3203 3264 3265
f 3203 3265 3204
f 10523 10585 10584
f 10523 10524 10585
f 3204 3265 3266
f 3204 3266 3205
f 10524 10586 10585
f 10524 10525 10586
f 3205 3266 3267
f 3205 3267 3206
f 10525 10587 10586
f 10525 10526 10587
f 3206 3267 3268
f 3206 3268 3207
f 10526 10588 10587
f 10526 10527 10588
f 3207 3268 3269
f 3207 3269 3208
f 10527 10589 10588
f 10527 10528 10589
f 3208 3269 3270
f 3208 3270 3209
f 10528 10590 10589
f 10528 10529 10590
f 3209 3270 3271
f 3209 3271 3210
f 10529 10591 10590
f 10529 10530 10591
f 3210 3271 3272
f 3210 3272 3211
f 10530 10592 10591
f 10530 10531 10592
f 3211 3272 3273
f 3211 3273 3212
f 10531 10593 10592
f 10531 10532 10593
f 3212 3273 3274
f 3212 3274 3213
f 10532 10594 10593
f 10532 10533 10594
f 3213 3274 3275
f 3213 3275 3214
f 10533 10595 10594
f 10533 10534 10595
f 3214 3275 3276
f 3214 3276 3215
f 10534 10596 10595
f 10534 10535 10596
f 3215 3276 3277
f 3215 3277 3216
f 10535 10597 10596
f 10535 10536 10597
f 3216 3277 3278
f 3216 3278 3217
f 10536 10598 10597
f 10536 10537 10598
f 3217 3278 3279
f 3217 3279 3218
f 10537 10599 10598
f 10537 10538 10599
f 3218 3279 3280
f 3218 3280 3219
f 10538 10600 10599
f 10538 10539 10600
f 3219 3280 3281
f 3219 3281 3220
f 10539 10601 10600
f 10539 10540 10601
f 3220 3281 3282
f 3220 3282 3221
f 10540 10602 10601
f 10540 10541 10602
f 3221 3282 3283
f 3221 3283 3222
f 10541 10603 10602
f 10541 10542 10603
f 3222 3283 3284
f 3222 3284 3223
f 10542 10604 10603
f 10542 10543 10604
f 3223 3284 3285
f 3223 3285 3224
f 10543 10605 10604
f 10543 10544 10605
f 3224 3285 3286
f 3224 3286 3225
f 10544 10606 10605
f 10544 10545 10606
f 3225 3286 3287
f 3225 3287 3226
f 10545 10607 10606
f 10545 10546 10607
f 3226 3287 3288
f 3226 3288 3227
f 10546 10608 10607
f 10546 10547 10608
f 3227 3288 3289
f 3227 3289 3228
f 10547 10609 10608
f 10547 10548 10609
f 3228 3289 3290
f 3228 3290 3229
f 10548 10610 10609
f 10548 10549 10610
f 3229 3290 3291
f 3229 3291 3230
f 10549 10611 10610
f 10549 10550 10611
f 3230 3291 3292
f 3230 3292 3231
f 10550 10612 10611
f 10550 10551 10612
f 3231 3292 3293
f 3231 3293 3232
f 10551 10613 10612
f 10551 10552 10613
f 3232 3293 3294
f 3232 3294 3233
f 10552 10614 10613
f 10552 10553 10614
f 3234 3295 3296
f 3234 3296 3235
f 10554 10616 10615
f 10554 10555 10616
f 3235 3296 3297
f 3235 3297 3236
f 10555 10617 10616
f 10555 10556 10617
f 3236 3297 3298
f 3236 3298 3237
f 10556 10618 10617
f 10556 10557 10618
f 3237 3298 3299
f 3237 3299 3238
f 10557 10619 10618
f 10557 10558 10619
f 3238 3299 3300
f 3238 3300 3239
f 10558 10620 10619
f 10558 10559 10620
f 3239 3300 3301
f 3239 3301 3240
f 10559 10621 10620
f 10559 10560 10621
f 3240 3301 3302
f 3240 3302 3241
f 10560 10622 10621
f 10560 10561 10622
f 3241 3302 3303
f 3241 3303 3242
f 10561 10623 10622
f 10561 10562 10623
f 3242 3303 3304
f 3242 3304 3243
f 10562 10624 10623
f 10562 10563 10624
f 3243 3304 3305
f 3243 3305 3244
f 10563 10625 10624
f 10563 10564 10625
f 3244 3305 3306
f 3244 3306 3245
f 10564 10626 10625
f 10564 10565 10626
f 3245 3306 3307
f 3245 3307 3246
f 10565 10627 10626
f 10565 10566 10627
f 3246 3307 3308
f 3246 3308 3247
f 10566 10628 10627
f 10566 10567 10628
f 3247 3308 3309
f 3247 3309 3248
f 10567 10629 10628
f 10567 10568 10629
f 3248 3309 3310
f 3248 3310 3249
f 10568 10630 10629
f 10568 10569 10630
f 3249 3310 3311
f 3249 3311 3250
f 10569 10631 10630
f 10569 10570 10631
f 3250 3311 3312
f 3250 3312 3251
f 10570 10632 10631
f 10570 10571 10632
f 3251 3312 3313
f 3251 3313 3252
f 10571 10633 10632
f 10571 10572 10633
f 3252 3313 3314
f 3252 3314 3253
f 10572 10634 10633
f 10572 10573 10634
f 3253 3314 3315
f 3253 3315 3254
f 10573 10635 10634
f 10573 10574 10635
f 3254 3315 3316
f 3254 3316 3255
f 10574 10636 10635
f 10574 10575 10636
f 3255 3316 3317
f 3255 3317 3256
f 10575 10637 10636
f 10575 10576 10637
f 3256 3317 3318
f 3256 3318 3257
f 10576 10638 10637
f 10576 10577 10638
f 3257 3318 3319
f 3257 3319 3258
f 10577 10639 10638
f 10577 10578 10639
f 3258 3319 3320
f 3258 3320 3259
f 10578 10640 10639
f 10578 10579 10640
f 3259 3320 3321
f 3259 3321 3260
f 10579 10641 10640
f 10579 10580 10641
f 3260 3321 3322
f 3260 3322 3261
f 10580 10642 10641
f 10580 10581 10642
f 3261 3322 3323
f 3261 3323 3262
f 10581 10643 10642
f 10581 10582 10643
f 3262 3323 3324
f 3262 3324 3263
f 10582 10644 10643
f 10582 10583 10644
f 3263 3324 3325
f 3263 3325 3264
f 10583 10645 10644
f 10583 10584 10645
f 3264 3325 3326
f 3264 3326 3265
f 10584 10646 10645
f 10584 10585 10646
f 3265 3326 3327
f 3265 3327 3266
f 10585 10647 10646
f 10585 10586 10647
f 3266 3327 3328
f 3266 3328 3267
f 10586 10648 10647
f 10586 10587 10648
f 3267 3328 3329
f 3267 3329 3268
f 10587 10649 10648
f 10587 10588 10649
f 3268 3329 3330
f 3268 3330 3269
f 10588 10650 10649
f 10588 10589 10650
f 3269 3330 3331
f 3269 3331 3270
f 10589 10651 10650
f 10589 10590 10651
f 3270 3331 3332
f 3270 3332 3271
f 10590 10652 10651
f 10590 10591 10652
f 3271 3332 3333
f 3271 3333 3272
f 10591 10653 10652
f 10591 10592 10653
f 3272 3333 3334
f 3272 3334 3273
f 10592 10654 10653
f 10592 10593 10654
f 3273 3334 3335
f 3273 3335 3274
f 10593 10655 10654
f 10593 10594 10655
f 3274 3335 3336
f 3274 3336 3275
f 10594 10656 10655
f 10594 10595 10656
f 3275 3336 3337
f 3275 3337 3276
f 10595 10657 10656
f 10595 10596 10657
f 3276 3337 3338
f 3276 3338 3277
f 10596 10658 10657
f 10596 10597 10658
f 3277 3338 3339
f 3277 3339 3278
f 10597 10659 10658
f 10597 10598 10659
f 3278 3339 3340
f 3278 3340 3279
f 10598 10660 10659
f 10598 10599 10660
f 3279 3340 3341
f 3279 3341 3280
f 10599 10661 10660
f 10599 10600 10661
f 3280 3341 3342
f 3280 3342 3281
f 10600 10662 10661
f 10600 10601 10662
f 3281 3342 3343
f 3281 3343 3282
f 10601 10663 10662
f 10601 10602 10663
f 3282 3343 3344
f 3282 3344 3283
f 10602 10664 10663
f 10602 10603 10664
f 3283 3344 3345
f 3283 3345 3284
f 10603 10665 10664
f 10603 10604 10665
f 3284 3345 3346
f 3284 3346 3285
f 10604 10666 10665
f 10604 10605 10666
f 3285 3346 3347
f 3285 3347 3286
f 10605 10667 10666
f 10605 10606 10667
f 3286 3347 3348
f 3286 3348 3287
f 10606 10668 10667
f 10606 10607 10668
f 3287 3348 3349
f 3287 3349 3288
f 10607 10669 10668
f 10607 10608 10669
f 3288 3349 3350
f 3288 3350 3289
f 10608 10670 10669
f 10608 10609 10670
f 3289 3350 3351
f 3289 3351 3290
f 10609 10671 10670
f 10609 10610 10671
f 3290 3351 3352
f 3290 3352 3291
f 10610 10672 10671
f 10610 10611 10672
f 3291 3352 3353
f 3291 3353 3292
f 10611 10673 10672
f 10611 10612 10673
f 3292 3353 3354
f 3292 3354 3293
f 10612 10674 10673
f 10612 10613 10674
f 3293 3354 3355
f 3293 3355 3294
f 10613 10675 10674
f 10613 10614 10675
f 3295 3356 3357
f 3295 3357 3296
f 10615 10677 10676
f 10615 10616 10677
f 3296 3357 3358
f 3296 3358 3297
f 10616 10678 10677
f 10616 10617 10678
f 3297 3358 3359
f 3297 3359 3298
f 10617 10679 10678
f 10617 10618 10679
f 3298 3359 3360
f 3298 3360 3299
f 10618 10680 10679
f 10618 10619 10680
f 3299 3360 3361
f 3299 3361 3300
f 10619 10681 10680
f 10619 10620 10681
f 3300 3361 3362
f 3300 3362 3301
f 10620 10682 10681
f 10620 10621 10682
f 3301 3362 3363
f 3301 3363 3302
f 10621 10683 10682
f 10621 10622 10683
f 3302 3363 3364
f 3302 3364 3303
f 10622 10684 10683
f 10622 10623 10684
f 3303 3364 3365
f 3303 3365 3304
f 10623 10685 10684
f 10623 10624 10685
f 3304 3365 3366
f 3304 3366 3305
f 10624 10686 10685
f 10624 10625 10686
f 3305 3366 3367
f 3305 3367 3306
f 10625 10687 10686
f 10625 10626 10687
f 3306 3367 3368
f 3306 3368 3307
f 10626 10688 10687
f 10626 10627 10688
f 3307 3368 3369
f 3307 3369 3308
f 10627 10689 10688
f 10627 10628 10689
f 3308 3369 3370
f 3308 3370 3309
f 10628 10690 10689
f 10628 10629 10690
f 3309 3370 3371
f 3309 3371 3310
f 10629 10691 10690
f 10629 10630 10691
f 3310 3371 3372
f 3310 3372 3311
f 10630 10692 10691
f 10630 10631 10692
f 3311 3372 3373
f 3311 3373 3312
f 10631 10693 10692
f 10631 10632 10693
f 3312 3373 3374
f 3312 3374 3313
f 10632 10694 10693
f 10632 10633 10694
f 3313 3374 3375
f 3313 3375 3314
f 10633 10695 10694
f 10633 10634 10695
f 3314 3375 3376
f 3314 3376 3315
f 10634 10696 10695
f 10634 10635 10696
f 3315 3376 3377
f 3315 3377 3316
f 10635 10697 10696
f 10635 10636 10697
f 3316 3377 3378
f 3316 3378 3317
f 10636 10698 10697
f 10636 10637 10698
f 3317 3378 3379
f 3317 3379 3318
f 10637 10699 10698
f 10637 10638 10699
f 3318 3379 3380
f 3318 3380 3319
f 10638 10700 10699
f 10638 10639 10700
f 3319 3380 3381
f 3319 3381 3320
f 10639 10701 10700
f 10639 10640 10701
f 3320 3381 3382
f 3320 3382 3321
f 10640 10702 10701
f 10640 10641 10702
f 3321 3382 3383
f 3321 3383 3322
f 10641 10703 10702
f 10641 10642 10703
f 3322 3383 3384
f 3322 3384 3323
f 10642 10704 10703
f 10642 10643 10704
f 3323 3384 3385
f 3323 3385 3324
f 10643 10705 10704
f 10643 10644 10705
f 3324 3385 3386
f 3324 3386 3325
f 10644 10706 10705
f 10644 10645 10706
f 3325 3386 3387
f 3325 3387 3326
f 10645 10707 10706
f 10645 10646 10707
f 3326 3387 3388
f 3326 3388 3327
f 10646 10708 10707
f 10646 10647 10708
f 3327 3388 3389
f 3327 3389 3328
f 10647 10709 10708
f 10647 10648 10709
f 3328 3389 3390
f 3328 3390 3329
f 10648 10710 10709
f 10648 10649 10710
f 3329 3390 3391
f 3329 3391 3330
f 10649 10711 10710
f 10649 10650 10711
f 3330 3391 3392
f 3330 3392 3331
f 10650 10712 10711
f 10650 10651 10712
f 3331 3392 3393
f 3331 3393 3332
f 10651 10713 10712
f 10651 10652 10713
f 3332 3393 3394
f 3332 3394 3333
f 10652 10714 10713
f 10652 10653 10714
f 3333 3394 3395
f 3333 3395 3334
f 10653 10715 10714
f 10653 10654 10715
f 3334 3395 3396
f 3334 3396 3335
f 10654 10716 10715
f 10654 10655 10716
f 3335 3396 3397
f 3335 3397 3336
f 10655 10717 10716
f 10655 10656 10717
f 3336 3397 3398
f 3336 3398 3337
f 10656 10718 10717
f 10656 10657 10718
f 3337 3398 3399
f 3337 3399 3338
f 10657 10719 10718
f 10657 10658 10719
f 3338 3399 3400
f 3338 3400 3339
f 10658 10720 10719
f 10658 10659 10720
f 3339 3400 3401
f 3339 3401 3340
f 10659 10721 10720
f 10659 10660 10721
f 3340 3401 3402
f 3340 3402 3341
f 10660 10722 10721
f 10660 10661 10722
f 3341 3402 3403
f 3341 3403 3342
f 10661 10723 10722
f 10661 10662 10723
f 3342 3403 3404
f 3342 3404 3343
f 10662 10724 10723
f 10662 10663 10724
f 3343 3404 3405
f 3343 3405 3344
f 10663 10725 10724
f 10663 10664 10725
f 3344 3405 3406
f 3344 3406 3345
f 10664 10726 10725
f 10664 10665 10726
f 3345 3406 3407
f 3345 3407 3346
f 10665 10727 10726
f 10665 10666 10727
f 3346 3407 3408
f 3346 3408 3347
f 10666 10728 10727
f 10666 10667 10728
f 3347 3408 3409
f 3347 3409 3348
f 10667 10729 10728
f 10667 10668 10729
f 3348 3409 3410
f 3348 3410 3349
f 10668 10730 10729
f 10668 10669 10730
f 3349 3410 3411
f 3349 3411 3350
f 10669 10731 10730
f 10669 10670 10731
f 3350 3411 3412
f 3350 3412 3351
f 10670 10732 10731
f 10670 10671 10732
f 3351 3412 3413
f 3351 3413 3352
f 10671 10733 10732
f 10671 10672 10733
f 3352 3413 3414
f 3352 3414 3353
f 10672 10734 10733
f 10672 10673 10734
f 3353 3414 3415
f 3353 3415 3354
f 10673 10735 10734
f 10673 10674 10735
f 3354 3415 3416
f 3354 3416 3355
f 10674 10736 10735
f 10674 10675 10736
f 3356 3417 3418
f 3356 3418 3357
f 10676 10738 10737
f 10676 10677 10738
f 3357 3418 3419
f 3357 3419 3358
f 10677 10739 10738
f 10677 10678 10739
f 3358 3419 3420
f 3358 3420 3359
f 10678 10740 10739
f 10678 10679 10740
f 3359 3420 3421
f 3359 3421 3360
f 10679 10741 10740
f 10679 10680 10741
f 3360 3421 3422
f 3360 3422 3361
f 10680 10742 10741
f 10680 10681 10742
f 3361 3422 3423
f 3361 3423 3362
f 10681 10743 10742
f 10681 10682 10743
f 3362 3423 3424
f 3362 3424 3363
f 10682 10744 10743
f 10682 10683 10744
f 3363 3424 3425
f 3363 3425 3364
f 10683 10745 10744
f 10683 10684 10745
f 3364 3425 3426
f 3364 3426 3365
f 10684 10746 10745
f 10684 10685 10746
f 3365 3426 3427
f 3365 3427 3366
f 10685 10747 10746
f 10685 10686 10747
f 3366 3427 3428
f 3366 3428 3367
f 10686 10748 10747
f 10686 10687 10748
f 3367 3428 3429
f 3367 3429 3368
f 10687 10749 10748
f 10687 10688 10749
f 3368 3429 3430
f 3368 3430 3369
f 10688 10750 10749
f 10688 10689 10750
f 3369 3430 3431
f 3369 3431 3370
f 10689 10751 10750
f 10689 10690 10751
f 3370 3431 3432
f 3370 3432 3371
f 10690 10752 10751
f 10690 10691 10752
f 3371 3432 3433
f 3371 3433 3372
f 10691 10753 10752
f 10691 10692 10753
f 3372 3433 3434
f 3372 3434 3373
f 10692 10754 10753
f 10692 10693 10754
f 3373 3434 3435
f 3373 3435 3374
f 10693 10755 10754
f 10693 10694 10755
f 3374 3435 3436
f 3374 3436 3375
f 10694 10756 10755
f 10694 10695 10756
f 3375 3436 3437
f 3375 3437 3376
f 10695 10757 10756
f 10695 10696 10757
f 3376 3437 3438
f 3376 3438 3377
f 10696 10758 10757
f 10696 10697 10758
f 3377 3438 3439
f 3377 3439 3378
f 10697 10759 10758
f 10697 10698 10759
f 3378 3439 3440
f 3378 3440 3379
f 10698 10760 10759
f 10698 10699 10760
f 3379 3440 3441
f 3379 3441 3380
f 10699 10761 10760
f 10699 10700 10761
f 3380 3441 3442
f 3380 3442 3381
f 10700 10762 10761
f 10700 10701 10762
f 3381 3442 3443
f 3381 3443 3382
f 10701 10763 10762
f 10701 10702 10763
f 3382 3443 3444
f 3382 3444 3383
f 10702 10764 10763
f 10702 10703 10764
f 3383 3444 3445
f 3383 3445 3384
f 10703 10765 10764
f 10703 10704 10765
f 3384 3445 3446
f 3384 3446 3385
f 10704 10766 10765
f 10704 10705 10766
f 3385 3446 3447
f 3385 3447 3386
f 10705 10767 10766
f 10705 10706 10767
f 3386 3447 3448
f 3386 3448 3387
f 10706 10768 10767
f 10706 10707 10768
f 3387 3448 3449
f 3387 3449 3388
f 10707 10769 10768
f 10707 10708 10769
f 3388 3449 3450
f 3388 3450 3389
f 10708 10770 10769
f 10708 10709 10770
f 3389 3450 3451
f 3389 3451 3390
f 10709 10771 10770
f 10709 10710 10771
f 3390 3451 3452
f 3390 3452 3391
f 10710 10772 10771
f 10710 10711 10772
f 3391 3452 3453
f 3391 3453 3392
f 10711 10773 10772
f 10711 10712 10773
f 3392 3453 3454
f 3392 3454 3393
f 10712 10774 10773
f 10712 10713 10774
f 3393 3454 3455
f 3393 3455 3394
f 10713 10775 10774
f 10713 10714 10775
f 3394 3455 3456
f 3394 3456 3395
f 10714 10776 10775
f 10714 10715 10776
f 3395 3456 3457
f 3395 3457 3396
f 10715 10777 10776
f 10715 10716 10777
f 3396 3457 3458
f 3396 3458 3397
f 10716 10778 10777
f 10716 10717 10778
f 3397 3458 3459
f 3397 3459 3398
f 10717 10779 10778
f 10717 10718 10779
f 3398 3459 3460
f 3398 3460 3399
f 10718 10780 10779
f 10718 10719 10780
f 3399 3460 3461
f 3399 3461 3400
f 10719 10781 10780
f 10719 10720 10781
f 3400 3461 3462
f 3400 3462 3401
f 10720 10782 10781
f 10720 10721 10782
f 3401 3462 3463
f 3401 3463 3402
f 10721 10783 10782
f 10721 10722 10783
f 3402 3463 3464
f 3402 3464 3403
f 10722 10784 10783
f 10722 10723 10784
f 3403 3464 3465
f 3403 3465 3404
f 10723 10785 10784
f 10723 10724 10785
f 3404 3465 3466
f 3404 3466 3405
f 10724 10786 10785
f 10724 10725 10786
f 3405 3466 3467
f 3405 3467 3406
f 10725 10787 10786
f 10725 10726 10787
f 3406 3467 3468
f 3406 3468 3407
f 10726 10788 10787
f 10726 10727 10788
f 3407 3468 3469
f 3407 3469 3408
f 10727 10789 10788
f 10727 10728 10789
f 3408 3469 3470
f 3408 3470 3409
f 10728 10790 10789
f 10728 10729 10790
f 3409 3470 3471
f 3409 3471 3410
f 10729 10791 10790
f 10729 10730 10791
f 3410 3471 3472
f 3410 3472 3411
f 10730 10792 10791
f 10730 10731 10792
f 3411 3472 3473
f 3411 3473 3412
f 10731 10793 10792
f 10731 10732 10793
f 3412 3473 3474
f 3412 3474 3413
f 10732 10794 10793
f 10732 10733 10794
f 3413 3474 3475
f 3413 3475 3414
f 10733 10795 10794
f 10733 10734 10795
f 3414 3475 3476
f 3414 3476 3415
f 10734 10796 10795
f 10734 10735 10796
f 3415 3476 3477
f 3415 3477 3416
f 10735 10797 10796
f 10735 10736 10797
f 3417 3478 3479
f 3417 3479 3418
f 10737 10799 10798
f 10737 10738 10799
f 3418 3479 3480
f 3418 3480 3419
f 10738 10800 10799
f 10738 10739 10800
f 3419 3480 3481
f 3419 3481 3420
f 10739 10801 10800
f 10739 10740 10801
f 3420 3481 3482
f 3420 3482 3421
f 10740 10802 10801
f 10740 10741 10802
f 3421 3482 3483
f 3421 3483 3422
f 10741 10803 10802
f 10741 10742 10803
f 3422 3483 3484
f 3422 3484 3423
f 10742 10804 10803
f 10742 10743 10804
f 3423 3484 3485
f 3423 3485 3424
f 10743 10805 10804
f 10743 10744 10805
f 3424 3485 3486
f 3424 3486 3425
f 10744 10806 10805
f 10744 10745 10806
f 3425 3486 3487
f 3425 3487 3426
f 10745 10807 10806
f 10745 10746 10807
f 3426 3487 3488
f 3426 3488 3427
f 10746 10808 10807
f 10746 10747 10808
f 3427 3488 3489
f 3427 3489 3428
f 10747 10809 10808
f 10747 10748 10809
f 3428 3489 3490
f 3428 3490 3429
f 10748 10810 10809
f 10748 10749 10810
f 3429 3490 3491
f 3429 3491 3430
f 10749 10811 10810
f 10749 10750 10811
f 3430 3491 3492
f 3430 3492 3431
f 10750 10812 10811
f 10750 10751 10812
f 3431 3492 3493
f 3431 3493 3432
f 10751 10813 10812
f 10751 10752 10813
f 3432 3493 3494
f 3432 3494 3433
f 10752 10814 10813
f 10752 10753 10814
f 3433 3494 3495
f 3433 3495 3434
f 10753 10815 10814
f 10753 10754 10815
f 3434 3495 3496
f 3434 3496 3435
f 10754 10816 10815
f 10754 10755 10816
f 3435 3496 3497
f 3435 3497 3436
f 10755 10817 10816
f 10755 10756 10817
f 3436 3497 3498
f 3436 3498 3437
f 10756 10818 10817
f 10756 10757 10818
f 3437 3498 3499
f 3437 3499 3438
f 10757 10819 10818
f 10757 10758 10819
f 3438 3499 3500
f 3438 3500 3439
f 10758 10820 10819
f 10758 10759 10820
f 3439 3500 3501
f 3439 3501 3440
f 10759 10821 10820
f 10759 10760 10821
f 3440 3501 3502
f 3440 3502 3441
f 10760 10822 10821
f 10760 10761 10822
f 3441 3502 3503
f 3441 3503 3442
f 10761 10823 10822
f 10761 10762 10823
f 3442 3503 3504
f 3442 3504 3443
f 10762 10824 10823
f 10762 10763 10824
f 3443 3504 3505
f 3443 3505 3444
f 10763 10825 10824
f 10763 10764 10825
f 3444 3505 3506
f 3444 3506 3445
f 10764 10826 10825
f 10764 10765 10826
f 3445 3506 3507
f 3445 3507 3446
f 10765 10827 10826
f 10765 10766 10827
f 3446 3507 3508
f 3446 3508 3447
f 10766 10828 10827
f 10766 10767 10828
f 3447 3508 3509
f 3447 3509 3448
f 10767 10829 10828
f 10767 10768 10829
f 3448 3509 3510
f 3448 3510 3449
f 10768 10830 10829
f 10768 10769 10830
f 3449 3510 3511
f 3449 3511 3450
f 10769 10831 10830
f 10769 10770 10831
f 3450 3511 3512
f 3450 3512 3451
f 10770 10832 10831
f 10770 10771 10832
f 3451 3512 3513
f 3451 3513 3452
f 10771 10833 10832
f 10771 10772 10833
f 3452 3513 3514
f 3452 3514 3453
f 10772 10834 10833
f 10772 10773 10834
f 3453 3514 3515
f 3453 3515 3454
f 10773 10835 10834
f 10773 10774 10835
f 3454 3515 3516
f 3454 3516 3455
f 10774 10836 10835
f 10774 10775 10836
f 3455 3516 3517
f 3455 3517 3456
f 10775 10837 10836
f 10775 10776 10837
f 3456 3517 3518
f 3456 3518 3457
f 10776 10838 10837
f 10776 10777 10838
f 3457 3518 3519
f 3457 3519 3458
f 10777 10839 10838
f 10777 10778 10839
f 3458 3519 3520
f 3458 3520 3459
f 10778 10840 10839
f 10778 10779 10840
f 3459 3520 3521
f 3459 3521 3460
f 10779 10841 10840
f 10779 10780 10841
f 3460 3521 3522
f 3460 3522 3461
f 10780 10842 10841
f 10780 10781 10842
f 3461 3522 3523
f 3461 3523 3462
f 10781 10843 10842
f 10781 10782 10843
f 3462 3523 3524
f 3462 3524 3463
f 10782 10844 10843
f 10782 10783 10844
f 3463 3524 3525
f 3463 3525 3464
f 10783 10845 10844
f 10783 10784 10845
f 3464 3525 3526
f 3464 3526 3465
f 10784 10846 10845
f 10784 10785 10846
f 3465 3526 3527
f 3465 3527 3466
f 10785 10847 10846
f 10785 10786 10847
f 3466 3527 3528
f 3466 3528 3467
f 10786 10848 10847
f 10786 10787 10848
f 3467 3528 3529
f 3467 3529 3468
f 10787 10849 10848
f 10787 10788 10849
f 3468 3529 3530
f 3468 3530 3469
f 10788 10850 10849
f 10788 10789 10850
f 3469 3530 3531
f 3469 3531 3470
f 10789 10851 10850
f 10789 10790 10851
f 3470 3531 3532
f 3470 3532 3471
f 10790 10852 10851
f 10790 10791 10852
f 3471 3532 3533
f 3471 3533 3472
f 10791 10853 10852
f 10791 10792 10853
f 3472 3533 3534
f 3472 3534 3473
f 10792 10854 10853
f 10792 10793 10854
f 3473 3534 3535
f 3473 3535 3474
f 10793 10855 10854
f 10793 10794 10855
f 3474 3535 3536
f 3474 3536 3475
f 10794 10856 10855
f 10794 10795 10856
f 3475 3536 3537
f 3475 3537 3476
f 10795 10857 10856
f 10795 10796 10857
f 3476 3537 3538
f 3476 3538 3477
f 10796 10858 10857
f 10796 10797 10858
f 3478 3539 3540
f 3478 3540 3479
f 10798 10860 10859
f 10798 10799 10860
f 3479 3540 3541
f 3479 3541 3480
f 10799 10861 10860
f 10799 10800 10861
f 3480 3541 3542
f 3480 3542 3481
f 10800 10862 10861
f 10800 10801 10862
f 3481 3542 3543
f 3481 3543 3482
f 10801 10863 10862
f 10801 10802 10863
f 3482 3543 3544
f 3482 3544 3483
f 10802 10864 10863
f 10802 10803 10864
f 3483 3544 3545
f 3483 3545 3484
f 10803 10865 10864
f 10803 10804 10865
f 3484 3545 3546
f 3484 3546 3485
f 10804 10866 10865
f 10804 10805 10866
f 3485 3546 3547
f 3485 3547 3486
f 10805 10867 10866
f 10805 10806 10867
f 3486 3547 3548
f 3486 3548 3487
f 10806 10868 10867
f 10806 10807 10868
f 3487 3548 3549
f 3487 3549 3488
f 10807 10869 10868
f 10807 10808 10869
f 3488 3549 3550
f 3488 3550 3489
f 10808 10870 10869
f 10808 10809 10870
f 3489 3550 3551
f 3489 3551 3490
f 10809 10871 10870
f 10809 10810 10871
f 3490 3551 3552
f 3490 3552 3491
f 10810 10872 10871
f 10810 10811 10872
f 3491 3552 3553
f 3491 3553 3492
f 10811 10873 10872
f 10811 10812 10873
f 3492 3553 3554
f 3492 3554 3493
f 10812 10874 10873
f 10812 10813 10874
f 3493 3554 3555
f 3493 3555 3494
f 10813 10875 10874
f 10813 10814 10875
f 3494 3555 3556
f 3494 3556 3495
f 10814 10876 10875
f 10814 10815 10876
f 3495 3556 3557
f 3495 3557 3496
f 10815 10877 10876
f 10815 10816 10877
f 3496 3557 3558
f 3496 3558 3497
f 10816 10878 10877
f 10816 10817 10878
f 3497 3558 3559
f 3497 3559 3498
f 10817 10879 10878
f 10817 10818 10879
f 3498 3559 3560
f 3498 3560 3499
f 10818 10880 10879
f 10818 10819 10880
f 3499 3560 3561
f 3499 3561 3500
f 10819 10881 10880
f 10819 10820 10881
f 3500 3561 3562
f 3500 3562 3501
f 10820 10882 10881
f 10820 10821 10882
f 3501 3562 3563
f 3501 3563 3502
f 10821 10883 10882
f 10821 10822 10883
f 3502 3563 3564
f 3502 3564 3503
f 10822 10884 10883
f 10822 10823 10884
f 3503 3564 3565
f 3503 3565 3504
f 10823 10885 10884
f 10823 10824 10885
f 3504 3565 3566
f 3504 3566 3505
f 10824 10886 10885
f 10824 10825 10886
f 3505 3566 3567
f 3505 3567 3506
f 10825 10887 10886
f 10825 10826 10887
f 3506 3567 3568
f 3506 3568 3507
f 10826 10888 10887
f 10826 10827 10888
f 3507 3568 3569
f 3507 3569 3508
f 10827 10889 10888
f 10827 10828 10889
f 3508 3569 3570
f 3508 3570 3509
f 10828 10890 10889
f 10828 10829 10890
f 3509 3570 3571
f 3509 3571 3510
f 10829 10891 10890
f 10829 10830 10891
f 3510 3571 3572
f 3510 3572 3511
f 10830 10892 10891
f 10830 10831 10892
f 3511 3572 3573
f 3511 3573 3512
f 10831 10893 10892
f 10831 10832 10893
f 3512 3573 3574
f 3512 3574 3513
f 10832 10894 10893
f 10832 10833 10894
f 3513 3574 3575
f 3513 3575 3514
f 10833 10895 10894
f 10833 10834 10895
f 3514 3575 3576
f 3514 3576 3515
f 10834 10896 10895
f 10834 10835 10896
f 3515 3576 3577
f 3515 3577 3516
f 10835 10897 10896
f 10835 10836 10897
f 3516 3577 3578
f 3516 3578 3517
f 10836 10898 10897
f 10836 10837 10898
f 3517 3578 3579
f 3517 3579 3518
f 10837 10899 10898
f 10837 10838 10899
f 3518 3579 3580
f 3518 3580 3519
f 10838 10900 10899
f 10838 10839 10900
f 3519 3580 3581
f 3519 3581 3520
f 10839 10901 10900
f 10839 10840 10901
f 3520 3581 3582
f 3520 3582 3521
f 10840 10902 10901
f 10840 10841 10902
f 3521 3582 3583
f 3521 3583 3522
f 10841 10903 10902
f 10841 10842 10903
f 3522 3583 3584
f 3522 3584 3523
f 10842 10904 10903
f 10842 10843 10904
f 3523 3584 3585
f 3523 3585 3524
f 10843 10905 10904
f 10843 10844 10905
f 3524 3585 3586
f 3524 3586 3525
f 10844 10906 10905
f 10844 10845 10906
f 3525 3586 3587
f 3525 3587 3526
f 10845 10907 10906
f 10845 10846 10907
f 3526 3587 3588
f 3526 3588 3527
f 10846 10908 10907
f 10846 10847 10908
f 3527 3588 3589
f 3527 3589 3528
f 10847 10909 10908
f 10847 10848 10909
f 3528 3589 3590
f 3528 3590 3529
f 10848 10910 10909
f 10848 10849 10910
f 3529 3590 3591
f 3529 3591 3530
f 10849 10911 10910
f 10849 10850 10911
f 3530 3591 3592
f 3530 3592 3531
f 10850 10912 10911
f 10850 10851 10912
f 3531 3592 3593
f 3531 3593 3532
f 10851 10913 10912
f 10851 10852 10913
f 3532 3593 3594
f 3532 3594 3533
f 10852 10914 10913
f 10852 10853 10914
f 3533 3594 3595
f 3533 3595 3534
f 10853 10915 10914
f 10853 10854 10915
f 3534 3595 3596
f 3534 3596 3535
f 10854 10916 10915
f 10854 10855 10916
f 3535 3596 3597
f 3535 3597 3536
f 10855 10917 10916
f 10855 10856 10917
f 3536 3597 3598
f 3536 3598 3537
f 10856 10918 10917
f 10856 10857 10918
f 3537 3598 3599
f 3537 3599 3538
f 10857 10919 10918
f 10857 10858 10919
f 3539 3600 3601
f 3539 3601 3540
f 10859 10921 10920
f 10859 10860 10921
f 3540 3601 3602
f 3540 3602 3541
f 10860 10922 10921
f 10860 10861 10922
f 3541 3602 3603
f 3541 3603 3542
f 10861 10923 10922
f 10861 10862 10923
f 3542 3603 3604
f 3542 3604 3543
f 10862 10924 10923
f 10862 10863 10924
f 3543 3604 3605
f 3543 3605 3544
f 10863 10925 10924
f 10863 10864 10925
f 3544 3605 3606
f 3544 3606 3545
f 10864 10926 10925
f 10864 10865 10926
f 3545 3606 3607
f 3545 3607 3546
f 10865 10927 10926
f 10865 10866 10927
f 3546 3607 3608
f 3546 3608 3547
f 10866 10928 10927
f 10866 10867 10928
f 3547 3608 3609
f 3547 3609 3548
f 10867 10929 10928
f 10867 10868 10929
f 3548 3609 3610
f 3548 3610 3549
f 10868 10930 10929
f 10868 10869 10930
f 3549 3610 3611
f 3549 3611 3550
f 10869 10931 10930
f 10869 10870 10931
f 3550 3611 3612
f 3550 3612 3551
f 10870 10932 10931
f 10870 10871 10932
f 3551 3612 3613
f 3551 3613 3552
f 10871 10933 10932
f 10871 10872 10933
f 3552 3613 3614
f 3552 3614 3553
f 10872 10934 10933
f 10872 10873 10934
f 3553 3614 3615
f 3553 3615 3554
f 10873 10935 10934
f 10873 10874 10935
f 3554 3615 3616
f 3554 3616 3555
f 10874 10936 10935
f 10874 10875 10936
f 3555 3616 3617
f 3555 3617 3556
f 10875 10937 10936
f 10875 10876 10937
f 3556 3617 3618
f 3556 3618 3557
f 10876 10938 10937
f 10876 10877 10938
f 3557 3618 3619
f 3557 3619 3558
f 10877 10939 10938
f 10877 10878 10939
f 3558 3619 3620
f 3558 3620 3559
f 10878 10940 10939
f 10878 10879 10940
f 3559 3620 3621
f 3559 3621 3560
f 10879 10941 10940
f 10879 10880 10941
f 3560 3621 3622
f 3560 3622 3561
f 10880 10942 10941
f 10880 10881 10942
f 3561 3622 3623
f 3561 3623 3562
f 10881 10943 10942
f 10881 10882 10943
f 3562 3623 3624
f 3562 3624 3563
f 10882 10944 10943
f 10882 10883 10944
f 3563 3624 3625
f 3563 3625 3564
f 10883 10945 10944
f 10883 10884 10945
f 3564 3625 3626
f 3564 3626 3565
f 10884 10946 10945
f 10884 10885 10946
f 3565 3626 3627
f 3565 3627 3566
f 10885 10947 10946
f 10885 10886 10947
f 3566 3627 3628
f 3566 3628 3567
f 10886 10948 10947
f 10886 10887 10948
f 3567 3628 3629
f 3567 3629 3568
f 10887 10949 10948
f 10887 10888 10949
f 3568 3629 3630
f 3568 3630 3569
f 10888 10950 10949
f 10888 10889 10950
f 3569 3630 3631
f 3569 3631 3570
f 10889 10951 10950
f 10889 10890 10951
f 3570 3631 3632
f 3570 3632 3571
f 10890 10952 10951
f 10890 10891 10952
f 3571 3632 3633
f 3571 3633 3572
f 10891 10953 10952
f 10891 10892 10953
f 3572 3633 3634
f 3572 3634 3573
f 10892 10954 10953
f 10892 10893 10954
f 3573 3634 3635
f 3573 3635 3574
f 10893 10955 10954
f 10893 10894 10955
f 3574 3635 3636
f 3574 3636 3575
f 10894 10956 10955
f 10894 10895 10956
f 3575 3636 3637
f 3575 3637 3576
f 10895 10957 10956
f 10895 10896 10957
f 3576 3637 3638
f 3576 3638 3577
f 10896 10958 10957
f 10896 10897 10958
f 3577 3638 3639
f 3577 3639 3578
f 10897 10959 10958
f 10897 10898 10959
f 3578 3639 3640
f 3578 3640 3579
f 10898 10960 10959
f 10898 10899 10960
f 3579 3640 3641
f 3579 3641 3580
f 10899 10961 10960
f 10899 10900 10961
f 3580 3641 3642
f 3580 3642 3581
f 10900 10962 10961
f 10900 10901 10962
f 3581 3642 3643
f 3581 3643 3582
f 10901 10963 10962
f 10901 10902 10963
f 3582 3643 3644
f 3582 3644 3583
f 10902 10964 10963
f 10902 10903 10964
f 3583 3644 3645
f 3583 3645 3584
f 10903 10965 10964
f 10903 10904 10965
f 3584 3645 3646
f 3584 3646 3585
f 10904 10966 10965
f 10904 10905 10966
f 3585 3646 3647
f 3585 3647 3586
f 10905 10967 10966
f 10905 10906 10967
f 3586 3647 3648
f 3586 3648 3587
f 10906 10968 10967
f 10906 10907 10968
f 3587 3648 3649
f 3587 3649 3588
f 10907 10969 10968
f 10907 10908 10969
f 3588 3649 3650
f 3588 3650 3589
f 10908 10970 10969
f 10908 10909 10970
f 3589 3650 3651
f 3589 3651 3590
f 10909 10971 10970
f 10909 10910 10971
f 3590 3651 3652
f 3590 3652 3591
f 10910 10972 10971
f 10910 10911 10972
f 3591 3652 3653
f 3591 3653 3592
f 10911 10973 10972
f 10911 10912 10973
f 3592 3653 3654
f 3592 3654 3593
f 10912 10974 10973
f 10912 10913 10974
f 3593 3654 3655
f 3593 3655 3594
f 10913 10975 10974
f 10913 10914 10975
f 3594 3655 3656
f 3594 3656 3595
f 10914 10976 10975
f 10914 10915 10976
f 3595 3656 3657
f 3595 3657 3596
f 10915 10977 10976
f 10915 10916 10977
f 3596 3657 3658
f 3596 3658 3597
f 10916 10978 10977
f 10916 10917 10978
f 3597 3658 3659
f 3597 3659 3598
f 10917 10979 10978
f 10917 10918 10979
f 3598 3659 3660
f 3598 3660 3599
f 10918 10980 10979
f 10918 10919 10980
f 3600 3661 3662
f 3600 3662 3601
f 10920 10982 10981
f 10920 10921 10982
f 3601 3662 3663
f 3601 3663 3602
f 10921 10983 10982
f 10921 10922 10983
f 3602 3663 3664
f 3602 3664 3603
f 10922 10984 10983
f 10922 10923 10984
f 3603 3664 3665
f 3603 3665 3604
f 10923 10985 10984
f 10923 10924 10985
f 3604 3665 3666
f 3604 3666 3605
f 10924 10986 10985
f 10924 10925 10986
f 3605 3666 3667
f 3605 3667 3606
f 10925 10987 10986
f 10925 10926 10987
f 3606 3667 3668
f 3606 3668 3607
f 10926 10988 10987
f 10926 10927 10988
f 3607 3668 3669
f 3607 3669 3608
f 10927 10989 10988
f 10927 10928 10989
f 3608 3669 3670
f 3608 3670 3609
f 10928 10990 10989
f 10928 10929 10990
f 3609 3670 3671
f 3609 3671 3610
f 10929 10991 10990
f 10929 10930 10991
f 3610 3671 3672
f 3610 3672 3611
f 10930 10992 10991
f 10930 10931 10992
f 3611 3672 3673
f 3611 3673 3612
f 10931 10993 10992
f 10931 10932 10993
f 3612 3673 3674
f 3612 3674 3613
f 10932 10994 10993
f 10932 10933 10994
f 3613 3674 3675
f 3613 3675 3614
f 10933 10995 10994
f 10933 10934 10995
f 3614 3675 3676
f 3614 3676 3615
f 10934 10996 10995
f 10934 10935 10996
f 3615 3676 3677
f 3615 3677 3616
f 10935 10997 10996
f 10935 10936 10997
f 3616 3677 3678
f 3616 3678 3617
f 10936 10998 10997
f 10936 10937 10998
f 3617 3678 3679
f 3617 3679 3618
f 10937 10999 10998
f 10937 10938 10999
f 3618 3679 3680
f 3618 3680 3619
f 10938 11000 10999
f 10938 10939 11000
f 3619 3680 3681
f 3619 3681 3620
f 10939 11001 11000
f 10939 10940 11001
f 3620 3681 3682
f 3620 3682 3621
f 10940 11002 11001
f 10940 10941 11002
f 3621 3682 3683
f 3621 3683 3622
f 10941 11003 11002
f 10941 10942 11003
f 3622 3683 3684
f 3622 3684 3623
f 10942 11004 11003
f 10942 10943 11004
f 3623 3684 3685
f 3623 3685 3624
f 10943 11005 11004
f 10943 10944 11005
f 3624 3685 3686
f 3624 3686 3625
f 10944 11006 11005
f 10944 10945 11006
f 3625 3686 3687
f 3625 3687 3626
f 10945 11007 11006
f 10945 10946 11007
f 3626 3687 3688
f 3626 3688 3627
f 10946 11008 11007
f 10946 10947 11008
f 3627 3688 3689
f 3627 3689 3628
f 10947 11009 11008
f 10947 10948 11009
f 3628 3689 3690
f 3628 3690 3629
f 10948 11010 11009
f 10948 10949 11010
f 3629 3690 3691
f 3629 3691 3630
f 10949 11011 11010
f 10949 10950 11011
f 3630 3691 3692
f 3630 3692 3631
f 10950 11012 11011
f 10950 10951 11012
f 3631 3692 3693
f 3631 3693 3632
f 10951 11013 11012
f 10951 10952 11013
f 3632 3693 3694
f 3632 3694 3633
f 10952 11014 11013
f 10952 10953 11014
f 3633 3694 3695
f 3633 3695 3634
f 10953 11015 11014
f 10953 10954 11015
f 3634 3695 3696
f 3634 3696 3635
f 10954 11016 11015
f 10954 10955 11016
f 3635 3696 3697
f 3635 3697 3636
f 10955 11017 11016
f 10955 10956 11017
f 3636 3697 3698
f 3636 3698 3637
f 10956 11018 11017
f 10956 10957 11018
f 3637 3698 3699
f 3637 3699 3638
f 10957 11019 11018
f 10957 10958 11019
f 3638 3699 3700
f 3638 3700 3639
f 10958 11020 11019
f 10958 10959 11020
f 3639 3700 3701
f 3639 3701 3640
f 10959 11021 11020
f 10959 10960 11021
f 3640 3701 3702
f 3640 3702 3641
f 10960 11022 11021
f 10960 10961 11022
f 3641 3702 3703
f 3641 3703 3642
f 10961 11023 11022
f 10961 10962 11023
f 3642 3703 3704
f 3642 3704 3643
f 10962 11024 11023
f 10962 10963 11024
f 3643 3704 3705
f 3643 3705 3644
f 10963 11025 11024
f 10963 10964 11025
f 3644 3705 3706
f 3644 3706 3645
f 10964 11026 11025
f 10964 10965 11026
f 3645 3706 3707
f 3645 3707 3646
f 10965 11027 11026
f 10965 10966 11027
f 3646 3707 3708
f 3646 3708 3647
f 10966 11028 11027
f 10966 10967 11028
f 3647 3708 3709
f 3647 3709 3648
f 10967 11029 11028
f 10967 10968 11029
f 3648 3709 3710
f 3648 3710 3649
f 10968 11030 11029
f 10968 10969 11030
f 3649 3710 3711
f 3649 3711 3650
f 10969 11031 11030
f 10969 10970 11031
f 3650 3711 3712
f 3650 3712 3651
f 10970 11032 11031
f 10970 10971 11032
f 3651 3712 3713
f 3651 3713 3652
f 10971 11033 11032
f 10971 10972 11033
f 3652 3713 3714
f 3652 3714 3653
f 10972 11034 11033
f 10972 10973 11034
f 3653 3714 3715
f 3653 3715 3654
f 10973 11035 11034
f 10973 10974 11035
f 3654 3715 3716
f 3654 3716 3655
f 10974 11036 11035
f 10974 10975 11036
f 3655 3716 3717
f 3655 3717 3656
f 10975 11037 11036
f 10975 10976 11037
f 3656 3717 3718
f 3656 3718 3657
f 10976 11038 11037
f 10976 10977 11038
f 3657 3718 3719
f 3657 3719 3658
f 10977 11039 11038
f 10977 10978 11039
f 3658 3719 3720
f 3658 3720 3659
f 10978 11040 11039
f 10978 10979 11040
f 3659 3720 3721
f 3659 3721 3660
f 10979 11041 11040
f 10979 10980 11041
f 3661 3722 3723
f 3661 3723 3662
f 10981 11043 11042
f 10981 10982 11043
f 3662 3723 3724
f 3662 3724 3663
f 10982 11044 11043
f 10982 10983 11044
f 3663 3724 3725
f 3663 3725 3664
f 10983 11045 11044
f 10983 10984 11045
f 3664 3725 3726
f 3664 3726 3665
f 10984 11046 11045
f 10984 10985 11046
f 3665 3726 3727
f 3665 3727 3666
f 10985 11047 11046
f 10985 10986 11047
f 3666 3727 3728
f 3666 3728 3667
f 10986 11048 11047
f 10986 10987 11048
f 3667 3728 3729
f 3667 3729 3668
f 10987 11049 11048
f 10987 10988 11049
f 3668 3729 3730
f 3668 3730 3669
f 10988 11050 11049
f 10988 10989 11050
f 3669 3730 3731
f 3669 3731 3670
f 10989 11051 11050
f 10989 10990 11051
f 3670 3731 3732
f 3670 3732 3671
f 10990 11052 11051
f 10990 10991 11052
f 3671 3732 3733
f 3671 3733 3672
f 10991 11053 11052
f 10991 10992 11053
f 3672 3733 3734
f 3672 3734 3673
f 10992 11054 11053
f 10992 10993 11054
f 3673 3734 3735
f 3673 3735 3674
f 10993 11055 11054
f 10993 10994 11055
f 3674 3735 3736
f 3674 3736 3675
f 10994 11056 11055
f 10994 10995 11056
f 3675 3736 3737
f 3675 3737 3676
f 10995 11057 11056
f 10995 10996 11057
f 3676 3737 3738
f 3676 3738 3677
f 10996 11058 11057
f 10996 10997 11058
f 3677 3738 3739
f 3677 3739 3678
f 10997 11059 11058
f 10997 10998 11059
f 3678 3739 3740
f 3678 3740 3679
f 10998 11060 11059
f 10998 10999 11060
f 3679 3740 3741
f 3679 3741 3680
f 10999 11061 11060
f 10999 11000 11061
f 3680 3741 3742
f 3680 3742 3681
f 11000 11062 11061
f 11000 11001 11062
f 3681 3742 3743
f 3681 3743 3682
f 11001 11063 11062
f 11001 11002 11063
f 3682 3743 3744
f 3682 3744 3683
f 11002 11064 11063
f 11002 11003 11064
f 3683 3744 3745
f 3683 3745 3684
f 11003 11065 11064
f 11003 11004 11065
f 3684 3745 3746
f 3684 3746 3685
f 11004 11066 11065
f 11004 11005 11066
f 3685 3746 3747
f 3685 3747 3686
f 11005 11067 11066
f 11005 11006 11067
f 3686 3747 3748
f 3686 3748 3687
f 11006 11068 11067
f 11006 11007 11068
f 3687 3748 3749
f 3687 3749 3688
f 11007 11069 11068
f 11007 11008 11069
f 3688 3749 3750
f 3688 3750 3689
f 11008 11070 11069
f 11008 11009 11070
f 3689 3750 3751
f 3689 3751 3690
f 11009 11071 11070
f 11009 11010 11071
f 3690 3751 3752
f 3690 3752 3691
f 11010 11072 11071
f 11010 11011 11072
f 3691 3752 3753
f 3691 3753 3692
f 11011 11073 11072
f 11011 11012 11073
f 3692 3753 3754
f 3692 3754 3693
f 11012 11074 11073
f 11012 11013 11074
f 3693 3754 3755
f 3693 3755 3694
f 11013 11075 11074
f 11013 11014 11075
f 3694 3755 3756
f 3694 3756 3695
f 11014 11076 11075
f 11014 11015 11076
f 3695 3756 3757
f 3695 3757 3696
f 11015 11077 11076
f 11015 11016 11077
f 3696 3757 3758
f 3696 3758 3697
f 11016 11078 11077
f 11016 11017 11078
f 3697 3758 3759
f 3697 3759 3698
f 11017 11079 11078
f 11017 11018 11079
f 3698 3759 3760
f 3698 3760 3699
f 11018 11080 11079
f 11018 11019 11080
f 3699 3760 3761
f 3699 3761 3700
f 11019 11081 11080
f 11019 11020 11081
f 3700 3761 3762
f 3700 3762 3701
f 11020 11082 11081
f 11020 11021 11082
f 3701 3762 3763
f 3701 3763 3702
f 11021 11083 11082
f 11021 11022 11083
f 3702 3763 3764
f 3702 3764 3703
f 11022 11084 11083
f 11022 11023 11084
f 3703 3764 3765
f 3703 3765 3704
f 11023 11085 11084
f 11023 11024 11085
f 3704 3765 3766
f 3704 3766 3705
f 11024 11086 11085
f 11024 11025 11086
f 3705 3766 3767
f 3705 3767 3706
f 11025 11087 11086
f 11025 11026 11087
f 3706 3767 3768
f 3706 3768 3707
f 11026 11088 11087
f 11026 11027 11088
f 3707 3768 3769
f 3707 3769 3708
f 11027 11089 11088
f 11027 11028 11089
f 3708 3769 3770
f 3708 3770 3709
f 11028 11090 11089
f 11028 11029 11090
f 3709 3770 3771
f 3709 3771 3710
f 11029 11091 11090
f 11029 11030 11091
f 3710 3771 3772
f 3710 3772 3711
f 11030 11092 11091
f 11030 11031 11092
f 3711 3772 3773
f 3711 3773 3712
f 11031 11093 11092
f 11031 11032 11093
f 3712 3773 3774
f 3712 3774 3713
f 11032 11094 11093
f 11032 11033 11094
f 3713 3774 3775
f 3713 3775 3714
f 11033 11095 11094
f 11033 11034 11095
f 3714 3775 3776
f 3714 3776 3715
f 11034 11096 11095
f 11034 11035 11096
f 3715 3776 3777
f 3715 3777 3716
f 11035 11097 11096
f 11035 11036 11097
f 3716 3777 3778
f 3716 3778 3717
f 11036 11098 11097
f 11036 11037 11098
f 3717 3778 3779
f 3717 3779 3718
f 11037 11099 11098
f 11037 11038 11099
f 3718 3779 3780
f 3718 3780 3719
f 11038 11100 11099
f 11038 11039 11100
f 3719 3780 3781
f 3719 3781 3720
f 11039 11101 11100
f 11039 11040 11101
f 3720 3781 3782
f 3720 3782 3721
f 11040 11102 11101
f 11040 11041 11102
f 3722 3783 3784
f 3722 3784 3723
f 11042 11104 11103
f 11042 11043 11104
f 3723 3784 3785
f 3723 3785 3724
f 11043 11105 11104
f 11043 11044 11105
f 3724 3785 3786
f 3724 3786 3725
f 11044 11106 11105
f 11044 11045 11106
f 3725 3786 3787
f 3725 3787 3726
f 11045 11107 11106
f 11045 11046 11107
f 3726 3787 3788
f 3726 3788 3727
f 11046 11108 11107
f 11046 11047 11108
f 3727 3788 3789
f 3727 3789 3728
f 11047 11109 11108
f 11047 11048 11109
f 3728 3789 3790
f 3728 3790 3729
f 11048 11110 11109
f 11048 11049 11110
f 3729 3790 3791
f 3729 3791 3730
f 11049 11111 11110
f 11049 11050 11111
f 3730 3791 3792
f 3730 3792 3731
f 11050 11112 11111
f 11050 11051 11112
f 3731 3792 3793
f 3731 3793 3732
f 11051 11113 11112
f 11051 11052 11113
f 3732 3793 3794
f 3732 3794 3733
f 11052 11114 11113
f 11052 11053 11114
f 3733 3794 3795
f 3733 3795 3734
f 11053 11115 11114
f 11053 11054 11115
f 3734 3795 3796
f 3734 3796 3735
f 11054 11116 11115
f 11054 11055 11116
f 3735 3796 3797
f 3735 3797 3736
f 11055 11117 11116
f 11055 11056 11117
f 3736 3797 3798
f 3736 3798 3737
f 11056 11118 11117
f 11056 11057 11118
f 3737 3798 3799
f 3737 3799 3738
f 11057 11119 11118
f 11057 11058 11119
f 3738 3799 3800
f 3738 3800 3739
f 11058 11120 11119
f 11058 11059 11120
f 3739 3800 3801
f 3739 3801 3740
f 11059 11121 11120
f 11059 11060 11121
f 3740 3801 3802
f 3740 3802 3741
f 11060 11122 11121
f 11060 11061 11122
f 3741 3802 3803
f 3741 3803 3742
f 11061 11123 11122
f 11061 11062 11123
f 3742 3803 3804
f 3742 3804 3743
f 11062 11124 11123
f 11062 11063 11124
f 3743 3804 3805
f 3743 3805 3744
f 11063 11125 11124
f 11063 11064 11125
f 3744 3805 3806
f 3744 3806 3745
f 11064 11126 11125
f 11064 11065 11126
f 3745 3806 3807
f 3745 3807 3746
f 11065 11127 11126
f 11065 11066 11127
f 3746 3807 3808
f 3746 3808 3747
f 11066 11128 11127
f 11066 11067 11128
f 3747 3808 3809
f 3747 3809 3748
f 11067 11129 11128
f 11067 11068 11129
f 3748 3809 3810
f 3748 3810 3749
f 11068 11130 11129
f 11068 11069 11130
f 3749 3810 3811
f 3749 3811 3750
f 11069 11131 11130
f 11069 11070 11131
f 3750 3811 3812
f 3750 3812 3751
f 11070 11132 11131
f 11070 11071 11132
f 3751 3812 3813
f 3751 3813 3752
f 11071 11133 11132
f 11071 11072 11133
f 3752 3813 3814
f 3752 3814 3753
f 11072 11134 11133
f 11072 11073 11134
f 3753 3814 3815
f 3753 3815 3754
f 11073 11135 11134
f 11073 11074 11135
f 3754 3815 3816
f 3754 3816 3755
f 11074 11136 11135
f 11074 11075 11136
f 3755 3816 3817
f 3755 3817 3756
f 11075 11137 11136
f 11075 11076 11137
f 3756 3817 3818
f 3756 3818 3757
f 11076 11138 11137
f 11076 11077 11138
f 3757 3818 3819
f 3757 3819 3758
f 11077 11139 11138
f 11077 11078 11139
f 3758 3819 3820
f 3758 3820 3759
f 11078 11140 11139
f 11078 11079 11140
f 3759 3820 3821
f 3759 3821 3760
f 11079 11141 11140
f 11079 11080 11141
f 3760 3821 3822
f 3760 3822 3761
f 11080 11142 11141
f 11080 11081 11142
f 3761 3822 3823
f 3761 3823 3762
f 11081 11143 11142
f 11081 11082 11143
f 3762 3823 3824
f 3762 3824 3763
f 11082 11144 11143
f 11082 11083 11144
f 3763 3824 3825
f 3763 3825 3764
f 11083 11145 11144
f 11083 11084 11145
f 3764 3825 3826
f 3764 3826 3765
f 11084 11146 11145
f 11084 11085 11146
f 3765 3826 3827
f 3765 3827 3766
f 11085 11147 11146
f 11085 11086 11147
f 3766 3827 3828
f 3766 3828 3767
f 11086 11148 11147
f 11086 11087 11148
f 3767 3828 3829
f 3767 3829 3768
f 11087 11149 11148
f 11087 11088 11149
f 3768 3829 3830
f 3768 3830 3769
f 11088 11150 11149
f 11088 11089 11150
f 3769 3830 3831
f 3769 3831 3770
f 11089 11151 11150
f 11089 11090 11151
f 3770 3831 3832
f 3770 3832 3771
f 11090 11152 11151
f 11090 11091 11152
f 3771 3832 3833
f 3771 3833 3772
f 11091 11153 11152
f 11091 11092 11153
f 3772 3833 3834
f 3772 3834 3773
f 11092 11154 11153
f 11092 11093 11154
f 3773 3834 3835
f 3773 3835 3774
f 11093 11155 11154
f 11093 11094 11155
f 3774 3835 3836
f 3774 3836 3775
f 11094 11156 11155
f 11094 11095 11156
f 3775 3836 3837
f 3775 3837 3776
f 11095 11157 11156
f 11095 11096 11157
f 3776 3837 3838
f 3776 3838 3777
f 11096 11158 11157
f 11096 11097 11158
f 3777 3838 3839
f 3777 3839 3778
f 11097 11159 11158
f 11097 11098 11159
f 3778 3839 3840
f 3778 3840 3779
f 11098 11160 11159
f 11098 11099 11160
f 3779 3840 3841
f 3779 3841 3780
f 11099 11161 11160
f 11099 11100 11161
f 3780 3841 3842
f 3780 3842 3781
f 11100 11162 11161
f 11100 11101 11162
f 3781 3842 3843
f 3781 3843 3782
f 11101 11163 11162
f 11101 11102 11163
f 3783 3844 3845
f 3783 3845 3784
f 11103 11165 11164
f 11103 11104 11165
f 3784 3845 3846
f 3784 3846 3785
f 11104 11166 11165
f 11104 11105 11166
f 3785 3846 3847
f 3785 3847 3786
f 11105 11167 11166
f 11105 11106 11167
f 3786 3847 3848
f 3786 3848 3787
f 11106 11168 11167
f 11106 11107 11168
f 3787 3848 3849
f 3787 3849 3788
f 11107 11169 11168
f 11107 11108 11169
f 3788 3849 3850
f 3788 3850 3789
f 11108 11170 11169
f 11108 11109 11170
f 3789 3850 3851
f 3789 3851 3790
f 11109 11171 11170
f 11109 11110 11171
f 3790 3851 3852
f 3790 3852 3791
f 11110 11172 11171
f 11110 11111 11172
f 3791 3852 3853
f 3791 3853 3792
f 11111 11173 11172
f 11111 11112 11173
f 3792 3853 3854
f 3792 3854 3793
f 11112 11174 11173
f 11112 11113 11174
f 3793 3854 3855
f 3793 3855 3794
f 11113 11175 11174
f 11113 11114 11175
f 3794 3855 3856
f 3794 3856 3795
f 11114 11176 11175
f 11114 11115 11176
f 3795 3856 3857
f 3795 3857 3796
f 11115 11177 11176
f 11115 11116 11177
f 3796 3857 3858
f 3796 3858 3797
f 11116 11178 11177
f 11116 11117 11178
f 3797 3858 3859
f 3797 3859 3798
f 11117 11179 11178
f 11117 11118 11179
f 3798 3859 3860
f 3798 3860 3799
f 11118 11180 11179
f 11118 11119 11180
f 3799 3860 3861
f 3799 3861 3800
f 11119 11181 11180
f 11119 11120 11181
f 3800 3861 3862
f 3800 3862 3801
f 11120 11182 11181
f 11120 11121 11182
f 3801 3862 3863
f 3801 3863 3802
f 11121 11183 11182
f 11121 11122 11183
f 3802 3863 3864
f 3802 3864 3803
f 11122 11184 11183
f 11122 11123 11184
f 3803 3864 3865
f 3803 3865 3804
f 11123 11185 11184
f 11123 11124 11185
f 3804 3865 3866
f 3804 3866 3805
f 11124 11186 11185
f 11124 11125 11186
f 3805 3866 3867
f 3805 3867 3806
f 11125 11187 11186
f 11125 11126 11187
f 3806 3867 3868
f 3806 3868 3807
f 11126 11188 11187
f 11126 11127 11188
f 3807 3868 3869
f 3807 3869 3808
f 11127 11189 11188
f 11127 11128 11189
f 3808 3869 3870
f 3808 3870 3809
f 11128 11190 11189
f 11128 11129 11190
f 3809 3870 3871
f 3809 3871 3810
f 11129 11191 11190
f 11129 11130 11191
f 3810 3871 3872
f 3810 3872 3811
f 11130 11192 11191
f 11130 11131 11192
f 3811 3872 3873
f 3811 3873 3812
f 11131 11193 11192
f 11131 11132 11193
f 3812 3873 3874
f 3812 3874 3813
f 11132 11194 11193
f 11132 11133 11194
f 3813 3874 3875
f 3813 3875 3814
f 11133 11195 11194
f 11133 11134 11195
f 3814 3875 3876
f 3814 3876 3815
f 11134 11196 11195
f 11134 11135 11196
f 3815 3876 3877
f 3815 3877 3816
f 11135 11197 11196
f 11135 11136 11197
f 3816 3877 3878
f 3816 3878 3817
f 11136 11198 11197
f 11136 11137 11198
f 3817 3878 3879
f 3817 3879 3818
f 11137 11199 11198
f 11137 11138 11199
f 3818 3879 3880
f 3818 3880 3819
f 11138 11200 11199
f 11138 11139 11200
f 3819 3880 3881
f 3819 3881 3820
f 11139 11201 11200
f 11139 11140 11201
f 3820 3881 3882
f 3820 3882 3821
f 11140 11202 11201
f 11140 11141 11202
f 3821 3882 3883
f 3821 3883 3822
f 11141 11203 11202
f 11141 11142 11203
f 3822 3883 3884
f 3822 3884 3823
f 11142 11204 11203
f 11142 11143 11204
f 3823 3884 3885
f 3823 3885 3824
f 11143 11205 11204
f 11143 11144 11205
f 3824 3885 3886
f 3824 3886 3825
f 11144 11206 11205
f 11144 11145 11206
f 3825 3886 3887
f 3825 3887 3826
f 11145 11207 11206
f 11145 11146 11207
f 3826 3887 3888
f 3826 3888 3827
f 11146 11208 11207
f 11146 11147 11208
f 3827 3888 3889
f 3827 3889 3828
f 11147 11209 11208
f 11147 11148 11209
f 3828 3889 3890
f 3828 3890 3829
f 11148 11210 11209
f 11148 11149 11210
f 3829 3890 3891
f 3829 3891 3830
f 11149 11211 11210
f 11149 11150 11211
f 3830 3891 3892
f 3830 3892 3831
f 11150 11212 11211
f 11150 11151 11212
f 3831 3892 3893
f 3831 3893 3832
f 11151 11213 11212
f 11151 11152 11213
f 3832 3893 3894
f 3832 3894 3833
f 11152 11214 11213
f 11152 11153 11214
f 3833 3894 3895
f 3833 3895 3834
f 11153 11215 11214
f 11153 11154 11215
f 3834 3895 3896
f 3834 3896 3835
f 11154 11216 11215
f 11154 11155 11216
f 3835 3896 3897
f 3835 3897 3836
f 11155 11217 11216
f 11155 11156 11217
f 3836 3897 3898
f 3836 3898 3837
f 11156 11218 11217
f 11156 11157 11218
f 3837 3898 3899
f 3837 3899 3838
f 11157 11219 11218
f 11157 11158 11219
f 3838 3899 3900
f 3838 3900 3839
f 11158 11220 11219
f 11158 11159 11220
f 3839 3900 3901
f 3839 3901 3840
f 11159 11221 11220
f 11159 11160 11221
f 3840 3901 3902
f 3840 3902 3841
f 11160 11222 11221
f 11160 11161 11222
f 3841 3902 3903
f 3841 3903 3842
f 11161 11223 11222
f 11161 11162 11223
f 3842 3903 3904
f 3842 3904 3843
f 11162 11224 11223
f 11162 11163 11224
f 3844 3905 3906
f 3844 3906 3845
f 11164 11226 11225
f 11164 11165 11226
f 3845 3906 3907
f 3845 3907 3846
f 11165 11227 11226
f 11165 11166 11227
f 3846 3907 3908
f 3846 3908 3847
f 11166 11228 11227
f 11166 11167 11228
f 3847 3908 3909
f 3847 3909 3848
f 11167 11229 11228
f 11167 11168 11229
f 3848 3909 3910
f 3848 3910 3849
f 11168 11230 11229
f 11168 11169 11230
f 3849 3910 3911
f 3849 3911 3850
f 11169 11231 11230
f 11169 11170 11231
f 3850 3911 3912
f 3850 3912 3851
f 11170 11232 11231
f 11170 11171 11232
f 3851 3912 3913
f 3851 3913 3852
f 11171 11233 11232
f 11171 11172 11233
f 3852 3913 3914
f 3852 3914 3853
f 11172 11234 11233
f 11172 11173 11234
f 3853 3914 3915
f 3853 3915 3854
f 11173 11235 11234
f 11173 11174 11235
f 3854 3915 3916
f 3854 3916 3855
f 11174 11236 11235
f 11174 11175 11236
f 3855 3916 3917
f 3855 3917 3856
f 11175 11237 11236
f 11175 11176 11237
f 3856 3917 3918
f 3856 3918 3857
f 11176 11238 11237
f 11176 11177 11238
f 3857 3918 3919
f 3857 3919 3858
f 11177 11239 11238
f 11177 11178 11239
f 3858 3919 3920
f 3858 3920 3859
f 11178 11240 11239
f 11178 11179 11240
f 3859 3920 3921
f 3859 3921 3860
f 11179 11241 11240
f 11179 11180 11241
f 3860 3921 3922
f 3860 3922 3861
f 11180 11242 11241
f 11180 11181 11242
f 3861 3922 3923
f 3861 3923 3862
f 11181 11243 11242
f 11181 11182 11243
f 3862 3923 3924
f 3862 3924 3863
f 11182 11244 11243
f 11182 11183 11244
f 3863 3924 3925
f 3863 3925 3864
f 11183 11245 11244
f 11183 11184 11245
f 3864 3925 3926
f 3864 3926 3865
f 11184 11246 11245
f 11184 11185 11246
f 3865 3926 3927
f 3865 3927 3866
f 11185 11247 11246
f 11185 11186 11247
f 3866 3927 3928
f 3866 3928 3867
f 11186 11248 11247
f 11186 11187 11248
f 3867 3928 3929
f 3867 3929 3868
f 11187 11249 11248
f 11187 11188 11249
f 3868 3929 3930
f 3868 3930 3869
f 11188 11250 11249
f 11188 11189 11250
f 3869 3930 3931
f 3869 3931 3870
f 11189 11251 11250
f 11189 11190 11251
f 3870 3931 3932
f 3870 3932 3871
f 11190 11252 11251
f 11190 11191 11252
f 3871 3932 3933
f 3871 3933 3872
f 11191 11253 11252
f 11191 11192 11253
f 3872 3933 3934
f 3872 3934 3873
f 11192 11254 11253
f 11192 11193 11254
f 3873 3934 3935
f 3873 3935 3874
f 11193 11255 11254
f 11193 11194 11255
f 3874 3935 3936
f 3874 3936 3875
f 11194 11256 11255
f 11194 11195 11256
f 3875 3936 3937
f 3875 3937 3876
f 11195 11257 11256
f 11195 11196 11257
f 3876 3937 3938
f 3876 3938 3877
f 11196 11258 11257
f 11196 11197 11258
f 3877 3938 3939
f 3877 3939 3878
f 11197 11259 11258
f 11197 11198 11259
f 3878 3939 3940
f 3878 3940 3879
f 11198 11260 11259
f 11198 11199 11260
f 3879 3940 3941
f 3879 3941 3880
f 11199 11261 11260
f 11199 11200 11261
f 3880 3941 3942
f 3880 3942 3881
f 11200 11262 11261
f 11200 11201 11262
f 3881 3942 3943
f 3881 3943 3882
f 11201 11263 11262
f 11201 11202 11263
f 3882 3943 3944
f 3882 3944 3883
f 11202 11264 11263
f 11202 11203 11264
f 3883 3944 3945
f 3883 3945 3884
f 11203 11265 11264
f 11203 11204 11265
f 3884 3945 3946
f 3884 3946 3885
f 11204 11266 11265
f 11204 11205 11266
f 3885 3946 3947
f 3885 3947 3886
f 11205 11267 11266
f 11205 11206 11267
f 3886 3947 3948
f 3886 3948 3887
f 11206 11268 11267
f 11206 11207 11268
f 3887 3948 3949
f 3887 3949 3888
f 11207 11269 11268
f 11207 11208 11269
f 3888 3949 3950
f 3888 3950 3889
f 11208 11270 11269
f 11208 11209 11270
f 3889 3950 3951
f 3889 3951 3890
f 11209 11271 11270
f 11209 11210 11271
f 3890 3951 3952
f 3890 3952 3891
f 11210 11272 11271
f 11210 11211 11272
f 3891 3952 3953
f 3891 3953 3892
f 11211 11273 11272
f 11211 11212 11273
f 3892 3953 3954
f 3892 3954 3893
f 11212 11274 11273
f 11212 11213 11274
f 3893 3954 3955
f 3893 3955 3894
f 11213 11275 11274
f 11213 11214 11275
f 3894 3955 3956
f 3894 3956 3895
f 11214 11276 11275
f 11214 11215 11276
f 3895 3956 3957
f 3895 3957 3896
f 11215 11277 11276
f 11215 11216 11277
f 3896 3957 3958
f 3896 3958 3897
f 11216 11278 11277
f 11216 11217 11278
f 3897 3958 3959
f 3897 3959 3898
f 11217 11279 11278
f 11217 11218 11279
f 3898 3959 3960
f 3898 3960 3899
f 11218 11280 11279
f 11218 11219 11280
f 3899 3960 3961
f 3899 3961 3900
f 11219 11281 11280
f 11219 11220 11281
f 3900 3961 3962
f 3900 3962 3901
f 11220 11282 11281
f 11220 11221 11282
f 3901 3962 3963
f 3901 3963 3902
f 11221 11283 11282
f 11221 11222 11283
f 3902 3963 3964
f 3902 3964 3903
f 11222 11284 11283
f 11222 11223 11284
f 3903 3964 3965
f 3903 3965 3904
f 11223 11285 11284
f 11223 11224 11285
f 3905 3966 3967
f 3905 3967 3906
f 11225 11287 11286
f 11225 11226 11287
f 3906 3967 3968
f 3906 3968 3907
f 11226 11288 11287
f 11226 11227 11288
f 3907 3968 3969
f 3907 3969 3908
f 11227 11289 11288
f 11227 11228 11289
f 3908 3969 3970
f 3908 3970 3909
f 11228 11290 11289
f 11228 11229 11290
f 3909 3970 3971
f 3909 3971 3910
f 11229 11291 11290
f 11229 11230 11291
f 3910 3971 3972
f 3910 3972 3911
f 11230 11292 11291
f 11230 11231 11292
f 3911 3972 3973
f 3911 3973 3912
f 11231 11293 11292
f 11231 11232 11293
f 3912 3973 3974
f 3912 3974 3913
f 11232 11294 11293
f 11232 11233 11294
f 3913 3974 3975
f 3913 3975 3914
f 11233 11295 11294
f 11233 11234 11295
f 3914 3975 3976
f 3914 3976 3915
f 11234 11296 11295
f 11234 11235 11296
f 3915 3976 3977
f 3915 3977 3916
f 11235 11297 11296
f 11235 11236 11297
f 3916 3977 3978
f 3916 3978 3917
f 11236 11298 11297
f 11236 11237 11298
f 3917 3978 3979
f 3917 3979 3918
f 11237 11299 11298
f 11237 11238 11299
f 3918 3979 3980
f 3918 3980 3919
f 11238 11300 11299
f 11238 11239 11300
f 3919 3980 3981
f 3919 3981 3920
f 11239 11301 11300
f 11239 11240 11301
f 3920 3981 3982
f 3920 3982 3921
f 11240 11302 11301
f 11240 11241 11302
f 3921 3982 3983
f 3921 3983 3922
f 11241 11303 11302
f 11241 11242 11303
f 3922 3983 3984
f 3922 3984 3923
f 11242 11304 11303
f 11242 11243 11304
f 3923 3984 3985
f 3923 3985 3924
f 11243 11305 11304
f 11243 11244 11305
f 3924 3985 3986
f 3924 3986 3925
f 11244 11306 11305
f 11244 11245 11306
f 3925 3986 3987
f 3925 3987 3926
f 11245 11307 11306
f 11245 11246 11307
f 3926 3987 3988
f 3926 3988 3927
f 11246 11308 11307
f 11246 11247 11308
f 3927 3988 3989
f 3927 3989 3928
f 11247 11309 11308
f 11247 11248 11309
f 3928 3989 3990
f 3928 3990 3929
f 11248 11310 11309
f 11248 11249 11310
f 3929 3990 3991
f 3929 3991 3930
f 11249 11311 11310
f 11249 11250 11311
f 3930 3991 3992
f 3930 3992 3931
f 11250 11312 11311
f 11250 11251 11312
f 3931 3992 3993
f 3931 3993 3932
f 11251 11313 11312
f 11251 11252 11313
f 3932 3993 3994
f 3932 3994 3933
f 11252 11314 11313
f 11252 11253 11314
f 3933 3994 3995
f 3933 3995 3934
f 11253 11315 11314
f 11253 11254 11315
f 3934 3995 3996
f 3934 3996 3935
f 11254 11316 11315
f 11254 11255 11316
f 3935 3996 3997
f 3935 3997 3936
f 11255 11317 11316
f 11255 11256 11317
f 3936 3997 3998
f 3936 3998 3937
f 11256 11318 11317
f 11256 11257 11318
f 3937 3998 3999
f 3937 3999 3938
f 11257 11319 11318
f 11257 11258 11319
f 3938 3999 4000
f 3938 4000 3939
f 11258 11320 11319
f 11258 11259 11320
f 3939 4000 4001
f 3939 4001 3940
f 11259 11321 11320
f 11259 11260 11321
f 3940 4001 4002
f 3940 4002 3941
f 11260 11322 11321
f 11260 11261 11322
f 3941 4002 4003
f 3941 4003 3942
f 11261 11323 11322
f 11261 11262 11323
f 3942 4003 4004
f 3942 4004 3943
f 11262 11324 11323
f 11262 11263 11324
f 3943 4004 4005
f 3943 4005 3944
f 11263 11325 11324
f 11263 11264 11325
f 3944 4005 4006
f 3944 4006 3945
f 11264 11326 11325
f 11264 11265 11326
f 3945 4006 4007
f 3945 4007 3946
f 11265 11327 11326
f 11265 11266 11327
f 3946 4007 4008
f 3946 4008 3947
f 11266 11328 11327
f 11266 11267 11328
f 3947 4008 4009
f 3947 4009 3948
f 11267 11329 11328
f 11267 11268 11329
f 3948 4009 4010
f 3948 4010 3949
f 11268 11330 11329
f 11268 11269 11330
f 3949 4010 4011
f 3949 4011 3950
f 11269 11331 11330
f 11269 11270 11331
f 3950 4011 4012
f 3950 4012 3951
f 11270 11332 11331
f 11270 11271 11332
f 3951 4012 4013
f 3951 4013 3952
f 11271 11333 11332
f 11271 11272 11333
f 3952 4013 4014
f 3952 4014 3953
f 11272 11334 11333
f 11272 11273 11334
f 3953 4014 4015
f 3953 4015 3954
f 11273 11335 11334
f 11273 11274 11335
f 3954 4015 4016
f 3954 4016 3955
f 11274 11336 11335
f 11274 11275 11336
f 3955 4016 4017
f 3955 4017 3956
f 11275 11337 11336
f 11275 11276 11337
f 3956 4017 4018
f 3956 4018 3957
f 11276 11338 11337
f 11276 11277 11338
f 3957 4018 4019
f 3957 4019 3958
f 11277 11339 11338
f 11277 11278 11339
f 3958 4019 4020
f 3958 4020 3959
f 11278 11340 11339
f 11278 11279 11340
f 3959 4020 4021
f 3959 4021 3960
f 11279 11341 11340
f 11279 11280 11341
f 3960 4021 4022
f 3960 4022 3961
f 11280 11342 11341
f 11280 11281 11342
f 3961 4022 4023
f 3961 4023 3962
f 11281 11343 11342
f 11281 11282 11343
f 3962 4023 4024
f 3962 4024 3963
f 11282 11344 11343
f 11282 11283 11344
f 3963 4024 4025
f 3963 4025 3964
f 11283 11345 11344
f 11283 11284 11345
f 3964 4025 4026
f 3964 4026 3965
f 11284 11346 11345
f 11284 11285 11346
f 3966 4027 4028
f 3966 4028 3967
f 11286 11348 11347
f 11286 11287 11348
f 3967 4028 4029
f 3967 4029 3968
f 11287 11349 11348
f 11287 11288 11349
f 3968 4029 4030
f 3968 4030 3969
f 11288 11350 11349
f 11288 11289 11350
f 3969 4030 4031
f 3969 4031 3970
f 11289 11351 11350
f 11289 11290 11351
f 3970 4031 4032
f 3970 4032 3971
f 11290 11352 11351
f 11290 11291 11352
f 3971 4032 4033
f 3971 4033 3972
f 11291 11353 11352
f 11291 11292 11353
f 3972 4033 4034
f 3972 4034 3973
f 11292 11354 11353
f 11292 11293 11354
f 3973 4034 4035
f 3973 4035 3974
f 11293 11355 11354
f 11293 11294 11355
f 3974 4035 4036
f 3974 4036 3975
f 11294 11356 11355
f 11294 11295 11356
f 3975 4036 4037
f 3975 4037 3976
f 11295 11357 11356
f 11295 11296 11357
f 3976 4037 4038
f 3976 4038 3977
f 11296 11358 11357
f 11296 11297 11358
f 3977 4038 4039
f 3977 4039 3978
f 11297 11359 11358
f 11297 11298 11359
f 3978 4039 4040
f 3978 4040 3979
f 11298 11360 11359
f 11298 11299 11360
f 3979 4040 4041
f 3979 4041 3980
f 11299 11361 11360
f 11299 11300 11361
f 3980 4041 4042
f 3980 4042 3981
f 11300 11362 11361
f 11300 11301 11362
f 3981 4042 4043
f 3981 4043 3982
f 11301 11363 11362
f 11301 11302 11363
f 3982 4043 4044
f 3982 4044 3983
f 11302 11364 11363
f 11302 11303 11364
f 3983 4044 4045
f 3983 4045 3984
f 11303 11365 11364
f 11303 11304 11365
f 3984 4045 4046
f 3984 4046 3985
f 11304 11366 11365
f 11304 11305 11366
f 3985 4046 4047
f 3985 4047 3986
f 11305 11367 11366
f 11305 11306 11367
f 3986 4047 4048
f 3986 4048 3987
f 11306 11368 11367
f 11306 11307 11368
f 3987 4048 4049
f 3987 4049 3988
f 11307 11369 11368
f 11307 11308 11369
f 3988 4049 4050
f 3988 4050 3989
f 11308 11370 11369
f 11308 11309 11370
f 3989 4050 4051
f 3989 4051 3990
f 11309 11371 11370
f 11309 11310 11371
f 3990 4051 4052
f 3990 4052 3991
f 11310 11372 11371
f 11310 11311 11372
f 3991 4052 4053
f 3991 4053 3992
f 11311 11373 11372
f 11311 11312 11373
f 3992 4053 4054
f 3992 4054 3993
f 11312 11374 11373
f 11312 11313 11374
f 3993 4054 4055
f 3993 4055 3994
f 11313 11375 11374
f 11313 11314 11375
f 3994 4055 4056
f 3994 4056 3995
f 11314 11376 11375
f 11314 11315 11376
f 3995 4056 4057
f 3995 4057 3996
f 11315 11377 11376
f 11315 11316 11377
f 3996 4057 4058
f 3996 4058 3997
f 11316 11378 11377
f 11316 11317 11378
f 3997 4058 4059
f 3997 4059 3998
f 11317 11379 11378
f 11317 11318 11379
f 3998 4059 4060
f 3998 4060 3999
f 11318 11380 11379
f 11318 11319 11380
f 3999 4060 4061
f 3999 4061 4000
f 11319 11381 11380
f 11319 11320 11381
f 4000 4061 4062
f 4000 4062 4001
f 11320 11382 11381
f 11320 11321 11382
f 4001 4062 4063
f 4001 4063 4002
f 11321 11383 11382
f 11321 11322 11383
f 4002 4063 4064
f 4002 4064 4003
f 11322 11384 11383
f 11322 11323 11384
f 4003 4064 4065
f 4003 4065 4004
f 11323 11385 11384
f 11323 11324 11385
f 4004 4065 4066
f 4004 4066 4005
f 11324 11386 11385
f 11324 11325 11386
f 4005 4066 4067
f 4005 4067 4006
f 11325 11387 11386
f 11325 11326 11387
f 4006 4067 4068
f 4006 4068 4007
f 11326 11388 11387
f 11326 11327 11388
f 4007 4068 4069
f 4007 4069 4008
f 11327 11389 11388
f 11327 11328 11389
f 4008 4069 4070
f 4008 4070 4009
f 11328 11390 11389
f 11328 11329 11390
f 4009 4070 4071
f 4009 4071 4010
f 11329 11391 11390
f 11329 11330 11391
f 4010 4071 4072
f 4010 4072 4011
f 11330 11392 11391
f 11330 11331 11392
f 4011 4072 4073
f 4011 4073 4012
f 11331 11393 11392
f 11331 11332 11393
f 4012 4073 4074
f 4012 4074 4013
f 11332 11394 11393
f 11332 11333 11394
f 4013 4074 4075
f 4013 4075 4014
f 11333 11395 11394
f 11333 11334 11395
f 4014 4075 4076
f 4014 4076 4015
f 11334 11396 11395
f 11334 11335 11396
f 4015 4076 4077
f 4015 4077 4016
f 11335 11397 11396
f 11335 11336 11397
f 4016 4077 4078
f 4016 4078 4017
f 11336 11398 11397
f 11336 11337 11398
f 4017 4078 4079
f 4017 4079 4018
f 11337 11399 11398
f 11337 11338 11399
f 4018 4079 4080
f 4018 4080 4019
f 11338 11400 11399
f 11338 11339 11400
f 4019 4080 4081
f 4019 4081 4020
f 11339 11401 11400
f 11339 11340 11401
f 4020 4081 4082
f 4020 4082 4021
f 11340 11402 11401
f 11340 11341 11402
f 4021 4082 4083
f 4021 4083 4022
f 11341 11403 11402
f 11341 11342 11403
f 4022 4083 4084
f 4022 4084 4023
f 11342 11404 11403
f 11342 11343 11404
f 4023 4084 4085
f 4023 4085 4024
f 11343 11405 11404
f 11343 11344 11405
f 4024 4085 4086
f 4024 4086 4025
f 11344 11406 11405
f 11344 11345 11406
f 4025 4086 4087
f 4025 4087 4026
f 11345 11407 11406
f 11345 11346 11407
f 4027 4088 4089
f 4027 4089 4028
f 11347 11409 11408
f 11347 11348 11409
f 4028 4089 4090
f 4028 4090 4029
f 11348 11410 11409
f 11348 11349 11410
f 4029 4090 4091
f 4029 4091 4030
f 11349 11411 11410
f 11349 11350 11411
f 4030 4091 4092
f 4030 4092 4031
f 11350 11412 11411
f 11350 11351 11412
f 4031 4092 4093
f 4031 4093 4032
f 11351 11413 11412
f 11351 11352 11413
f 4032 4093 4094
f 4032 4094 4033
f 11352 11414 11413
f 11352 11353 11414
f 4033 4094 4095
f 4033 4095 4034
f 11353 11415 11414
f 11353 11354 11415
f 4034 4095 4096
f 4034 4096 4035
f 11354 11416 11415
f 11354 11355 11416
f 4035 4096 4097
f 4035 4097 4036
f 11355 11417 11416
f 11355 11356 11417
f 4036 4097 4098
f 4036 4098 4037
f 11356 11418 11417
f 11356 11357 11418
f 4037 4098 4099
f 4037 4099 4038
f 11357 11419 11418
f 11357 11358 11419
f 4038 4099 4100
f 4038 4100 4039
f 11358 11420 11419
f 11358 11359 11420
f 4039 4100 4101
f 4039 4101 4040
f 11359 11421 11420
f 11359 11360 11421
f 4040 4101 4102
f 4040 4102 4041
f 11360 11422 11421
f 11360 11361 11422
f 4041 4102 4103
f 4041 4103 4042
f 11361 11423 11422
f 11361 11362 11423
f 4042 4103 4104
f 4042 4104 4043
f 11362 11424 11423
f 11362 11363 11424
f 4043 4104 4105
f 4043 4105 4044
f 11363 11425 11424
f 11363 11364 11425
f 4044 4105 4106
f 4044 4106 4045
f 11364 11426 11425
f 11364 11365 11426
f 4045 4106 4107
f 4045 4107 4046
f 11365 11427 11426
f 11365 11366 11427
f 4046 4107 4108
f 4046 4108 4047
f 11366 11428 11427
f 11366 11367 11428
f 4047 4108 4109
f 4047 4109 4048
f 11367 11429 11428
f 11367 11368 11429
f 4048 4109 4110
f 4048 4110 4049
f 11368 11430 11429
f 11368 11369 11430
f 4049 4110 4111
f 4049 4111 4050
f 11369 11431 11430
f 11369 11370 11431
f 4050 4111 4112
f 4050 4112 4051
f 11370 11432 11431
f 11370 11371 11432
f 4051 4112 4113
f 4051 4113 4052
f 11371 11433 11432
f 11371 11372 11433
f 4052 4113 4114
f 4052 4114 4053
f 11372 11434 11433
f 11372 11373 11434
f 4053 4114 4115
f 4053 4115 4054
f 11373 11435 11434
f 11373 11374 11435
f 4054 4115 4116
f 4054 4116 4055
f 11374 11436 11435
f 11374 11375 11436
f 4055 4116 4117
f 4055 4117 4056
f 11375 11437 11436
f 11375 11376 11437
f 4056 4117 4118
f 4056 4118 4057
f 11376 11438 11437
f 11376 11377 11438
f 4057 4118 4119
f 4057 4119 4058
f 11377 11439 11438
f 11377 11378 11439
f 4058 4119 4120
f 4058 4120 4059
f 11378 11440 11439
f 11378 11379 11440
f 4059 4120 4121
f 4059 4121 4060
f 11379 11441 11440
f 11379 11380 11441
f 4060 4121 4122
f 4060 4122 4061
f 11380 11442 11441
f 11380 11381 11442
f 4061 4122 4123
f 4061 4123 4062
f 11381 11443 11442
f 11381 11382 11443
f 4062 4123 4124
f 4062 4124 4063
f 11382 11444 11443
f 11382 11383 11444
f 4063 4124 4125
f 4063 4125 4064
f 11383 11445 11444
f 11383 11384 11445
f 4064 4125 4126
f 4064 4126 4065
f 11384 11446 11445
f 11384 11385 11446
f 4065 4126 4127
f 4065 4127 4066
f 11385 11447 11446
f 11385 11386 11447
f 4066 4127 4128
f 4066 4128 4067
f 11386 11448 11447
f 11386 11387 11448
f 4067 4128 4129
f 4067 4129 4068
f 11387 11449 11448
f 11387 11388 11449
f 4068 4129 4130
f 4068 4130 4069
f 11388 11450 11449
f 11388 11389 11450
f 4069 4130 4131
f 4069 4131 4070
f 11389 11451 11450
f 11389 11390 11451
f 4070 4131 4132
f 4070 4132 4071
f 11390 11452 11451
f 11390 11391 11452
f 4071 4132 4133
f 4071 4133 4072
f 11391 11453 11452
f 11391 11392 11453
f 4072 4133 4134
f 4072 4134 4073
f 11392 11454 11453
f 11392 11393 11454
f 4073 4134 4135
f 4073 4135 4074
f 11393 11455 11454
f 11393 11394 11455
f 4074 4135 4136
f 4074 4136 4075
f 11394 11456 11455
f 11394 11395 11456
f 4075 4136 4137
f 4075 4137 4076
f 11395 11457 11456
f 11395 11396 11457
f 4076 4137 4138
f 4076 4138 4077
f 11396 11458 11457
f 11396 11397 11458
f 4077 4138 4139
f 4077 4139 4078
f 11397 11459 11458
f 11397 11398 11459
f 4078 4139 4140
f 4078 4140 4079
f 11398 11460 11459
f 11398 11399 11460
f 4079 4140 4141
f 4079 4141 4080
f 11399 11461 11460
f 11399 11400 11461
f 4080 4141 4142
f 4080 4142 4081
f 11400 11462 11461
f 11400 11401 11462
f 4081 4142 4143
f 4081 4143 4082
f 11401 11463 11462
f 11401 11402 11463
f 4082 4143 4144
f 4082 4144 4083
f 11402 11464 11463
f 11402 11403 11464
f 4083 4144 4145
f 4083 4145 4084
f 11403 11465 11464
f 11403 11404 11465
f 4084 4145 4146
f 4084 4146 4085
f 11404 11466 11465
f 11404 11405 11466
f 4085 4146 4147
f 4085 4147 4086
f 11405 11467 11466
f 11405 11406 11467
f 4086 4147 4148
f 4086 4148 4087
f 11406 11468 11467
f 11406 11407 11468
f 4088 4149 4150
f 4088 4150 4089
f 11408 11470 11469
f 11408 11409 11470
f 4089 4150 4151
f 4089 4151 4090
f 11409 11471 11470
f 11409 11410 11471
f 4090 4151 4152
f 4090 4152 4091
f 11410 11472 11471
f 11410 11411 11472
f 4091 4152 4153
f 4091 4153 4092
f 11411 11473 11472
f 11411 11412 11473
f 4092 4153 4154
f 4092 4154 4093
f 11412 11474 11473
f 11412 11413 11474
f 4093 4154 4155
f 4093 4155 4094
f 11413 11475 11474
f 11413 11414 11475
f 4094 4155 4156
f 4094 4156 4095
f 11414 11476 11475
f 11414 11415 11476
f 4095 4156 4157
f 4095 4157 4096
f 11415 11477 11476
f 11415 11416 11477
f 4096 4157 4158
f 4096 4158 4097
f 11416 11478 11477
f 11416 11417 11478
f 4097 4158 4159
f 4097 4159 4098
f 11417 11479 11478
f 11417 11418 11479
f 4098 4159 4160
f 4098 4160 4099
f 11418 11480 11479
f 11418 11419 11480
f 4099 4160 4161
f 4099 4161 4100
f 11419 11481 11480
f 11419 11420 11481
f 4100 4161 4162
f 4100 4162 4101
f 11420 11482 11481
f 11420 11421 11482
f 4101 4162 4163
f 4101 4163 4102
f 11421 11483 11482
f 11421 11422 11483
f 4102 4163 4164
f 4102 4164 4103
f 11422 11484 11483
f 11422 11423 11484
f 4103 4164 4165
f 4103 4165 4104
f 11423 11485 11484
f 11423 11424 11485
f 4104 4165 4166
f 4104 4166 4105
f 11424 11486 11485
f 11424 11425 11486
f 4105 4166 4167
f 4105 4167 4106
f 11425 11487 11486
f 11425 11426 11487
f 4106 4167 4168
f 4106 4168 4107
f 11426 11488 11487
f 11426 11427 11488
f 4107 4168 4169
f 4107 4169 4108
f 11427 11489 11488
f 11427 11428 11489
f 4108 4169 4170
f 4108 4170 4109
f 11428 11490 11489
f 11428 11429 11490
f 4109 4170 4171
f 4109 4171 4110
f 11429 11491 11490
f 11429 11430 11491
f 4110 4171 4172
f 4110 4172 4111
f 11430 11492 11491
f 11430 11431 11492
f 4111 4172 4173
f 4111 4173 4112
f 11431 11493 11492
f 11431 11432 11493
f 4112 4173 4174
f 4112 4174 4113
f 11432 11494 11493
f 11432 11433 11494
f 4113 4174 4175
f 4113 4175 4114
f 11433 11495 11494
f 11433 11434 11495
f 4114 4175 4176
f 4114 4176 4115
f 11434 11496 11495
f 11434 11435 11496
f 4115 4176 4177
f 4115 4177 4116
f 11435 11497 11496
f 11435 11436 11497
f 4116 4177 4178
f 4116 4178 4117
f 11436 11498 11497
f 11436 11437 11498
f 4117 4178 4179
f 4117 4179 4118
f 11437 11499 11498
f 11437 11438 11499
f 4118 4179 4180
f 4118 4180 4119
f 11438 11500 11499
f 11438 11439 11500
f 4119 4180 4181
f 4119 4181 4120
f 11439 11501 11500
f 11439 11440 11501
f 4120 4181 4182
f 4120 4182 4121
f 11440 11502 11501
f 11440 11441 11502
f 4121 4182 4183
f 4121 4183 4122
f 11441 11503 11502
f 11441 11442 11503
f 4122 4183 4184
f 4122 4184 4123
f 11442 11504 11503
f 11442 11443 11504
f 4123 4184 4185
f 4123 4185 4124
f 11443 11505 11504
f 11443 11444 11505
f 4124 4185 4186
f 4124 4186 4125
f 11444 11506 11505
f 11444 11445 11506
f 4125 4186 4187
f 4125 4187 4126
f 11445 11507 11506
f 11445 11446 11507
f 4126 4187 4188
f 4126 4188 4127
f 11446 11508 11507
f 11446 11447 11508
f 4127 4188 4189
f 4127 4189 4128
f 11447 11509 11508
f 11447 11448 11509
f 4128 4189 4190
f 4128 4190 4129
f 11448 11510 11509
f 11448 11449 11510
f 4129 4190 4191
f 4129 4191 4130
f 11449 11511 11510
f 11449 11450 11511
f 4130 4191 4192
f 4130 4192 4131
f 11450 11512 11511
f 11450 11451 11512
f 4131 4192 4193
f 4131 4193 4132
f 11451 11513 11512
f 11451 11452 11513
f 4132 4193 4194
f 4132 4194 4133
f 11452 11514 11513
f 11452 11453 11514
f 4133 4194 4195
f 4133 4195 4134
f 11453 11515 11514
f 11453 11454 11515
f 4134 4195 4196
f 4134 4196 4135
f 11454 11516 11515
f 11454 11455 11516
f 4135 4196 4197
f 4135 4197 4136
f 11455 11517 11516
f 11455 11456 11517
f 4136 4197 4198
f 4136 4198 4137
f 11456 11518 11517
f 11456 11457 11518
f 4137 4198 4199
f 4137 4199 4138
f 11457 11519 11518
f 11457 11458 11519
f 4138 4199 4200
f 4138 4200 4139
f 11458 11520 11519
f 11458 11459 11520
f 4139 4200 4201
f 4139 4201 4140
f 11459 11521 11520
f 11459 11460 11521
f 4140 4201 4202
f 4140 4202 4141
f 11460 11522 11521
f 11460 11461 11522
f 4141 4202 4203
f 4141 4203 4142
f 11461 11523 11522
f 11461 11462 11523
f 4142 4203 4204
f 4142 4204 4143
f 11462 11524 11523
f 11462 11463 11524
f 4143 4204 4205
f 4143 4205 4144
f 11463 11525 11524
f 11463 11464 11525
f 4144 4205 4206
f 4144 4206 4145
f 11464 11526 11525
f 11464 11465 11526
f 4145 4206 4207
f 4145 4207 4146
f 11465 11527 11526
f 11465 11466 11527
f 4146 4207 4208
f 4146 4208 4147
f 11466 11528 11527
f 11466 11467 11528
f 4147 4208 4209
f 4147 4209 4148
f 11467 11529 11528
f 11467 11468 11529
f 4149 4210 4211
f 4149 4211 4150
f 11469 11531 11530
f 11469 11470 11531
f 4150 4211 4212
f 4150 4212 4151
f 11470 11532 11531
f 11470 11471 11532
f 4151 4212 4213
f 4151 4213 4152
f 11471 11533 11532
f 11471 11472 11533
f 4152 4213 4214
f 4152 4214 4153
f 11472 11534 11533
f 11472 11473 11534
f 4153 4214 4215
f 4153 4215 4154
f 11473 11535 11534
f 11473 11474 11535
f 4154 4215 4216
f 4154 4216 4155
f 11474 11536 11535
f 11474 11475 11536
f 4155 4216 4217
f 4155 4217 4156
f 11475 11537 11536
f 11475 11476 11537
f 4156 4217 4218
f 4156 4218 4157
f 11476 11538 11537
f 11476 11477 11538
f 4157 4218 4219
f 4157 4219 4158
f 11477 11539 11538
f 11477 11478 11539
f 4158 4219 4220
f 4158 4220 4159
f 11478 11540 11539
f 11478 11479 11540
f 4159 4220 4221
f 4159 4221 4160
f 11479 11541 11540
f 11479 11480 11541
f 4160 4221 4222
f 4160 4222 4161
f 11480 11542 11541
f 11480 11481 11542
f 4161 4222 4223
f 4161 4223 4162
f 11481 11543 11542
f 11481 11482 11543
f 4162 4223 4224
f 4162 4224 4163
f 11482 11544 11543
f 11482 11483 11544
f 4163 4224 4225
f 4163 4225 4164
f 11483 11545 11544
f 11483 11484 11545
f 4164 4225 4226
f 4164 4226 4165
f 11484 11546 11545
f 11484 11485 11546
f 4165 4226 4227
f 4165 4227 4166
f 11485 11547 11546
f 11485 11486 11547
f 4166 4227 4228
f 4166 4228 4167
f 11486 11548 11547
f 11486 11487 11548
f 4167 4228 4229
f 4167 4229 4168
f 11487 11549 11548
f 11487 11488 11549
f 4168 4229 4230
f 4168 4230 4169
f 11488 11550 11549
f 11488 11489 11550
f 4169 4230 4231
f 4169 4231 4170
f 11489 11551 11550
f 11489 11490 11551
f 4170 4231 4232
f 4170 4232 4171
f 11490 11552 11551
f 11490 11491 11552
f 4171 4232 4233
f 4171 4233 4172
f 11491 11553 11552
f 11491 11492 11553
f 4172 4233 4234
f 4172 4234 4173
f 11492 11554 11553
f 11492 11493 11554
f 4173 4234 4235
f 4173 4235 4174
f 11493 11555 11554
f 11493 11494 11555
f 4174 4235 4236
f 4174 4236 4175
f 11494 11556 11555
f 11494 11495 11556
f 4175 4236 4237
f 4175 4237 4176
f 11495 11557 11556
f 11495 11496 11557
f 4176 4237 4238
f 4176 4238 4177
f 11496 11558 11557
f 11496 11497 11558
f 4177 4238 4239
f 4177 4239 4178
f 11497 11559 11558
f 11497 11498 11559
f 4178 4239 4240
f 4178 4240 4179
f 11498 11560 11559
f 11498 11499 11560
f 4179 4240 4241
f 4179 4241 4180
f 11499 11561 11560
f 11499 11500 11561
f 4180 4241 4242
f 4180 4242 4181
f 11500 11562 11561
f 11500 11501 11562
f 4181 4242 4243
f 4181 4243 4182
f 11501 11563 11562
f 11501 11502 11563
f 4182 4243 4244
f 4182 4244 4183
f 11502 11564 11563
f 11502 11503 11564
f 4183 4244 4245
f 4183 4245 4184
f 11503 11565 11564
f 11503 11504 11565
f 4184 4245 4246
f 4184 4246 4185
f 11504 11566 11565
f 11504 11505 11566
f 4185 4246 4247
f 4185 4247 4186
f 11505 11567 11566
f 11505 11506 11567
f 4186 4247 4248
f 4186 4248 4187
f 11506 11568 11567
f 11506 11507 11568
f 4187 4248 4249
f 4187 4249 4188
f 11507 11569 11568
f 11507 11508 11569
f 4188 4249 4250
f 4188 4250 4189
f 11508 11570 11569
f 11508 11509 11570
f 4189 4250 4251
f 4189 4251 4190
f 11509 11571 11570
f 11509 11510 11571
f 4190 4251 4252
f 4190 4252 4191
f 11510 11572 11571
f 11510 11511 11572
f 4191 4252 4253
f 4191 4253 4192
f 11511 11573 11572
f 11511 11512 11573
f 4192 4253 4254
f 4192 4254 4193
f 11512 11574 11573
f 11512 11513 11574
f 4193 4254 4255
f 4193 4255 4194
f 11513 11575 11574
f 11513 11514 11575
f 4194 4255 4256
f 4194 4256 4195
f 11514 11576 11575
f 11514 11515 11576
f 4195 4256 4257
f 4195 4257 4196
f 11515 11577 11576
f 11515 11516 11577
f 4196 4257 4258
f 4196 4258 4197
f 11516 11578 11577
f 11516 11517 11578
f 4197 4258 4259
f 4197 4259 4198
f 11517 11579 11578
f 11517 11518 11579
f 4198 4259 4260
f 4198 4260 4199
f 11518 11580 11579
f 11518 11519 11580
f 4199 4260 4261
f 4199 4261 4200
f 11519 11581 11580
f 11519 11520 11581
f 4200 4261 4262
f 4200 4262 4201
f 11520 11582 11581
f 11520 11521 11582
f 4201 4262 4263
f 4201 4263 4202
f 11521 11583 11582
f 11521 11522 11583
f 4202 4263 4264
f 4202 4264 4203
f 11522 11584 11583
f 11522 11523 11584
f 4203 4264 4265
f 4203 4265 4204
f 11523 11585 11584
f 11523 11524 11585
f 4204 4265 4266
f 4204 4266 4205
f 11524 11586 11585
f 11524 11525 11586
f 4205 4266 4267
f 4205 4267 4206
f 11525 11587 11586
f 11525 11526 11587
f 4206 4267 4268
f 4206 4268 4207
f 11526 11588 11587
f 11526 11527 11588
f 4207 4268 4269
f 4207 4269 4208
f 11527 11589 11588
f 11527 11528 11589
f 4208 4269 4270
f 4208 4270 4209
f 11528 11590 11589
f 11528 11529 11590
f 4210 4271 4272
f 4210 4272 4211
f 11530 11592 11591
f 11530 11531 11592
f 4211 4272 4273
f 4211 4273 4212
f 11531 11593 11592
f 11531 11532 11593
f 4212 4273 4274
f 4212 4274 4213
f 11532 11594 11593
f 11532 11533 11594
f 4213 4274 4275
f 4213 4275 4214
f 11533 11595 11594
f 11533 11534 11595
f 4214 4275 4276
f 4214 4276 4215
f 11534 11596 11595
f 11534 11535 11596
f 4215 4276 4277
f 4215 4277 4216
f 11535 11597 11596
f 11535 11536 11597
f 4216 4277 4278
f 4216 4278 4217
f 11536 11598 11597
f 11536 11537 11598
f 4217 4278 4279
f 4217 4279 4218
f 11537 11599 11598
f 11537 11538 11599
f 4218 4279 4280
f 4218 4280 4219
f 11538 11600 11599
f 11538 11539 11600
f 4219 4280 4281
f 4219 4281 4220
f 11539 11601 11600
f 11539 11540 11601
f 4220 4281 4282
f 4220 4282 4221
f 11540 11602 11601
f 11540 11541 11602
f 4221 4282 4283
f 4221 4283 4222
f 11541 11603 11602
f 11541 11542 11603
f 4222 4283 4284
f 4222 4284 4223
f 11542 11604 11603
f 11542 11543 11604
f 4223 4284 4285
f 4223 4285 4224
f 11543 11605 11604
f 11543 11544 11605
f 4224 4285 4286
f 4224 4286 4225
f 11544 11606 11605
f 11544 11545 11606
f 4225 4286 4287
f 4225 4287 4226
f 11545 11607 11606
f 11545 11546 11607
f 4226 4287 4288
f 4226 4288 4227
f 11546 11608 11607
f 11546 11547 11608
f 4227 4288 4289
f 4227 4289 4228
f 11547 11609 11608
f 11547 11548 11609
f 4228 4289 4290
f 4228 4290 4229
f 11548 11610 11609
f 11548 11549 11610
f 4229 4290 4291
f 4229 4291 4230
f 11549 11611 11610
f 11549 11550 11611
f 4230 4291 4292
f 4230 4292 4231
f 11550 11612 11611
f 11550 11551 11612
f 4231 4292 4293
f 4231 4293 4232
f 11551 11613 11612
f 11551 11552 11613
f 4232 4293 4294
f 4232 4294 4233
f 11552 11614 11613
f 11552 11553 11614
f 4233 4294 4295
f 4233 4295 4234
f 11553 11615 11614
f 11553 11554 11615
f 4234 4295 4296
f 4234 4296 4235
f 11554 11616 11615
f 11554 11555 11616
f 4235 4296 4297
f 4235 4297 4236
f 11555 11617 11616
f 11555 11556 11617
f 4236 4297 4298
f 4236 4298 4237
f 11556 11618 11617
f 11556 11557 11618
f 4237 4298 4299
f 4237 4299 4238
f 11557 11619 11618
f 11557 11558 11619
f 4238 4299 4300
f 4238 4300 4239
f 11558 11620 11619
f 11558 11559 11620
f 4239 4300 4301
f 4239 4301 4240
f 11559 11621 11620
f 11559 11560 11621
f 4240 4301 4302
f 4240 4302 4241
f 11560 11622 11621
f 11560 11561 11622
f 4241 4302 4303
f 4241 4303 4242
f 11561 11623 11622
f 11561 11562 11623
f 4242 4303 4304
f 4242 4304 4243
f 11562 11624 11623
f 11562 11563 11624
f 4243 4304 4305
f 4243 4305 4244
f 11563 11625 11624
f 11563 11564 11625
f 4244 4305 4306
f 4244 4306 4245
f 11564 11626 11625
f 11564 11565 11626
f 4245 4306 4307
f 4245 4307 4246
f 11565 11627 11626
f 11565 11566 11627
f 4246 4307 4308
f 4246 4308 4247
f 11566 11628 11627
f 11566 11567 11628
f 4247 4308 4309
f 4247 4309 4248
f 11567 11629 11628
f 11567 11568 11629
f 4248 4309 4310
f 4248 4310 4249
f 11568 11630 11629
f 11568 11569 11630
f 4249 4310 4311
f 4249 4311 4250
f 11569 11631 11630
f 11569 11570 11631
f 4250 4311 4312
f 4250 4312 4251
f 11570 11632 11631
f 11570 11571 11632
f 4251 4312 4313
f 4251 4313 4252
f 11571 11633 11632
f 11571 11572 11633
f 4252 4313 4314
f 4252 4314 4253
f 11572 11634 11633
f 11572 11573 11634
f 4253 4314 4315
f 4253 4315 4254
f 11573 11635 11634
f 11573 11574 11635
f 4254 4315 4316
f 4254 4316 4255
f 11574 11636 11635
f 11574 11575 11636
f 4255 4316 4317
f 4255 4317 4256
f 11575 11637 11636
f 11575 11576 11637
f 4256 4317 4318
f 4256 4318 4257
f 11576 11638 11637
f 11576 11577 11638
f 4257 4318 4319
f 4257 4319 4258
f 11577 11639 11638
f 11577 11578 11639
f 4258 4319 4320
f 4258 4320 4259
f 11578 11640 11639
f 11578 11579 11640
f 4259 4320 4321
f 4259 4321 4260
f 11579 11641 11640
f 11579 11580 11641
f 4260 4321 4322
f 4260 4322 4261
f 11580 11642 11641
f 11580 11581 11642
f 4261 4322 4323
f 4261 4323 4262
f 11581 11643 11642
f 11581 11582 11643
f 4262 4323 4324
f 4262 4324 4263
f 11582 11644 11643
f 11582 11583 11644
f 4263 4324 4325
f 4263 4325 4264
f 11583 11645 11644
f 11583 11584 11645
f 4264 4325 4326
f 4264 4326 4265
f 11584 11646 11645
f 11584 11585 11646
f 4265 4326 4327
f 4265 4327 4266
f 11585 11647 11646
f 11585 11586 11647
f 4266 4327 4328
f 4266 4328 4267
f 11586 11648 11647
f 11586 11587 11648
f 4267 4328 4329
f 4267 4329 4268
f 11587 11649 11648
f 11587 11588 11649
f 4268 4329 4330
f 4268 4330 4269
f 11588 11650 11649
f 11588 11589 11650
f 4269 4330 4331
f 4269 4331 4270
f 11589 11651 11650
f 11589 11590 11651
f 4271 4332 4333
f 4271 4333 4272
f 11591 11653 11652
f 11591 11592 11653
f 4272 4333 4334
f 4272 4334 4273
f 11592 11654 11653
f 11592 11593 11654
f 4273 4334 4335
f 4273 4335 4274
f 11593 11655 11654
f 11593 11594 11655
f 4274 4335 4336
f 4274 4336 4275
f 11594 11656 11655
f 11594 11595 11656
f 4275 4336 4337
f 4275 4337 4276
f 11595 11657 11656
f 11595 11596 11657
f 4276 4337 4338
f 4276 4338 4277
f 11596 11658 11657
f 11596 11597 11658
f 4277 4338 4339
f 4277 4339 4278
f 11597 11659 11658
f 11597 11598 11659
f 4278 4339 4340
f 4278 4340 4279
f 11598 11660 11659
f 11598 11599 11660
f 4279 4340 4341
f 4279 4341 4280
f 11599 11661 11660
f 11599 11600 11661
f 4280 4341 4342
f 4280 4342 4281
f 11600 11662 11661
f 11600 11601 11662
f 4281 4342 4343
f 4281 4343 4282
f 11601 11663 11662
f 11601 11602 11663
f 4282 4343 4344
f 4282 4344 4283
f 11602 11664 11663
f 11602 11603 11664
f 4283 4344 4345
f 4283 4345 4284
f 11603 11665 11664
f 11603 11604 11665
f 4284 4345 4346
f 4284 4346 4285
f 11604 11666 11665
f 11604 11605 11666
f 4285 4346 4347
f 4285 4347 4286
f 11605 11667 11666
f 11605 11606 11667
f 4286 4347 4348
f 4286 4348 4287
f 11606 11668 11667
f 11606 11607 11668
f 4287 4348 4349
f 4287 4349 4288
f 11607 11669 11668
f 11607 11608 11669
f 4288 4349 4350
f 4288 4350 4289
f 11608 11670 11669
f 11608 11609 11670
f 4289 4350 4351
f 4289 4351 4290
f 11609 11671 11670
f 11609 11610 11671
f 4290 4351 4352
f 4290 4352 4291
f 11610 11672 11671
f 11610 11611 11672
f 4291 4352 4353
f 4291 4353 4292
f 11611 11673 11672
f 11611 11612 11673
f 4292 4353 4354
f 4292 4354 4293
f 11612 11674 11673
f 11612 11613 11674
f 4293 4354 4355
f 4293 4355 4294
f 11613 11675 11674
f 11613 11614 11675
f 4294 4355 4356
f 4294 4356 4295
f 11614 11676 11675
f 11614 11615 11676
f 4295 4356 4357
f 4295 4357 4296
f 11615 11677 11676
f 11615 11616 11677
f 4296 4357 4358
f 4296 4358 4297
f 11616 11678 11677
f 11616 11617 11678
f 4297 4358 4359
f 4297 4359 4298
f 11617 11679 11678
f 11617 11618 11679
f 4298 4359 4360
f 4298 4360 4299
f 11618 11680 11679
f 11618 11619 11680
f 4299 4360 4361
f 4299 4361 4300
f 11619 11681 11680
f 11619 11620 11681
f 4300 4361 4362
f 4300 4362 4301
f 11620 11682 11681
f 11620 11621 11682
f 4301 4362 4363
f 4301 4363 4302
f 11621 11683 11682
f 11621 11622 11683
f 4302 4363 4364
f 4302 4364 4303
f 11622 11684 11683
f 11622 11623 11684
f 4303 4364 4365
f 4303 4365 4304
f 11623 11685 11684
f 11623 11624 11685
f 4304 4365 4366
f 4304 4366 4305
f 11624 11686 11685
f 11624 11625 11686
f 4305 4366 4367
f 4305 4367 4306
f 11625 11687 11686
f 11625 11626 11687
f 4306 4367 4368
f 4306 4368 4307
f 11626 11688 11687
f 11626 11627 11688
f 4307 4368 4369
f 4307 4369 4308
f 11627 11689 11688
f 11627 11628 11689
f 4308 4369 4370
f 4308 4370 4309
f 11628 11690 11689
f 11628 11629 11690
f 4309 4370 4371
f 4309 4371 4310
f 11629 11691 11690
f 11629 11630 11691
f 4310 4371 4372
f 4310 4372 4311
f 11630 11692 11691
f 11630 11631 11692
f 4311 4372 4373
f 4311 4373 4312
f 11631 11693 11692
f 11631 11632 11693
f 4312 4373 4374
f 4312 4374 4313
f 11632 11694 11693
f 11632 11633 11694
f 4313 4374 4375
f 4313 4375 4314
f 11633 11695 11694
f 11633 11634 11695
f 4314 4375 4376
f 4314 4376 4315
f 11634 11696 11695
f 11634 11635 11696
f 4315 4376 4377
f 4315 4377 4316
f 11635 11697 11696
f 11635 11636 11697
f 4316 4377 4378
f 4316 4378 4317
f 11636 11698 11697
f 11636 11637 11698
f 4317 4378 4379
f 4317 4379 4318
f 11637 11699 11698
f 11637 11638 11699
f 4318 4379 4380
f 4318 4380 4319
f 11638 11700 11699
f 11638 11639 11700
f 4319 4380 4381
f 4319 4381 4320
f 11639 11701 11700
f 11639 11640 11701
f 4320 4381 4382
f 4320 4382 4321
f 11640 11702 11701
f 11640 11641 11702
f 4321 4382 4383
f 4321 4383 4322
f 11641 11703 11702
f 11641 11642 11703
f 4322 4383 4384
f 4322 4384 4323
f 11642 11704 11703
f 11642 11643 11704
f 4323 4384 4385
f 4323 4385 4324
f 11643 11705 11704
f 11643 11644 11705
f 4324 4385 4386
f 4324 4386 4325
f 11644 11706 11705
f 11644 11645 11706
f 4325 4386 4387
f 4325 4387 4326
f 11645 11707 11706
f 11645 11646 11707
f 4326 4387 4388
f 4326 4388 4327
f 11646 11708 11707
f 11646 11647 11708
f 4327 4388 4389
f 4327 4389 4328
f 11647 11709 11708
f 11647 11648 11709
f 4328 4389 4390
f 4328 4390 4329
f 11648 11710 11709
f 11648 11649 11710
f 4329 4390 4391
f 4329 4391 4330
f 11649 11711 11710
f 11649 11650 11711
f 4330 4391 4392
f 4330 4392 4331
f 11650 11712 11711
f 11650 11651 11712
f 4332 4393 4394
f 4332 4394 4333
f 11652 11714 11713
f 11652 11653 11714
f 4333 4394 4395
f 4333 4395 4334
f 11653 11715 11714
f 11653 11654 11715
f 4334 4395 4396
f 4334 4396 4335
f 11654 11716 11715
f 11654 11655 11716
f 4335 4396 4397
f 4335 4397 4336
f 11655 11717 11716
f 11655 11656 11717
f 4336 4397 4398
f 4336 4398 4337
f 11656 11718 11717
f 11656 11657 11718
f 4337 4398 4399
f 4337 4399 4338
f 11657 11719 11718
f 11657 11658 11719
f 4338 4399 4400
f 4338 4400 4339
f 11658 11720 11719
f 11658 11659 11720
f 4339 4400 4401
f 4339 4401 4340
f 11659 11721 11720
f 11659 11660 11721
f 4340 4401 4402
f 4340 4402 4341
f 11660 11722 11721
f 11660 11661 11722
f 4341 4402 4403
f 4341 4403 4342
f 11661 11723 11722
f 11661 11662 11723
f 4342 4403 4404
f 4342 4404 4343
f 11662 11724 11723
f 11662 11663 11724
f 4343 4404 4405
f 4343 4405 4344
f 11663 11725 11724
f 11663 11664 11725
f 4344 4405 4406
f 4344 4406 4345
f 11664 11726 11725
f 11664 11665 11726
f 4345 4406 4407
f 4345 4407 4346
f 11665 11727 11726
f 11665 11666 11727
f 4346 4407 4408
f 4346 4408 4347
f 11666 11728 11727
f 11666 11667 11728
f 4347 4408 4409
f 4347 4409 4348
f 11667 11729 11728
f 11667 11668 11729
f 4348 4409 4410
f 4348 4410 4349
f 11668 11730 11729
f 11668 11669 11730
f 4349 4410 4411
f 4349 4411 4350
f 11669 11731 11730
f 11669 11670 11731
f 4350 4411 4412
f 4350 4412 4351
f 11670 11732 11731
f 11670 11671 11732
f 4351 4412 4413
f 4351 4413 4352
f 11671 11733 11732
f 11671 11672 11733
f 4352 4413 4414
f 4352 4414 4353
f 11672 11734 11733
f 11672 11673 11734
f 4353 4414 4415
f 4353 4415 4354
f 11673 11735 11734
f 11673 11674 11735
f 4354 4415 4416
f 4354 4416 4355
f 11674 11736 11735
f 11674 11675 11736
f 4355 4416 4417
f 4355 4417 4356
f 11675 11737 11736
f 11675 11676 11737
f 4356 4417 4418
f 4356 4418 4357
f 11676 11738 11737
f 11676 11677 11738
f 4357 4418 4419
f 4357 4419 4358
f 11677 11739 11738
f 11677 11678 11739
f 4358 4419 4420
f 4358 4420 4359
f 11678 11740 11739
f 11678 11679 11740
f 4359 4420 4421
f 4359 4421 4360
f 11679 11741 11740
f 11679 11680 11741
f 4360 4421 4422
f 4360 4422 4361
f 11680 11742 11741
f 11680 11681 11742
f 4361 4422 4423
f 4361 4423 4362
f 11681 11743 11742
f 11681 11682 11743
f 4362 4423 4424
f 4362 4424 4363
f 11682 11744 11743
f 11682 11683 11744
f 4363 4424 4425
f 4363 4425 4364
f 11683 11745 11744
f 11683 11684 11745
f 4364 4425 4426
f 4364 4426 4365
f 11684 11746 11745
f 11684 11685 11746
f 4365 4426 4427
f 4365 4427 4366
f 11685 11747 11746
f 11685 11686 11747
f 4366 4427 4428
f 4366 4428 4367
f 11686 11748 11747
f 11686 11687 11748
f 4367 4428 4429
f 4367 4429 4368
f 11687 11749 11748
f 11687 11688 11749
f 4368 4429 4430
f 4368 4430 4369
f 11688 11750 11749
f 11688 11689 11750
f 4369 4430 4431
f 4369 4431 4370
f 11689 11751 11750
f 11689 11690 11751
f 4370 4431 4432
f 4370 4432 4371
f 11690 11752 11751
f 11690 11691 11752
f 4371 4432 4433
f 4371 4433 4372
f 11691 11753 11752
f 11691 11692 11753
f 4372 4433 4434
f 4372 4434 4373
f 11692 11754 11753
f 11692 11693 11754
f 4373 4434 4435
f 4373 4435 4374
f 11693 11755 11754
f 11693 11694 11755
f 4374 4435 4436
f 4374 4436 4375
f 11694 11756 11755
f 11694 11695 11756
f 4375 4436 4437
f 4375 4437 4376
f 11695 11757 11756
f 11695 11696 11757
f 4376 4437 4438
f 4376 4438 4377
f 11696 11758 11757
f 11696 11697 11758
f 4377 4438 4439
f 4377 4439 4378
f 11697 11759 11758
f 11697 11698 11759
f 4378 4439 4440
f 4378 4440 4379
f 11698 11760 11759
f 11698 11699 11760
f 4379 4440 4441
f 4379 4441 4380
f 11699 11761 11760
f 11699 11700 11761
f 4380 4441 4442
f 4380 4442 4381
f 11700 11762 11761
f 11700 11701 11762
f 4381 4442 4443
f 4381 4443 4382
f 11701 11763 11762
f 11701 11702 11763
f 4382 4443 4444
f 4382 4444 4383
f 11702 11764 11763
f 11702 11703 11764
f 4383 4444 4445
f 4383 4445 4384
f 11703 11765 11764
f 11703 11704 11765
f 4384 4445 4446
f 4384 4446 4385
f 11704 11766 11765
f 11704 11705 11766
f 4385 4446 4447
f 4385 4447 4386
f 11705 11767 11766
f 11705 11706 11767
f 4386 4447 4448
f 4386 4448 4387
f 11706 11768 11767
f 11706 11707 11768
f 4387 4448 4449
f 4387 4449 4388
f 11707 11769 11768
f 11707 11708 11769
f 4388 4449 4450
f 4388 4450 4389
f 11708 11770 11769
f 11708 11709 11770
f 4389 4450 4451
f 4389 4451 4390
f 11709 11771 11770
f 11709 11710 11771
f 4390 4451 4452
f 4390 4452 4391
f 11710 11772 11771
f 11710 11711 11772
f 4391 4452 4453
f 4391 4453 4392
f 11711 11773 11772
f 11711 11712 11773
f 4393 4454 4455
f 4393 4455 4394
f 11713 11775 11774
f 11713 11714 11775
f 4394 4455 4456
f 4394 4456 4395
f 11714 11776 11775
f 11714 11715 11776
f 4395 4456 4457
f 4395 4457 4396
f 11715 11777 11776
f 11715 11716 11777
f 4396 4457 4458
f 4396 4458 4397
f 11716 11778 11777
f 11716 11717 11778
f 4397 4458 4459
f 4397 4459 4398
f 11717 11779 11778
f 11717 11718 11779
f 4398 4459 4460
f 4398 4460 4399
f 11718 11780 11779
f 11718 11719 11780
f 4399 4460 4461
f 4399 4461 4400
f 11719 11781 11780
f 11719 11720 11781
f 4400 4461 4462
f 4400 4462 4401
f 11720 11782 11781
f 11720 11721 11782
f 4401 4462 4463
f 4401 4463 4402
f 11721 11783 11782
f 11721 11722 11783
f 4402 4463 4464
f 4402 4464 4403
f 11722 11784 11783
f 11722 11723 11784
f 4403 4464 4465
f 4403 4465 4404
f 11723 11785 11784
f 11723 11724 11785
f 4404 4465 4466
f 4404 4466 4405
f 11724 11786 11785
f 11724 11725 11786
f 4405 4466 4467
f 4405 4467 4406
f 11725 11787 11786
f 11725 11726 11787
f 4406 4467 4468
f 4406 4468 4407
f 11726 11788 11787
f 11726 11727 11788
f 4407 4468 4469
f 4407 4469 4408
f 11727 11789 11788
f 11727 11728 11789
f 4408 4469 4470
f 4408 4470 4409
f 11728 11790 11789
f 11728 11729 11790
f 4409 4470 4471
f 4409 4471 4410
f 11729 11791 11790
f 11729 11730 11791
f 4410 4471 4472
f 4410 4472 4411
f 11730 11792 11791
f 11730 11731 11792
f 4411 4472 4473
f 4411 4473 4412
f 11731 11793 11792
f 11731 11732 11793
f 4412 4473 4474
f 4412 4474 4413
f 11732 11794 11793
f 11732 11733 11794
f 4413 4474 4475
f 4413 4475 4414
f 11733 11795 11794
f 11733 11734 11795
f 4414 4475 4476
f 4414 4476 4415
f 11734 11796 11795
f 11734 11735 11796
f 4415 4476 4477
f 4415 4477 4416
f 11735 11797 11796
f 11735 11736 11797
f 4416 4477 4478
f 4416 4478 4417
f 11736 11798 11797
f 11736 11737 11798
f 4417 4478 4479
f 4417 4479 4418
f 11737 11799 11798
f 11737 11738 11799
f 4418 4479 4480
f 4418 4480 4419
f 11738 11800 11799
f 11738 11739 11800
f 4419 4480 4481
f 4419 4481 4420
f 11739 11801 11800
f 11739 11740 11801
f 4420 4481 4482
f 4420 4482 4421
f 11740 11802 11801
f 11740 11741 11802
f 4421 4482 4483
f 4421 4483 4422
f 11741 11803 11802
f 11741 11742 11803
f 4422 4483 4484
f 4422 4484 4423
f 11742 11804 11803
f 11742 11743 11804
f 4423 4484 4485
f 4423 4485 4424
f 11743 11805 11804
f 11743 11744 11805
f 4424 4485 4486
f 4424 4486 4425
f 11744 11806 11805
f 11744 11745 11806
f 4425 4486 4487
f 4425 4487 4426
f 11745 11807 11806
f 11745 11746 11807
f 4426 4487 4488
f 4426 4488 4427
f 11746 11808 11807
f 11746 11747 11808
f 4427 4488 4489
f 4427 4489 4428
f 11747 11809 11808
f 11747 11748 11809
f 4428 4489 4490
f 4428 4490 4429
f 11748 11810 11809
f 11748 11749 11810
f 4429 4490 4491
f 4429 4491 4430
f 11749 11811 11810
f 11749 11750 11811
f 4430 4491 4492
f 4430 4492 4431
f 11750 11812 11811
f 11750 11751 11812
f 4431 4492 4493
f 4431 4493 4432
f 11751 11813 11812
f 11751 11752 11813
f 4432 4493 4494
f 4432 4494 4433
f 11752 11814 11813
f 11752 11753 11814
f 4433 4494 4495
f 4433 4495 4434
f 11753 11815 11814
f 11753 11754 11815
f 4434 4495 4496
f 4434 4496 4435
f 11754 11816 11815
f 11754 11755 11816
f 4435 4496 4497
f 4435 4497 4436
f 11755 11817 11816
f 11755 11756 11817
f 4436 4497 4498
f 4436 4498 4437
f 11756 11818 11817
f 11756 11757 11818
f 4437 4498 4499
f 4437 4499 4438
f 11757 11819 11818
f 11757 11758 11819
f 4438 4499 4500
f 4438 4500 4439
f 11758 11820 11819
f 11758 11759 11820
f 4439 4500 4501
f 4439 4501 4440
f 11759 11821 11820
f 11759 11760 11821
f 4440 4501 4502
f 4440 4502 4441
f 11760 11822 11821
f 11760 11761 11822
f 4441 4502 4503
f 4441 4503 4442
f 11761 11823 11822
f 11761 11762 11823
f 4442 4503 4504
f 4442 4504 4443
f 11762 11824 11823
f 11762 11763 11824
f 4443 4504 4505
f 4443 4505 4444
f 11763 11825 11824
f 11763 11764 11825
f 4444 4505 4506
f 4444 4506 4445
f 11764 11826 11825
f 11764 11765 11826
f 4445 4506 4507
f 4445 4507 4446
f 11765 11827 11826
f 11765 11766 11827
f 4446 4507 4508
f 4446 4508 4447
f 11766 11828 11827
f 11766 11767 11828
f 4447 4508 4509
f 4447 4509 4448
f 11767 11829 11828
f 11767 11768 11829
f 4448 4509 4510
f 4448 4510 4449
f 11768 11830 11829
f 11768 11769 11830
f 4449 4510 4511
f 4449 4511 4450
f 11769 11831 11830
f 11769 11770 11831
f 4450 4511 4512
f 4450 4512 4451
f 11770 11832 11831
f 11770 11771 11832
f 4451 4512 4513
f 4451 4513 4452
f 11771 11833 11832
f 11771 11772 11833
f 4452 4513 4514
f 4452 4514 4453
f 11772 11834 11833
f 11772 11773 11834
f 4454 4515 4516
f 4454 4516 4455
f 11774 11836 11835
f 11774 11775 11836
f 4455 4516 4517
f 4455 4517 4456
f 11775 11837 11836
f 11775 11776 11837
f 4456 4517 4518
f 4456 4518 4457
f 11776 11838 11837
f 11776 11777 11838
f 4457 4518 4519
f 4457 4519 4458
f 11777 11839 11838
f 11777 11778 11839
f 4458 4519 4520
f 4458 4520 4459
f 11778 11840 11839
f 11778 11779 11840
f 4459 4520 4521
f 4459 4521 4460
f 11779 11841 11840
f 11779 11780 11841
f 4460 4521 4522
f 4460 4522 4461
f 11780 11842 11841
f 11780 11781 11842
f 4461 4522 4523
f 4461 4523 4462
f 11781 11843 11842
f 11781 11782 11843
f 4462 4523 4524
f 4462 4524 4463
f 11782 11844 11843
f 11782 11783 11844
f 4463 4524 4525
f 4463 4525 4464
f 11783 11845 11844
f 11783 11784 11845
f 4464 4525 4526
f 4464 4526 4465
f 11784 11846 11845
f 11784 11785 11846
f 4465 4526 4527
f 4465 4527 4466
f 11785 11847 11846
f 11785 11786 11847
f 4466 4527 4528
f 4466 4528 4467
f 11786 11848 11847
f 11786 11787 11848
f 4467 4528 4529
f 4467 4529 4468
f 11787 11849 11848
f 11787 11788 11849
f 4468 4529 4530
f 4468 4530 4469
f 11788 11850 11849
f 11788 11789 11850
f 4469 4530 4531
f 4469 4531 4470
f 11789 11851 11850
f 11789 11790 11851
f 4470 4531 4532
f 4470 4532 4471
f 11790 11852 11851
f 11790 11791 11852
f 4471 4532 4533
f 4471 4533 4472
f 11791 11853 11852
f 11791 11792 11853
f 4472 4533 4534
f 4472 4534 4473
f 11792 11854 11853
f 11792 11793 11854
f 4473 4534 4535
f 4473 4535 4474
f 11793 11855 11854
f 11793 11794 11855
f 4474 4535 4536
f 4474 4536 4475
f 11794 11856 11855
f 11794 11795 11856
f 4475 4536 4537
f 4475 4537 4476
f 11795 11857 11856
f 11795 11796 11857
f 4476 4537 4538
f 4476 4538 4477
f 11796 11858 11857
f 11796 11797 11858
f 4477 4538 4539
f 4477 4539 4478
f 11797 11859 11858
f 11797 11798 11859
f 4478 4539 4540
f 4478 4540 4479
f 11798 11860 11859
f 11798 11799 11860
f 4479 4540 4541
f 4479 4541 4480
f 11799 11861 11860
f 11799 11800 11861
f 4480 4541 4542
f 4480 4542 4481
f 11800 11862 11861
f 11800 11801 11862
f 4481 4542 4543
f 4481 4543 4482
f 11801 11863 11862
f 11801 11802 11863
f 4482 4543 4544
f 4482 4544 4483
f 11802 11864 11863
f 11802 11803 11864
f 4483 4544 4545
f 4483 4545 4484
f 11803 11865 11864
f 11803 11804 11865
f 4484 4545 4546
f 4484 4546 4485
f 11804 11866 11865
f 11804 11805 11866
f 4485 4546 4547
f 4485 4547 4486
f 11805 11867 11866
f 11805 11806 11867
f 4486 4547 4548
f 4486 4548 4487
f 11806 11868 11867
f 11806 11807 11868
f 4487 4548 4549
f 4487 4549 4488
f 11807 11869 11868
f 11807 11808 11869
f 4488 4549 4550
f 4488 4550 4489
f 11808 11870 11869
f 11808 11809 11870
f 4489 4550 4551
f 4489 4551 4490
f 11809 11871 11870
f 11809 11810 11871
f 4490 4551 4552
f 4490 4552 4491
f 11810 11872 11871
f 11810 11811 11872
f 4491 4552 4553
f 4491 4553 4492
f 11811 11873 11872
f 11811 11812 11873
f 4492 4553 4554
f 4492 4554 4493
f 11812 11874 11873
f 11812 11813 11874
f 4493 4554 4555
f 4493 4555 4494
f 11813 11875 11874
f 11813 11814 11875
f 4494 4555 4556
f 4494 4556 4495
f 11814 11876 11875
f 11814 11815 11876
f 4495 4556 4557
f 4495 4557 4496
f 11815 11877 11876
f 11815 11816 11877
f 4496 4557 4558
f 4496 4558 4497
f 11816 11878 11877
f 11816 11817 11878
f 4497 4558 4559
f 4497 4559 4498
f 11817 11879 11878
f 11817 11818 11879
f 4498 4559 4560
f 4498 4560 4499
f 11818 11880 11879
f 11818 11819 11880
f 4499 4560 4561
f 4499 4561 4500
f 11819 11881 11880
f 11819 11820 11881
f 4500 4561 4562
f 4500 4562 4501
f 11820 11882 11881
f 11820 11821 11882
f 4501 4562 4563
f 4501 4563 4502
f 11821 11883 11882
f 11821 11822 11883
f 4502 4563 4564
f 4502 4564 4503
f 11822 11884 11883
f 11822 11823 11884
f 4503 4564 4565
f 4503 4565 4504
f 11823 11885 11884
f 11823 11824 11885
f 4504 4565 4566
f 4504 4566 4505
f 11824 11886 11885
f 11824 11825 11886
f 4505 4566 4567
f 4505 4567 4506
f 11825 11887 11886
f 11825 11826 11887
f 4506 4567 4568
f 4506 4568 4507
f 11826 11888 11887
f 11826 11827 11888
f 4507 4568 4569
f 4507 4569 4508
f 11827 11889 11888
f 11827 11828 11889
f 4508 4569 4570
f 4508 4570 4509
f 11828 11890 11889
f 11828 11829 11890
f 4509 4570 4571
f 4509 4571 4510
f 11829 11891 11890
f 11829 11830 11891
f 4510 4571 4572
f 4510 4572 4511
f 11830 11892 11891
f 11830 11831 11892
f 4511 4572 4573
f 4511 4573 4512
f 11831 11893 11892
f 11831 11832 11893
f 4512 4573 4574
f 4512 4574 4513
f 11832 11894 11893
f 11832 11833 11894
f 4513 4574 4575
f 4513 4575 4514
f 11833 11895 11894
f 11833 11834 11895
f 4515 4576 4577
f 4515 4577 4516
f 11835 11897 11896
f 11835 11836 11897
f 4516 4577 4578
f 4516 4578 4517
f 11836 11898 11897
f 11836 11837 11898
f 4517 4578 4579
f 4517 4579 4518
f 11837 11899 11898
f 11837 11838 11899
f 4518 4579 4580
f 4518 4580 4519
f 11838 11900 11899
f 11838 11839 11900
f 4519 4580 4581
f 4519 4581 4520
f 11839 11901 11900
f 11839 11840 11901
f 4520 4581 4582
f 4520 4582 4521
f 11840 11902 11901
f 11840 11841 11902
f 4521 4582 4583
f 4521 4583 4522
f 11841 11903 11902
f 11841 11842 11903
f 4522 4583 4584
f 4522 4584 4523
f 11842 11904 11903
f 11842 11843 11904
f 4523 4584 4585
f 4523 4585 4524
f 11843 11905 11904
f 11843 11844 11905
f 4524 4585 4586
f 4524 4586 4525
f 11844 11906 11905
f 11844 11845 11906
f 4525 4586 4587
f 4525 4587 4526
f 11845 11907 11906
f 11845 11846 11907
f 4526 4587 4588
f 4526 4588 4527
f 11846 11908 11907
f 11846 11847 11908
f 4527 4588 4589
f 4527 4589 4528
f 11847 11909 11908
f 11847 11848 11909
f 4528 4589 4590
f 4528 4590 4529
f 11848 11910 11909
f 11848 11849 11910
f 4529 4590 4591
f 4529 4591 4530
f 11849 11911 11910
f 11849 11850 11911
f 4530 4591 4592
f 4530 4592 4531
f 11850 11912 11911
f 11850 11851 11912
f 4531 4592 4593
f 4531 4593 4532
f 11851 11913 11912
f 11851 11852 11913
f 4532 4593 4594
f 4532 4594 4533
f 11852 11914 11913
f 11852 11853 11914
f 4533 4594 4595
f 4533 4595 4534
f 11853 11915 11914
f 11853 11854 11915
f 4534 4595 4596
f 4534 4596 4535
f 11854 11916 11915
f 11854 11855 11916
f 4535 4596 4597
f 4535 4597 4536
f 11855 11917 11916
f 11855 11856 11917
f 4536 4597 4598
f 4536 4598 4537
f 11856 11918 11917
f 11856 11857 11918
f 4537 4598 4599
f 4537 4599 4538
f 11857 11919 11918
f 11857 11858 11919
f 4538 4599 4600
f 4538 4600 4539
f 11858 11920 11919
f 11858 11859 11920
f 4539 4600 4601
f 4539 4601 4540
f 11859 11921 11920
f 11859 11860 11921
f 4540 4601 4602
f 4540 4602 4541
f 11860 11922 11921
f 11860 11861 11922
f 4541 4602 4603
f 4541 4603 4542
f 11861 11923 11922
f 11861 11862 11923
f 4542 4603 4604
f 4542 4604 4543
f 11862 11924 11923
f 11862 11863 11924
f 4543 4604 4605
f 4543 4605 4544
f 11863 11925 11924
f 11863 11864 11925
f 4544 4605 4606
f 4544 4606 4545
f 11864 11926 11925
f 11864 11865 11926
f 4545 4606 4607
f 4545 4607 4546
f 11865 11927 11926
f 11865 11866 11927
f 4546 4607 4608
f 4546 4608 4547
f 11866 11928 11927
f 11866 11867 11928
f 4547 4608 4609
f 4547 4609 4548
f 11867 11929 11928
f 11867 11868 11929
f 4548 4609 4610
f 4548 4610 4549
f 11868 11930 11929
f 11868 11869 11930
f 4549 4610 4611
f 4549 4611 4550
f 11869 11931 11930
f 11869 11870 11931
f 4550 4611 4612
f 4550 4612 4551
f 11870 11932 11931
f 11870 11871 11932
f 4551 4612 4613
f 4551 4613 4552
f 11871 11933 11932
f 11871 11872 11933
f 4552 4613 4614
f 4552 4614 4553
f 11872 11934 11933
f 11872 11873 11934
f 4553 4614 4615
f 4553 4615 4554
f 11873 11935 11934
f 11873 11874 11935
f 4554 4615 4616
f 4554 4616 4555
f 11874 11936 11935
f 11874 11875 11936
f 4555 4616 4617
f 4555 4617 4556
f 11875 11937 11936
f 11875 11876 11937
f 4556 4617 4618
f 4556 4618 4557
f 11876 11938 11937
f 11876 11877 11938
f 4557 4618 4619
f 4557 4619 4558
f 11877 11939 11938
f 11877 11878 11939
f 4558 4619 4620
f 4558 4620 4559
f 11878 11940 11939
f 11878 11879 11940
f 4559 4620 4621
f 4559 4621 4560
f 11879 11941 11940
f 11879 11880 11941
f 4560 4621 4622
f 4560 4622 4561
f 11880 11942 11941
f 11880 11881 11942
f 4561 4622 4623
f 4561 4623 4562
f 11881 11943 11942
f 11881 11882 11943
f 4562 4623 4624
f 4562 4624 4563
f 11882 11944 11943
f 11882 11883 11944
f 4563 4624 4625
f 4563 4625 4564
f 11883 11945 11944
f 11883 11884 11945
f 4564 4625 4626
f 4564 4626 4565
f 11884 11946 11945
f 11884 11885 11946
f 4565 4626 4627
f 4565 4627 4566
f 11885 11947 11946
f 11885 11886 11947
f 4566 4627 4628
f 4566 4628 4567
f 11886 11948 11947
f 11886 11887 11948
f 4567 4628 4629
f 4567 4629 4568
f 11887 11949 11948
f 11887 11888 11949
f 4568 4629 4630
f 4568 4630 4569
f 11888 11950 11949
f 11888 11889 11950
f 4569 4630 4631
f 4569 4631 4570
f 11889 11951 11950
f 11889 11890 11951
f 4570 4631 4632
f 4570 4632 4571
f 11890 11952 11951
f 11890 11891 11952
f 4571 4632 4633
f 4571 4633 4572
f 11891 11953 11952
f 11891 11892 11953
f 4572 4633 4634
f 4572 4634 4573
f 11892 11954 11953
f 11892 11893 11954
f 4573 4634 4635
f 4573 4635 4574
f 11893 11955 11954
f 11893 11894 11955
f 4574 4635 4636
f 4574 4636 4575
f 11894 11956 11955
f 11894 11895 11956
f 4576 4637 4638
f 4576 4638 4577
f 11896 11958 11957
f 11896 11897 11958
f 4577 4638 4639
f 4577 4639 4578
f 11897 11959 11958
f 11897 11898 11959
f 4578 4639 4640
f 4578 4640 4579
f 11898 11960 11959
f 11898 11899 11960
f 4579 4640 4641
f 4579 4641 4580
f 11899 11961 11960
f 11899 11900 11961
f 4580 4641 4642
f 4580 4642 4581
f 11900 11962 11961
f 11900 11901 11962
f 4581 4642 4643
f 4581 4643 4582
f 11901 11963 11962
f 11901 11902 11963
f 4582 4643 4644
f 4582 4644 4583
f 11902 11964 11963
f 11902 11903 11964
f 4583 4644 4645
f 4583 4645 4584
f 11903 11965 11964
f 11903 11904 11965
f 4584 4645 4646
f 4584 4646 4585
f 11904 11966 11965
f 11904 11905 11966
f 4585 4646 4647
f 4585 4647 4586
f 11905 11967 11966
f 11905 11906 11967
f 4586 4647 4648
f 4586 4648 4587
f 11906 11968 11967
f 11906 11907 11968
f 4587 4648 4649
f 4587 4649 4588
f 11907 11969 11968
f 11907 11908 11969
f 4588 4649 4650
f 4588 4650 4589
f 11908 11970 11969
f 11908 11909 11970
f 4589 4650 4651
f 4589 4651 4590
f 11909 11971 11970
f 11909 11910 11971
f 4590 4651 4652
f 4590 4652 4591
f 11910 11972 11971
f 11910 11911 11972
f 4591 4652 4653
f 4591 4653 4592
f 11911 11973 11972
f 11911 11912 11973
f 4592 4653 4654
f 4592 4654 4593
f 11912 11974 11973
f 11912 11913 11974
f 4593 4654 4655
f 4593 4655 4594
f 11913 11975 11974
f 11913 11914 11975
f 4594 4655 4656
f 4594 4656 4595
f 11914 11976 11975
f 11914 11915 11976
f 4595 4656 4657
f 4595 4657 4596
f 11915 11977 11976
f 11915 11916 11977
f 4596 4657 4658
f 4596 4658 4597
f 11916 11978 11977
f 11916 11917 11978
f 4597 4658 4659
f 4597 4659 4598
f 11917 11979 11978
f 11917 11918 11979
f 4598 4659 4660
f 4598 4660 4599
f 11918 11980 11979
f 11918 11919 11980
f 4599 4660 4661
f 4599 4661 4600
f 11919 11981 11980
f 11919 11920 11981
f 4600 4661 4662
f 4600 4662 4601
f 11920 11982 11981
f 11920 11921 11982
f 4601 4662 4663
f 4601 4663 4602
f 11921 11983 11982
f 11921 11922 11983
f 4602 4663 4664
f 4602 4664 4603
f 11922 11984 11983
f 11922 11923 11984
f 4603 4664 4665
f 4603 4665 4604
f 11923 11985 11984
f 11923 11924 11985
f 4604 4665 4666
f 4604 4666 4605
f 11924 11986 11985
f 11924 11925 11986
f 4605 4666 4667
f 4605 4667 4606
f 11925 11987 11986
f 11925 11926 11987
f 4606 4667 4668
f 4606 4668 4607
f 11926 11988 11987
f 11926 11927 11988
f 4607 4668 4669
f 4607 4669 4608
f 11927 11989 11988
f 11927 11928 11989
f 4608 4669 4670
f 4608 4670 4609
f 11928 11990 11989
f 11928 11929 11990
f 4609 4670 4671
f 4609 4671 4610
f 11929 11991 11990
f 11929 11930 11991
f 4610 4671 4672
f 4610 4672 4611
f 11930 11992 11991
f 11930 11931 11992
f 4611 4672 4673
f 4611 4673 4612
f 11931 11993 11992
f 11931 11932 11993
f 4612 4673 4674
f 4612 4674 4613
f 11932 11994 11993
f 11932 11933 11994
f 4613 4674 4675
f 4613 4675 4614
f 11933 11995 11994
f 11933 11934 11995
f 4614 4675 4676
f 4614 4676 4615
f 11934 11996 11995
f 11934 11935 11996
f 4615 4676 4677
f 4615 4677 4616
f 11935 11997 11996
f 11935 11936 11997
f 4616 4677 4678
f 4616 4678 4617
f 11936 11998 11997
f 11936 11937 11998
f 4617 4678 4679
f 4617 4679 4618
f 11937 11999 11998
f 11937 11938 11999
f 4618 4679 4680
f 4618 4680 4619
f 11938 12000 11999
f 11938 11939 12000
f 4619 4680 4681
f 4619 4681 4620
f 11939 12001 12000
f 11939 11940 12001
f 4620 4681 4682
f 4620 4682 4621
f 11940 12002 12001
f 11940 11941 12002
f 4621 4682 4683
f 4621 4683 4622
f 11941 12003 12002
f 11941 11942 12003
f 4622 4683 4684
f 4622 4684 4623
f 11942 12004 12003
f 11942 11943 12004
f 4623 4684 4685
f 4623 4685 4624
f 11943 12005 12004
f 11943 11944 12005
f 4624 4685 4686
f 4624 4686 4625
f 11944 12006 12005
f 11944 11945 12006
f 4625 4686 4687
f 4625 4687 4626
f 11945 12007 12006
f 11945 11946 12007
f 4626 4687 4688
f 4626 4688 4627
f 11946 12008 12007
f 11946 11947 12008
f 4627 4688 4689
f 4627 4689 4628
f 11947 12009 12008
f 11947 11948 12009
f 4628 4689 4690
f 4628 4690 4629
f 11948 12010 12009
f 11948 11949 12010
f 4629 4690 4691
f 4629 4691 4630
f 11949 12011 12010
f 11949 11950 12011
f 4630 4691 4692
f 4630 4692 4631
f 11950 12012 12011
f 11950 11951 12012
f 4631 4692 4693
f 4631 4693 4632
f 11951 12013 12012
f 11951 11952 12013
f 4632 4693 4694
f 4632 4694 4633
f 11952 12014 12013
f 11952 11953 12014
f 4633 4694 4695
f 4633 4695 4634
f 11953 12015 12014
f 11953 11954 12015
f 4634 4695 4696
f 4634 4696 4635
f 11954 12016 12015
f 11954 11955 12016
f 4635 4696 4697
f 4635 4697 4636
f 11955 12017 12016
f 11955 11956 12017
f 4637 4698 4699
f 4637 4699 4638
f 11957 12019 12018
f 11957 11958 12019
f 4638 4699 4700
f 4638 4700 4639
f 11958 12020 12019
f 11958 11959 12020
f 4639 4700 4701
f 4639 4701 4640
f 11959 12021 12020
f 11959 11960 12021
f 4640 4701 4702
f 4640 4702 4641
f 11960 12022 12021
f 11960 11961 12022
f 4641 4702 4703
f 4641 4703 4642
f 11961 12023 12022
f 11961 11962 12023
f 4642 4703 4704
f 4642 4704 4643
f 11962 12024 12023
f 11962 11963 12024
f 4643 4704 4705
f 4643 4705 4644
f 11963 12025 12024
f 11963 11964 12025
f 4644 4705 4706
f 4644 4706 4645
f 11964 12026 12025
f 11964 11965 12026
f 4645 4706 4707
f 4645 4707 4646
f 11965 12027 12026
f 11965 11966 12027
f 4646 4707 4708
f 4646 4708 4647
f 11966 12028 12027
f 11966 11967 12028
f 4647 4708 4709
f 4647 4709 4648
f 11967 12029 12028
f 11967 11968 12029
f 4648 4709 4710
f 4648 4710 4649
f 11968 12030 12029
f 11968 11969 12030
f 4649 4710 4711
f 4649 4711 4650
f 11969 12031 12030
f 11969 11970 12031
f 4650 4711 4712
f 4650 4712 4651
f 11970 12032 12031
f 11970 11971 12032
f 4651 4712 4713
f 4651 4713 4652
f 11971 12033 12032
f 11971 11972 12033
f 4652 4713 4714
f 4652 4714 4653
f 11972 12034 12033
f 11972 11973 12034
f 4653 4714 4715
f 4653 4715 4654
f 11973 12035 12034
f 11973 11974 12035
f 4654 4715 4716
f 4654 4716 4655
f 11974 12036 12035
f 11974 11975 12036
f 4655 4716 4717
f 4655 4717 4656
f 11975 12037 12036
f 11975 11976 12037
f 4656 4717 4718
f 4656 4718 4657
f 11976 12038 12037
f 11976 11977 12038
f 4657 4718 4719
f 4657 4719 4658
f 11977 12039 12038
f 11977 11978 12039
f 4658 4719 4720
f 4658 4720 4659
f 11978 12040 12039
f 11978 11979 12040
f 4659 4720 4721
f 4659 4721 4660
f 11979 12041 12040
f 11979 11980 12041
f 4660 4721 4722
f 4660 4722 4661
f 11980 12042 12041
f 11980 11981 12042
f 4661 4722 4723
f 4661 4723 4662
f 11981 12043 12042
f 11981 11982 12043
f 4662 4723 4724
f 4662 4724 4663
f 11982 12044 12043
f 11982 11983 12044
f 4663 4724 4725
f 4663 4725 4664
f 11983 12045 12044
f 11983 11984 12045
f 4664 4725 4726
f 4664 4726 4665
f 11984 12046 12045
f 11984 11985 12046
f 4665 4726 4727
f 4665 4727 4666
f 11985 12047 12046
f 11985 11986 12047
f 4666 4727 4728
f 4666 4728 4667
f 11986 12048 12047
f 11986 11987 12048
f 4667 4728 4729
f 4667 4729 4668
f 11987 12049 12048
f 11987 11988 12049
f 4668 4729 4730
f 4668 4730 4669
f 11988 12050 12049
f 11988 11989 12050
f 4669 4730 4731
f 4669 4731 4670
f 11989 12051 12050
f 11989 11990 12051
f 4670 4731 4732
f 4670 4732 4671
f 11990 12052 12051
f 11990 11991 12052
f 4671 4732 4733
f 4671 4733 4672
f 11991 12053 12052
f 11991 11992 12053
f 4672 4733 4734
f 4672 4734 4673
f 11992 12054 12053
f 11992 11993 12054
f 4673 4734 4735
f 4673 4735 4674
f 11993 12055 12054
f 11993 11994 12055
f 4674 4735 4736
f 4674 4736 4675
f 11994 12056 12055
f 11994 11995 12056
f 4675 4736 4737
f 4675 4737 4676
f 11995 12057 12056
f 11995 11996 12057
f 4676 4737 4738
f 4676 4738 4677
f 11996 12058 12057
f 11996 11997 12058
f 4677 4738 4739
f 4677 4739 4678
f 11997 12059 12058
f 11997 11998 12059
f 4678 4739 4740
f 4678 4740 4679
f 11998 12060 12059
f 11998 11999 12060
f 4679 4740 4741
f 4679 4741 4680
f 11999 12061 12060
f 11999 12000 12061
f 4680 4741 4742
f 4680 4742 4681
f 12000 12062 12061
f 12000 12001 12062
f 4681 4742 4743
f 4681 4743 4682
f 12001 12063 12062
f 12001 12002 12063
f 4682 4743 4744
f 4682 4744 4683
f 12002 12064 12063
f 12002 12003 12064
f 4683 4744 4745
f 4683 4745 4684
f 12003 12065 12064
f 12003 12004 12065
f 4684 4745 4746
f 4684 4746 4685
f 12004 12066 12065
f 12004 12005 12066
f 4685 4746 4747
f 4685 4747 4686
f 12005 12067 12066
f 12005 12006 12067
f 4686 4747 4748
f 4686 4748 4687
f 12006 12068 12067
f 12006 12007 12068
f 4687 4748 4749
f 4687 4749 4688
f 12007 12069 12068
f 12007 12008 12069
f 4688 4749 4750
f 4688 4750 4689
f 12008 12070 12069
f 12008 12009 12070
f 4689 4750 4751
f 4689 4751 4690
f 12009 12071 12070
f 12009 12010 12071
f 4690 4751 4752
f 4690 4752 4691
f 12010 12072 12071
f 12010 12011 12072
f 4691 4752 4753
f 4691 4753 4692
f 12011 12073 12072
f 12011 12012 12073
f 4692 4753 4754
f 4692 4754 4693
f 12012 12074 12073
f 12012 12013 12074
f 4693 4754 4755
f 4693 4755 4694
f 12013 12075 12074
f 12013 12014 12075
f 4694 4755 4756
f 4694 4756 4695
f 12014 12076 12075
f 12014 12015 12076
f 4695 4756 4757
f 4695 4757 4696
f 12015 12077 12076
f 12015 12016 12077
f 4696 4757 4758
f 4696 4758 4697
f 12016 12078 12077
f 12016 12017 12078
f 4698 4759 4760
f 4698 4760 4699
f 12018 12080 12079
f 12018 12019 12080
f 4699 4760 4761
f 4699 4761 4700
f 12019 12081 12080
f 12019 12020 12081
f 4700 4761 4762
f 4700 4762 4701
f 12020 12082 12081
f 12020 12021 12082
f 4701 4762 4763
f 4701 4763 4702
f 12021 12083 12082
f 12021 12022 12083
f 4702 4763 4764
f 4702 4764 4703
f 12022 12084 12083
f 12022 12023 12084
f 4703 4764 4765
f 4703 4765 4704
f 12023 12085 12084
f 12023 12024 12085
f 4704 4765 4766
f 4704 4766 4705
f 12024 12086 12085
f 12024 12025 12086
f 4705 4766 4767
f 4705 4767 4706
f 12025 12087 12086
f 12025 12026 12087
f 4706 4767 4768
f 4706 4768 4707
f 12026 12088 12087
f 12026 12027 12088
f 4707 4768 4769
f 4707 4769 4708
f 12027 12089 12088
f 12027 12028 12089
f 4708 4769 4770
f 4708 4770 4709
f 12028 12090 12089
f 12028 12029 12090
f 4709 4770 4771
f 4709 4771 4710
f 12029 12091 12090
f 12029 12030 12091
f 4710 4771 4772
f 4710 4772 4711
f 12030 12092 12091
f 12030 12031 12092
f 4711 4772 4773
f 4711 4773 4712
f 12031 12093 12092
f 12031 12032 12093
f 4712 4773 4774
f 4712 4774 4713
f 12032 12094 12093
f 12032 12033 12094
f 4713 4774 4775
f 4713 4775 4714
f 12033 12095 12094
f 12033 12034 12095
f 4714 4775 4776
f 4714 4776 4715
f 12034 12096 12095
f 12034 12035 12096
f 4715 4776 4777
f 4715 4777 4716
f 12035 12097 12096
f 12035 12036 12097
f 4716 4777 4778
f 4716 4778 4717
f 12036 12098 12097
f 12036 12037 12098
f 4717 4778 4779
f 4717 4779 4718
f 12037 12099 12098
f 12037 12038 12099
f 4718 4779 4780
f 4718 4780 4719
f 12038 12100 12099
f 12038 12039 12100
f 4719 4780 4781
f 4719 4781 4720
f 12039 12101 12100
f 12039 12040 12101
f 4720 4781 4782
f 4720 4782 4721
f 12040 12102 12101
f 12040 12041 12102
f 4721 4782 4783
f 4721 4783 4722
f 12041 12103 12102
f 12041 12042 12103
f 4722 4783 4784
f 4722 4784 4723
f 12042 12104 12103
f 12042 12043 12104
f 4723 4784 4785
f 4723 4785 4724
f 12043 12105 12104
f 12043 12044 12105
f 4724 4785 4786
f 4724 4786 4725
f 12044 12106 12105
f 12044 12045 12106
f 4725 4786 4787
f 4725 4787 4726
f 12045 12107 12106
f 12045 12046 12107
f 4726 4787 4788
f 4726 4788 4727
f 12046 12108 12107
f 12046 12047 12108
f 4727 4788 4789
f 4727 4789 4728
f 12047 12109 12108
f 12047 12048 12109
f 4728 4789 4790
f 4728 4790 4729
f 12048 12110 12109
f 12048 12049 12110
f 4729 4790 4791
f 4729 4791 4730
f 12049 12111 12110
f 12049 12050 12111
f 4730 4791 4792
f 4730 4792 4731
f 12050 12112 12111
f 12050 12051 12112
f 4731 4792 4793
f 4731 4793 4732
f 12051 12113 12112
f 12051 12052 12113
f 4732 4793 4794
f 4732 4794 4733
f 12052 12114 12113
f 12052 12053 12114
f 4733 4794 4795
f 4733 4795 4734
f 12053 12115 12114
f 12053 12054 12115
f 4734 4795 4796
f 4734 4796 4735
f 12054 12116 12115
f 12054 12055 12116
f 4735 4796 4797
f 4735 4797 4736
f 12055 12117 12116
f 12055 12056 12117
f 4736 4797 4798
f 4736 4798 4737
f 12056 12118 12117
f 12056 12057 12118
f 4737 4798 4799
f 4737 4799 4738
f 12057 12119 12118
f 12057 12058 12119
f 4738 4799 4800
f 4738 4800 4739
f 12058 12120 12119
f 12058 12059 12120
f 4739 4800 4801
f 4739 4801 4740
f 12059 12121 12120
f 12059 12060 12121
f 4740 4801 4802
f 4740 4802 4741
f 12060 12122 12121
f 12060 12061 12122
f 4741 4802 4803
f 4741 4803 4742
f 12061 12123 12122
f 12061 12062 12123
f 4742 4803 4804
f 4742 4804 4743
f 12062 12124 12123
f 12062 12063 12124
f 4743 4804 4805
f 4743 4805 4744
f 12063 12125 12124
f 12063 12064 12125
f 4744 4805 4806
f 4744 4806 4745
f 12064 12126 12125
f 12064 12065 12126
f 4745 4806 4807
f 4745 4807 4746
f 12065 12127 12126
f 12065 12066 12127
f 4746 4807 4808
f 4746 4808 4747
f 12066 12128 12127
f 12066 12067 12128
f 4747 4808 4809
f 4747 4809 4748
f 12067 12129 12128
f 12067 12068 12129
f 4748 4809 4810
f 4748 4810 4749
f 12068 12130 12129
f 12068 12069 12130
f 4749 4810 4811
f 4749 4811 4750
f 12069 12131 12130
f 12069 12070 12131
f 4750 4811 4812
f 4750 4812 4751
f 12070 12132 12131
f 12070 12071 12132
f 4751 4812 4813
f 4751 4813 4752
f 12071 12133 12132
f 12071 12072 12133
f 4752 4813 4814
f 4752 4814 4753
f 12072 12134 12133
f 12072 12073 12134
f 4753 4814 4815
f 4753 4815 4754
f 12073 12135 12134
f 12073 12074 12135
f 4754 4815 4816
f 4754 4816 4755
f 12074 12136 12135
f 12074 12075 12136
f 4755 4816 4817
f 4755 4817 4756
f 12075 12137 12136
f 12075 12076 12137
f 4756 4817 4818
f 4756 4818 4757
f 12076 12138 12137
f 12076 12077 12138
f 4757 4818 4819
f 4757 4819 4758
f 12077 12139 12138
f 12077 12078 12139
f 4759 4820 4821
f 4759 4821 4760
f 12079 12141 12140
f 12079 12080 12141
f 4760 4821 4822
f 4760 4822 4761
f 12080 12142 12141
f 12080 12081 12142
f 4761 4822 4823
f 4761 4823 4762
f 12081 12143 12142
f 12081 12082 12143
f 4762 4823 4824
f 4762 4824 4763
f 12082 12144 12143
f 12082 12083 12144
f 4763 4824 4825
f 4763 4825 4764
f 12083 12145 12144
f 12083 12084 12145
f 4764 4825 4826
f 4764 4826 4765
f 12084 12146 12145
f 12084 12085 12146
f 4765 4826 4827
f 4765 4827 4766
f 12085 12147 12146
f 12085 12086 12147
f 4766 4827 4828
f 4766 4828 4767
f 12086 12148 12147
f 12086 12087 12148
f 4767 4828 4829
f 4767 4829 4768
f 12087 12149 12148
f 12087 12088 12149
f 4768 4829 4830
f 4768 4830 4769
f 12088 12150 12149
f 12088 12089 12150
f 4769 4830 4831
f 4769 4831 4770
f 12089 12151 12150
f 12089 12090 12151
f 4770 4831 4832
f 4770 4832 4771
f 12090 12152 12151
f 12090 12091 12152
f 4771 4832 4833
f 4771 4833 4772
f 12091 12153 12152
f 12091 12092 12153
f 4772 4833 4834
f 4772 4834 4773
f 12092 12154 12153
f 12092 12093 12154
f 4773 4834 4835
f 4773 4835 4774
f 12093 12155 12154
f 12093 12094 12155
f 4774 4835 4836
f 4774 4836 4775
f 12094 12156 12155
f 12094 12095 12156
f 4775 4836 4837
f 4775 4837 4776
f 12095 12157 12156
f 12095 12096 12157
f 4776 4837 4838
f 4776 4838 4777
f 12096 12158 12157
f 12096 12097 12158
f 4777 4838 4839
f 4777 4839 4778
f 12097 12159 12158
f 12097 12098 12159
f 4778 4839 4840
f 4778 4840 4779
f 12098 12160 12159
f 12098 12099 12160
f 4779 4840 4841
f 4779 4841 4780
f 12099 12161 12160
f 12099 12100 12161
f 4780 4841 4842
f 4780 4842 4781
f 12100 12162 12161
f 12100 12101 12162
f 4781 4842 4843
f 4781 4843 4782
f 12101 12163 12162
f 12101 12102 12163
f 4782 4843 4844
f 4782 4844 4783
f 12102 12164 12163
f 12102 12103 12164
f 4783 4844 4845
f 4783 4845 4784
f 12103 12165 12164
f 12103 12104 12165
f 4784 4845 4846
f 4784 4846 4785
f 12104 12166 12165
f 12104 12105 12166
f 4785 4846 4847
f 4785 4847 4786
f 12105 12167 12166
f 12105 12106 12167
f 4786 4847 4848
f 4786 4848 4787
f 12106 12168 12167
f 12106 12107 12168
f 4787 4848 4849
f 4787 4849 4788
f 12107 12169 12168
f 12107 12108 12169
f 4788 4849 4850
f 4788 4850 4789
f 12108 12170 12169
f 12108 12109 12170
f 4789 4850 4851
f 4789 4851 4790
f 12109 12171 12170
f 12109 12110 12171
f 4790 4851 4852
f 4790 4852 4791
f 12110 12172 12171
f 12110 12111 12172
f 4791 4852 4853
f 4791 4853 4792
f 12111 12173 12172
f 12111 12112 12173
f 4792 4853 4854
f 4792 4854 4793
f 12112 12174 12173
f 12112 12113 12174
f 4793 4854 4855
f 4793 4855 4794
f 12113 12175 12174
f 12113 12114 12175
f 4794 4855 4856
f 4794 4856 4795
f 12114 12176 12175
f 12114 12115 12176
f 4795 4856 4857
f 4795 4857 4796
f 12115 12177 12176
f 12115 12116 12177
f 4796 4857 4858
f 4796 4858 4797
f 12116 12178 12177
f 12116 12117 12178
f 4797 4858 4859
f 4797 4859 4798
f 12117 12179 12178
f 12117 12118 12179
f 4798 4859 4860
f 4798 4860 4799
f 12118 12180 12179
f 12118 12119 12180
f 4799 4860 4861
f 4799 4861 4800
f 12119 12181 12180
f 12119 12120 12181
f 4800 4861 4862
f 4800 4862 4801
f 12120 12182 12181
f 12120 12121 12182
f 4801 4862 4863
f 4801 4863 4802
f 12121 12183 12182
f 12121 12122 12183
f 4802 4863 4864
f 4802 4864 4803
f 12122 12184 12183
f 12122 12123 12184
f 4803 4864 4865
f 4803 4865 4804
f 12123 12185 12184
f 12123 12124 12185
f 4804 4865 4866
f 4804 4866 4805
f 12124 12186 12185
f 12124 12125 12186
f 4805 4866 4867
f 4805 4867 4806
f 12125 12187 12186
f 12125 12126 12187
f 4806 4867 4868
f 4806 4868 4807
f 12126 12188 12187
f 12126 12127 12188
f 4807 4868 4869
f 4807 4869 4808
f 12127 12189 12188
f 12127 12128 12189
f 4808 4869 4870
f 4808 4870 4809
f 12128 12190 12189
f 12128 12129 12190
f 4809 4870 4871
f 4809 4871 4810
f 12129 12191 12190
f 12129 12130 12191
f 4810 4871 4872
f 4810 4872 4811
f 12130 12192 12191
f 12130 12131 12192
f 4811 4872 4873
f 4811 4873 4812
f 12131 12193 12192
f 12131 12132 12193
f 4812 4873 4874
f 4812 4874 4813
f 12132 12194 12193
f 12132 12133 12194
f 4813 4874 4875
f 4813 4875 4814
f 12133 12195 12194
f 12133 12134 12195
f 4814 4875 4876
f 4814 4876 4815
f 12134 12196 12195
f 12134 12135 12196
f 4815 4876 4877
f 4815 4877 4816
f 12135 12197 12196
f 12135 12136 12197
f 4816 4877 4878
f 4816 4878 4817
f 12136 12198 12197
f 12136 12137 12198
f 4817 4878 4879
f 4817 4879 4818
f 12137 12199 12198
f 12137 12138 12199
f 4818 4879 4880
f 4818 4880 4819
f 12138 12200 12199
f 12138 12139 12200
f 4820 4881 4882
f 4820 4882 4821
f 12140 12202 12201
f 12140 12141 12202
f 4821 4882 4883
f 4821 4883 4822
f 12141 12203 12202
f 12141 12142 12203
f 4822 4883 4884
f 4822 4884 4823
f 12142 12204 12203
f 12142 12143 12204
f 4823 4884 4885
f 4823 4885 4824
f 12143 12205 12204
f 12143 12144 12205
f 4824 4885 4886
f 4824 4886 4825
f 12144 12206 12205
f 12144 12145 12206
f 4825 4886 4887
f 4825 4887 4826
f 12145 12207 12206
f 12145 12146 12207
f 4826 4887 4888
f 4826 4888 4827
f 12146 12208 12207
f 12146 12147 12208
f 4827 4888 4889
f 4827 4889 4828
f 12147 12209 12208
f 12147 12148 12209
f 4828 4889 4890
f 4828 4890 4829
f 12148 12210 12209
f 12148 12149 12210
f 4829 4890 4891
f 4829 4891 4830
f 12149 12211 12210
f 12149 12150 12211
f 4830 4891 4892
f 4830 4892 4831
f 12150 12212 12211
f 12150 12151 12212
f 4831 4892 4893
f 4831 4893 4832
f 12151 12213 12212
f 12151 12152 12213
f 4832 4893 4894
f 4832 4894 4833
f 12152 12214 12213
f 12152 12153 12214
f 4833 4894 4895
f 4833 4895 4834
f 12153 12215 12214
f 12153 12154 12215
f 4834 4895 4896
f 4834 4896 4835
f 12154 12216 12215
f 12154 12155 12216
f 4835 4896 4897
f 4835 4897 4836
f 12155 12217 12216
f 12155 12156 12217
f 4836 4897 4898
f 4836 4898 4837
f 12156 12218 12217
f 12156 12157 12218
f 4837 4898 4899
f 4837 4899 4838
f 12157 12219 12218
f 12157 12158 12219
f 4838 4899 4900
f 4838 4900 4839
f 12158 12220 12219
f 12158 12159 12220
f 4839 4900 4901
f 4839 4901 4840
f 12159 12221 12220
f 12159 12160 12221
f 4840 4901 4902
f 4840 4902 4841
f 12160 12222 12221
f 12160 12161 12222
f 4841 4902 4903
f 4841 4903 4842
f 12161 12223 12222
f 12161 12162 12223
f 4842 4903 4904
f 4842 4904 4843
f 12162 12224 12223
f 12162 12163 12224
f 4843 4904 4905
f 4843 4905 4844
f 12163 12225 12224
f 12163 12164 12225
f 4844 4905 4906
f 4844 4906 4845
f 12164 12226 12225
f 12164 12165 12226
f 4845 4906 4907
f 4845 4907 4846
f 12165 12227 12226
f 12165 12166 12227
f 4846 4907 4908
f 4846 4908 4847
f 12166 12228 12227
f 12166 12167 12228
f 4847 4908 4909
f 4847 4909 4848
f 12167 12229 12228
f 12167 12168 12229
f 4848 4909 4910
f 4848 4910 4849
f 12168 12230 12229
f 12168 12169 12230
f 4849 4910 4911
f 4849 4911 4850
f 12169 12231 12230
f 12169 12170 12231
f 4850 4911 4912
f 4850 4912 4851
f 12170 12232 12231
f 12170 12171 12232
f 4851 4912 4913
f 4851 4913 4852
f 12171 12233 12232
f 12171 12172 12233
f 4852 4913 4914
f 4852 4914 4853
f 12172 12234 12233
f 12172 12173 12234
f 4853 4914 4915
f 4853 4915 4854
f 12173 12235 12234
f 12173 12174 12235
f 4854 4915 4916
f 4854 4916 4855
f 12174 12236 12235
f 12174 12175 12236
f 4855 4916 4917
f 4855 4917 4856
f 12175 12237 12236
f 12175 12176 12237
f 4856 4917 4918
f 4856 4918 4857
f 12176 12238 12237
f 12176 12177 12238
f 4857 4918 4919
f 4857 4919 4858
f 12177 12239 12238
f 12177 12178 12239
f 4858 4919 4920
f 4858 4920 4859
f 12178 12240 12239
f 12178 12179 12240
f 4859 4920 4921
f 4859 4921 4860
f 12179 12241 12240
f 12179 12180 12241
f 4860 4921 4922
f 4860 4922 4861
f 12180 12242 12241
f 12180 12181 12242
f 4861 4922 4923
f 4861 4923 4862
f 12181 12243 12242
f 12181 12182 12243
f 4862 4923 4924
f 4862 4924 4863
f 12182 12244 12243
f 12182 12183 12244
f 4863 4924 4925
f 4863 4925 4864
f 12183 12245 12244
f 12183 12184 12245
f 4864 4925 4926
f 4864 4926 4865
f 12184 12246 12245
f 12184 12185 12246
f 4865 4926 4927
f 4865 4927 4866
f 12185 12247 12246
f 12185 12186 12247
f 4866 4927 4928
f 4866 4928 4867
f 12186 12248 12247
f 12186 12187 12248
f 4867 4928 4929
f 4867 4929 4868
f 12187 12249 12248
f 12187 12188 12249
f 4868 4929 4930
f 4868 4930 4869
f 12188 12250 12249
f 12188 12189 12250
f 4869 4930 4931
f 4869 4931 4870
f 12189 12251 12250
f 12189 12190 12251
f 4870 4931 4932
f 4870 4932 4871
f 12190 12252 12251
f 12190 12191 12252
f 4871 4932 4933
f 4871 4933 4872
f 12191 12253 12252
f 12191 12192 12253
f 4872 4933 4934
f 4872 4934 4873
f 12192 12254 12253
f 12192 12193 12254
f 4873 4934 4935
f 4873 4935 4874
f 12193 12255 12254
f 12193 12194 12255
f 4874 4935 4936
f 4874 4936 4875
f 12194 12256 12255
f 12194 12195 12256
f 4875 4936 4937
f 4875 4937 4876
f 12195 12257 12256
f 12195 12196 12257
f 4876 4937 4938
f 4876 4938 4877
f 12196 12258 12257
f 12196 12197 12258
f 4877 4938 4939
f 4877 4939 4878
f 12197 12259 12258
f 12197 12198 12259
f 4878 4939 4940
f 4878 4940 4879
f 12198 12260 12259
f 12198 12199 12260
f 4879 4940 4941
f 4879 4941 4880
f 12199 12261 12260
f 12199 12200 12261
f 4881 4942 4943
f 4881 4943 4882
f 12201 12263 12262
f 12201 12202 12263
f 4882 4943 4944
f 4882 4944 4883
f 12202 12264 12263
f 12202 12203 12264
f 4883 4944 4945
f 4883 4945 4884
f 12203 12265 12264
f 12203 12204 12265
f 4884 4945 4946
f 4884 4946 4885
f 12204 12266 12265
f 12204 12205 12266
f 4885 4946 4947
f 4885 4947 4886
f 12205 12267 12266
f 12205 12206 12267
f 4886 4947 4948
f 4886 4948 4887
f 12206 12268 12267
f 12206 12207 12268
f 4887 4948 4949
f 4887 4949 4888
f 12207 12269 12268
f 12207 12208 12269
f 4888 4949 4950
f 4888 4950 4889
f 12208 12270 12269
f 12208 12209 12270
f 4889 4950 4951
f 4889 4951 4890
f 12209 12271 12270
f 12209 12210 12271
f 4890 4951 4952
f 4890 4952 4891
f 12210 12272 12271
f 12210 12211 12272
f 4891 4952 4953
f 4891 4953 4892
f 12211 12273 12272
f 12211 12212 12273
f 4892 4953 4954
f 4892 4954 4893
f 12212 12274 12273
f 12212 12213 12274
f 4893 4954 4955
f 4893 4955 4894
f 12213 12275 12274
f 12213 12214 12275
f 4894 4955 4956
f 4894 4956 4895
f 12214 12276 12275
f 12214 12215 12276
f 4895 4956 4957
f 4895 4957 4896
f 12215 12277 12276
f 12215 12216 12277
f 4896 4957 4958
f 4896 4958 4897
f 12216 12278 12277
f 12216 12217 12278
f 4897 4958 4959
f 4897 4959 4898
f 12217 12279 12278
f 12217 12218 12279
f 4898 4959 4960
f 4898 4960 4899
f 12218 12280 12279
f 12218 12219 12280
f 4899 4960 4961
f 4899 4961 4900
f 12219 12281 12280
f 12219 12220 12281
f 4900 4961 4962
f 4900 4962 4901
f 12220 12282 12281
f 12220 12221 12282
f 4901 4962 4963
f 4901 4963 4902
f 12221 12283 12282
f 12221 12222 12283
f 4902 4963 4964
f 4902 4964 4903
f 12222 12284 12283
f 12222 12223 12284
f 4903 4964 4965
f 4903 4965 4904
f 12223 12285 12284
f 12223 12224 12285
f 4904 4965 4966
f 4904 4966 4905
f 12224 12286 12285
f 12224 12225 12286
f 4905 4966 4967
f 4905 4967 4906
f 12225 12287 12286
f 12225 12226 12287
f 4906 4967 4968
f 4906 4968 4907
f 12226 12288 12287
f 12226 12227 12288
f 4907 4968 4969
f 4907 4969 4908
f 12227 12289 12288
f 12227 12228 12289
f 4908 4969 4970
f 4908 4970 4909
f 12228 12290 12289
f 12228 12229 12290
f 4909 4970 4971
f 4909 4971 4910
f 12229 12291 12290
f 12229 12230 12291
f 4910 4971 4972
f 4910 4972 4911
f 12230 12292 12291
f 12230 12231 12292
f 4911 4972 4973
f 4911 4973 4912
f 12231 12293 12292
f 12231 12232 12293
f 4912 4973 4974
f 4912 4974 4913
f 12232 12294 12293
f 12232 12233 12294
f 4913 4974 4975
f 4913 4975 4914
f 12233 12295 12294
f 12233 12234 12295
f 4914 4975 4976
f 4914 4976 4915
f 12234 12296 12295
f 12234 12235 12296
f 4915 4976 4977
f 4915 4977 4916
f 12235 12297 12296
f 12235 12236 12297
f 4916 4977 4978
f 4916 4978 4917
f 12236 12298 12297
f 12236 12237 12298
f 4917 4978 4979
f 4917 4979 4918
f 12237 12299 12298
f 12237 12238 12299
f 4918 4979 4980
f 4918 4980 4919
f 12238 12300 12299
f 12238 12239 12300
f 4919 4980 4981
f 4919 4981 4920
f 12239 12301 12300
f 12239 12240 12301
f 4920 4981 4982
f 4920 4982 4921
f 12240 12302 12301
f 12240 12241 12302
f 4921 4982 4983
f 4921 4983 4922
f 12241 12303 12302
f 12241 12242 12303
f 4922 4983 4984
f 4922 4984 4923
f 12242 12304 12303
f 12242 12243 12304
f 4923 4984 4985
f 4923 4985 4924
f 12243 12305 12304
f 12243 12244 12305
f 4924 4985 4986
f 4924 4986 4925
f 12244 12306 12305
f 12244 12245 12306
f 4925 4986 4987
f 4925 4987 4926
f 12245 12307 12306
f 12245 12246 12307
f 4926 4987 4988
f 4926 4988 4927
f 12246 12308 12307
f 12246 12247 12308
f 4927 4988 4989
f 4927 4989 4928
f 12247 12309 12308
f 12247 12248 12309
f 4928 4989 4990
f 4928 4990 4929
f 12248 12310 12309
f 12248 12249 12310
f 4929 4990 4991
f 4929 4991 4930
f 12249 12311 12310
f 12249 12250 12311
f 4930 4991 4992
f 4930 4992 4931
f 12250 12312 12311
f 12250 12251 12312
f 4931 4992 4993
f 4931 4993 4932
f 12251 12313 12312
f 12251 12252 12313
f 4932 4993 4994
f 4932 4994 4933
f 12252 12314 12313
f 12252 12253 12314
f 4933 4994 4995
f 4933 4995 4934
f 12253 12315 12314
f 12253 12254 12315
f 4934 4995 4996
f 4934 4996 4935
f 12254 12316 12315
f 12254 12255 12316
f 4935 4996 4997
f 4935 4997 4936
f 12255 12317 12316
f 12255 12256 12317
f 4936 4997 4998
f 4936 4998 4937
f 12256 12318 12317
f 12256 12257 12318
f 4937 4998 4999
f 4937 4999 4938
f 12257 12319 12318
f 12257 12258 12319
f 4938 4999 5000
f 4938 5000 4939
f 12258 12320 12319
f 12258 12259 12320
f 4939 5000 5001
f 4939 5001 4940
f 12259 12321 12320
f 12259 12260 12321
f 4940 5001 5002
f 4940 5002 4941
f 12260 12322 12321
f 12260 12261 12322
f 4942 5003 5004
f 4942 5004 4943
f 12262 12324 12323
f 12262 12263 12324
f 4943 5004 5005
f 4943 5005 4944
f 12263 12325 12324
f 12263 12264 12325
f 4944 5005 5006
f 4944 5006 4945
f 12264 12326 12325
f 12264 12265 12326
f 4945 5006 5007
f 4945 5007 4946
f 12265 12327 12326
f 12265 12266 12327
f 4946 5007 5008
f 4946 5008 4947
f 12266 12328 12327
f 12266 12267 12328
f 4947 5008 5009
f 4947 5009 4948
f 12267 12329 12328
f 12267 12268 12329
f 4948 5009 5010
f 4948 5010 4949
f 12268 12330 12329
f 12268 12269 12330
f 4949 5010 5011
f 4949 5011 4950
f 12269 12331 12330
f 12269 12270 12331
f 4950 5011 5012
f 4950 5012 4951
f 12270 12332 12331
f 12270 12271 12332
f 4951 5012 5013
f 4951 5013 4952
f 12271 12333 12332
f 12271 12272 12333
f 4952 5013 5014
f 4952 5014 4953
f 12272 12334 12333
f 12272 12273 12334
f 4953 5014 5015
f 4953 5015 4954
f 12273 12335 12334
f 12273 12274 12335
f 4954 5015 5016
f 4954 5016 4955
f 12274 12336 12335
f 12274 12275 12336
f 4955 5016 5017
f 4955 5017 4956
f 12275 12337 12336
f 12275 12276 12337
f 4956 5017 5018
f 4956 5018 4957
f 12276 12338 12337
f 12276 12277 12338
f 4957 5018 5019
f 4957 5019 4958
f 12277 12339 12338
f 12277 12278 12339
f 4958 5019 5020
f 4958 5020 4959
f 12278 12340 12339
f 12278 12279 12340
f 4959 5020 5021
f 4959 5021 4960
f 12279 12341 12340
f 12279 12280 12341
f 4960 5021 5022
f 4960 5022 4961
f 12280 12342 12341
f 12280 12281 12342
f 4961 5022 5023
f 4961 5023 4962
f 12281 12343 12342
f 12281 12282 12343
f 4962 5023 5024
f 4962 5024 4963
f 12282 12344 12343
f 12282 12283 12344
f 4963 5024 5025
f 4963 5025 4964
f 12283 12345 12344
f 12283 12284 12345
f 4964 5025 5026
f 4964 5026 4965
f 12284 12346 12345
f 12284 12285 12346
f 4965 5026 5027
f 4965 5027 4966
f 12285 12347 12346
f 12285 12286 12347
f 4966 5027 5028
f 4966 5028 4967
f 12286 12348 12347
f 12286 12287 12348
f 4967 5028 5029
f 4967 5029 4968
f 12287 12349 12348
f 12287 12288 12349
f 4968 5029 5030
f 4968 5030 4969
f 12288 12350 12349
f 12288 12289 12350
f 4969 5030 5031
f 4969 5031 4970
f 12289 12351 12350
f 12289 12290 12351
f 4970 5031 5032
f 4970 5032 4971
f 12290 12352 12351
f 12290 12291 12352
f 4971 5032 5033
f 4971 5033 4972
f 12291 12353 12352
f 12291 12292 12353
f 4972 5033 5034
f 4972 5034 4973
f 12292 12354 12353
f 12292 12293 12354
f 4973 5034 5035
f 4973 5035 4974
f 12293 12355 12354
f 12293 12294 12355
f 4974 5035 5036
f 4974 5036 4975
f 12294 12356 12355
f 12294 12295 12356
f 4975 5036 5037
f 4975 5037 4976
f 12295 12357 12356
f 12295 12296 12357
f 4976 5037 5038
f 4976 5038 4977
f 12296 12358 12357
f 12296 12297 12358
f 4977 5038 5039
f 4977 5039 4978
f 12297 12359 12358
f 12297 12298 12359
f 4978 5039 5040
f 4978 5040 4979
f 12298 12360 12359
f 12298 12299 12360
f 4979 5040 5041
f 4979 5041 4980
f 12299 12361 12360
f 12299 12300 12361
f 4980 5041 5042
f 4980 5042 4981
f 12300 12362 12361
f 12300 12301 12362
f 4981 5042 5043
f 4981 5043 4982
f 12301 12363 12362
f 12301 12302 12363
f 4982 5043 5044
f 4982 5044 4983
f 12302 12364 12363
f 12302 12303 12364
f 4983 5044 5045
f 4983 5045 4984
f 12303 12365 12364
f 12303 12304 12365
f 4984 5045 5046
f 4984 5046 4985
f 12304 12366 12365
f 12304 12305 12366
f 4985 5046 5047
f 4985 5047 4986
f 12305 12367 12366
f 12305 12306 12367
f 4986 5047 5048
f 4986 5048 4987
f 12306 12368 12367
f 12306 12307 12368
f 4987 5048 5049
f 4987 5049 4988
f 12307 12369 12368
f 12307 12308 12369
f 4988 5049 5050
f 4988 5050 4989
f 12308 12370 12369
f 12308 12309 12370
f 4989 5050 5051
f 4989 5051 4990
f 12309 12371 12370
f 12309 12310 12371
f 4990 5051 5052
f 4990 5052 4991
f 12310 12372 12371
f 12310 12311 12372
f 4991 5052 5053
f 4991 5053 4992
f 12311 12373 12372
f 12311 12312 12373
f 4992 5053 5054
f 4992 5054 4993
f 12312 12374 12373
f 12312 12313 12374
f 4993 5054 5055
f 4993 5055 4994
f 12313 12375 12374
f 12313 12314 12375
f 4994 5055 5056
f 4994 5056 4995
f 12314 12376 12375
f 12314 12315 12376
f 4995 5056 5057
f 4995 5057 4996
f 12315 12377 12376
f 12315 12316 12377
f 4996 5057 5058
f 4996 5058 4997
f 12316 12378 12377
f 12316 12317 12378
f 4997 5058 5059
f 4997 5059 4998
f 12317 12379 12378
f 12317 12318 12379
f 4998 5059 5060
f 4998 5060 4999
f 12318 12380 12379
f 12318 12319 12380
f 4999 5060 5061
f 4999 5061 5000
f 12319 12381 12380
f 12319 12320 12381
f 5000 5061 5062
f 5000 5062 5001
f 12320 12382 12381
f 12320 12321 12382
f 5001 5062 5063
f 5001 5063 5002
f 12321 12383 12382
f 12321 12322 12383
f 5003 5064 5065
f 5003 5065 5004
f 12323 12385 12384
f 12323 12324 12385
f 5004 5065 5066
f 5004 5066 5005
f 12324 12386 12385
f 12324 12325 12386
f 5005 5066 5067
f 5005 5067 5006
f 12325 12387 12386
f 12325 12326 12387
f 5006 5067 5068
f 5006 5068 5007
f 12326 12388 12387
f 12326 12327 12388
f 5007 5068 5069
f 5007 5069 5008
f 12327 12389 12388
f 12327 12328 12389
f 5008 5069 5070
f 5008 5070 5009
f 12328 12390 12389
f 12328 12329 12390
f 5009 5070 5071
f 5009 5071 5010
f 12329 12391 12390
f 12329 12330 12391
f 5010 5071 5072
f 5010 5072 5011
f 12330 12392 12391
f 12330 12331 12392
f 5011 5072 5073
f 5011 5073 5012
f 12331 12393 12392
f 12331 12332 12393
f 5012 5073 5074
f 5012 5074 5013
f 12332 12394 12393
f 12332 12333 12394
f 5013 5074 5075
f 5013 5075 5014
f 12333 12395 12394
f 12333 12334 12395
f 5014 5075 5076
f 5014 5076 5015
f 12334 12396 12395
f 12334 12335 12396
f 5015 5076 5077
f 5015 5077 5016
f 12335 12397 12396
f 12335 12336 12397
f 5016 5077 5078
f 5016 5078 5017
f 12336 12398 12397
f 12336 12337 12398
f 5017 5078 5079
f 5017 5079 5018
f 12337 12399 12398
f 12337 12338 12399
f 5018 5079 5080
f 5018 5080 5019
f 12338 12400 12399
f 12338 12339 12400
f 5019 5080 5081
f 5019 5081 5020
f 12339 12401 12400
f 12339 12340 12401
f 5020 5081 5082
f 5020 5082 5021
f 12340 12402 12401
f 12340 12341 12402
f 5021 5082 5083
f 5021 5083 5022
f 12341 12403 12402
f 12341 12342 12403
f 5022 5083 5084
f 5022 5084 5023
f 12342 12404 12403
f 12342 12343 12404
f 5023 5084 5085
f 5023 5085 5024
f 12343 12405 12404
f 12343 12344 12405
f 5024 5085 5086
f 5024 5086 5025
f 12344 12406 12405
f 12344 12345 12406
f 5025 5086 5087
f 5025 5087 5026
f 12345 12407 12406
f 12345 12346 12407
f 5026 5087 5088
f 5026 5088 5027
f 12346 12408 12407
f 12346 12347 12408
f 5027 5088 5089
f 5027 5089 5028
f 12347 12409 12408
f 12347 12348 12409
f 5028 5089 5090
f 5028 5090 5029
f 12348 12410 12409
f 12348 12349 12410
f 5029 5090 5091
f 5029 5091 5030
f 12349 12411 12410
f 12349 12350 12411
f 5030 5091 5092
f 5030 5092 5031
f 12350 12412 12411
f 12350 12351 12412
f 5031 5092 5093
f 5031 5093 5032
f 12351 12413 12412
f 12351 12352 12413
f 5032 5093 5094
f 5032 5094 5033
f 12352 12414 12413
f 12352 12353 12414
f 5033 5094 5095
f 5033 5095 5034
f 12353 12415 12414
f 12353 12354 12415
f 5034 5095 5096
f 5034 5096 5035
f 12354 12416 12415
f 12354 12355 12416
f 5035 5096 5097
f 5035 5097 5036
f 12355 12417 12416
f 12355 12356 12417
f 5036 5097 5098
f 5036 5098 5037
f 12356 12418 12417
f 12356 12357 12418
f 5037 5098 5099
f 5037 5099 5038
f 12357 12419 12418
f 12357 12358 12419
f 5038 5099 5100
f 5038 5100 5039
f 12358 12420 12419
f 12358 12359 12420
f 5039 5100 5101
f 5039 5101 5040
f 12359 12421 12420
f 12359 12360 12421
f 5040 5101 5102
f 5040 5102 5041
f 12360 12422 12421
f 12360 12361 12422
f 5041 5102 5103
f 5041 5103 5042
f 12361 12423 12422
f 12361 12362 12423
f 5042 5103 5104
f 5042 5104 5043
f 12362 12424 12423
f 12362 12363 12424
f 5043 5104 5105
f 5043 5105 5044
f 12363 12425 12424
f 12363 12364 12425
f 5044 5105 5106
f 5044 5106 5045
f 12364 12426 12425
f 12364 12365 12426
f 5045 5106 5107
f 5045 5107 5046
f 12365 12427 12426
f 12365 12366 12427
f 5046 5107 5108
f 5046 5108 5047
f 12366 12428 12427
f 12366 12367 12428
f 5047 5108 5109
f 5047 5109 5048
f 12367 12429 12428
f 12367 12368 12429
f 5048 5109 5110
f 5048 5110 5049
f 12368 12430 12429
f 12368 12369 12430
f 5049 5110 5111
f 5049 5111 5050
f 12369 12431 12430
f 12369 12370 12431
f 5050 5111 5112
f 5050 5112 5051
f 12370 12432 12431
f 12370 12371 12432
f 5051 5112 5113
f 5051 5113 5052
f 12371 12433 12432
f 12371 12372 12433
f 5052 5113 5114
f 5052 5114 5053
f 12372 12434 12433
f 12372 12373 12434
f 5053 5114 5115
f 5053 5115 5054
f 12373 12435 12434
f 12373 12374 12435
f 5054 5115 5116
f 5054 5116 5055
f 12374 12436 12435
f 12374 12375 12436
f 5055 5116 5117
f 5055 5117 5056
f 12375 12437 12436
f 12375 12376 12437
f 5056 5117 5118
f 5056 5118 5057
f 12376 12438 12437
f 12376 12377 12438
f 5057 5118 5119
f 5057 5119 5058
f 12377 12439 12438
f 12377 12378 12439
f 5058 5119 5120
f 5058 5120 5059
f 12378 12440 12439
f 12378 12379 12440
f 5059 5120 5121
f 5059 5121 5060
f 12379 12441 12440
f 12379 12380 12441
f 5060 5121 5122
f 5060 5122 5061
f 12380 12442 12441
f 12380 12381 12442
f 5061 5122 5123
f 5061 5123 5062
f 12381 12443 12442
f 12381 12382 12443
f 5062 5123 5124
f 5062 5124 5063
f 12382 12444 12443
f 12382 12383 12444
f 5064 5125 5126
f 5064 5126 5065
f 12384 12446 12445
f 12384 12385 12446
f 5065 5126 5127
f 5065 5127 5066
f 12385 12447 12446
f 12385 12386 12447
f 5066 5127 5128
f 5066 5128 5067
f 12386 12448 12447
f 12386 12387 12448
f 5067 5128 5129
f 5067 5129 5068
f 12387 12449 12448
f 12387 12388 12449
f 5068 5129 5130
f 5068 5130 5069
f 12388 12450 12449
f 12388 12389 12450
f 5069 5130 5131
f 5069 5131 5070
f 12389 12451 12450
f 12389 12390 12451
f 5070 5131 5132
f 5070 5132 5071
f 12390 12452 12451
f 12390 12391 12452
f 5071 5132 5133
f 5071 5133 5072
f 12391 12453 12452
f 12391 12392 12453
f 5072 5133 5134
f 5072 5134 5073
f 12392 12454 12453
f 12392 12393 12454
f 5073 5134 5135
f 5073 5135 5074
f 12393 12455 12454
f 12393 12394 12455
f 5074 5135 5136
f 5074 5136 5075
f 12394 12456 12455
f 12394 12395 12456
f 5075 5136 5137
f 5075 5137 5076
f 12395 12457 12456
f 12395 12396 12457
f 5076 5137 5138
f 5076 5138 5077
f 12396 12458 12457
f 12396 12397 12458
f 5077 5138 5139
f 5077 5139 5078
f 12397 12459 12458
f 12397 12398 12459
f 5078 5139 5140
f 5078 5140 5079
f 12398 12460 12459
f 12398 12399 12460
f 5079 5140 5141
f 5079 5141 5080
f 12399 12461 12460
f 12399 12400 12461
f 5080 5141 5142
f 5080 5142 5081
f 12400 12462 12461
f 12400 12401 12462
f 5081 5142 5143
f 5081 5143 5082
f 12401 12463 12462
f 12401 12402 12463
f 5082 5143 5144
f 5082 5144 5083
f 12402 12464 12463
f 12402 12403 12464
f 5083 5144 5145
f 5083 5145 5084
f 12403 12465 12464
f 12403 12404 12465
f 5084 5145 5146
f 5084 5146 5085
f 12404 12466 12465
f 12404 12405 12466
f 5085 5146 5147
f 5085 5147 5086
f 12405 12467 12466
f 12405 12406 12467
f 5086 5147 5148
f 5086 5148 5087
f 12406 12468 12467
f 12406 12407 12468
f 5087 5148 5149
f 5087 5149 5088
f 12407 12469 12468
f 12407 12408 12469
f 5088 5149 5150
f 5088 5150 5089
f 12408 12470 12469
f 12408 12409 12470
f 5089 5150 5151
f 5089 5151 5090
f 12409 12471 12470
f 12409 12410 12471
f 5090 5151 5152
f 5090 5152 5091
f 12410 12472 12471
f 12410 12411 12472
f 5091 5152 5153
f 5091 5153 5092
f 12411 12473 12472
f 12411 12412 12473
f 5092 5153 5154
f 5092 5154 5093
f 12412 12474 12473
f 12412 12413 12474
f 5093 5154 5155
f 5093 5155 5094
f 12413 12475 12474
f 12413 12414 12475
f 5094 5155 5156
f 5094 5156 5095
f 12414 12476 12475
f 12414 12415 12476
f 5095 5156 5157
f 5095 5157 5096
f 12415 12477 12476
f 12415 12416 12477
f 5096 5157 5158
f 5096 5158 5097
f 12416 12478 12477
f 12416 12417 12478
f 5097 5158 5159
f 5097 5159 5098
f 12417 12479 12478
f 12417 12418 12479
f 5098 5159 5160
f 5098 5160 5099
f 12418 12480 12479
f 12418 12419 12480
f 5099 5160 5161
f 5099 5161 5100
f 12419 12481 12480
f 12419 12420 12481
f 5100 5161 5162
f 5100 5162 5101
f 12420 12482 12481
f 12420 12421 12482
f 5101 5162 5163
f 5101 5163 5102
f 12421 12483 12482
f 12421 12422 12483
f 5102 5163 5164
f 5102 5164 5103
f 12422 12484 12483
f 12422 12423 12484
f 5103 5164 5165
f 5103 5165 5104
f 12423 12485 12484
f 12423 12424 12485
f 5104 5165 5166
f 5104 5166 5105
f 12424 12486 12485
f 12424 12425 12486
f 5105 5166 5167
f 5105 5167 5106
f 12425 12487 12486
f 12425 12426 12487
f 5106 5167 5168
f 5106 5168 5107
f 12426 12488 12487
f 12426 12427 12488
f 5107 5168 5169
f 5107 5169 5108
f 12427 12489 12488
f 12427 12428 12489
f 5108 5169 5170
f 5108 5170 5109
f 12428 12490 12489
f 12428 12429 12490
f 5109 5170 5171
f 5109 5171 5110
f 12429 12491 12490
f 12429 12430 12491
f 5110 5171 5172
f 5110 5172 5111
f 12430 12492 12491
f 12430 12431 12492
f 5111 5172 5173
f 5111 5173 5112
f 12431 12493 12492
f 12431 12432 12493
f 5112 5173 5174
f 5112 5174 5113
f 12432 12494 12493
f 12432 12433 12494
f 5113 5174 5175
f 5113 5175 5114
f 12433 12495 12494
f 12433 12434 12495
f 5114 5175 5176
f 5114 5176 5115
f 12434 12496 12495
f 12434 12435 12496
f 5115 5176 5177
f 5115 5177 5116
f 12435 12497 12496
f 12435 12436 12497
f 5116 5177 5178
f 5116 5178 5117
f 12436 12498 12497
f 12436 12437 12498
f 5117 5178 5179
f 5117 5179 5118
f 12437 12499 12498
f 12437 12438 12499
f 5118 5179 5180
f 5118 5180 5119
f 12438 12500 12499
f 12438 12439 12500
f 5119 5180 5181
f 5119 5181 5120
f 12439 12501 12500
f 12439 12440 12501
f 5120 5181 5182
f 5120 5182 5121
f 12440 12502 12501
f 12440 12441 12502
f 5121 5182 5183
f 5121 5183 5122
f 12441 12503 12502
f 12441 12442 12503
f 5122 5183 5184
f 5122 5184 5123
f 12442 12504 12503
f 12442 12443 12504
f 5123 5184 5185
f 5123 5185 5124
f 12443 12505 12504
f 12443 12444 12505
f 5125 5186 5187
f 5125 5187 5126
f 12445 12507 12506
f 12445 12446 12507
f 5126 5187 5188
f 5126 5188 5127
f 12446 12508 12507
f 12446 12447 12508
f 5127 5188 5189
f 5127 5189 5128
f 12447 12509 12508
f 12447 12448 12509
f 5128 5189 5190
f 5128 5190 5129
f 12448 12510 12509
f 12448 12449 12510
f 5129 5190 5191
f 5129 5191 5130
f 12449 12511 12510
f 12449 12450 12511
f 5130 5191 5192
f 5130 5192 5131
f 12450 12512 12511
f 12450 12451 12512
f 5131 5192 5193
f 5131 5193 5132
f 12451 12513 12512
f 12451 12452 12513
f 5132 5193 5194
f 5132 5194 5133
f 12452 12514 12513
f 12452 12453 12514
f 5133 5194 5195
f 5133 5195 5134
f 12453 12515 12514
f 12453 12454 12515
f 5134 5195 5196
f 5134 5196 5135
f 12454 12516 12515
f 12454 12455 12516
f 5135 5196 5197
f 5135 5197 5136
f 12455 12517 12516
f 12455 12456 12517
f 5136 5197 5198
f 5136 5198 5137
f 12456 12518 12517
f 12456 12457 12518
f 5137 5198 5199
f 5137 5199 5138
f 12457 12519 12518
f 12457 12458 12519
f 5138 5199 5200
f 5138 5200 5139
f 12458 12520 12519
f 12458 12459 12520
f 5139 5200 5201
f 5139 5201 5140
f 12459 12521 12520
f 12459 12460 12521
f 5140 5201 5202
f 5140 5202 5141
f 12460 12522 12521
f 12460 12461 12522
f 5141 5202 5203
f 5141 5203 5142
f 12461 12523 12522
f 12461 12462 12523
f 5142 5203 5204
f 5142 5204 5143
f 12462 12524 12523
f 12462 12463 12524
f 5143 5204 5205
f 5143 5205 5144
f 12463 12525 12524
f 12463 12464 12525
f 5144 5205 5206
f 5144 5206 5145
f 12464 12526 12525
f 12464 12465 12526
f 5145 5206 5207
f 5145 5207 5146
f 12465 12527 12526
f 12465 12466 12527
f 5146 5207 5208
f 5146 5208 5147
f 12466 12528 12527
f 12466 12467 12528
f 5147 5208 5209
f 5147 5209 5148
f 12467 12529 12528
f 12467 12468 12529
f 5148 5209 5210
f 5148 5210 5149
f 12468 12530 12529
f 12468 12469 12530
f 5149 5210 5211
f 5149 5211 5150
f 12469 12531 12530
f 12469 12470 12531
f 5150 5211 5212
f 5150 5212 5151
f 12470 12532 12531
f 12470 12471 12532
f 5151 5212 5213
f 5151 5213 5152
f 12471 12533 12532
f 12471 12472 12533
f 5152 5213 5214
f 5152 5214 5153
f 12472 12534 12533
f 12472 12473 12534
f 5153 5214 5215
f 5153 5215 5154
f 12473 12535 12534
f 12473 12474 12535
f 5154 5215 5216
f 5154 5216 5155
f 12474 12536 12535
f 12474 12475 12536
f 5155 5216 5217
f 5155 5217 5156
f 12475 12537 12536
f 12475 12476 12537
f 5156 5217 5218
f 5156 5218 5157
f 12476 12538 12537
f 12476 12477 12538
f 5157 5218 5219
f 5157 5219 5158
f 12477 12539 12538
f 12477 12478 12539
f 5158 5219 5220
f 5158 5220 5159
f 12478 12540 12539
f 12478 12479 12540
f 5159 5220 5221
f 5159 5221 5160
f 12479 12541 12540
f 12479 12480 12541
f 5160 5221 5222
f 5160 5222 5161
f 12480 12542 12541
f 12480 12481 12542
f 5161 5222 5223
f 5161 5223 5162
f 12481 12543 12542
f 12481 12482 12543
f 5162 5223 5224
f 5162 5224 5163
f 12482 12544 12543
f 12482 12483 12544
f 5163 5224 5225
f 5163 5225 5164
f 12483 12545 12544
f 12483 12484 12545
f 5164 5225 5226
f 5164 5226 5165
f 12484 12546 12545
f 12484 12485 12546
f 5165 5226 5227
f 5165 5227 5166
f 12485 12547 12546
f 12485 12486 12547
f 5166 5227 5228
f 5166 5228 5167
f 12486 12548 12547
f 12486 12487 12548
f 5167 5228 5229
f 5167 5229 5168
f 12487 12549 12548
f 12487 12488 12549
f 5168 5229 5230
f 5168 5230 5169
f 12488 12550 12549
f 12488 12489 12550
f 5169 5230 5231
f 5169 5231 5170
f 12489 12551 12550
f 12489 12490 12551
f 5170 5231 5232
f 5170 5232 5171
f 12490 12552 12551
f 12490 12491 12552
f 5171 5232 5233
f 5171 5233 5172
f 12491 12553 12552
f 12491 12492 12553
f 5172 5233 5234
f 5172 5234 5173
f 12492 12554 12553
f 12492 12493 12554
f 5173 5234 5235
f 5173 5235 5174
f 12493 12555 12554
f 12493 12494 12555
f 5174 5235 5236
f 5174 5236 5175
f 12494 12556 12555
f 12494 12495 12556
f 5175 5236 5237
f 5175 5237 5176
f 12495 12557 12556
f 12495 12496 12557
f 5176 5237 5238
f 5176 5238 5177
f 12496 12558 12557
f 12496 12497 12558
f 5177 5238 5239
f 5177 5239 5178
f 12497 12559 12558
f 12497 12498 12559
f 5178 5239 5240
f 5178 5240 5179
f 12498 12560 12559
f 12498 12499 12560
f 5179 5240 5241
f 5179 5241 5180
f 12499 12561 12560
f 12499 12500 12561
f 5180 5241 5242
f 5180 5242 5181
f 12500 12562 12561
f 12500 12501 12562
f 5181 5242 5243
f 5181 5243 5182
f 12501 12563 12562
f 12501 12502 12563
f 5182 5243 5244
f 5182 5244 5183
f 12502 12564 12563
f 12502 12503 12564
f 5183 5244 5245
f 5183 5245 5184
f 12503 12565 12564
f 12503 12504 12565
f 5184 5245 5246
f 5184 5246 5185
f 12504 12566 12565
f 12504 12505 12566
f 5186 5247 5248
f 5186 5248 5187
f 12506 12568 12567
f 12506 12507 12568
f 5187 5248 5249
f 5187 5249 5188
f 12507 12569 12568
f 12507 12508 12569
f 5188 5249 5250
f 5188 5250 5189
f 12508 12570 12569
f 12508 12509 12570
f 5189 5250 5251
f 5189 5251 5190
f 12509 12571 12570
f 12509 12510 12571
f 5190 5251 5252
f 5190 5252 5191
f 12510 12572 12571
f 12510 12511 12572
f 5191 5252 5253
f 5191 5253 5192
f 12511 12573 12572
f 12511 12512 12573
f 5192 5253 5254
f 5192 5254 5193
f 12512 12574 12573
f 12512 12513 12574
f 5193 5254 5255
f 5193 5255 5194
f 12513 12575 12574
f 12513 12514 12575
f 5194 5255 5256
f 5194 5256 5195
f 12514 12576 12575
f 12514 12515 12576
f 5195 5256 5257
f 5195 5257 5196
f 12515 12577 12576
f 12515 12516 12577
f 5196 5257 5258
f 5196 5258 5197
f 12516 12578 12577
f 12516 12517 12578
f 5197 5258 5259
f 5197 5259 5198
f 12517 12579 12578
f 12517 12518 12579
f 5198 5259 5260
f 5198 5260 5199
f 12518 12580 12579
f 12518 12519 12580
f 5199 5260 5261
f 5199 5261 5200
f 12519 12581 12580
f 12519 12520 12581
f 5200 5261 5262
f 5200 5262 5201
f 12520 12582 12581
f 12520 12521 12582
f 5201 5262 5263
f 5201 5263 5202
f 12521 12583 12582
f 12521 12522 12583
f 5202 5263 5264
f 5202 5264 5203
f 12522 12584 12583
f 12522 12523 12584
f 5203 5264 5265
f 5203 5265 5204
f 12523 12585 12584
f 12523 12524 12585
f 5204 5265 5266
f 5204 5266 5205
f 12524 12586 12585
f 12524 12525 12586
f 5205 5266 5267
f 5205 5267 5206
f 12525 12587 12586
f 12525 12526 12587
f 5206 5267 5268
f 5206 5268 5207
f 12526 12588 12587
f 12526 12527 12588
f 5207 5268 5269
f 5207 5269 5208
f 12527 12589 12588
f 12527 12528 12589
f 5208 5269 5270
f 5208 5270 5209
f 12528 12590 12589
f 12528 12529 12590
f 5209 5270 5271
f 5209 5271 5210
f 12529 12591 12590
f 12529 12530 12591
f 5210 5271 5272
f 5210 5272 5211
f 12530 12592 12591
f 12530 12531 12592
f 5211 5272 5273
f 5211 5273 5212
f 12531 12593 12592
f 12531 12532 12593
f 5212 5273 5274
f 5212 5274 5213
f 12532 12594 12593
f 12532 12533 12594
f 5213 5274 5275
f 5213 5275 5214
f 12533 12595 12594
f 12533 12534 12595
f 5214 5275 5276
f 5214 5276 5215
f 12534 12596 12595
f 12534 12535 12596
f 5215 5276 5277
f 5215 5277 5216
f 12535 12597 12596
f 12535 12536 12597
f 5216 5277 5278
f 5216 5278 5217
f 12536 12598 12597
f 12536 12537 12598
f 5217 5278 5279
f 5217 5279 5218
f 12537 12599 12598
f 12537 12538 12599
f 5218 5279 5280
f 5218 5280 5219
f 12538 12600 12599
f 12538 12539 12600
f 5219 5280 5281
f 5219 5281 5220
f 12539 12601 12600
f 12539 12540 12601
f 5220 5281 5282
f 5220 5282 5221
f 12540 12602 12601
f 12540 12541 12602
f 5221 5282 5283
f 5221 5283 5222
f 12541 12603 12602
f 12541 12542 12603
f 5222 5283 5284
f 5222 5284 5223
f 12542 12604 12603
f 12542 12543 12604
f 5223 5284 5285
f 5223 5285 5224
f 12543 12605 12604
f 12543 12544 12605
f 5224 5285 5286
f 5224 5286 5225
f 12544 12606 12605
f 12544 12545 12606
f 5225 5286 5287
f 5225 5287 5226
f 12545 12607 12606
f 12545 12546 12607
f 5226 5287 5288
f 5226 5288 5227
f 12546 12608 12607
f 12546 12547 12608
f 5227 5288 5289
f 5227 5289 5228
f 12547 12609 12608
f 12547 12548 12609
f 5228 5289 5290
f 5228 5290 5229
f 12548 12610 12609
f 12548 12549 12610
f 5229 5290 5291
f 5229 5291 5230
f 12549 12611 12610
f 12549 12550 12611
f 5230 5291 5292
f 5230 5292 5231
f 12550 12612 12611
f 12550 12551 12612
f 5231 5292 5293
f 5231 5293 5232
f 12551 12613 12612
f 12551 12552 12613
f 5232 5293 5294
f 5232 5294 5233
f 12552 12614 12613
f 12552 12553 12614
f 5233 5294 5295
f 5233 5295 5234
f 12553 12615 12614
f 12553 12554 12615
f 5234 5295 5296
f 5234 5296 5235
f 12554 12616 12615
f 12554 12555 12616
f 5235 5296 5297
f 5235 5297 5236
f 12555 12617 12616
f 12555 12556 12617
f 5236 5297 5298
f 5236 5298 5237
f 12556 12618 12617
f 12556 12557 12618
f 5237 5298 5299
f 5237 5299 5238
f 12557 12619 12618
f 12557 12558 12619
f 5238 5299 5300
f 5238 5300 5239
f 12558 12620 12619
f 12558 12559 12620
f 5239 5300 5301
f 5239 5301 5240
f 12559 12621 12620
f 12559 12560 12621
f 5240 5301 5302
f 5240 5302 5241
f 12560 12622 12621
f 12560 12561 12622
f 5241 5302 5303
f 5241 5303 5242
f 12561 12623 12622
f 12561 12562 12623
f 5242 5303 5304
f 5242 5304 5243
f 12562 12624 12623
f 12562 12563 12624
f 5243 5304 5305
f 5243 5305 5244
f 12563 12625 12624
f 12563 12564 12625
f 5244 5305 5306
f 5244 5306 5245
f 12564 12626 12625
f 12564 12565 12626
f 5245 5306 5307
f 5245 5307 5246
f 12565 12627 12626
f 12565 12566 12627
f 5247 5308 5309
f 5247 5309 5248
f 12567 12629 12628
f 12567 12568 12629
f 5248 5309 5310
f 5248 5310 5249
f 12568 12630 12629
f 12568 12569 12630
f 5249 5310 5311
f 5249 5311 5250
f 12569 12631 12630
f 12569 12570 12631
f 5250 5311 5312
f 5250 5312 5251
f 12570 12632 12631
f 12570 12571 12632
f 5251 5312 5313
f 5251 5313 5252
f 12571 12633 12632
f 12571 12572 12633
f 5252 5313 5314
f 5252 5314 5253
f 12572 12634 12633
f 12572 12573 12634
f 5253 5314 5315
f 5253 5315 5254
f 12573 12635 12634
f 12573 12574 12635
f 5254 5315 5316
f 5254 5316 5255
f 12574 12636 12635
f 12574 12575 12636
f 5255 5316 5317
f 5255 5317 5256
f 12575 12637 12636
f 12575 12576 12637
f 5256 5317 5318
f 5256 5318 5257
f 12576 12638 12637
f 12576 12577 12638
f 5257 5318 5319
f 5257 5319 5258
f 12577 12639 12638
f 12577 12578 12639
f 5258 5319 5320
f 5258 5320 5259
f 12578 12640 12639
f 12578 12579 12640
f 5259 5320 5321
f 5259 5321 5260
f 12579 12641 12640
f 12579 12580 12641
f 5260 5321 5322
f 5260 5322 5261
f 12580 12642 12641
f 12580 12581 12642
f 5261 5322 5323
f 5261 5323 5262
f 12581 12643 12642
f 12581 12582 12643
f 5262 5323 5324
f 5262 5324 5263
f 12582 12644 12643
f 12582 12583 12644
f 5263 5324 5325
f 5263 5325 5264
f 12583 12645 12644
f 12583 12584 12645
f 5264 5325 5326
f 5264 5326 5265
f 12584 12646 12645
f 12584 12585 12646
f 5265 5326 5327
f 5265 5327 5266
f 12585 12647 12646
f 12585 12586 12647
f 5266 5327 5328
f 5266 5328 5267
f 12586 12648 12647
f 12586 12587 12648
f 5267 5328 5329
f 5267 5329 5268
f 12587 12649 12648
f 12587 12588 12649
f 5268 5329 5330
f 5268 5330 5269
f 12588 12650 12649
f 12588 12589 12650
f 5269 5330 5331
f 5269 5331 5270
f 12589 12651 12650
f 12589 12590 12651
f 5270 5331 5332
f 5270 5332 5271
f 12590 12652 12651
f 12590 12591 12652
f 5271 5332 5333
f 5271 5333 5272
f 12591 12653 12652
f 12591 12592 12653
f 5272 5333 5334
f 5272 5334 5273
f 12592 12654 12653
f 12592 12593 12654
f 5273 5334 5335
f 5273 5335 5274
f 12593 12655 12654
f 12593 12594 12655
f 5274 5335 5336
f 5274 5336 5275
f 12594 12656 12655
f 12594 12595 12656
f 5275 5336 5337
f 5275 5337 5276
f 12595 12657 12656
f 12595 12596 12657
f 5276 5337 5338
f 5276 5338 5277
f 12596 12658 12657
f 12596 12597 12658
f 5277 5338 5339
f 5277 5339 5278
f 12597 12659 12658
f 12597 12598 12659
f 5278 5339 5340
f 5278 5340 5279
f 12598 12660 12659
f 12598 12599 12660
f 5279 5340 5341
f 5279 5341 5280
f 12599 12661 12660
f 12599 12600 12661
f 5280 5341 5342
f 5280 5342 5281
f 12600 12662 12661
f 12600 12601 12662
f 5281 5342 5343
f 5281 5343 5282
f 12601 12663 12662
f 12601 12602 12663
f 5282 5343 5344
f 5282 5344 5283
f 12602 12664 12663
f 12602 12603 12664
f 5283 5344 5345
f 5283 5345 5284
f 12603 12665 12664
f 12603 12604 12665
f 5284 5345 5346
f 5284 5346 5285
f 12604 12666 12665
f 12604 12605 12666
f 5285 5346 5347
f 5285 5347 5286
f 12605 12667 12666
f 12605 12606 12667
f 5286 5347 5348
f 5286 5348 5287
f 12606 12668 12667
f 12606 12607 12668
f 5287 5348 5349
f 5287 5349 5288
f 12607 12669 12668
f 12607 12608 12669
f 5288 5349 5350
f 5288 5350 5289
f 12608 12670 12669
f 12608 12609 12670
f 5289 5350 5351
f 5289 5351 5290
f 12609 12671 12670
f 12609 12610 12671
f 5290 5351 5352
f 5290 5352 5291
f 12610 12672 12671
f 12610 12611 12672
f 5291 5352 5353
f 5291 5353 5292
f 12611 12673 12672
f 12611 12612 12673
f 5292 5353 5354
f 5292 5354 5293
f 12612 12674 12673
f 12612 12613 12674
f 5293 5354 5355
f 5293 5355 5294
f 12613 12675 12674
f 12613 12614 12675
f 5294 5355 5356
f 5294 5356 5295
f 12614 12676 12675
f 12614 12615 12676
f 5295 5356 5357
f 5295 5357 5296
f 12615 12677 12676
f 12615 12616 12677
f 5296 5357 5358
f 5296 5358 5297
f 12616 12678 12677
f 12616 12617 12678
f 5297 5358 5359
f 5297 5359 5298
f 12617 12679 12678
f 12617 12618 12679
f 5298 5359 5360
f 5298 5360 5299
f 12618 12680 12679
f 12618 12619 12680
f 5299 5360 5361
f 5299 5361 5300
f 12619 12681 12680
f 12619 12620 12681
f 5300 5361 5362
f 5300 5362 5301
f 12620 12682 12681
f 12620 12621 12682
f 5301 5362 5363
f 5301 5363 5302
f 12621 12683 12682
f 12621 12622 12683
f 5302 5363 5364
f 5302 5364 5303
f 12622 12684 12683
f 12622 12623 12684
f 5303 5364 5365
f 5303 5365 5304
f 12623 12685 12684
f 12623 12624 12685
f 5304 5365 5366
f 5304 5366 5305
f 12624 12686 12685
f 12624 12625 12686
f 5305 5366 5367
f 5305 5367 5306
f 12625 12687 12686
f 12625 12626 12687
f 5306 5367 5368
f 5306 5368 5307
f 12626 12688 12687
f 12626 12627 12688
f 5308 5369 5370
f 5308 5370 5309
f 12628 12690 12689
f 12628 12629 12690
f 5309 5370 5371
f 5309 5371 5310
f 12629 12691 12690
f 12629 12630 12691
f 5310 5371 5372
f 5310 5372 5311
f 12630 12692 12691
f 12630 12631 12692
f 5311 5372 5373
f 5311 5373 5312
f 12631 12693 12692
f 12631 12632 12693
f 5312 5373 5374
f 5312 5374 5313
f 12632 12694 12693
f 12632 12633 12694
f 5313 5374 5375
f 5313 5375 5314
f 12633 12695 12694
f 12633 12634 12695
f 5314 5375 5376
f 5314 5376 5315
f 12634 12696 12695
f 12634 12635 12696
f 5315 5376 5377
f 5315 5377 5316
f 12635 12697 12696
f 12635 12636 12697
f 5316 5377 5378
f 5316 5378 5317
f 12636 12698 12697
f 12636 12637 12698
f 5317 5378 5379
f 5317 5379 5318
f 12637 12699 12698
f 12637 12638 12699
f 5318 5379 5380
f 5318 5380 5319
f 12638 12700 12699
f 12638 12639 12700
f 5319 5380 5381
f 5319 5381 5320
f 12639 12701 12700
f 12639 12640 12701
f 5320 5381 5382
f 5320 5382 5321
f 12640 12702 12701
f 12640 12641 12702
f 5321 5382 5383
f 5321 5383 5322
f 12641 12703 12702
f 12641 12642 12703
f 5322 5383 5384
f 5322 5384 5323
f 12642 12704 12703
f 12642 12643 12704
f 5323 5384 5385
f 5323 5385 5324
f 12643 12705 12704
f 12643 12644 12705
f 5324 5385 5386
f 5324 5386 5325
f 12644 12706 12705
f 12644 12645 12706
f 5325 5386 5387
f 5325 5387 5326
f 12645 12707 12706
f 12645 12646 12707
f 5326 5387 5388
f 5326 5388 5327
f 12646 12708 12707
f 12646 12647 12708
f 5327 5388 5389
f 5327 5389 5328
f 12647 12709 12708
f 12647 12648 12709
f 5328 5389 5390
f 5328 5390 5329
f 12648 12710 12709
f 12648 12649 12710
f 5329 5390 5391
f 5329 5391 5330
f 12649 12711 12710
f 12649 12650 12711
f 5330 5391 5392
f 5330 5392 5331
f 12650 12712 12711
f 12650 12651 12712
f 5331 5392 5393
f 5331 5393 5332
f 12651 12713 12712
f 12651 12652 12713
f 5332 5393 5394
f 5332 5394 5333
f 12652 12714 12713
f 12652 12653 12714
f 5333 5394 5395
f 5333 5395 5334
f 12653 12715 12714
f 12653 12654 12715
f 5334 5395 5396
f 5334 5396 5335
f 12654 12716 12715
f 12654 12655 12716
f 5335 5396 5397
f 5335 5397 5336
f 12655 12717 12716
f 12655 12656 12717
f 5336 5397 5398
f 5336 5398 5337
f 12656 12718 12717
f 12656 12657 12718
f 5337 5398 5399
f 5337 5399 5338
f 12657 12719 12718
f 12657 12658 12719
f 5338 5399 5400
f 5338 5400 5339
f 12658 12720 12719
f 12658 12659 12720
f 5339 5400 5401
f 5339 5401 5340
f 12659 12721 12720
f 12659 12660 12721
f 5340 5401 5402
f 5340 5402 5341
f 12660 12722 12721
f 12660 12661 12722
f 5341 5402 5403
f 5341 5403 5342
f 12661 12723 12722
f 12661 12662 12723
f 5342 5403 5404
f 5342 5404 5343
f 12662 12724 12723
f 12662 12663 12724
f 5343 5404 5405
f 5343 5405 5344
f 12663 12725 12724
f 12663 12664 12725
f 5344 5405 5406
f 5344 5406 5345
f 12664 12726 12725
f 12664 12665 12726
f 5345 5406 5407
f 5345 5407 5346
f 12665 12727 12726
f 12665 12666 12727
f 5346 5407 5408
f 5346 5408 5347
f 12666 12728 12727
f 12666 12667 12728
f 5347 5408 5409
f 5347 5409 5348
f 12667 12729 12728
f 12667 12668 12729
f 5348 5409 5410
f 5348 5410 5349
f 12668 12730 12729
f 12668 12669 12730
f 5349 5410 5411
f 5349 5411 5350
f 12669 12731 12730
f 12669 12670 12731
f 5350 5411 5412
f 5350 5412 5351
f 12670 12732 12731
f 12670 12671 12732
f 5351 5412 5413
f 5351 5413 5352
f 12671 12733 12732
f 12671 12672 12733
f 5352 5413 5414
f 5352 5414 5353
f 12672 12734 12733
f 12672 12673 12734
f 5353 5414 5415
f 5353 5415 5354
f 12673 12735 12734
f 12673 12674 12735
f 5354 5415 5416
f 5354 5416 5355
f 12674 12736 12735
f 12674 12675 12736
f 5355 5416 5417
f 5355 5417 5356
f 12675 12737 12736
f 12675 12676 12737
f 5356 5417 5418
f 5356 5418 5357
f 12676 12738 12737
f 12676 12677 12738
f 5357 5418 5419
f 5357 5419 5358
f 12677 12739 12738
f 12677 12678 12739
f 5358 5419 5420
f 5358 5420 5359
f 12678 12740 12739
f 12678 12679 12740
f 5359 5420 5421
f 5359 5421 5360
f 12679 12741 12740
f 12679 12680 12741
f 5360 5421 5422
f 5360 5422 5361
f 12680 12742 12741
f 12680 12681 12742
f 5361 5422 5423
f 5361 5423 5362
f 12681 12743 12742
f 12681 12682 12743
f 5362 5423 5424
f 5362 5424 5363
f 12682 12744 12743
f 12682 12683 12744
f 5363 5424 5425
f 5363 5425 5364
f 12683 12745 12744
f 12683 12684 12745
f 5364 5425 5426
f 5364 5426 5365
f 12684 12746 12745
f 12684 12685 12746
f 5365 5426 5427
f 5365 5427 5366
f 12685 12747 12746
f 12685 12686 12747
f 5366 5427 5428
f 5366 5428 5367
f 12686 12748 12747
f 12686 12687 12748
f 5367 5428 5429
f 5367 5429 5368
f 12687 12749 12748
f 12687 12688 12749
f 5369 5430 5431
f 5369 5431 5370
f 12689 12751 12750
f 12689 12690 12751
f 5370 5431 5432
f 5370 5432 5371
f 12690 12752 12751
f 12690 12691 12752
f 5371 5432 5433
f 5371 5433 5372
f 12691 12753 12752
f 12691 12692 12753
f 5372 5433 5434
f 5372 5434 5373
f 12692 12754 12753
f 12692 12693 12754
f 5373 5434 5435
f 5373 5435 5374
f 12693 12755 12754
f 12693 12694 12755
f 5374 5435 5436
f 5374 5436 5375
f 12694 12756 12755
f 12694 12695 12756
f 5375 5436 5437
f 5375 5437 5376
f 12695 12757 12756
f 12695 12696 12757
f 5376 5437 5438
f 5376 5438 5377
f 12696 12758 12757
f 12696 12697 12758
f 5377 5438 5439
f 5377 5439 5378
f 12697 12759 12758
f 12697 12698 12759
f 5378 5439 5440
f 5378 5440 5379
f 12698 12760 12759
f 12698 12699 12760
f 5379 5440 5441
f 5379 5441 5380
f 12699 12761 12760
f 12699 12700 12761
f 5380 5441 5442
f 5380 5442 5381
f 12700 12762 12761
f 12700 12701 12762
f 5381 5442 5443
f 5381 5443 5382
f 12701 12763 12762
f 12701 12702 12763
f 5382 5443 5444
f 5382 5444 5383
f 12702 12764 12763
f 12702 12703 12764
f 5383 5444 5445
f 5383 5445 5384
f 12703 12765 12764
f 12703 12704 12765
f 5384 5445 5446
f 5384 5446 5385
f 12704 12766 12765
f 12704 12705 12766
f 5385 5446 5447
f 5385 5447 5386
f 12705 12767 12766
f 12705 12706 12767
f 5386 5447 5448
f 5386 5448 5387
f 12706 12768 12767
f 12706 12707 12768
f 5387 5448 5449
f 5387 5449 5388
f 12707 12769 12768
f 12707 12708 12769
f 5388 5449 5450
f 5388 5450 5389
f 12708 12770 12769
f 12708 12709 12770
f 5389 5450 5451
f 5389 5451 5390
f 12709 12771 12770
f 12709 12710 12771
f 5390 5451 5452
f 5390 5452 5391
f 12710 12772 12771
f 12710 12711 12772
f 5391 5452 5453
f 5391 5453 5392
f 12711 12773 12772
f 12711 12712 12773
f 5392 5453 5454
f 5392 5454 5393
f 12712 12774 12773
f 12712 12713 12774
f 5393 5454 5455
f 5393 5455 5394
f 12713 12775 12774
f 12713 12714 12775
f 5394 5455 5456
f 5394 5456 5395
f 12714 12776 12775
f 12714 12715 12776
f 5395 5456 5457
f 5395 5457 5396
f 12715 12777 12776
f 12715 12716 12777
f 5396 5457 5458
f 5396 5458 5397
f 12716 12778 12777
f 12716 12717 12778
f 5397 5458 5459
f 5397 5459 5398
f 12717 12779 12778
f 12717 12718 12779
f 5398 5459 5460
f 5398 5460 5399
f 12718 12780 12779
f 12718 12719 12780
f 5399 5460 5461
f 5399 5461 5400
f 12719 12781 12780
f 12719 12720 12781
f 5400 5461 5462
f 5400 5462 5401
f 12720 12782 12781
f 12720 12721 12782
f 5401 5462 5463
f 5401 5463 5402
f 12721 12783 12782
f 12721 12722 12783
f 5402 5463 5464
f 5402 5464 5403
f 12722 12784 12783
f 12722 12723 12784
f 5403 5464 5465
f 5403 5465 5404
f 12723 12785 12784
f 12723 12724 12785
f 5404 5465 5466
f 5404 5466 5405
f 12724 12786 12785
f 12724 12725 12786
f 5405 5466 5467
f 5405 5467 5406
f 12725 12787 12786
f 12725 12726 12787
f 5406 5467 5468
f 5406 5468 5407
f 12726 12788 12787
f 12726 12727 12788
f 5407 5468 5469
f 5407 5469 5408
f 12727 12789 12788
f 12727 12728 12789
f 5408 5469 5470
f 5408 5470 5409
f 12728 12790 12789
f 12728 12729 12790
f 5409 5470 5471
f 5409 5471 5410
f 12729 12791 12790
f 12729 12730 12791
f 5410 5471 5472
f 5410 5472 5411
f 12730 12792 12791
f 12730 12731 12792
f 5411 5472 5473
f 5411 5473 5412
f 12731 12793 12792
f 12731 12732 12793
f 5412 5473 5474
f 5412 5474 5413
f 12732 12794 12793
f 12732 12733 12794
f 5413 5474 5475
f 5413 5475 5414
f 12733 12795 12794
f 12733 12734 12795
f 5414 5475 5476
f 5414 5476 5415
f 12734 12796 12795
f 12734 12735 12796
f 5415 5476 5477
f 5415 5477 5416
f 12735 12797 12796
f 12735 12736 12797
f 5416 5477 5478
f 5416 5478 5417
f 12736 12798 12797
f 12736 12737 12798
f 5417 5478 5479
f 5417 5479 5418
f 12737 12799 12798
f 12737 12738 12799
f 5418 5479 5480
f 5418 5480 5419
f 12738 12800 12799
f 12738 12739 12800
f 5419 5480 5481
f 5419 5481 5420
f 12739 12801 12800
f 12739 12740 12801
f 5420 5481 5482
f 5420 5482 5421
f 12740 12802 12801
f 12740 12741 12802
f 5421 5482 5483
f 5421 5483 5422
f 12741 12803 12802
f 12741 12742 12803
f 5422 5483 5484
f 5422 5484 5423
f 12742 12804 12803
f 12742 12743 12804
f 5423 5484 5485
f 5423 5485 5424
f 12743 12805 12804
f 12743 12744 12805
f 5424 5485 5486
f 5424 5486 5425
f 12744 12806 12805
f 12744 12745 12806
f 5425 5486 5487
f 5425 5487 5426
f 12745 12807 12806
f 12745 12746 12807
f 5426 5487 5488
f 5426 5488 5427
f 12746 12808 12807
f 12746 12747 12808
f 5427 5488 5489
f 5427 5489 5428
f 12747 12809 12808
f 12747 12748 12809
f 5428 5489 5490
f 5428 5490 5429
f 12748 12810 12809
f 12748 12749 12810
f 5430 5491 5492
f 5430 5492 5431
f 12750 12812 12811
f 12750 12751 12812
f 5431 5492 5493
f 5431 5493 5432
f 12751 12813 12812
f 12751 12752 12813
f 5432 5493 5494
f 5432 5494 5433
f 12752 12814 12813
f 12752 12753 12814
f 5433 5494 5495
f 5433 5495 5434
f 12753 12815 12814
f 12753 12754 12815
f 5434 5495 5496
f 5434 5496 5435
f 12754 12816 12815
f 12754 12755 12816
f 5435 5496 5497
f 5435 5497 5436
f 12755 12817 12816
f 12755 12756 12817
f 5436 5497 5498
f 5436 5498 5437
f 12756 12818 12817
f 12756 12757 12818
f 5437 5498 5499
f 5437 5499 5438
f 12757 12819 12818
f 12757 12758 12819
f 5438 5499 5500
f 5438 5500 5439
f 12758 12820 12819
f 12758 12759 12820
f 5439 5500 5501
f 5439 5501 5440
f 12759 12821 12820
f 12759 12760 12821
f 5440 5501 5502
f 5440 5502 5441
f 12760 12822 12821
f 12760 12761 12822
f 5441 5502 5503
f 5441 5503 5442
f 12761 12823 12822
f 12761 12762 12823
f 5442 5503 5504
f 5442 5504 5443
f 12762 12824 12823
f 12762 12763 12824
f 5443 5504 5505
f 5443 5505 5444
f 12763 12825 12824
f 12763 12764 12825
f 5444 5505 5506
f 5444 5506 5445
f 12764 12826 12825
f 12764 12765 12826
f 5445 5506 5507
f 5445 5507 5446
f 12765 12827 12826
f 12765 12766 12827
f 5446 5507 5508
f 5446 5508 5447
f 12766 12828 12827
f 12766 12767 12828
f 5447 5508 5509
f 5447 5509 5448
f 12767 12829 12828
f 12767 12768 12829
f 5448 5509 5510
f 5448 5510 5449
f 12768 12830 12829
f 12768 12769 12830
f 5449 5510 5511
f 5449 5511 5450
f 12769 12831 12830
f 12769 12770 12831
f 5450 5511 5512
f 5450 5512 5451
f 12770 12832 12831
f 12770 12771 12832
f 5451 5512 5513
f 5451 5513 5452
f 12771 12833 12832
f 12771 12772 12833
f 5452 5513 5514
f 5452 5514 5453
f 12772 12834 12833
f 12772 12773 12834
f 5453 5514 5515
f 5453 5515 5454
f 12773 12835 12834
f 12773 12774 12835
f 5454 5515 5516
f 5454 5516 5455
f 12774 12836 12835
f 12774 12775 12836
f 5455 5516 5517
f 5455 5517 5456
f 12775 12837 12836
f 12775 12776 12837
f 5456 5517 5518
f 5456 5518 5457
f 12776 12838 12837
f 12776 12777 12838
f 5457 5518 5519
f 5457 5519 5458
f 12777 12839 12838
f 12777 12778 12839
f 5458 5519 5520
f 5458 5520 5459
f 12778 12840 12839
f 12778 12779 12840
f 5459 5520 5521
f 5459 5521 5460
f 12779 12841 12840
f 12779 12780 12841
f 5460 5521 5522
f 5460 5522 5461
f 12780 12842 12841
f 12780 12781 12842
f 5461 5522 5523
f 5461 5523 5462
f 12781 12843 12842
f 12781 12782 12843
f 5462 5523 5524
f 5462 5524 5463
f 12782 12844 12843
f 12782 12783 12844
f 5463 5524 5525
f 5463 5525 5464
f 12783 12845 12844
f 12783 12784 12845
f 5464 5525 5526
f 5464 5526 5465
f 12784 12846 12845
f 12784 12785 12846
f 5465 5526 5527
f 5465 5527 5466
f 12785 12847 12846
f 12785 12786 12847
f 5466 5527 5528
f 5466 5528 5467
f 12786 12848 12847
f 12786 12787 12848
f 5467 5528 5529
f 5467 5529 5468
f 12787 12849 12848
f 12787 12788 12849
f 5468 5529 5530
f 5468 5530 5469
f 12788 12850 12849
f 12788 12789 12850
f 5469 5530 5531
f 5469 5531 5470
f 12789 12851 12850
f 12789 12790 12851
f 5470 5531 5532
f 5470 5532 5471
f 12790 12852 12851
f 12790 12791 12852
f 5471 5532 5533
f 5471 5533 5472
f 12791 12853 12852
f 12791 12792 12853
f 5472 5533 5534
f 5472 5534 5473
f 12792 12854 12853
f 12792 12793 12854
f 5473 5534 5535
f 5473 5535 5474
f 12793 12855 12854
f 12793 12794 12855
f 5474 5535 5536
f 5474 5536 5475
f 12794 12856 12855
f 12794 12795 12856
f 5475 5536 5537
f 5475 5537 5476
f 12795 12857 12856
f 12795 12796 12857
f 5476 5537 5538
f 5476 5538 5477
f 12796 12858 12857
f 12796 12797 12858
f 5477 5538 5539
f 5477 5539 5478
f 12797 12859 12858
f 12797 12798 12859
f 5478 5539 5540
f 5478 5540 5479
f 12798 12860 12859
f 12798 12799 12860
f 5479 5540 5541
f 5479 5541 5480
f 12799 12861 12860
f 12799 12800 12861
f 5480 5541 5542
f 5480 5542 5481
f 12800 12862 12861
f 12800 12801 12862
f 5481 5542 5543
f 5481 5543 5482
f 12801 12863 12862
f 12801 12802 12863
f 5482 5543 5544
f 5482 5544 5483
f 12802 12864 12863
f 12802 12803 12864
f 5483 5544 5545
f 5483 5545 5484
f 12803 12865 12864
f 12803 12804 12865
f 5484 5545 5546
f 5484 5546 5485
f 12804 12866 12865
f 12804 12805 12866
f 5485 5546 5547
f 5485 5547 5486
f 12805 12867 12866
f 12805 12806 12867
f 5486 5547 5548
f 5486 5548 5487
f 12806 12868 12867
f 12806 12807 12868
f 5487 5548 5549
f 5487 5549 5488
f 12807 12869 12868
f 12807 12808 12869
f 5488 5549 5550
f 5488 5550 5489
f 12808 12870 12869
f 12808 12809 12870
f 5489 5550 5551
f 5489 5551 5490
f 12809 12871 12870
f 12809 12810 12871
f 5491 5552 5553
f 5491 5553 5492
f 12811 12873 12872
f 12811 12812 12873
f 5492 5553 5554
f 5492 5554 5493
f 12812 12874 12873
f 12812 12813 12874
f 5493 5554 5555
f 5493 5555 5494
f 12813 12875 12874
f 12813 12814 12875
f 5494 5555 5556
f 5494 5556 5495
f 12814 12876 12875
f 12814 12815 12876
f 5495 5556 5557
f 5495 5557 5496
f 12815 12877 12876
f 12815 12816 12877
f 5496 5557 5558
f 5496 5558 5497
f 12816 12878 12877
f 12816 12817 12878
f 5497 5558 5559
f 5497 5559 5498
f 12817 12879 12878
f 12817 12818 12879
f 5498 5559 5560
f 5498 5560 5499
f 12818 12880 12879
f 12818 12819 12880
f 5499 5560 5561
f 5499 5561 5500
f 12819 12881 12880
f 12819 12820 12881
f 5500 5561 5562
f 5500 5562 5501
f 12820 12882 12881
f 12820 12821 12882
f 5501 5562 5563
f 5501 5563 5502
f 12821 12883 12882
f 12821 12822 12883
f 5502 5563 5564
f 5502 5564 5503
f 12822 12884 12883
f 12822 12823 12884
f 5503 5564 5565
f 5503 5565 5504
f 12823 12885 12884
f 12823 12824 12885
f 5504 5565 5566
f 5504 5566 5505
f 12824 12886 12885
f 12824 12825 12886
f 5505 5566 5567
f 5505 5567 5506
f 12825 12887 12886
f 12825 12826 12887
f 5506 5567 5568
f 5506 5568 5507
f 12826 12888 12887
f 12826 12827 12888
f 5507 5568 5569
f 5507 5569 5508
f 12827 12889 12888
f 12827 12828 12889
f 5508 5569 5570
f 5508 5570 5509
f 12828 12890 12889
f 12828 12829 12890
f 5509 5570 5571
f 5509 5571 5510
f 12829 12891 12890
f 12829 12830 12891
f 5510 5571 5572
f 5510 5572 5511
f 12830 12892 12891
f 12830 12831 12892
f 5511 5572 5573
f 5511 5573 5512
f 12831 12893 12892
f 12831 12832 12893
f 5512 5573 5574
f 5512 5574 5513
f 12832 12894 12893
f 12832 12833 12894
f 5513 5574 5575
f 5513 5575 5514
f 12833 12895 12894
f 12833 12834 12895
f 5514 5575 5576
f 5514 5576 5515
f 12834 12896 12895
f 12834 12835 12896
f 5515 5576 5577
f 5515 5577 5516
f 12835 12897 12896
f 12835 12836 12897
f 5516 5577 5578
f 5516 5578 5517
f 12836 12898 12897
f 12836 12837 12898
f 5517 5578 5579
f 5517 5579 5518
f 12837 12899 12898
f 12837 12838 12899
f 5518 5579 5580
f 5518 5580 5519
f 12838 12900 12899
f 12838 12839 12900
f 5519 5580 5581
f 5519 5581 5520
f 12839 12901 12900
f 12839 12840 12901
f 5520 5581 5582
f 5520 5582 5521
f 12840 12902 12901
f 12840 12841 12902
f 5521 5582 5583
f 5521 5583 5522
f 12841 12903 12902
f 12841 12842 12903
f 5522 5583 5584
f 5522 5584 5523
f 12842 12904 12903
f 12842 12843 12904
f 5523 5584 5585
f 5523 5585 5524
f 12843 12905 12904
f 12843 12844 12905
f 5524 5585 5586
f 5524 5586 5525
f 12844 12906 12905
f 12844 12845 12906
f 5525 5586 5587
f 5525 5587 5526
f 12845 12907 12906
f 12845 12846 12907
f 5526 5587 5588
f 5526 5588 5527
f 12846 12908 12907
f 12846 12847 12908
f 5527 5588 5589
f 5527 5589 5528
f 12847 12909 12908
f 12847 12848 12909
f 5528 5589 5590
f 5528 5590 5529
f 12848 12910 12909
f 12848 12849 12910
f 5529 5590 5591
f 5529 5591 5530
f 12849 12911 12910
f 12849 12850 12911
f 5530 5591 5592
f 5530 5592 5531
f 12850 12912 12911
f 12850 12851 12912
f 5531 5592 5593
f 5531 5593 5532
f 12851 12913 12912
f 12851 12852 12913
f 5532 5593 5594
f 5532 5594 5533
f 12852 12914 12913
f 12852 12853 12914
f 5533 5594 5595
f 5533 5595 5534
f 12853 12915 12914
f 12853 12854 12915
f 5534 5595 5596
f 5534 5596 5535
f 12854 12916 12915
f 12854 12855 12916
f 5535 5596 5597
f 5535 5597 5536
f 12855 12917 12916
f 12855 12856 12917
f 5536 5597 5598
f 5536 5598 5537
f 12856 12918 12917
f 12856 12857 12918
f 5537 5598 5599
f 5537 5599 5538
f 12857 12919 12918
f 12857 12858 12919
f 5538 5599 5600
f 5538 5600 5539
f 12858 12920 12919
f 12858 12859 12920
f 5539 5600 5601
f 5539 5601 5540
f 12859 12921 12920
f 12859 12860 12921
f 5540 5601 5602
f 5540 5602 5541
f 12860 12922 12921
f 12860 12861 12922
f 5541 5602 5603
f 5541 5603 5542
f 12861 12923 12922
f 12861 12862 12923
f 5542 5603 5604
f 5542 5604 5543
f 12862 12924 12923
f 12862 12863 12924
f 5543 5604 5605
f 5543 5605 5544
f 12863 12925 12924
f 12863 12864 12925
f 5544 5605 5606
f 5544 5606 5545
f 12864 12926 12925
f 12864 12865 12926
f 5545 5606 5607
f 5545 5607 5546
f 12865 12927 12926
f 12865 12866 12927
f 5546 5607 5608
f 5546 5608 5547
f 12866 12928 12927
f 12866 12867 12928
f 5547 5608 5609
f 5547 5609 5548
f 12867 12929 12928
f 12867 12868 12929
f 5548 5609 5610
f 5548 5610 5549
f 12868 12930 12929
f 12868 12869 12930
f 5549 5610 5611
f 5549 5611 5550
f 12869 12931 12930
f 12869 12870 12931
f 5550 5611 5612
f 5550 5612 5551
f 12870 12932 12931
f 12870 12871 12932
f 5552 5613 5614
f 5552 5614 5553
f 12872 12934 12933
f 12872 12873 12934
f 5553 5614 5615
f 5553 5615 5554
f 12873 12935 12934
f 12873 12874 12935
f 5554 5615 5616
f 5554 5616 5555
f 12874 12936 12935
f 12874 12875 12936
f 5555 5616 5617
f 5555 5617 5556
f 12875 12937 12936
f 12875 12876 12937
f 5556 5617 5618
f 5556 5618 5557
f 12876 12938 12937
f 12876 12877 12938
f 5557 5618 5619
f 5557 5619 5558
f 12877 12939 12938
f 12877 12878 12939
f 5558 5619 5620
f 5558 5620 5559
f 12878 12940 12939
f 12878 12879 12940
f 5559 5620 5621
f 5559 5621 5560
f 12879 12941 12940
f 12879 12880 12941
f 5560 5621 5622
f 5560 5622 5561
f 12880 12942 12941
f 12880 12881 12942
f 5561 5622 5623
f 5561 5623 5562
f 12881 12943 12942
f 12881 12882 12943
f 5562 5623 5624
f 5562 5624 5563
f 12882 12944 12943
f 12882 12883 12944
f 5563 5624 5625
f 5563 5625 5564
f 12883 12945 12944
f 12883 12884 12945
f 5564 5625 5626
f 5564 5626 5565
f 12884 12946 12945
f 12884 12885 12946
f 5565 5626 5627
f 5565 5627 5566
f 12885 12947 12946
f 12885 12886 12947
f 5566 5627 5628
f 5566 5628 5567
f 12886 12948 12947
f 12886 12887 12948
f 5567 5628 5629
f 5567 5629 5568
f 12887 12949 12948
f 12887 12888 12949
f 5568 5629 5630
f 5568 5630 5569
f 12888 12950 12949
f 12888 12889 12950
f 5569 5630 5631
f 5569 5631 5570
f 12889 12951 12950
f 12889 12890 12951
f 5570 5631 5632
f 5570 5632 5571
f 12890 12952 12951
f 12890 12891 12952
f 5571 5632 5633
f 5571 5633 5572
f 12891 12953 12952
f 12891 12892 12953
f 5572 5633 5634
f 5572 5634 5573
f 12892 12954 12953
f 12892 12893 12954
f 5573 5634 5635
f 5573 5635 5574
f 12893 12955 12954
f 12893 12894 12955
f 5574 5635 5636
f 5574 5636 5575
f 12894 12956 12955
f 12894 12895 12956
f 5575 5636 5637
f 5575 5637 5576
f 12895 12957 12956
f 12895 12896 12957
f 5576 5637 5638
f 5576 5638 5577
f 12896 12958 12957
f 12896 12897 12958
f 5577 5638 5639
f 5577 5639 5578
f 12897 12959 12958
f 12897 12898 12959
f 5578 5639 5640
f 5578 5640 5579
f 12898 12960 12959
f 12898 12899 12960
f 5579 5640 5641
f 5579 5641 5580
f 12899 12961 12960
f 12899 12900 12961
f 5580 5641 5642
f 5580 5642 5581
f 12900 12962 12961
f 12900 12901 12962
f 5581 5642 5643
f 5581 5643 5582
f 12901 12963 12962
f 12901 12902 12963
f 5582 5643 5644
f 5582 5644 5583
f 12902 12964 12963
f 12902 12903 12964
f 5583 5644 5645
f 5583 5645 5584
f 12903 12965 12964
f 12903 12904 12965
f 5584 5645 5646
f 5584 5646 5585
f 12904 12966 12965
f 12904 12905 12966
f 5585 5646 5647
f 5585 5647 5586
f 12905 12967 12966
f 12905 12906 12967
f 5586 5647 5648
f 5586 5648 5587
f 12906 12968 12967
f 12906 12907 12968
f 5587 5648 5649
f 5587 5649 5588
f 12907 12969 12968
f 12907 12908 12969
f 5588 5649 5650
f 5588 5650 5589
f 12908 12970 12969
f 12908 12909 12970
f 5589 5650 5651
f 5589 5651 5590
f 12909 12971 12970
f 12909 12910 12971
f 5590 5651 5652
f 5590 5652 5591
f 12910 12972 12971
f 12910 12911 12972
f 5591 5652 5653
f 5591 5653 5592
f 12911 12973 12972
f 12911 12912 12973
f 5592 5653 5654
f 5592 5654 5593
f 12912 12974 12973
f 12912 12913 12974
f 5593 5654 5655
f 5593 5655 5594
f 12913 12975 12974
f 12913 12914 12975
f 5594 5655 5656
f 5594 5656 5595
f 12914 12976 12975
f 12914 12915 12976
f 5595 5656 5657
f 5595 5657 5596
f 12915 12977 12976
f 12915 12916 12977
f 5596 5657 5658
f 5596 5658 5597
f 12916 12978 12977
f 12916 12917 12978
f 5597 5658 5659
f 5597 5659 5598
f 12917 12979 12978
f 12917 12918 12979
f 5598 5659 5660
f 5598 5660 5599
f 12918 12980 12979
f 12918 12919 12980
f 5599 5660 5661
f 5599 5661 5600
f 12919 12981 12980
f 12919 12920 12981
f 5600 5661 5662
f 5600 5662 5601
f 12920 12982 12981
f 12920 12921 12982
f 5601 5662 5663
f 5601 5663 5602
f 12921 12983 12982
f 12921 12922 12983
f 5602 5663 5664
f 5602 5664 5603
f 12922 12984 12983
f 12922 12923 12984
f 5603 5664 5665
f 5603 5665 5604
f 12923 12985 12984
f 12923 12924 12985
f 5604 5665 5666
f 5604 5666 5605
f 12924 12986 12985
f 12924 12925 12986
f 5605 5666 5667
f 5605 5667 5606
f 12925 12987 12986
f 12925 12926 12987
f 5606 5667 5668
f 5606 5668 5607
f 12926 12988 12987
f 12926 12927 12988
f 5607 5668 5669
f 5607 5669 5608
f 12927 12989 12988
f 12927 12928 12989
f 5608 5669 5670
f 5608 5670 5609
f 12928 12990 12989
f 12928 12929 12990
f 5609 5670 5671
f 5609 5671 5610
f 12929 12991 12990
f 12929 12930 12991
f 5610 5671 5672
f 5610 5672 5611
f 12930 12992 12991
f 12930 12931 12992
f 5611 5672 5673
f 5611 5673 5612
f 12931 12993 12992
f 12931 12932 12993
f 5613 5674 5675
f 5613 5675 5614
f 12933 12995 12994
f 12933 12934 12995
f 5614 5675 5676
f 5614 5676 5615
f 12934 12996 12995
f 12934 12935 12996
f 5615 5676 5677
f 5615 5677 5616
f 12935 12997 12996
f 12935 12936 12997
f 5616 5677 5678
f 5616 5678 5617
f 12936 12998 12997
f 12936 12937 12998
f 5617 5678 5679
f 5617 5679 5618
f 12937 12999 12998
f 12937 12938 12999
f 5618 5679 5680
f 5618 5680 5619
f 12938 13000 12999
f 12938 12939 13000
f 5619 5680 5681
f 5619 5681 5620
f 12939 13001 13000
f 12939 12940 13001
f 5620 5681 5682
f 5620 5682 5621
f 12940 13002 13001
f 12940 12941 13002
f 5621 5682 5683
f 5621 5683 5622
f 12941 13003 13002
f 12941 12942 13003
f 5622 5683 5684
f 5622 5684 5623
f 12942 13004 13003
f 12942 12943 13004
f 5623 5684 5685
f 5623 5685 5624
f 12943 13005 13004
f 12943 12944 13005
f 5624 5685 5686
f 5624 5686 5625
f 12944 13006 13005
f 12944 12945 13006
f 5625 5686 5687
f 5625 5687 5626
f 12945 13007 13006
f 12945 12946 13007
f 5626 5687 5688
f 5626 5688 5627
f 12946 13008 13007
f 12946 12947 13008
f 5627 5688 5689
f 5627 5689 5628
f 12947 13009 13008
f 12947 12948 13009
f 5628 5689 5690
f 5628 5690 5629
f 12948 13010 13009
f 12948 12949 13010
f 5629 5690 5691
f 5629 5691 5630
f 12949 13011 13010
f 12949 12950 13011
f 5630 5691 5692
f 5630 5692 5631
f 12950 13012 13011
f 12950 12951 13012
f 5631 5692 5693
f 5631 5693 5632
f 12951 13013 13012
f 12951 12952 13013
f 5632 5693 5694
f 5632 5694 5633
f 12952 13014 13013
f 12952 12953 13014
f 5633 5694 5695
f 5633 5695 5634
f 12953 13015 13014
f 12953 12954 13015
f 5634 5695 5696
f 5634 5696 5635
f 12954 13016 13015
f 12954 12955 13016
f 5635 5696 5697
f 5635 5697 5636
f 12955 13017 13016
f 12955 12956 13017
f 5636 5697 5698
f 5636 5698 5637
f 12956 13018 13017
f 12956 12957 13018
f 5637 5698 5699
f 5637 5699 5638
f 12957 13019 13018
f 12957 12958 13019
f 5638 5699 5700
f 5638 5700 5639
f 12958 13020 13019
f 12958 12959 13020
f 5639 5700 5701
f 5639 5701 5640
f 12959 13021 13020
f 12959 12960 13021
f 5640 5701 5702
f 5640 5702 5641
f 12960 13022 13021
f 12960 12961 13022
f 5641 5702 5703
f 5641 5703 5642
f 12961 13023 13022
f 12961 12962 13023
f 5642 5703 5704
f 5642 5704 5643
f 12962 13024 13023
f 12962 12963 13024
f 5643 5704 5705
f 5643 5705 5644
f 12963 13025 13024
f 12963 12964 13025
f 5644 5705 5706
f 5644 5706 5645
f 12964 13026 13025
f 12964 12965 13026
f 5645 5706 5707
f 5645 5707 5646
f 12965 13027 13026
f 12965 12966 13027
f 5646 5707 5708
f 5646 5708 5647
f 12966 13028 13027
f 12966 12967 13028
f 5647 5708 5709
f 5647 5709 5648
f 12967 13029 13028
f 12967 12968 13029
f 5648 5709 5710
f 5648 5710 5649
f 12968 13030 13029
f 12968 12969 13030
f 5649 5710 5711
f 5649 5711 5650
f 12969 13031 13030
f 12969 12970 13031
f 5650 5711 5712
f 5650 5712 5651
f 12970 13032 13031
f 12970 12971 13032
f 5651 5712 5713
f 5651 5713 5652
f 12971 13033 13032
f 12971 12972 13033
f 5652 5713 5714
f 5652 5714 5653
f 12972 13034 13033
f 12972 12973 13034
f 5653 5714 5715
f 5653 5715 5654
f 12973 13035 13034
f 12973 12974 13035
f 5654 5715 5716
f 5654 5716 5655
f 12974 13036 13035
f 12974 12975 13036
f 5655 5716 5717
f 5655 5717 5656
f 12975 13037 13036
f 12975 12976 13037
f 5656 5717 5718
f 5656 5718 5657
f 12976 13038 13037
f 12976 12977 13038
f 5657 5718 5719
f 5657 5719 5658
f 12977 13039 13038
f 12977 12978 13039
f 5658 5719 5720
f 5658 5720 5659
f 12978 13040 13039
f 12978 12979 13040
f 5659 5720 5721
f 5659 5721 5660
f 12979 13041 13040
f 12979 12980 13041
f 5660 5721 5722
f 5660 5722 5661
f 12980 13042 13041
f 12980 12981 13042
f 5661 5722 5723
f 5661 5723 5662
f 12981 13043 13042
f 12981 12982 13043
f 5662 5723 5724
f 5662 5724 5663
f 12982 13044 13043
f 12982 12983 13044
f 5663 5724 5725
f 5663 5725 5664
f 12983 13045 13044
f 12983 12984 13045
f 5664 5725 5726
f 5664 5726 5665
f 12984 13046 13045
f 12984 12985 13046
f 5665 5726 5727
f 5665 5727 5666
f 12985 13047 13046
f 12985 12986 13047
f 5666 5727 5728
f 5666 5728 5667
f 12986 13048 13047
f 12986 12987 13048
f 5667 5728 5729
f 5667 5729 5668
f 12987 13049 13048
f 12987 12988 13049
f 5668 5729 5730
f 5668 5730 5669
f 12988 13050 13049
f 12988 12989 13050
f 5669 5730 5731
f 5669 5731 5670
f 12989 13051 13050
f 12989 12990 13051
f 5670 5731 5732
f 5670 5732 5671
f 12990 13052 13051
f 12990 12991 13052
f 5671 5732 5733
f 5671 5733 5672
f 12991 13053 13052
f 12991 12992 13053
f 5672 5733 5734
f 5672 5734 5673
f 12992 13054 13053
f 12992 12993 13054
f 5674 5735 5736
f 5674 5736 5675
f 12994 13056 13055
f 12994 12995 13056
f 5675 5736 5737
f 5675 5737 5676
f 12995 13057 13056
f 12995 12996 13057
f 5676 5737 5738
f 5676 5738 5677
f 12996 13058 13057
f 12996 12997 13058
f 5677 5738 5739
f 5677 5739 5678
f 12997 13059 13058
f 12997 12998 13059
f 5678 5739 5740
f 5678 5740 5679
f 12998 13060 13059
f 12998 12999 13060
f 5679 5740 5741
f 5679 5741 5680
f 12999 13061 13060
f 12999 13000 13061
f 5680 5741 5742
f 5680 5742 5681
f 13000 13062 13061
f 13000 13001 13062
f 5681 5742 5743
f 5681 5743 5682
f 13001 13063 13062
f 13001 13002 13063
f 5682 5743 5744
f 5682 5744 5683
f 13002 13064 13063
f 13002 13003 13064
f 5683 5744 5745
f 5683 5745 5684
f 13003 13065 13064
f 13003 13004 13065
f 5684 5745 5746
f 5684 5746 5685
f 13004 13066 13065
f 13004 13005 13066
f 5685 5746 5747
f 5685 5747 5686
f 13005 13067 13066
f 13005 13006 13067
f 5686 5747 5748
f 5686 5748 5687
f 13006 13068 13067
f 13006 13007 13068
f 5687 5748 5749
f 5687 5749 5688
f 13007 13069 13068
f 13007 13008 13069
f 5688 5749 5750
f 5688 5750 5689
f 13008 13070 13069
f 13008 13009 13070
f 5689 5750 5751
f 5689 5751 5690
f 13009 13071 13070
f 13009 13010 13071
f 5690 5751 5752
f 5690 5752 5691
f 13010 13072 13071
f 13010 13011 13072
f 5691 5752 5753
f 5691 5753 5692
f 13011 13073 13072
f 13011 13012 13073
f 5692 5753 5754
f 5692 5754 5693
f 13012 13074 13073
f 13012 13013 13074
f 5693 5754 5755
f 5693 5755 5694
f 13013 13075 13074
f 13013 13014 13075
f 5694 5755 5756
f 5694 5756 5695
f 13014 13076 13075
f 13014 13015 13076
f 5695 5756 5757
f 5695 5757 5696
f 13015 13077 13076
f 13015 13016 13077
f 5696 5757 5758
f 5696 5758 5697
f 13016 13078 13077
f 13016 13017 13078
f 5697 5758 5759
f 5697 5759 5698
f 13017 13079 13078
f 13017 13018 13079
f 5698 5759 5760
f 5698 5760 5699
f 13018 13080 13079
f 13018 13019 13080
f 5699 5760 5761
f 5699 5761 5700
f 13019 13081 13080
f 13019 13020 13081
f 5700 5761 5762
f 5700 5762 5701
f 13020 13082 13081
f 13020 13021 13082
f 5701 5762 5763
f 5701 5763 5702
f 13021 13083 13082
f 13021 13022 13083
f 5702 5763 5764
f 5702 5764 5703
f 13022 13084 13083
f 13022 13023 13084
f 5703 5764 5765
f 5703 5765 5704
f 13023 13085 13084
f 13023 13024 13085
f 5704 5765 5766
f 5704 5766 5705
f 13024 13086 13085
f 13024 13025 13086
f 5705 5766 5767
f 5705 5767 5706
f 13025 13087 13086
f 13025 13026 13087
f 5706 5767 5768
f 5706 5768 5707
f 13026 13088 13087
f 13026 13027 13088
f 5707 5768 5769
f 5707 5769 5708
f 13027 13089 13088
f 13027 13028 13089
f 5708 5769 5770
f 5708 5770 5709
f 13028 13090 13089
f 13028 13029 13090
f 5709 5770 5771
f 5709 5771 5710
f 13029 13091 13090
f 13029 13030 13091
f 5710 5771 5772
f 5710 5772 5711
f 13030 13092 13091
f 13030 13031 13092
f 5711 5772 5773
f 5711 5773 5712
f 13031 13093 13092
f 13031 13032 13093
f 5712 5773 5774
f 5712 5774 5713
f 13032 13094 13093
f 13032 13033 13094
f 5713 5774 5775
f 5713 5775 5714
f 13033 13095 13094
f 13033 13034 13095
f 5714 5775 5776
f 5714 5776 5715
f 13034 13096 13095
f 13034 13035 13096
f 5715 5776 5777
f 5715 5777 5716
f 13035 13097 13096
f 13035 13036 13097
f 5716 5777 5778
f 5716 5778 5717
f 13036 13098 13097
f 13036 13037 13098
f 5717 5778 5779
f 5717 5779 5718
f 13037 13099 13098
f 13037 13038 13099
f 5718 5779 5780
f 5718 5780 5719
f 13038 13100 13099
f 13038 13039 13100
f 5719 5780 5781
f 5719 5781 5720
f 13039 13101 13100
f 13039 13040 13101
f 5720 5781 5782
f 5720 5782 5721
f 13040 13102 13101
f 13040 13041 13102
f 5721 5782 5783
f 5721 5783 5722
f 13041 13103 13102
f 13041 13042 13103
f 5722 5783 5784
f 5722 5784 5723
f 13042 13104 13103
f 13042 13043 13104
f 5723 5784 5785
f 5723 5785 5724
f 13043 13105 13104
f 13043 13044 13105
f 5724 5785 5786
f 5724 5786 5725
f 13044 13106 13105
f 13044 13045 13106
f 5725 5786 5787
f 5725 5787 5726
f 13045 13107 13106
f 13045 13046 13107
f 5726 5787 5788
f 5726 5788 5727
f 13046 13108 13107
f 13046 13047 13108
f 5727 5788 5789
f 5727 5789 5728
f 13047 13109 13108
f 13047 13048 13109
f 5728 5789 5790
f 5728 5790 5729
f 13048 13110 13109
f 13048 13049 13110
f 5729 5790 5791
f 5729 5791 5730
f 13049 13111 13110
f 13049 13050 13111
f 5730 5791 5792
f 5730 5792 5731
f 13050 13112 13111
f 13050 13051 13112
f 5731 5792 5793
f 5731 5793 5732
f 13051 13113 13112
f 13051 13052 13113
f 5732 5793 5794
f 5732 5794 5733
f 13052 13114 13113
f 13052 13053 13114
f 5733 5794 5795
f 5733 5795 5734
f 13053 13115 13114
f 13053 13054 13115
f 5735 5796 5797
f 5735 5797 5736
f 13055 13117 13116
f 13055 13056 13117
f 5736 5797 5798
f 5736 5798 5737
f 13056 13118 13117
f 13056 13057 13118
f 5737 5798 5799
f 5737 5799 5738
f 13057 13119 13118
f 13057 13058 13119
f 5738 5799 5800
f 5738 5800 5739
f 13058 13120 13119
f 13058 13059 13120
f 5739 5800 5801
f 5739 5801 5740
f 13059 13121 13120
f 13059 13060 13121
f 5740 5801 5802
f 5740 5802 5741
f 13060 13122 13121
f 13060 13061 13122
f 5741 5802 5803
f 5741 5803 5742
f 13061 13123 13122
f 13061 13062 13123
f 5742 5803 5804
f 5742 5804 5743
f 13062 13124 13123
f 13062 13063 13124
f 5743 5804 5805
f 5743 5805 5744
f 13063 13125 13124
f 13063 13064 13125
f 5744 5805 5806
f 5744 5806 5745
f 13064 13126 13125
f 13064 13065 13126
f 5745 5806 5807
f 5745 5807 5746
f 13065 13127 13126
f 13065 13066 13127
f 5746 5807 5808
f 5746 5808 5747
f 13066 13128 13127
f 13066 13067 13128
f 5747 5808 5809
f 5747 5809 5748
f 13067 13129 13128
f 13067 13068 13129
f 5748 5809 5810
f 5748 5810 5749
f 13068 13130 13129
f 13068 13069 13130
f 5749 5810 5811
f 5749 5811 5750
f 13069 13131 13130
f 13069 13070 13131
f 5750 5811 5812
f 5750 5812 5751
f 13070 13132 13131
f 13070 13071 13132
f 5751 5812 5813
f 5751 5813 5752
f 13071 13133 13132
f 13071 13072 13133
f 5752 5813 5814
f 5752 5814 5753
f 13072 13134 13133
f 13072 13073 13134
f 5753 5814 5815
f 5753 5815 5754
f 13073 13135 13134
f 13073 13074 13135
f 5754 5815 5816
f 5754 5816 5755
f 13074 13136 13135
f 13074 13075 13136
f 5755 5816 5817
f 5755 5817 5756
f 13075 13137 13136
f 13075 13076 13137
f 5756 5817 5818
f 5756 5818 5757
f 13076 13138 13137
f 13076 13077 13138
f 5757 5818 5819
f 5757 5819 5758
f 13077 13139 13138
f 13077 13078 13139
f 5758 5819 5820
f 5758 5820 5759
f 13078 13140 13139
f 13078 13079 13140
f 5759 5820 5821
f 5759 5821 5760
f 13079 13141 13140
f 13079 13080 13141
f 5760 5821 5822
f 5760 5822 5761
f 13080 13142 13141
f 13080 13081 13142
f 5761 5822 5823
f 5761 5823 5762
f 13081 13143 13142
f 13081 13082 13143
f 5762 5823 5824
f 5762 5824 5763
f 13082 13144 13143
f 13082 13083 13144
f 5763 5824 5825
f 5763 5825 5764
f 13083 13145 13144
f 13083 13084 13145
f 5764 5825 5826
f 5764 5826 5765
f 13084 13146 13145
f 13084 13085 13146
f 5765 5826 5827
f 5765 5827 5766
f 13085 13147 13146
f 13085 13086 13147
f 5766 5827 5828
f 5766 5828 5767
f 13086 13148 13147
f 13086 13087 13148
f 5767 5828 5829
f 5767 5829 5768
f 13087 13149 13148
f 13087 13088 13149
f 5768 5829 5830
f 5768 5830 5769
f 13088 13150 13149
f 13088 13089 13150
f 5769 5830 5831
f 5769 5831 5770
f 13089 13151 13150
f 13089 13090 13151
f 5770 5831 5832
f 5770 5832 5771
f 13090 13152 13151
f 13090 13091 13152
f 5771 5832 5833
f 5771 5833 5772
f 13091 13153 13152
f 13091 13092 13153
f 5772 5833 5834
f 5772 5834 5773
f 13092 13154 13153
f 13092 13093 13154
f 5773 5834 5835
f 5773 5835 5774
f 13093 13155 13154
f 13093 13094 13155
f 5774 5835 5836
f 5774 5836 5775
f 13094 13156 13155
f 13094 13095 13156
f 5775 5836 5837
f 5775 5837 5776
f 13095 13157 13156
f 13095 13096 13157
f 5776 5837 5838
f 5776 5838 5777
f 13096 13158 13157
f 13096 13097 13158
f 5777 5838 5839
f 5777 5839 5778
f 13097 13159 13158
f 13097 13098 13159
f 5778 5839 5840
f 5778 5840 5779
f 13098 13160 13159
f 13098 13099 13160
f 5779 5840 5841
f 5779 5841 5780
f 13099 13161 13160
f 13099 13100 13161
f 5780 5841 5842
f 5780 5842 5781
f 13100 13162 13161
f 13100 13101 13162
f 5781 5842 5843
f 5781 5843 5782
f 13101 13163 13162
f 13101 13102 13163
f 5782 5843 5844
f 5782 5844 5783
f 13102 13164 13163
f 13102 13103 13164
f 5783 5844 5845
f 5783 5845 5784
f 13103 13165 13164
f 13103 13104 13165
f 5784 5845 5846
f 5784 5846 5785
f 13104 13166 13165
f 13104 13105 13166
f 5785 5846 5847
f 5785 5847 5786
f 13105 13167 13166
f 13105 13106 13167
f 5786 5847 5848
f 5786 5848 5787
f 13106 13168 13167
f 13106 13107 13168
f 5787 5848 5849
f 5787 5849 5788
f 13107 13169 13168
f 13107 13108 13169
f 5788 5849 5850
f 5788 5850 5789
f 13108 13170 13169
f 13108 13109 13170
f 5789 5850 5851
f 5789 5851 5790
f 13109 13171 13170
f 13109 13110 13171
f 5790 5851 5852
f 5790 5852 5791
f 13110 13172 13171
f 13110 13111 13172
f 5791 5852 5853
f 5791 5853 5792
f 13111 13173 13172
f 13111 13112 13173
f 5792 5853 5854
f 5792 5854 5793
f 13112 13174 13173
f 13112 13113 13174
f 5793 5854 5855
f 5793 5855 5794
f 13113 13175 13174
f 13113 13114 13175
f 5794 5855 5856
f 5794 5856 5795
f 13114 13176 13175
f 13114 13115 13176
f 5796 5857 5858
f 5796 5858 5797
f 13116 13178 13177
f 13116 13117 13178
f 5797 5858 5859
f 5797 5859 5798
f 13117 13179 13178
f 13117 13118 13179
f 5798 5859 5860
f 5798 5860 5799
f 13118 13180 13179
f 13118 13119 13180
f 5799 5860 5861
f 5799 5861 5800
f 13119 13181 13180
f 13119 13120 13181
f 5800 5861 5862
f 5800 5862 5801
f 13120 13182 13181
f 13120 13121 13182
f 5801 5862 5863
f 5801 5863 5802
f 13121 13183 13182
f 13121 13122 13183
f 5802 5863 5864
f 5802 5864 5803
f 13122 13184 13183
f 13122 13123 13184
f 5803 5864 5865
f 5803 5865 5804
f 13123 13185 13184
f 13123 13124 13185
f 5804 5865 5866
f 5804 5866 5805
f 13124 13186 13185
f 13124 13125 13186
f 5805 5866 5867
f 5805 5867 5806
f 13125 13187 13186
f 13125 13126 13187
f 5806 5867 5868
f 5806 5868 5807
f 13126 13188 13187
f 13126 13127 13188
f 5807 5868 5869
f 5807 5869 5808
f 13127 13189 13188
f 13127 13128 13189
f 5808 5869 5870
f 5808 5870 5809
f 13128 13190 13189
f 13128 13129 13190
f 5809 5870 5871
f 5809 5871 5810
f 13129 13191 13190
f 13129 13130 13191
f 5810 5871 5872
f 5810 5872 5811
f 13130 13192 13191
f 13130 13131 13192
f 5811 5872 5873
f 5811 5873 5812
f 13131 13193 13192
f 13131 13132 13193
f 5812 5873 5874
f 5812 5874 5813
f 13132 13194 13193
f 13132 13133 13194
f 5813 5874 5875
f 5813 5875 5814
f 13133 13195 13194
f 13133 13134 13195
f 5814 5875 5876
f 5814 5876 5815
f 13134 13196 13195
f 13134 13135 13196
f 5815 5876 5877
f 5815 5877 5816
f 13135 13197 13196
f 13135 13136 13197
f 5816 5877 5878
f 5816 5878 5817
f 13136 13198 13197
f 13136 13137 13198
f 5817 5878 5879
f 5817 5879 5818
f 13137 13199 13198
f 13137 13138 13199
f 5818 5879 5880
f 5818 5880 5819
f 13138 13200 13199
f 13138 13139 13200
f 5819 5880 5881
f 5819 5881 5820
f 13139 13201 13200
f 13139 13140 13201
f 5820 5881 5882
f 5820 5882 5821
f 13140 13202 13201
f 13140 13141 13202
f 5821 5882 5883
f 5821 5883 5822
f 13141 13203 13202
f 13141 13142 13203
f 5822 5883 5884
f 5822 5884 5823
f 13142 13204 13203
f 13142 13143 13204
f 5823 5884 5885
f 5823 5885 5824
f 13143 13205 13204
f 13143 13144 13205
f 5824 5885 5886
f 5824 5886 5825
f 13144 13206 13205
f 13144 13145 13206
f 5825 5886 5887
f 5825 5887 5826
f 13145 13207 13206
f 13145 13146 13207
f 5826 5887 5888
f 5826 5888 5827
f 13146 13208 13207
f 13146 13147 13208
f 5827 5888 5889
f 5827 5889 5828
f 13147 13209 13208
f 13147 13148 13209
f 5828 5889 5890
f 5828 5890 5829
f 13148 13210 13209
f 13148 13149 13210
f 5829 5890 5891
f 5829 5891 5830
f 13149 13211 13210
f 13149 13150 13211
f 5830 5891 5892
f 5830 5892 5831
f 13150 13212 13211
f 13150 13151 13212
f 5831 5892 5893
f 5831 5893 5832
f 13151 13213 13212
f 13151 13152 13213
f 5832 5893 5894
f 5832 5894 5833
f 13152 13214 13213
f 13152 13153 13214
f 5833 5894 5895
f 5833 5895 5834
f 13153 13215 13214
f 13153 13154 13215
f 5834 5895 5896
f 5834 5896 5835
f 13154 13216 13215
f 13154 13155 13216
f 5835 5896 5897
f 5835 5897 5836
f 13155 13217 13216
f 13155 13156 13217
f 5836 5897 5898
f 5836 5898 5837
f 13156 13218 13217
f 13156 13157 13218
f 5837 5898 5899
f 5837 5899 5838
f 13157 13219 13218
f 13157 13158 13219
f 5838 5899 5900
f 5838 5900 5839
f 13158 13220 13219
f 13158 13159 13220
f 5839 5900 5901
f 5839 5901 5840
f 13159 13221 13220
f 13159 13160 13221
f 5840 5901 5902
f 5840 5902 5841
f 13160 13222 13221
f 13160 13161 13222
f 5841 5902 5903
f 5841 5903 5842
f 13161 13223 13222
f 13161 13162 13223
f 5842 5903 5904
f 5842 5904 5843
f 13162 13224 13223
f 13162 13163 13224
f 5843 5904 5905
f 5843 5905 5844
f 13163 13225 13224
f 13163 13164 13225
f 5844 5905 5906
f 5844 5906 5845
f 13164 13226 13225
f 13164 13165 13226
f 5845 5906 5907
f 5845 5907 5846
f 13165 13227 13226
f 13165 13166 13227
f 5846 5907 5908
f 5846 5908 5847
f 13166 13228 13227
f 13166 13167 13228
f 5847 5908 5909
f 5847 5909 5848
f 13167 13229 13228
f 13167 13168 13229
f 5848 5909 5910
f 5848 5910 5849
f 13168 13230 13229
f 13168 13169 13230
f 5849 5910 5911
f 5849 5911 5850
f 13169 13231 13230
f 13169 13170 13231
f 5850 5911 5912
f 5850 5912 5851
f 13170 13232 13231
f 13170 13171 13232
f 5851 5912 5913
f 5851 5913 5852
f 13171 13233 13232
f 13171 13172 13233
f 5852 5913 5914
f 5852 5914 5853
f 13172 13234 13233
f 13172 13173 13234
f 5853 5914 5915
f 5853 5915 5854
f 13173 13235 13234
f 13173 13174 13235
f 5854 5915 5916
f 5854 5916 5855
f 13174 13236 13235
f 13174 13175 13236
f 5855 5916 5917
f 5855 5917 5856
f 13175 13237 13236
f 13175 13176 13237
f 5857 5918 5919
f 5857 5919 5858
f 13177 13239 13238
f 13177 13178 13239
f 5858 5919 5920
f 5858 5920 5859
f 13178 13240 13239
f 13178 13179 13240
f 5859 5920 5921
f 5859 5921 5860
f 13179 13241 13240
f 13179 13180 13241
f 5860 5921 5922
f 5860 5922 5861
f 13180 13242 13241
f 13180 13181 13242
f 5861 5922 5923
f 5861 5923 5862
f 13181 13243 13242
f 13181 13182 13243
f 5862 5923 5924
f 5862 5924 5863
f 13182 13244 13243
f 13182 13183 13244
f 5863 5924 5925
f 5863 5925 5864
f 13183 13245 13244
f 13183 13184 13245
f 5864 5925 5926
f 5864 5926 5865
f 13184 13246 13245
f 13184 13185 13246
f 5865 5926 5927
f 5865 5927 5866
f 13185 13247 13246
f 13185 13186 13247
f 5866 5927 5928
f 5866 5928 5867
f 13186 13248 13247
f 13186 13187 13248
f 5867 5928 5929
f 5867 5929 5868
f 13187 13249 13248
f 13187 13188 13249
f 5868 5929 5930
f 5868 5930 5869
f 13188 13250 13249
f 13188 13189 13250
f 5869 5930 5931
f 5869 5931 5870
f 13189 13251 13250
f 13189 13190 13251
f 5870 5931 5932
f 5870 5932 5871
f 13190 13252 13251
f 13190 13191 13252
f 5871 5932 5933
f 5871 5933 5872
f 13191 13253 13252
f 13191 13192 13253
f 5872 5933 5934
f 5872 5934 5873
f 13192 13254 13253
f 13192 13193 13254
f 5873 5934 5935
f 5873 5935 5874
f 13193 13255 13254
f 13193 13194 13255
f 5874 5935 5936
f 5874 5936 5875
f 13194 13256 13255
f 13194 13195 13256
f 5875 5936 5937
f 5875 5937 5876
f 13195 13257 13256
f 13195 13196 13257
f 5876 5937 5938
f 5876 5938 5877
f 13196 13258 13257
f 13196 13197 13258
f 5877 5938 5939
f 5877 5939 5878
f 13197 13259 13258
f 13197 13198 13259
f 5878 5939 5940
f 5878 5940 5879
f 13198 13260 13259
f 13198 13199 13260
f 5879 5940 5941
f 5879 5941 5880
f 13199 13261 13260
f 13199 13200 13261
f 5880 5941 5942
f 5880 5942 5881
f 13200 13262 13261
f 13200 13201 13262
f 5881 5942 5943
f 5881 5943 5882
f 13201 13263 13262
f 13201 13202 13263
f 5882 5943 5944
f 5882 5944 5883
f 13202 13264 13263
f 13202 13203 13264
f 5883 5944 5945
f 5883 5945 5884
f 13203 13265 13264
f 13203 13204 13265
f 5884 5945 5946
f 5884 5946 5885
f 13204 13266 13265
f 13204 13205 13266
f 5885 5946 5947
f 5885 5947 5886
f 13205 13267 13266
f 13205 13206 13267
f 5886 5947 5948
f 5886 5948 5887
f 13206 13268 13267
f 13206 13207 13268
f 5887 5948 5949
f 5887 5949 5888
f 13207 13269 13268
f 13207 13208 13269
f 5888 5949 5950
f 5888 5950 5889
f 13208 13270 13269
f 13208 13209 13270
f 5889 5950 5951
f 5889 5951 5890
f 13209 13271 13270
f 13209 13210 13271
f 5890 5951 5952
f 5890 5952 5891
f 13210 13272 13271
f 13210 13211 13272
f 5891 5952 5953
f 5891 5953 5892
f 13211 13273 13272
f 13211 13212 13273
f 5892 5953 5954
f 5892 5954 5893
f 13212 13274 13273
f 13212 13213 13274
f 5893 5954 5955
f 5893 5955 5894
f 13213 13275 13274
f 13213 13214 13275
f 5894 5955 5956
f 5894 5956 5895
f 13214 13276 13275
f 13214 13215 13276
f 5895 5956 5957
f 5895 5957 5896
f 13215 13277 13276
f 13215 13216 13277
f 5896 5957 5958
f 5896 5958 5897
f 13216 13278 13277
f 13216 13217 13278
f 5897 5958 5959
f 5897 5959 5898
f 13217 13279 13278
f 13217 13218 13279
f 5898 5959 5960
f 5898 5960 5899
f 13218 13280 13279
f 13218 13219 13280
f 5899 5960 5961
f 5899 5961 5900
f 13219 13281 13280
f 13219 13220 13281
f 5900 5961 5962
f 5900 5962 5901
f 13220 13282 13281
f 13220 13221 13282
f 5901 5962 5963
f 5901 5963 5902
f 13221 13283 13282
f 13221 13222 13283
f 5902 5963 5964
f 5902 5964 5903
f 13222 13284 13283
f 13222 13223 13284
f 5903 5964 5965
f 5903 5965 5904
f 13223 13285 13284
f 13223 13224 13285
f 5904 5965 5966
f 5904 5966 5905
f 13224 13286 13285
f 13224 13225 13286
f 5905 5966 5967
f 5905 5967 5906
f 13225 13287 13286
f 13225 13226 13287
f 5906 5967 5968
f 5906 5968 5907
f 13226 13288 13287
f 13226 13227 13288
f 5907 5968 5969
f 5907 5969 5908
f 13227 13289 13288
f 13227 13228 13289
f 5908 5969 5970
f 5908 5970 5909
f 13228 13290 13289
f 13228 13229 13290
f 5909 5970 5971
f 5909 5971 5910
f 13229 13291 13290
f 13229 13230 13291
f 5910 5971 5972
f 5910 5972 5911
f 13230 13292 13291
f 13230 13231 13292
f 5911 5972 5973
f 5911 5973 5912
f 13231 13293 13292
f 13231 13232 13293
f 5912 5973 5974
f 5912 5974 5913
f 13232 13294 13293
f 13232 13233 13294
f 5913 5974 5975
f 5913 5975 5914
f 13233 13295 13294
f 13233 13234 13295
f 5914 5975 5976
f 5914 5976 5915
f 13234 13296 13295
f 13234 13235 13296
f 5915 5976 5977
f 5915 5977 5916
f 13235 13297 13296
f 13235 13236 13297
f 5916 5977 5978
f 5916 5978 5917
f 13236 13298 13297
f 13236 13237 13298
f 5918 5979 5980
f 5918 5980 5919
f 13238 13300 13299
f 13238 13239 13300
f 5919 5980 5981
f 5919 5981 5920
f 13239 13301 13300
f 13239 13240 13301
f 5920 5981 5982
f 5920 5982 5921
f 13240 13302 13301
f 13240 13241 13302
f 5921 5982 5983
f 5921 5983 5922
f 13241 13303 13302
f 13241 13242 13303
f 5922 5983 5984
f 5922 5984 5923
f 13242 13304 13303
f 13242 13243 13304
f 5923 5984 5985
f 5923 5985 5924
f 13243 13305 13304
f 13243 13244 13305
f 5924 5985 5986
f 5924 5986 5925
f 13244 13306 13305
f 13244 13245 13306
f 5925 5986 5987
f 5925 5987 5926
f 13245 13307 13306
f 13245 13246 13307
f 5926 5987 5988
f 5926 5988 5927
f 13246 13308 13307
f 13246 13247 13308
f 5927 5988 5989
f 5927 5989 5928
f 13247 13309 13308
f 13247 13248 13309
f 5928 5989 5990
f 5928 5990 5929
f 13248 13310 13309
f 13248 13249 13310
f 5929 5990 5991
f 5929 5991 5930
f 13249 13311 13310
f 13249 13250 13311
f 5930 5991 5992
f 5930 5992 5931
f 13250 13312 13311
f 13250 13251 13312
f 5931 5992 5993
f 5931 5993 5932
f 13251 13313 13312
f 13251 13252 13313
f 5932 5993 5994
f 5932 5994 5933
f 13252 13314 13313
f 13252 13253 13314
f 5933 5994 5995
f 5933 5995 5934
f 13253 13315 13314
f 13253 13254 13315
f 5934 5995 5996
f 5934 5996 5935
f 13254 13316 13315
f 13254 13255 13316
f 5935 5996 5997
f 5935 5997 5936
f 13255 13317 13316
f 13255 13256 13317
f 5936 5997 5998
f 5936 5998 5937
f 13256 13318 13317
f 13256 13257 13318
f 5937 5998 5999
f 5937 5999 5938
f 13257 13319 13318
f 13257 13258 13319
f 5938 5999 6000
f 5938 6000 5939
f 13258 13320 13319
f 13258 13259 13320
f 5939 6000 6001
f 5939 6001 5940
f 13259 13321 13320
f 13259 13260 13321
f 5940 6001 6002
f 5940 6002 5941
f 13260 13322 13321
f 13260 13261 13322
f 5941 6002 6003
f 5941 6003 5942
f 13261 13323 13322
f 13261 13262 13323
f 5942 6003 6004
f 5942 6004 5943
f 13262 13324 13323
f 13262 13263 13324
f 5943 6004 6005
f 5943 6005 5944
f 13263 13325 13324
f 13263 13264 13325
f 5944 6005 6006
f 5944 6006 5945
f 13264 13326 13325
f 13264 13265 13326
f 5945 6006 6007
f 5945 6007 5946
f 13265 13327 13326
f 13265 13266 13327
f 5946 6007 6008
f 5946 6008 5947
f 13266 13328 13327
f 13266 13267 13328
f 5947 6008 6009
f 5947 6009 5948
f 13267 13329 13328
f 13267 13268 13329
f 5948 6009 6010
f 5948 6010 5949
f 13268 13330 13329
f 13268 13269 13330
f 5949 6010 6011
f 5949 6011 5950
f 13269 13331 13330
f 13269 13270 13331
f 5950 6011 6012
f 5950 6012 5951
f 13270 13332 13331
f 13270 13271 13332
f 5951 6012 6013
f 5951 6013 5952
f 13271 13333 13332
f 13271 13272 13333
f 5952 6013 6014
f 5952 6014 5953
f 13272 13334 13333
f 13272 13273 13334
f 5953 6014 6015
f 5953 6015 5954
f 13273 13335 13334
f 13273 13274 13335
f 5954 6015 6016
f 5954 6016 5955
f 13274 13336 13335
f 13274 13275 13336
f 5955 6016 6017
f 5955 6017 5956
f 13275 13337 13336
f 13275 13276 13337
f 5956 6017 6018
f 5956 6018 5957
f 13276 13338 13337
f 13276 13277 13338
f 5957 6018 6019
f 5957 6019 5958
f 13277 13339 13338
f 13277 13278 13339
f 5958 6019 6020
f 5958 6020 5959
f 13278 13340 13339
f 13278 13279 13340
f 5959 6020 6021
f 5959 6021 5960
f 13279 13341 13340
f 13279 13280 13341
f 5960 6021 6022
f 5960 6022 5961
f 13280 13342 13341
f 13280 13281 13342
f 5961 6022 6023
f 5961 6023 5962
f 13281 13343 13342
f 13281 13282 13343
f 5962 6023 6024
f 5962 6024 5963
f 13282 13344 13343
f 13282 13283 13344
f 5963 6024 6025
f 5963 6025 5964
f 13283 13345 13344
f 13283 13284 13345
f 5964 6025 6026
f 5964 6026 5965
f 13284 13346 13345
f 13284 13285 13346
f 5965 6026 6027
f 5965 6027 5966
f 13285 13347 13346
f 13285 13286 13347
f 5966 6027 6028
f 5966 6028 5967
f 13286 13348 13347
f 13286 13287 13348
f 5967 6028 6029
f 5967 6029 5968
f 13287 13349 13348
f 13287 13288 13349
f 5968 6029 6030
f 5968 6030 5969
f 13288 13350 13349
f 13288 13289 13350
f 5969 6030 6031
f 5969 6031 5970
f 13289 13351 13350
f 13289 13290 13351
f 5970 6031 6032
f 5970 6032 5971
f 13290 13352 13351
f 13290 13291 13352
f 5971 6032 6033
f 5971 6033 5972
f 13291 13353 13352
f 13291 13292 13353
f 5972 6033 6034
f 5972 6034 5973
f 13292 13354 13353
f 13292 13293 13354
f 5973 6034 6035
f 5973 6035 5974
f 13293 13355 13354
f 13293 13294 13355
f 5974 6035 6036
f 5974 6036 5975
f 13294 13356 13355
f 13294 13295 13356
f 5975 6036 6037
f 5975 6037 5976
f 13295 13357 13356
f 13295 13296 13357
f 5976 6037 6038
f 5976 6038 5977
f 13296 13358 13357
f 13296 13297 13358
f 5977 6038 6039
f 5977 6039 5978
f 13297 13359 13358
f 13297 13298 13359
f 5979 6040 6041
f 5979 6041 5980
f 13299 13361 13360
f 13299 13300 13361
f 5980 6041 6042
f 5980 6042 5981
f 13300 13362 13361
f 13300 13301 13362
f 5981 6042 6043
f 5981 6043 5982
f 13301 13363 13362
f 13301 13302 13363
f 5982 6043 6044
f 5982 6044 5983
f 13302 13364 13363
f 13302 13303 13364
f 5983 6044 6045
f 5983 6045 5984
f 13303 13365 13364
f 13303 13304 13365
f 5984 6045 6046
f 5984 6046 5985
f 13304 13366 13365
f 13304 13305 13366
f 5985 6046 6047
f 5985 6047 5986
f 13305 13367 13366
f 13305 13306 13367
f 5986 6047 6048
f 5986 6048 5987
f 13306 13368 13367
f 13306 13307 13368
f 5987 6048 6049
f 5987 6049 5988
f 13307 13369 13368
f 13307 13308 13369
f 5988 6049 6050
f 5988 6050 5989
f 13308 13370 13369
f 13308 13309 13370
f 5989 6050 6051
f 5989 6051 5990
f 13309 13371 13370
f 13309 13310 13371
f 5990 6051 6052
f 5990 6052 5991
f 13310 13372 13371
f 13310 13311 13372
f 5991 6052 6053
f 5991 6053 5992
f 13311 13373 13372
f 13311 13312 13373
f 5992 6053 6054
f 5992 6054 5993
f 13312 13374 13373
f 13312 13313 13374
f 5993 6054 6055
f 5993 6055 5994
f 13313 13375 13374
f 13313 13314 13375
f 5994 6055 6056
f 5994 6056 5995
f 13314 13376 13375
f 13314 13315 13376
f 5995 6056 6057
f 5995 6057 5996
f 13315 13377 13376
f 13315 13316 13377
f 5996 6057 6058
f 5996 6058 5997
f 13316 13378 13377
f 13316 13317 13378
f 5997 6058 6059
f 5997 6059 5998
f 13317 13379 13378
f 13317 13318 13379
f 5998 6059 6060
f 5998 6060 5999
f 13318 13380 13379
f 13318 13319 13380
f 5999 6060 6061
f 5999 6061 6000
f 13319 13381 13380
f 13319 13320 13381
f 6000 6061 6062
f 6000 6062 6001
f 13320 13382 13381
f 13320 13321 13382
f 6001 6062 6063
f 6001 6063 6002
f 13321 13383 13382
f 13321 13322 13383
f 6002 6063 6064
f 6002 6064 6003
f 13322 13384 13383
f 13322 13323 13384
f 6003 6064 6065
f 6003 6065 6004
f 13323 13385 13384
f 13323 13324 13385
f 6004 6065 6066
f 6004 6066 6005
f 13324 13386 13385
f 13324 13325 13386
f 6005 6066 6067
f 6005 6067 6006
f 13325 13387 13386
f 13325 13326 13387
f 6006 6067 6068
f 6006 6068 6007
f 13326 13388 13387
f 13326 13327 13388
f 6007 6068 6069
f 6007 6069 6008
f 13327 13389 13388
f 13327 13328 13389
f 6008 6069 6070
f 6008 6070 6009
f 13328 13390 13389
f 13328 13329 13390
f 6009 6070 6071
f 6009 6071 6010
f 13329 13391 13390
f 13329 13330 13391
f 6010 6071 6072
f 6010 6072 6011
f 13330 13392 13391
f 13330 13331 13392
f 6011 6072 6073
f 6011 6073 6012
f 13331 13393 13392
f 13331 13332 13393
f 6012 6073 6074
f 6012 6074 6013
f 13332 13394 13393
f 13332 13333 13394
f 6013 6074 6075
f 6013 6075 6014
f 13333 13395 13394
f 13333 13334 13395
f 6014 6075 6076
f 6014 6076 6015
f 13334 13396 13395
f 13334 13335 13396
f 6015 6076 6077
f 6015 6077 6016
f 13335 13397 13396
f 13335 13336 13397
f 6016 6077 6078
f 6016 6078 6017
f 13336 13398 13397
f 13336 13337 13398
f 6017 6078 6079
f 6017 6079 6018
f 13337 13399 13398
f 13337 13338 13399
f 6018 6079 6080
f 6018 6080 6019
f 13338 13400 13399
f 13338 13339 13400
f 6019 6080 6081
f 6019 6081 6020
f 13339 13401 13400
f 13339 13340 13401
f 6020 6081 6082
f 6020 6082 6021
f 13340 13402 13401
f 13340 13341 13402
f 6021 6082 6083
f 6021 6083 6022
f 13341 13403 13402
f 13341 13342 13403
f 6022 6083 6084
f 6022 6084 6023
f 13342 13404 13403
f 13342 13343 13404
f 6023 6084 6085
f 6023 6085 6024
f 13343 13405 13404
f 13343 13344 13405
f 6024 6085 6086
f 6024 6086 6025
f 13344 13406 13405
f 13344 13345 13406
f 6025 6086 6087
f 6025 6087 6026
f 13345 13407 13406
f 13345 13346 13407
f 6026 6087 6088
f 6026 6088 6027
f 13346 13408 13407
f 13346 13347 13408
f 6027 6088 6089
f 6027 6089 6028
f 13347 13409 13408
f 13347 13348 13409
f 6028 6089 6090
f 6028 6090 6029
f 13348 13410 13409
f 13348 13349 13410
f 6029 6090 6091
f 6029 6091 6030
f 13349 13411 13410
f 13349 13350 13411
f 6030 6091 6092
f 6030 6092 6031
f 13350 13412 13411
f 13350 13351 13412
f 6031 6092 6093
f 6031 6093 6032
f 13351 13413 13412
f 13351 13352 13413
f 6032 6093 6094
f 6032 6094 6033
f 13352 13414 13413
f 13352 13353 13414
f 6033 6094 6095
f 6033 6095 6034
f 13353 13415 13414
f 13353 13354 13415
f 6034 6095 6096
f 6034 6096 6035
f 13354 13416 13415
f 13354 13355 13416
f 6035 6096 6097
f 6035 6097 6036
f 13355 13417 13416
f 13355 13356 13417
f 6036 6097 6098
f 6036 6098 6037
f 13356 13418 13417
f 13356 13357 13418
f 6037 6098 6099
f 6037 6099 6038
f 13357 13419 13418
f 13357 13358 13419
f 6038 6099 6100
f 6038 6100 6039
f 13358 13420 13419
f 13358 13359 13420
f 6040 6101 6102
f 6040 6102 6041
f 13360 13422 13421
f 13360 13361 13422
f 6041 6102 6103
f 6041 6103 6042
f 13361 13423 13422
f 13361 13362 13423
f 6042 6103 6104
f 6042 6104 6043
f 13362 13424 13423
f 13362 13363 13424
f 6043 6104 6105
f 6043 6105 6044
f 13363 13425 13424
f 13363 13364 13425
f 6044 6105 6106
f 6044 6106 6045
f 13364 13426 13425
f 13364 13365 13426
f 6045 6106 6107
f 6045 6107 6046
f 13365 13427 13426
f 13365 13366 13427
f 6046 6107 6108
f 6046 6108 6047
f 13366 13428 13427
f 13366 13367 13428
f 6047 6108 6109
f 6047 6109 6048
f 13367 13429 13428
f 13367 13368 13429
f 6048 6109 6110
f 6048 6110 6049
f 13368 13430 13429
f 13368 13369 13430
f 6049 6110 6111
f 6049 6111 6050
f 13369 13431 13430
f 13369 13370 13431
f 6050 6111 6112
f 6050 6112 6051
f 13370 13432 13431
f 13370 13371 13432
f 6051 6112 6113
f 6051 6113 6052
f 13371 13433 13432
f 13371 13372 13433
f 6052 6113 6114
f 6052 6114 6053
f 13372 13434 13433
f 13372 13373 13434
f 6053 6114 6115
f 6053 6115 6054
f 13373 13435 13434
f 13373 13374 13435
f 6054 6115 6116
f 6054 6116 6055
f 13374 13436 13435
f 13374 13375 13436
f 6055 6116 6117
f 6055 6117 6056
f 13375 13437 13436
f 13375 13376 13437
f 6056 6117 6118
f 6056 6118 6057
f 13376 13438 13437
f 13376 13377 13438
f 6057 6118 6119
f 6057 6119 6058
f 13377 13439 13438
f 13377 13378 13439
f 6058 6119 6120
f 6058 6120 6059
f 13378 13440 13439
f 13378 13379 13440
f 6059 6120 6121
f 6059 6121 6060
f 13379 13441 13440
f 13379 13380 13441
f 6060 6121 6122
f 6060 6122 6061
f 13380 13442 13441
f 13380 13381 13442
f 6061 6122 6123
f 6061 6123 6062
f 13381 13443 13442
f 13381 13382 13443
f 6062 6123 6124
f 6062 6124 6063
f 13382 13444 13443
f 13382 13383 13444
f 6063 6124 6125
f 6063 6125 6064
f 13383 13445 13444
f 13383 13384 13445
f 6064 6125 6126
f 6064 6126 6065
f 13384 13446 13445
f 13384 13385 13446
f 6065 6126 6127
f 6065 6127 6066
f 13385 13447 13446
f 13385 13386 13447
f 6066 6127 6128
f 6066 6128 6067
f 13386 13448 13447
f 13386 13387 13448
f 6067 6128 6129
f 6067 6129 6068
f 13387 13449 13448
f 13387 13388 13449
f 6068 6129 6130
f 6068 6130 6069
f 13388 13450 13449
f 13388 13389 13450
f 6069 6130 6131
f 6069 6131 6070
f 13389 13451 13450
f 13389 13390 13451
f 6070 6131 6132
f 6070 6132 6071
f 13390 13452 13451
f 13390 13391 13452
f 6071 6132 6133
f 6071 6133 6072
f 13391 13453 13452
f 13391 13392 13453
f 6072 6133 6134
f 6072 6134 6073
f 13392 13454 13453
f 13392 13393 13454
f 6073 6134 6135
f 6073 6135 6074
f 13393 13455 13454
f 13393 13394 13455
f 6074 6135 6136
f 6074 6136 6075
f 13394 13456 13455
f 13394 13395 13456
f 6075 6136 6137
f 6075 6137 6076
f 13395 13457 13456
f 13395 13396 13457
f 6076 6137 6138
f 6076 6138 6077
f 13396 13458 13457
f 13396 13397 13458
f 6077 6138 6139
f 6077 6139 6078
f 13397 13459 13458
f 13397 13398 13459
f 6078 6139 6140
f 6078 6140 6079
f 13398 13460 13459
f 13398 13399 13460
f 6079 6140 6141
f 6079 6141 6080
f 13399 13461 13460
f 13399 13400 13461
f 6080 6141 6142
f 6080 6142 6081
f 13400 13462 13461
f 13400 13401 13462
f 6081 6142 6143
f 6081 6143 6082
f 13401 13463 13462
f 13401 13402 13463
f 6082 6143 6144
f 6082 6144 6083
f 13402 13464 13463
f 13402 13403 13464
f 6083 6144 6145
f 6083 6145 6084
f 13403 13465 13464
f 13403 13404 13465
f 6084 6145 6146
f 6084 6146 6085
f 13404 13466 13465
f 13404 13405 13466
f 6085 6146 6147
f 6085 6147 6086
f 13405 13467 13466
f 13405 13406 13467
f 6086 6147 6148
f 6086 6148 6087
f 13406 13468 13467
f 13406 13407 13468
f 6087 6148 6149
f 6087 6149 6088
f 13407 13469 13468
f 13407 13408 13469
f 6088 6149 6150
f 6088 6150 6089
f 13408 13470 13469
f 13408 13409 13470
f 6089 6150 6151
f 6089 6151 6090
f 13409 13471 13470
f 13409 13410 13471
f 6090 6151 6152
f 6090 6152 6091
f 13410 13472 13471
f 13410 13411 13472
f 6091 6152 6153
f 6091 6153 6092
f 13411 13473 13472
f 13411 13412 13473
f 6092 6153 6154
f 6092 6154 6093
f 13412 13474 13473
f 13412 13413 13474
f 6093 6154 6155
f 6093 6155 6094
f 13413 13475 13474
f 13413 13414 13475
f 6094 6155 6156
f 6094 6156 6095
f 13414 13476 13475
f 13414 13415 13476
f 6095 6156 6157
f 6095 6157 6096
f 13415 13477 13476
f 13415 13416 13477
f 6096 6157 6158
f 6096 6158 6097
f 13416 13478 13477
f 13416 13417 13478
f 6097 6158 6159
f 6097 6159 6098
f 13417 13479 13478
f 13417 13418 13479
f 6098 6159 6160
f 6098 6160 6099
f 13418 13480 13479
f 13418 13419 13480
f 6099 6160 6161
f 6099 6161 6100
f 13419 13481 13480
f 13419 13420 13481
f 6101 6162 6163
f 6101 6163 6102
f 13421 13483 13482
f 13421 13422 13483
f 6102 6163 6164
f 6102 6164 6103
f 13422 13484 13483
f 13422 13423 13484
f 6103 6164 6165
f 6103 6165 6104
f 13423 13485 13484
f 13423 13424 13485
f 6104 6165 6166
f 6104 6166 6105
f 13424 13486 13485
f 13424 13425 13486
f 6105 6166 6167
f 6105 6167 6106
f 13425 13487 13486
f 13425 13426 13487
f 6106 6167 6168
f 6106 6168 6107
f 13426 13488 13487
f 13426 13427 13488
f 6107 6168 6169
f 6107 6169 6108
f 13427 13489 13488
f 13427 13428 13489
f 6108 6169 6170
f 6108 6170 6109
f 13428 13490 13489
f 13428 13429 13490
f 6109 6170 6171
f 6109 6171 6110
f 13429 13491 13490
f 13429 13430 13491
f 6110 6171 6172
f 6110 6172 6111
f 13430 13492 13491
f 13430 13431 13492
f 6111 6172 6173
f 6111 6173 6112
f 13431 13493 13492
f 13431 13432 13493
f 6112 6173 6174
f 6112 6174 6113
f 13432 13494 13493
f 13432 13433 13494
f 6113 6174 6175
f 6113 6175 6114
f 13433 13495 13494
f 13433 13434 13495
f 6114 6175 6176
f 6114 6176 6115
f 13434 13496 13495
f 13434 13435 13496
f 6115 6176 6177
f 6115 6177 6116
f 13435 13497 13496
f 13435 13436 13497
f 6116 6177 6178
f 6116 6178 6117
f 13436 13498 13497
f 13436 13437 13498
f 6117 6178 6179
f 6117 6179 6118
f 13437 13499 13498
f 13437 13438 13499
f 6118 6179 6180
f 6118 6180 6119
f 13438 13500 13499
f 13438 13439 13500
f 6119 6180 6181
f 6119 6181 6120
f 13439 13501 13500
f 13439 13440 13501
f 6120 6181 6182
f 6120 6182 6121
f 13440 13502 13501
f 13440 13441 13502
f 6121 6182 6183
f 6121 6183 6122
f 13441 13503 13502
f 13441 13442 13503
f 6122 6183 6184
f 6122 6184 6123
f 13442 13504 13503
f 13442 13443 13504
f 6123 6184 6185
f 6123 6185 6124
f 13443 13505 13504
f 13443 13444 13505
f 6124 6185 6186
f 6124 6186 6125
f 13444 13506 13505
f 13444 13445 13506
f 6125 6186 6187
f 6125 6187 6126
f 13445 13507 13506
f 13445 13446 13507
f 6126 6187 6188
f 6126 6188 6127
f 13446 13508 13507
f 13446 13447 13508
f 6127 6188 6189
f 6127 6189 6128
f 13447 13509 13508
f 13447 13448 13509
f 6128 6189 6190
f 6128 6190 6129
f 13448 13510 13509
f 13448 13449 13510
f 6129 6190 6191
f 6129 6191 6130
f 13449 13511 13510
f 13449 13450 13511
f 6130 6191 6192
f 6130 6192 6131
f 13450 13512 13511
f 13450 13451 13512
f 6131 6192 6193
f 6131 6193 6132
f 13451 13513 13512
f 13451 13452 13513
f 6132 6193 6194
f 6132 6194 6133
f 13452 13514 13513
f 13452 13453 13514
f 6133 6194 6195
f 6133 6195 6134
f 13453 13515 13514
f 13453 13454 13515
f 6134 6195 6196
f 6134 6196 6135
f 13454 13516 13515
f 13454 13455 13516
f 6135 6196 6197
f 6135 6197 6136
f 13455 13517 13516
f 13455 13456 13517
f 6136 6197 6198
f 6136 6198 6137
f 13456 13518 13517
f 13456 13457 13518
f 6137 6198 6199
f 6137 6199 6138
f 13457 13519 13518
f 13457 13458 13519
f 6138 6199 6200
f 6138 6200 6139
f 13458 13520 13519
f 13458 13459 13520
f 6139 6200 6201
f 6139 6201 6140
f 13459 13521 13520
f 13459 13460 13521
f 6140 6201 6202
f 6140 6202 6141
f 13460 13522 13521
f 13460 13461 13522
f 6141 6202 6203
f 6141 6203 6142
f 13461 13523 13522
f 13461 13462 13523
f 6142 6203 6204
f 6142 6204 6143
f 13462 13524 13523
f 13462 13463 13524
f 6143 6204 6205
f 6143 6205 6144
f 13463 13525 13524
f 13463 13464 13525
f 6144 6205 6206
f 6144 6206 6145
f 13464 13526 13525
f 13464 13465 13526
f 6145 6206 6207
f 6145 6207 6146
f 13465 13527 13526
f 13465 13466 13527
f 6146 6207 6208
f 6146 6208 6147
f 13466 13528 13527
f 13466 13467 13528
f 6147 6208 6209
f 6147 6209 6148
f 13467 13529 13528
f 13467 13468 13529
f 6148 6209 6210
f 6148 6210 6149
f 13468 13530 13529
f 13468 13469 13530
f 6149 6210 6211
f 6149 6211 6150
f 13469 13531 13530
f 13469 13470 13531
f 6150 6211 6212
f 6150 6212 6151
f 13470 13532 13531
f 13470 13471 13532
f 6151 6212 6213
f 6151 6213 6152
f 13471 13533 13532
f 13471 13472 13533
f 6152 6213 6214
f 6152 6214 6153
f 13472 13534 13533
f 13472 13473 13534
f 6153 6214 6215
f 6153 6215 6154
f 13473 13535 13534
f 13473 13474 13535
f 6154 6215 6216
f 6154 6216 6155
f 13474 13536 13535
f 13474 13475 13536
f 6155 6216 6217
f 6155 6217 6156
f 13475 13537 13536
f 13475 13476 13537
f 6156 6217 6218
f 6156 6218 6157
f 13476 13538 13537
f 13476 13477 13538
f 6157 6218 6219
f 6157 6219 6158
f 13477 13539 13538
f 13477 13478 13539
f 6158 6219 6220
f 6158 6220 6159
f 13478 13540 13539
f 13478 13479 13540
f 6159 6220 6221
f 6159 6221 6160
f 13479 13541 13540
f 13479 13480 13541
f 6160 6221 6222
f 6160 6222 6161
f 13480 13542 13541
f 13480 13481 13542
f 6162 6223 6224
f 6162 6224 6163
f 13482 13544 13543
f 13482 13483 13544
f 6163 6224 6225
f 6163 6225 6164
f 13483 13545 13544
f 13483 13484 13545
f 6164 6225 6226
f 6164 6226 6165
f 13484 13546 13545
f 13484 13485 13546
f 6165 6226 6227
f 6165 6227 6166
f 13485 13547 13546
f 13485 13486 13547
f 6166 6227 6228
f 6166 6228 6167
f 13486 13548 13547
f 13486 13487 13548
f 6167 6228 6229
f 6167 6229 6168
f 13487 13549 13548
f 13487 13488 13549
f 6168 6229 6230
f 6168 6230 6169
f 13488 13550 13549
f 13488 13489 13550
f 6169 6230 6231
f 6169 6231 6170
f 13489 13551 13550
f 13489 13490 13551
f 6170 6231 6232
f 6170 6232 6171
f 13490 13552 13551
f 13490 13491 13552
f 6171 6232 6233
f 6171 6233 6172
f 13491 13553 13552
f 13491 13492 13553
f 6172 6233 6234
f 6172 6234 6173
f 13492 13554 13553
f 13492 13493 13554
f 6173 6234 6235
f 6173 6235 6174
f 13493 13555 13554
f 13493 13494 13555
f 6174 6235 6236
f 6174 6236 6175
f 13494 13556 13555
f 13494 13495 13556
f 6175 6236 6237
f 6175 6237 6176
f 13495 13557 13556
f 13495 13496 13557
f 6176 6237 6238
f 6176 6238 6177
f 13496 13558 13557
f 13496 13497 13558
f 6177 6238 6239
f 6177 6239 6178
f 13497 13559 13558
f 13497 13498 13559
f 6178 6239 6240
f 6178 6240 6179
f 13498 13560 13559
f 13498 13499 13560
f 6179 6240 6241
f 6179 6241 6180
f 13499 13561 13560
f 13499 13500 13561
f 6180 6241 6242
f 6180 6242 6181
f 13500 13562 13561
f 13500 13501 13562
f 6181 6242 6243
f 6181 6243 6182
f 13501 13563 13562
f 13501 13502 13563
f 6182 6243 6244
f 6182 6244 6183
f 13502 13564 13563
f 13502 13503 13564
f 6183 6244 6245
f 6183 6245 6184
f 13503 13565 13564
f 13503 13504 13565
f 6184 6245 6246
f 6184 6246 6185
f 13504 13566 13565
f 13504 13505 13566
f 6185 6246 6247
f 6185 6247 6186
f 13505 13567 13566
f 13505 13506 13567
f 6186 6247 6248
f 6186 6248 6187
f 13506 13568 13567
f 13506 13507 13568
f 6187 6248 6249
f 6187 6249 6188
f 13507 13569 13568
f 13507 13508 13569
f 6188 6249 6250
f 6188 6250 6189
f 13508 13570 13569
f 13508 13509 13570
f 6189 6250 6251
f 6189 6251 6190
f 13509 13571 13570
f 13509 13510 13571
f 6190 6251 6252
f 6190 6252 6191
f 13510 13572 13571
f 13510 13511 13572
f 6191 6252 6253
f 6191 6253 6192
f 13511 13573 13572
f 13511 13512 13573
f 6192 6253 6254
f 6192 6254 6193
f 13512 13574 13573
f 13512 13513 13574
f 6193 6254 6255
f 6193 6255 6194
f 13513 13575 13574
f 13513 13514 13575
f 6194 6255 6256
f 6194 6256 6195
f 13514 13576 13575
f 13514 13515 13576
f 6195 6256 6257
f 6195 6257 6196
f 13515 13577 13576
f 13515 13516 13577
f 6196 6257 6258
f 6196 6258 6197
f 13516 13578 13577
f 13516 13517 13578
f 6197 6258 6259
f 6197 6259 6198
f 13517 13579 13578
f 13517 13518 13579
f 6198 6259 6260
f 6198 6260 6199
f 13518 13580 13579
f 13518 13519 13580
f 6199 6260 6261
f 6199 6261 6200
f 13519 13581 13580
f 13519 13520 13581
f 6200 6261 6262
f 6200 6262 6201
f 13520 13582 13581
f 13520 13521 13582
f 6201 6262 6263
f 6201 6263 6202
f 13521 13583 13582
f 13521 13522 13583
f 6202 6263 6264
f 6202 6264 6203
f 13522 13584 13583
f 13522 13523 13584
f 6203 6264 6265
f 6203 6265 6204
f 13523 13585 13584
f 13523 13524 13585
f 6204 6265 6266
f 6204 6266 6205
f 13524 13586 13585
f 13524 13525 13586
f 6205 6266 6267
f 6205 6267 6206
f 13525 13587 13586
f 13525 13526 13587
f 6206 6267 6268
f 6206 6268 6207
f 13526 13588 13587
f 13526 13527 13588
f 6207 6268 6269
f 6207 6269 6208
f 13527 13589 13588
f 13527 13528 13589
f 6208 6269 6270
f 6208 6270 6209
f 13528 13590 13589
f 13528 13529 13590
f 6209 6270 6271
f 6209 6271 6210
f 13529 13591 13590
f 13529 13530 13591
f 6210 6271 6272
f 6210 6272 6211
f 13530 13592 13591
f 13530 13531 13592
f 6211 6272 6273
f 6211 6273 6212
f 13531 13593 13592
f 13531 13532 13593
f 6212 6273 6274
f 6212 6274 6213
f 13532 13594 13593
f 13532 13533 13594
f 6213 6274 6275
f 6213 6275 6214
f 13533 13595 13594
f 13533 13534 13595
f 6214 6275 6276
f 6214 6276 6215
f 13534 13596 13595
f 13534 13535 13596
f 6215 6276 6277
f 6215 6277 6216
f 13535 13597 13596
f 13535 13536 13597
f 6216 6277 6278
f 6216 6278 6217
f 13536 13598 13597
f 13536 13537 13598
f 6217 6278 6279
f 6217 6279 6218
f 13537 13599 13598
f 13537 13538 13599
f 6218 6279 6280
f 6218 6280 6219
f 13538 13600 13599
f 13538 13539 13600
f 6219 6280 6281
f 6219 6281 6220
f 13539 13601 13600
f 13539 13540 13601
f 6220 6281 6282
f 6220 6282 6221
f 13540 13602 13601
f 13540 13541 13602
f 6221 6282 6283
f 6221 6283 6222
f 13541 13603 13602
f 13541 13542 13603
f 6223 6284 6285
f 6223 6285 6224
f 13543 13605 13604
f 13543 13544 13605
f 6224 6285 6286
f 6224 6286 6225
f 13544 13606 13605
f 13544 13545 13606
f 6225 6286 6287
f 6225 6287 6226
f 13545 13607 13606
f 13545 13546 13607
f 6226 6287 6288
f 6226 6288 6227
f 13546 13608 13607
f 13546 13547 13608
f 6227 6288 6289
f 6227 6289 6228
f 13547 13609 13608
f 13547 13548 13609
f 6228 6289 6290
f 6228 6290 6229
f 13548 13610 13609
f 13548 13549 13610
f 6229 6290 6291
f 6229 6291 6230
f 13549 13611 13610
f 13549 13550 13611
f 6230 6291 6292
f 6230 6292 6231
f 13550 13612 13611
f 13550 13551 13612
f 6231 6292 6293
f 6231 6293 6232
f 13551 13613 13612
f 13551 13552 13613
f 6232 6293 6294
f 6232 6294 6233
f 13552 13614 13613
f 13552 13553 13614
f 6233 6294 6295
f 6233 6295 6234
f 13553 13615 13614
f 13553 13554 13615
f 6234 6295 6296
f 6234 6296 6235
f 13554 13616 13615
f 13554 13555 13616
f 6235 6296 6297
f 6235 6297 6236
f 13555 13617 13616
f 13555 13556 13617
f 6236 6297 6298
f 6236 6298 6237
f 13556 13618 13617
f 13556 13557 13618
f 6237 6298 6299
f 6237 6299 6238
f 13557 13619 13618
f 13557 13558 13619
f 6238 6299 6300
f 6238 6300 6239
f 13558 13620 13619
f 13558 13559 13620
f 6239 6300 6301
f 6239 6301 6240
f 13559 13621 13620
f 13559 13560 13621
f 6240 6301 6302
f 6240 6302 6241
f 13560 13622 13621
f 13560 13561 13622
f 6241 6302 6303
f 6241 6303 6242
f 13561 13623 13622
f 13561 13562 13623
f 6242 6303 6304
f 6242 6304 6243
f 13562 13624 13623
f 13562 13563 13624
f 6243 6304 6305
f 6243 6305 6244
f 13563 13625 13624
f 13563 13564 13625
f 6244 6305 6306
f 6244 6306 6245
f 13564 13626 13625
f 13564 13565 13626
f 6245 6306 6307
f 6245 6307 6246
f 13565 13627 13626
f 13565 13566 13627
f 6246 6307 6308
f 6246 6308 6247
f 13566 13628 13627
f 13566 13567 13628
f 6247 6308 6309
f 6247 6309 6248
f 13567 13629 13628
f 13567 13568 13629
f 6248 6309 6310
f 6248 6310 6249
f 13568 13630 13629
f 13568 13569 13630
f 6249 6310 6311
f 6249 6311 6250
f 13569 13631 13630
f 13569 13570 13631
f 6250 6311 6312
f 6250 6312 6251
f 13570 13632 13631
f 13570 13571 13632
f 6251 6312 6313
f 6251 6313 6252
f 13571 13633 13632
f 13571 13572 13633
f 6252 6313 6314
f 6252 6314 6253
f 13572 13634 13633
f 13572 13573 13634
f 6253 6314 6315
f 6253 6315 6254
f 13573 13635 13634
f 13573 13574 13635
f 6254 6315 6316
f 6254 6316 6255
f 13574 13636 13635
f 13574 13575 13636
f 6255 6316 6317
f 6255 6317 6256
f 13575 13637 13636
f 13575 13576 13637
f 6256 6317 6318
f 6256 6318 6257
f 13576 13638 13637
f 13576 13577 13638
f 6257 6318 6319
f 6257 6319 6258
f 13577 13639 13638
f 13577 13578 13639
f 6258 6319 6320
f 6258 6320 6259
f 13578 13640 13639
f 13578 13579 13640
f 6259 6320 6321
f 6259 6321 6260
f 13579 13641 13640
f 13579 13580 13641
f 6260 6321 6322
f 6260 6322 6261
f 13580 13642 13641
f 13580 13581 13642
f 6261 6322 6323
f 6261 6323 6262
f 13581 13643 13642
f 13581 13582 13643
f 6262 6323 6324
f 6262 6324 6263
f 13582 13644 13643
f 13582 13583 13644
f 6263 6324 6325
f 6263 6325 6264
f 13583 13645 13644
f 13583 13584 13645
f 6264 6325 6326
f 6264 6326 6265
f 13584 13646 13645
f 13584 13585 13646
f 6265 6326 6327
f 6265 6327 6266
f 13585 13647 13646
f 13585 13586 13647
f 6266 6327 6328
f 6266 6328 6267
f 13586 13648 13647
f 13586 13587 13648
f 6267 6328 6329
f 6267 6329 6268
f 13587 13649 13648
f 13587 13588 13649
f 6268 6329 6330
f 6268 6330 6269
f 13588 13650 13649
f 13588 13589 13650
f 6269 6330 6331
f 6269 6331 6270
f 13589 13651 13650
f 13589 13590 13651
f 6270 6331 6332
f 6270 6332 6271
f 13590 13652 13651
f 13590 13591 13652
f 6271 6332 6333
f 6271 6333 6272
f 13591 13653 13652
f 13591 13592 13653
f 6272 6333 6334
f 6272 6334 6273
f 13592 13654 13653
f 13592 13593 13654
f 6273 6334 6335
f 6273 6335 6274
f 13593 13655 13654
f 13593 13594 13655
f 6274 6335 6336
f 6274 6336 6275
f 13594 13656 13655
f 13594 13595 13656
f 6275 6336 6337
f 6275 6337 6276
f 13595 13657 13656
f 13595 13596 13657
f 6276 6337 6338
f 6276 6338 6277
f 13596 13658 13657
f 13596 13597 13658
f 6277 6338 6339
f 6277 6339 6278
f 13597 13659 13658
f 13597 13598 13659
f 6278 6339 6340
f 6278 6340 6279
f 13598 13660 13659
f 13598 13599 13660
f 6279 6340 6341
f 6279 6341 6280
f 13599 13661 13660
f 13599 13600 13661
f 6280 6341 6342
f 6280 6342 6281
f 13600 13662 13661
f 13600 13601 13662
f 6281 6342 6343
f 6281 6343 6282
f 13601 13663 13662
f 13601 13602 13663
f 6282 6343 6344
f 6282 6344 6283
f 13602 13664 13663
f 13602 13603 13664
f 6284 6345 6346
f 6284 6346 6285
f 13604 13666 13665
f 13604 13605 13666
f 6285 6346 6347
f 6285 6347 6286
f 13605 13667 13666
f 13605 13606 13667
f 6286 6347 6348
f 6286 6348 6287
f 13606 13668 13667
f 13606 13607 13668
f 6287 6348 6349
f 6287 6349 6288
f 13607 13669 13668
f 13607 13608 13669
f 6288 6349 6350
f 6288 6350 6289
f 13608 13670 13669
f 13608 13609 13670
f 6289 6350 6351
f 6289 6351 6290
f 13609 13671 13670
f 13609 13610 13671
f 6290 6351 6352
f 6290 6352 6291
f 13610 13672 13671
f 13610 13611 13672
f 6291 6352 6353
f 6291 6353 6292
f 13611 13673 13672
f 13611 13612 13673
f 6292 6353 6354
f 6292 6354 6293
f 13612 13674 13673
f 13612 13613 13674
f 6293 6354 6355
f 6293 6355 6294
f 13613 13675 13674
f 13613 13614 13675
f 6294 6355 6356
f 6294 6356 6295
f 13614 13676 13675
f 13614 13615 13676
f 6295 6356 6357
f 6295 6357 6296
f 13615 13677 13676
f 13615 13616 13677
f 6296 6357 6358
f 6296 6358 6297
f 13616 13678 13677
f 13616 13617 13678
f 6297 6358 6359
f 6297 6359 6298
f 13617 13679 13678
f 13617 13618 13679
f 6298 6359 6360
f 6298 6360 6299
f 13618 13680 13679
f 13618 13619 13680
f 6299 6360 6361
f 6299 6361 6300
f 13619 13681 13680
f 13619 13620 13681
f 6300 6361 6362
f 6300 6362 6301
f 13620 13682 13681
f 13620 13621 13682
f 6301 6362 6363
f 6301 6363 6302
f 13621 13683 13682
f 13621 13622 13683
f 6302 6363 6364
f 6302 6364 6303
f 13622 13684 13683
f 13622 13623 13684
f 6303 6364 6365
f 6303 6365 6304
f 13623 13685 13684
f 13623 13624 13685
f 6304 6365 6366
f 6304 6366 6305
f 13624 13686 13685
f 13624 13625 13686
f 6305 6366 6367
f 6305 6367 6306
f 13625 13687 13686
f 13625 13626 13687
f 6306 6367 6368
f 6306 6368 6307
f 13626 13688 13687
f 13626 13627 13688
f 6307 6368 6369
f 6307 6369 6308
f 13627 13689 13688
f 13627 13628 13689
f 6308 6369 6370
f 6308 6370 6309
f 13628 13690 13689
f 13628 13629 13690
f 6309 6370 6371
f 6309 6371 6310
f 13629 13691 13690
f 13629 13630 13691
f 6310 6371 6372
f 6310 6372 6311
f 13630 13692 13691
f 13630 13631 13692
f 6311 6372 6373
f 6311 6373 6312
f 13631 13693 13692
f 13631 13632 13693
f 6312 6373 6374
f 6312 6374 6313
f 13632 13694 13693
f 13632 13633 13694
f 6313 6374 6375
f 6313 6375 6314
f 13633 13695 13694
f 13633 13634 13695
f 6314 6375 6376
f 6314 6376 6315
f 13634 13696 13695
f 13634 13635 13696
f 6315 6376 6377
f 6315 6377 6316
f 13635 13697 13696
f 13635 13636 13697
f 6316 6377 6378
f 6316 6378 6317
f 13636 13698 13697
f 13636 13637 13698
f 6317 6378 6379
f 6317 6379 6318
f 13637 13699 13698
f 13637 13638 13699
f 6318 6379 6380
f 6318 6380 6319
f 13638 13700 13699
f 13638 13639 13700
f 6319 6380 6381
f 6319 6381 6320
f 13639 13701 13700
f 13639 13640 13701
f 6320 6381 6382
f 6320 6382 6321
f 13640 13702 13701
f 13640 13641 13702
f 6321 6382 6383
f 6321 6383 6322
f 13641 13703 13702
f 13641 13642 13703
f 6322 6383 6384
f 6322 6384 6323
f 13642 13704 13703
f 13642 13643 13704
f 6323 6384 6385
f 6323 6385 6324
f 13643 13705 13704
f 13643 13644 13705
f 6324 6385 6386
f 6324 6386 6325
f 13644 13706 13705
f 13644 13645 13706
f 6325 6386 6387
f 6325 6387 6326
f 13645 13707 13706
f 13645 13646 13707
f 6326 6387 6388
f 6326 6388 6327
f 13646 13708 13707
f 13646 13647 13708
f 6327 6388 6389
f 6327 6389 6328
f 13647 13709 13708
f 13647 13648 13709
f 6328 6389 6390
f 6328 6390 6329
f 13648 13710 13709
f 13648 13649 13710
f 6329 6390 6391
f 6329 6391 6330
f 13649 13711 13710
f 13649 13650 13711
f 6330 6391 6392
f 6330 6392 6331
f 13650 13712 13711
f 13650 13651 13712
f 6331 6392 6393
f 6331 6393 6332
f 13651 13713 13712
f 13651 13652 13713
f 6332 6393 6394
f 6332 6394 6333
f 13652 13714 13713
f 13652 13653 13714
f 6333 6394 6395
f 6333 6395 6334
f 13653 13715 13714
f 13653 13654 13715
f 6334 6395 6396
f 6334 6396 6335
f 13654 13716 13715
f 13654 13655 13716
f 6335 6396 6397
f 6335 6397 6336
f 13655 13717 13716
f 13655 13656 13717
f 6336 6397 6398
f 6336 6398 6337
f 13656 13718 13717
f 13656 13657 13718
f 6337 6398 6399
f 6337 6399 6338
f 13657 13719 13718
f 13657 13658 13719
f 6338 6399 6400
f 6338 6400 6339
f 13658 13720 13719
f 13658 13659 13720
f 6339 6400 6401
f 6339 6401 6340
f 13659 13721 13720
f 13659 13660 13721
f 6340 6401 6402
f 6340 6402 6341
f 13660 13722 13721
f 13660 13661 13722
f 6341 6402 6403
f 6341 6403 6342
f 13661 13723 13722
f 13661 13662 13723
f 6342 6403 6404
f 6342 6404 6343
f 13662 13724 13723
f 13662 13663 13724
f 6343 6404 6405
f 6343 6405 6344
f 13663 13725 13724
f 13663 13664 13725
f 6345 6406 6407
f 6345 6407 6346
f 13665 13727 13726
f 13665 13666 13727
f 6346 6407 6408
f 6346 6408 6347
f 13666 13728 13727
f 13666 13667 13728
f 6347 6408 6409
f 6347 6409 6348
f 13667 13729 13728
f 13667 13668 13729
f 6348 6409 6410
f 6348 6410 6349
f 13668 13730 13729
f 13668 13669 13730
f 6349 6410 6411
f 6349 6411 6350
f 13669 13731 13730
f 13669 13670 13731
f 6350 6411 6412
f 6350 6412 6351
f 13670 13732 13731
f 13670 13671 13732
f 6351 6412 6413
f 6351 6413 6352
f 13671 13733 13732
f 13671 13672 13733
f 6352 6413 6414
f 6352 6414 6353
f 13672 13734 13733
f 13672 13673 13734
f 6353 6414 6415
f 6353 6415 6354
f 13673 13735 13734
f 13673 13674 13735
f 6354 6415 6416
f 6354 6416 6355
f 13674 13736 13735
f 13674 13675 13736
f 6355 6416 6417
f 6355 6417 6356
f 13675 13737 13736
f 13675 13676 13737
f 6356 6417 6418
f 6356 6418 6357
f 13676 13738 13737
f 13676 13677 13738
f 6357 6418 6419
f 6357 6419 6358
f 13677 13739 13738
f 13677 13678 13739
f 6358 6419 6420
f 6358 6420 6359
f 13678 13740 13739
f 13678 13679 13740
f 6359 6420 6421
f 6359 6421 6360
f 13679 13741 13740
f 13679 13680 13741
f 6360 6421 6422
f 6360 6422 6361
f 13680 13742 13741
f 13680 13681 13742
f 6361 6422 6423
f 6361 6423 6362
f 13681 13743 13742
f 13681 13682 13743
f 6362 6423 6424
f 6362 6424 6363
f 13682 13744 13743
f 13682 13683 13744
f 6363 6424 6425
f 6363 6425 6364
f 13683 13745 13744
f 13683 13684 13745
f 6364 6425 6426
f 6364 6426 6365
f 13684 13746 13745
f 13684 13685 13746
f 6365 6426 6427
f 6365 6427 6366
f 13685 13747 13746
f 13685 13686 13747
f 6366 6427 6428
f 6366 6428 6367
f 13686 13748 13747
f 13686 13687 13748
f 6367 6428 6429
f 6367 6429 6368
f 13687 13749 13748
f 13687 13688 13749
f 6368 6429 6430
f 6368 6430 6369
f 13688 13750 13749
f 13688 13689 13750
f 6369 6430 6431
f 6369 6431 6370
f 13689 13751 13750
f 13689 13690 13751
f 6370 6431 6432
f 6370 6432 6371
f 13690 13752 13751
f 13690 13691 13752
f 6371 6432 6433
f 6371 6433 6372
f 13691 13753 13752
f 13691 13692 13753
f 6372 6433 6434
f 6372 6434 6373
f 13692 13754 13753
f 13692 13693 13754
f 6373 6434 6435
f 6373 6435 6374
f 13693 13755 13754
f 13693 13694 13755
f 6374 6435 6436
f 6374 6436 6375
f 13694 13756 13755
f 13694 13695 13756
f 6375 6436 6437
f 6375 6437 6376
f 13695 13757 13756
f 13695 13696 13757
f 6376 6437 6438
f 6376 6438 6377
f 13696 13758 13757
f 13696 13697 13758
f 6377 6438 6439
f 6377 6439 6378
f 13697 13759 13758
f 13697 13698 13759
f 6378 6439 6440
f 6378 6440 6379
f 13698 13760 13759
f 13698 13699 13760
f 6379 6440 6441
f 6379 6441 6380
f 13699 13761 13760
f 13699 13700 13761
f 6380 6441 6442
f 6380 6442 6381
f 13700 13762 13761
f 13700 13701 13762
f 6381 6442 6443
f 6381 6443 6382
f 13701 13763 13762
f 13701 13702 13763
f 6382 6443 6444
f 6382 6444 6383
f 13702 13764 13763
f 13702 13703 13764
f 6383 6444 6445
f 6383 6445 6384
f 13703 13765 13764
f 13703 13704 13765
f 6384 6445 6446
f 6384 6446 6385
f 13704 13766 13765
f 13704 13705 13766
f 6385 6446 6447
f 6385 6447 6386
f 13705 13767 13766
f 13705 13706 13767
f 6386 6447 6448
f 6386 6448 6387
f 13706 13768 13767
f 13706 13707 13768
f 6387 6448 6449
f 6387 6449 6388
f 13707 13769 13768
f 13707 13708 13769
f 6388 6449 6450
f 6388 6450 6389
f 13708 13770 13769
f 13708 13709 13770
f 6389 6450 6451
f 6389 6451 6390
f 13709 13771 13770
f 13709 13710 13771
f 6390 6451 6452
f 6390 6452 6391
f 13710 13772 13771
f 13710 13711 13772
f 6391 6452 6453
f 6391 6453 6392
f 13711 13773 13772
f 13711 13712 13773
f 6392 6453 6454
f 6392 6454 6393
f 13712 13774 13773
f 13712 13713 13774
f 6393 6454 6455
f 6393 6455 6394
f 13713 13775 13774
f 13713 13714 13775
f 6394 6455 6456
f 6394 6456 6395
f 13714 13776 13775
f 13714 13715 13776
f 6395 6456 6457
f 6395 6457 6396
f 13715 13777 13776
f 13715 13716 13777
f 6396 6457 6458
f 6396 6458 6397
f 13716 13778 13777
f 13716 13717 13778
f 6397 6458 6459
f 6397 6459 6398
f 13717 13779 13778
f 13717 13718 13779
f 6398 6459 6460
f 6398 6460 6399
f 13718 13780 13779
f 13718 13719 13780
f 6399 6460 6461
f 6399 6461 6400
f 13719 13781 13780
f 13719 13720 13781
f 6400 6461 6462
f 6400 6462 6401
f 13720 13782 13781
f 13720 13721 13782
f 6401 6462 6463
f 6401 6463 6402
f 13721 13783 13782
f 13721 13722 13783
f 6402 6463 6464
f 6402 6464 6403
f 13722 13784 13783
f 13722 13723 13784
f 6403 6464 6465
f 6403 6465 6404
f 13723 13785 13784
f 13723 13724 13785
f 6404 6465 6466
f 6404 6466 6405
f 13724 13786 13785
f 13724 13725 13786
f 6406 6467 6468
f 6406 6468 6407
f 13726 13788 13787
f 13726 13727 13788
f 6407 6468 6469
f 6407 6469 6408
f 13727 13789 13788
f 13727 13728 13789
f 6408 6469 6470
f 6408 6470 6409
f 13728 13790 13789
f 13728 13729 13790
f 6409 6470 6471
f 6409 6471 6410
f 13729 13791 13790
f 13729 13730 13791
f 6410 6471 6472
f 6410 6472 6411
f 13730 13792 13791
f 13730 13731 13792
f 6411 6472 6473
f 6411 6473 6412
f 13731 13793 13792
f 13731 13732 13793
f 6412 6473 6474
f 6412 6474 6413
f 13732 13794 13793
f 13732 13733 13794
f 6413 6474 6475
f 6413 6475 6414
f 13733 13795 13794
f 13733 13734 13795
f 6414 6475 6476
f 6414 6476 6415
f 13734 13796 13795
f 13734 13735 13796
f 6415 6476 6477
f 6415 6477 6416
f 13735 13797 13796
f 13735 13736 13797
f 6416 6477 6478
f 6416 6478 6417
f 13736 13798 13797
f 13736 13737 13798
f 6417 6478 6479
f 6417 6479 6418
f 13737 13799 13798
f 13737 13738 13799
f 6418 6479 6480
f 6418 6480 6419
f 13738 13800 13799
f 13738 13739 13800
f 6419 6480 6481
f 6419 6481 6420
f 13739 13801 13800
f 13739 13740 13801
f 6420 6481 6482
f 6420 6482 6421
f 13740 13802 13801
f 13740 13741 13802
f 6421 6482 6483
f 6421 6483 6422
f 13741 13803 13802
f 13741 13742 13803
f 6422 6483 6484
f 6422 6484 6423
f 13742 13804 13803
f 13742 13743 13804
f 6423 6484 6485
f 6423 6485 6424
f 13743 13805 13804
f 13743 13744 13805
f 6424 6485 6486
f 6424 6486 6425
f 13744 13806 13805
f 13744 13745 13806
f 6425 6486 6487
f 6425 6487 6426
f 13745 13807 13806
f 13745 13746 13807
f 6426 6487 6488
f 6426 6488 6427
f 13746 13808 13807
f 13746 13747 13808
f 6427 6488 6489
f 6427 6489 6428
f 13747 13809 13808
f 13747 13748 13809
f 6428 6489 6490
f 6428 6490 6429
f 13748 13810 13809
f 13748 13749 13810
f 6429 6490 6491
f 6429 6491 6430
f 13749 13811 13810
f 13749 13750 13811
f 6430 6491 6492
f 6430 6492 6431
f 13750 13812 13811
f 13750 13751 13812
f 6431 6492 6493
f 6431 6493 6432
f 13751 13813 13812
f 13751 13752 13813
f 6432 6493 6494
f 6432 6494 6433
f 13752 13814 13813
f 13752 13753 13814
f 6433 6494 6495
f 6433 6495 6434
f 13753 13815 13814
f 13753 13754 13815
f 6434 6495 6496
f 6434 6496 6435
f 13754 13816 13815
f 13754 13755 13816
f 6435 6496 6497
f 6435 6497 6436
f 13755 13817 13816
f 13755 13756 13817
f 6436 6497 6498
f 6436 6498 6437
f 13756 13818 13817
f 13756 13757 13818
f 6437 6498 6499
f 6437 6499 6438
f 13757 13819 13818
f 13757 13758 13819
f 6438 6499 6500
f 6438 6500 6439
f 13758 13820 13819
f 13758 13759 13820
f 6439 6500 6501
f 6439 6501 6440
f 13759 13821 13820
f 13759 13760 13821
f 6440 6501 6502
f 6440 6502 6441
f 13760 13822 13821
f 13760 13761 13822
f 6441 6502 6503
f 6441 6503 6442
f 13761 13823 13822
f 13761 13762 13823
f 6442 6503 6504
f 6442 6504 6443
f 13762 13824 13823
f 13762 13763 13824
f 6443 6504 6505
f 6443 6505 6444
f 13763 13825 13824
f 13763 13764 13825
f 6444 6505 6506
f 6444 6506 6445
f 13764 13826 13825
f 13764 13765 13826
f 6445 6506 6507
f 6445 6507 6446
f 13765 13827 13826
f 13765 13766 13827
f 6446 6507 6508
f 6446 6508 6447
f 13766 13828 13827
f 13766 13767 13828
f 6447 6508 6509
f 6447 6509 6448
f 13767 13829 13828
f 13767 13768 13829
f 6448 6509 6510
f 6448 6510 6449
f 13768 13830 13829
f 13768 13769 13830
f 6449 6510 6511
f 6449 6511 6450
f 13769 13831 13830
f 13769 13770 13831
f 6450 6511 6512
f 6450 6512 6451
f 13770 13832 13831
f 13770 13771 13832
f 6451 6512 6513
f 6451 6513 6452
f 13771 13833 13832
f 13771 13772 13833
f 6452 6513 6514
f 6452 6514 6453
f 13772 13834 13833
f 13772 13773 13834
f 6453 6514 6515
f 6453 6515 6454
f 13773 13835 13834
f 13773 13774 13835
f 6454 6515 6516
f 6454 6516 6455
f 13774 13836 13835
f 13774 13775 13836
f 6455 6516 6517
f 6455 6517 6456
f 13775 13837 13836
f 13775 13776 13837
f 6456 6517 6518
f 6456 6518 6457
f 13776 13838 13837
f 13776 13777 13838
f 6457 6518 6519
f 6457 6519 6458
f 13777 13839 13838
f 13777 13778 13839
f 6458 6519 6520
f 6458 6520 6459
f 13778 13840 13839
f 13778 13779 13840
f 6459 6520 6521
f 6459 6521 6460
f 13779 13841 13840
f 13779 13780 13841
f 6460 6521 6522
f 6460 6522 6461
f 13780 13842 13841
f 13780 13781 13842
f 6461 6522 6523
f 6461 6523 6462
f 13781 13843 13842
f 13781 13782 13843
f 6462 6523 6524
f 6462 6524 6463
f 13782 13844 13843
f 13782 13783 13844
f 6463 6524 6525
f 6463 6525 6464
f 13783 13845 13844
f 13783 13784 13845
f 6464 6525 6526
f 6464 6526 6465
f 13784 13846 13845
f 13784 13785 13846
f 6465 6526 6527
f 6465 6527 6466
f 13785 13847 13846
f 13785 13786 13847
f 6467 6528 6529
f 6467 6529 6468
f 13787 13849 13848
f 13787 13788 13849
f 6468 6529 6530
f 6468 6530 6469
f 13788 13850 13849
f 13788 13789 13850
f 6469 6530 6531
f 6469 6531 6470
f 13789 13851 13850
f 13789 13790 13851
f 6470 6531 6532
f 6470 6532 6471
f 13790 13852 13851
f 13790 13791 13852
f 6471 6532 6533
f 6471 6533 6472
f 13791 13853 13852
f 13791 13792 13853
f 6472 6533 6534
f 6472 6534 6473
f 13792 13854 13853
f 13792 13793 13854
f 6473 6534 6535
f 6473 6535 6474
f 13793 13855 13854
f 13793 13794 13855
f 6474 6535 6536
f 6474 6536 6475
f 13794 13856 13855
f 13794 13795 13856
f 6475 6536 6537
f 6475 6537 6476
f 13795 13857 13856
f 13795 13796 13857
f 6476 6537 6538
f 6476 6538 6477
f 13796 13858 13857
f 13796 13797 13858
f 6477 6538 6539
f 6477 6539 6478
f 13797 13859 13858
f 13797 13798 13859
f 6478 6539 6540
f 6478 6540 6479
f 13798 13860 13859
f 13798 13799 13860
f 6479 6540 6541
f 6479 6541 6480
f 13799 13861 13860
f 13799 13800 13861
f 6480 6541 6542
f 6480 6542 6481
f 13800 13862 13861
f 13800 13801 13862
f 6481 6542 6543
f 6481 6543 6482
f 13801 13863 13862
f 13801 13802 13863
f 6482 6543 6544
f 6482 6544 6483
f 13802 13864 13863
f 13802 13803 13864
f 6483 6544 6545
f 6483 6545 6484
f 13803 13865 13864
f 13803 13804 13865
f 6484 6545 6546
f 6484 6546 6485
f 13804 13866 13865
f 13804 13805 13866
f 6485 6546 6547
f 6485 6547 6486
f 13805 13867 13866
f 13805 13806 13867
f 6486 6547 6548
f 6486 6548 6487
f 13806 13868 13867
f 13806 13807 13868
f 6487 6548 6549
f 6487 6549 6488
f 13807 13869 13868
f 13807 13808 13869
f 6488 6549 6550
f 6488 6550 6489
f 13808 13870 13869
f 13808 13809 13870
f 6489 6550 6551
f 6489 6551 6490
f 13809 13871 13870
f 13809 13810 13871
f 6490 6551 6552
f 6490 6552 6491
f 13810 13872 13871
f 13810 13811 13872
f 6491 6552 6553
f 6491 6553 6492
f 13811 13873 13872
f 13811 13812 13873
f 6492 6553 6554
f 6492 6554 6493
f 13812 13874 13873
f 13812 13813 13874
f 6493 6554 6555
f 6493 6555 6494
f 13813 13875 13874
f 13813 13814 13875
f 6494 6555 6556
f 6494 6556 6495
f 13814 13876 13875
f 13814 13815 13876
f 6495 6556 6557
f 6495 6557 6496
f 13815 13877 13876
f 13815 13816 13877
f 6496 6557 6558
f 6496 6558 6497
f 13816 13878 13877
f 13816 13817 13878
f 6497 6558 6559
f 6497 6559 6498
f 13817 13879 13878
f 13817 13818 13879
f 6498 6559 6560
f 6498 6560 6499
f 13818 13880 13879
f 13818 13819 13880
f 6499 6560 6561
f 6499 6561 6500
f 13819 13881 13880
f 13819 13820 13881
f 6500 6561 6562
f 6500 6562 6501
f 13820 13882 13881
f 13820 13821 13882
f 6501 6562 6563
f 6501 6563 6502
f 13821 13883 13882
f 13821 13822 13883
f 6502 6563 6564
f 6502 6564 6503
f 13822 13884 13883
f 13822 13823 13884
f 6503 6564 6565
f 6503 6565 6504
f 13823 13885 13884
f 13823 13824 13885
f 6504 6565 6566
f 6504 6566 6505
f 13824 13886 13885
f 13824 13825 13886
f 6505 6566 6567
f 6505 6567 6506
f 13825 13887 13886
f 13825 13826 13887
f 6506 6567 6568
f 6506 6568 6507
f 13826 13888 13887
f 13826 13827 13888
f 6507 6568 6569
f 6507 6569 6508
f 13827 13889 13888
f 13827 13828 13889
f 6508 6569 6570
f 6508 6570 6509
f 13828 13890 13889
f 13828 13829 13890
f 6509 6570 6571
f 6509 6571 6510
f 13829 13891 13890
f 13829 13830 13891
f 6510 6571 6572
f 6510 6572 6511
f 13830 13892 13891
f 13830 13831 13892
f 6511 6572 6573
f 6511 6573 6512
f 13831 13893 13892
f 13831 13832 13893
f 6512 6573 6574
f 6512 6574 6513
f 13832 13894 13893
f 13832 13833 13894
f 6513 6574 6575
f 6513 6575 6514
f 13833 13895 13894
f 13833 13834 13895
f 6514 6575 6576
f 6514 6576 6515
f 13834 13896 13895
f 13834 13835 13896
f 6515 6576 6577
f 6515 6577 6516
f 13835 13897 13896
f 13835 13836 13897
f 6516 6577 6578
f 6516 6578 6517
f 13836 13898 13897
f 13836 13837 13898
f 6517 6578 6579
f 6517 6579 6518
f 13837 13899 13898
f 13837 13838 13899
f 6518 6579 6580
f 6518 6580 6519
f 13838 13900 13899
f 13838 13839 13900
f 6519 6580 6581
f 6519 6581 6520
f 13839 13901 13900
f 13839 13840 13901
f 6520 6581 6582
f 6520 6582 6521
f 13840 13902 13901
f 13840 13841 13902
f 6521 6582 6583
f 6521 6583 6522
f 13841 13903 13902
f 13841 13842 13903
f 6522 6583 6584
f 6522 6584 6523
f 13842 13904 13903
f 13842 13843 13904
f 6523 6584 6585
f 6523 6585 6524
f 13843 13905 13904
f 13843 13844 13905
f 6524 6585 6586
f 6524 6586 6525
f 13844 13906 13905
f 13844 13845 13906
f 6525 6586 6587
f 6525 6587 6526
f 13845 13907 13906
f 13845 13846 13907
f 6526 6587 6588
f 6526 6588 6527
f 13846 13908 13907
f 13846 13847 13908
f 6528 6589 6590
f 6528 6590 6529
f 13848 13910 13909
f 13848 13849 13910
f 6529 6590 6591
f 6529 6591 6530
f 13849 13911 13910
f 13849 13850 13911
f 6530 6591 6592
f 6530 6592 6531
f 13850 13912 13911
f 13850 13851 13912
f 6531 6592 6593
f 6531 6593 6532
f 13851 13913 13912
f 13851 13852 13913
f 6532 6593 6594
f 6532 6594 6533
f 13852 13914 13913
f 13852 13853 13914
f 6533 6594 6595
f 6533 6595 6534
f 13853 13915 13914
f 13853 13854 13915
f 6534 6595 6596
f 6534 6596 6535
f 13854 13916 13915
f 13854 13855 13916
f 6535 6596 6597
f 6535 6597 6536
f 13855 13917 13916
f 13855 13856 13917
f 6536 6597 6598
f 6536 6598 6537
f 13856 13918 13917
f 13856 13857 13918
f 6537 6598 6599
f 6537 6599 6538
f 13857 13919 13918
f 13857 13858 13919
f 6538 6599 6600
f 6538 6600 6539
f 13858 13920 13919
f 13858 13859 13920
f 6539 6600 6601
f 6539 6601 6540
f 13859 13921 13920
f 13859 13860 13921
f 6540 6601 6602
f 6540 6602 6541
f 13860 13922 13921
f 13860 13861 13922
f 6541 6602 6603
f 6541 6603 6542
f 13861 13923 13922
f 13861 13862 13923
f 6542 6603 6604
f 6542 6604 6543
f 13862 13924 13923
f 13862 13863 13924
f 6543 6604 6605
f 6543 6605 6544
f 13863 13925 13924
f 13863 13864 13925
f 6544 6605 6606
f 6544 6606 6545
f 13864 13926 13925
f 13864 13865 13926
f 6545 6606 6607
f 6545 6607 6546
f 13865 13927 13926
f 13865 13866 13927
f 6546 6607 6608
f 6546 6608 6547
f 13866 13928 13927
f 13866 13867 13928
f 6547 6608 6609
f 6547 6609 6548
f 13867 13929 13928
f 13867 13868 13929
f 6548 6609 6610
f 6548 6610 6549
f 13868 13930 13929
f 13868 13869 13930
f 6549 6610 6611
f 6549 6611 6550
f 13869 13931 13930
f 13869 13870 13931
f 6550 6611 6612
f 6550 6612 6551
f 13870 13932 13931
f 13870 13871 13932
f 6551 6612 6613
f 6551 6613 6552
f 13871 13933 13932
f 13871 13872 13933
f 6552 6613 6614
f 6552 6614 6553
f 13872 13934 13933
f 13872 13873 13934
f 6553 6614 6615
f 6553 6615 6554
f 13873 13935 13934
f 13873 13874 13935
f 6554 6615 6616
f 6554 6616 6555
f 13874 13936 13935
f 13874 13875 13936
f 6555 6616 6617
f 6555 6617 6556
f 13875 13937 13936
f 13875 13876 13937
f 6556 6617 6618
f 6556 6618 6557
f 13876 13938 13937
f 13876 13877 13938
f 6557 6618 6619
f 6557 6619 6558
f 13877 13939 13938
f 13877 13878 13939
f 6558 6619 6620
f 6558 6620 6559
f 13878 13940 13939
f 13878 13879 13940
f 6559 6620 6621
f 6559 6621 6560
f 13879 13941 13940
f 13879 13880 13941
f 6560 6621 6622
f 6560 6622 6561
f 13880 13942 13941
f 13880 13881 13942
f 6561 6622 6623
f 6561 6623 6562
f 13881 13943 13942
f 13881 13882 13943
f 6562 6623 6624
f 6562 6624 6563
f 13882 13944 13943
f 13882 13883 13944
f 6563 6624 6625
f 6563 6625 6564
f 13883 13945 13944
f 13883 13884 13945
f 6564 6625 6626
f 6564 6626 6565
f 13884 13946 13945
f 13884 13885 13946
f 6565 6626 6627
f 6565 6627 6566
f 13885 13947 13946
f 13885 13886 13947
f 6566 6627 6628
f 6566 6628 6567
f 13886 13948 13947
f 13886 13887 13948
f 6567 6628 6629
f 6567 6629 6568
f 13887 13949 13948
f 13887 13888 13949
f 6568 6629 6630
f 6568 6630 6569
f 13888 13950 13949
f 13888 13889 13950
f 6569 6630 6631
f 6569 6631 6570
f 13889 13951 13950
f 13889 13890 13951
f 6570 6631 6632
f 6570 6632 6571
f 13890 13952 13951
f 13890 13891 13952
f 6571 6632 6633
f 6571 6633 6572
f 13891 13953 13952
f 13891 13892 13953
f 6572 6633 6634
f 6572 6634 6573
f 13892 13954 13953
f 13892 13893 13954
f 6573 6634 6635
f 6573 6635 6574
f 13893 13955 13954
f 13893 13894 13955
f 6574 6635 6636
f 6574 6636 6575
f 13894 13956 13955
f 13894 13895 13956
f 6575 6636 6637
f 6575 6637 6576
f 13895 13957 13956
f 13895 13896 13957
f 6576 6637 6638
f 6576 6638 6577
f 13896 13958 13957
f 13896 13897 13958
f 6577 6638 6639
f 6577 6639 6578
f 13897 13959 13958
f 13897 13898 13959
f 6578 6639 6640
f 6578 6640 6579
f 13898 13960 13959
f 13898 13899 13960
f 6579 6640 6641
f 6579 6641 6580
f 13899 13961 13960
f 13899 13900 13961
f 6580 6641 6642
f 6580 6642 6581
f 13900 13962 13961
f 13900 13901 13962
f 6581 6642 6643
f 6581 6643 6582
f 13901 13963 13962
f 13901 13902 13963
f 6582 6643 6644
f 6582 6644 6583
f 13902 13964 13963
f 13902 13903 13964
f 6583 6644 6645
f 6583 6645 6584
f 13903 13965 13964
f 13903 13904 13965
f 6584 6645 6646
f 6584 6646 6585
f 13904 13966 13965
f 13904 13905 13966
f 6585 6646 6647
f 6585 6647 6586
f 13905 13967 13966
f 13905 13906 13967
f 6586 6647 6648
f 6586 6648 6587
f 13906 13968 13967
f 13906 13907 13968
f 6587 6648 6649
f 6587 6649 6588
f 13907 13969 13968
f 13907 13908 13969
f 6589 6650 6651
f 6589 6651 6590
f 13909 13971 13970
f 13909 13910 13971
f 6590 6651 6652
f 6590 6652 6591
f 13910 13972 13971
f 13910 13911 13972
f 6591 6652 6653
f 6591 6653 6592
f 13911 13973 13972
f 13911 13912 13973
f 6592 6653 6654
f 6592 6654 6593
f 13912 13974 13973
f 13912 13913 13974
f 6593 6654 6655
f 6593 6655 6594
f 13913 13975 13974
f 13913 13914 13975
f 6594 6655 6656
f 6594 6656 6595
f 13914 13976 13975
f 13914 13915 13976
f 6595 6656 6657
f 6595 6657 6596
f 13915 13977 13976
f 13915 13916 13977
f 6596 6657 6658
f 6596 6658 6597
f 13916 13978 13977
f 13916 13917 13978
f 6597 6658 6659
f 6597 6659 6598
f 13917 13979 13978
f 13917 13918 13979
f 6598 6659 6660
f 6598 6660 6599
f 13918 13980 13979
f 13918 13919 13980
f 6599 6660 6661
f 6599 6661 6600
f 13919 13981 13980
f 13919 13920 13981
f 6600 6661 6662
f 6600 6662 6601
f 13920 13982 13981
f 13920 13921 13982
f 6601 6662 6663
f 6601 6663 6602
f 13921 13983 13982
f 13921 13922 13983
f 6602 6663 6664
f 6602 6664 6603
f 13922 13984 13983
f 13922 13923 13984
f 6603 6664 6665
f 6603 6665 6604
f 13923 13985 13984
f 13923 13924 13985
f 6604 6665 6666
f 6604 6666 6605
f 13924 13986 13985
f 13924 13925 13986
f 6605 6666 6667
f 6605 6667 6606
f 13925 13987 13986
f 13925 13926 13987
f 6606 6667 6668
f 6606 6668 6607
f 13926 13988 13987
f 13926 13927 13988
f 6607 6668 6669
f 6607 6669 6608
f 13927 13989 13988
f 13927 13928 13989
f 6608 6669 6670
f 6608 6670 6609
f 13928 13990 13989
f 13928 13929 13990
f 6609 6670 6671
f 6609 6671 6610
f 13929 13991 13990
f 13929 13930 13991
f 6610 6671 6672
f 6610 6672 6611
f 13930 13992 13991
f 13930 13931 13992
f 6611 6672 6673
f 6611 6673 6612
f 13931 13993 13992
f 13931 13932 13993
f 6612 6673 6674
f 6612 6674 6613
f 13932 13994 13993
f 13932 13933 13994
f 6613 6674 6675
f 6613 6675 6614
f 13933 13995 13994
f 13933 13934 13995
f 6614 6675 6676
f 6614 6676 6615
f 13934 13996 13995
f 13934 13935 13996
f 6615 6676 6677
f 6615 6677 6616
f 13935 13997 13996
f 13935 13936 13997
f 6616 6677 6678
f 6616 6678 6617
f 13936 13998 13997
f 13936 13937 13998
f 6617 6678 6679
f 6617 6679 6618
f 13937 13999 13998
f 13937 13938 13999
f 6618 6679 6680
f 6618 6680 6619
f 13938 14000 13999
f 13938 13939 14000
f 6619 6680 6681
f 6619 6681 6620
f 13939 14001 14000
f 13939 13940 14001
f 6620 6681 6682
f 6620 6682 6621
f 13940 14002 14001
f 13940 13941 14002
f 6621 6682 6683
f 6621 6683 6622
f 13941 14003 14002
f 13941 13942 14003
f 6622 6683 6684
f 6622 6684 6623
f 13942 14004 14003
f 13942 13943 14004
f 6623 6684 6685
f 6623 6685 6624
f 13943 14005 14004
f 13943 13944 14005
f 6624 6685 6686
f 6624 6686 6625
f 13944 14006 14005
f 13944 13945 14006
f 6625 6686 6687
f 6625 6687 6626
f 13945 14007 14006
f 13945 13946 14007
f 6626 6687 6688
f 6626 6688 6627
f 13946 14008 14007
f 13946 13947 14008
f 6627 6688 6689
f 6627 6689 6628
f 13947 14009 14008
f 13947 13948 14009
f 6628 6689 6690
f 6628 6690 6629
f 13948 14010 14009
f 13948 13949 14010
f 6629 6690 6691
f 6629 6691 6630
f 13949 14011 14010
f 13949 13950 14011
f 6630 6691 6692
f 6630 6692 6631
f 13950 14012 14011
f 13950 13951 14012
f 6631 6692 6693
f 6631 6693 6632
f 13951 14013 14012
f 13951 13952 14013
f 6632 6693 6694
f 6632 6694 6633
f 13952 14014 14013
f 13952 13953 14014
f 6633 6694 6695
f 6633 6695 6634
f 13953 14015 14014
f 13953 13954 14015
f 6634 6695 6696
f 6634 6696 6635
f 13954 14016 14015
f 13954 13955 14016
f 6635 6696 6697
f 6635 6697 6636
f 13955 14017 14016
f 13955 13956 14017
f 6636 6697 6698
f 6636 6698 6637
f 13956 14018 14017
f 13956 13957 14018
f 6637 6698 6699
f 6637 6699 6638
f 13957 14019 14018
f 13957 13958 14019
f 6638 6699 6700
f 6638 6700 6639
f 13958 14020 14019
f 13958 13959 14020
f 6639 6700 6701
f 6639 6701 6640
f 13959 14021 14020
f 13959 13960 14021
f 6640 6701 6702
f 6640 6702 6641
f 13960 14022 14021
f 13960 13961 14022
f 6641 6702 6703
f 6641 6703 6642
f 13961 14023 14022
f 13961 13962 14023
f 6642 6703 6704
f 6642 6704 6643
f 13962 14024 14023
f 13962 13963 14024
f 6643 6704 6705
f 6643 6705 6644
f 13963 14025 14024
f 13963 13964 14025
f 6644 6705 6706
f 6644 6706 6645
f 13964 14026 14025
f 13964 13965 14026
f 6645 6706 6707
f 6645 6707 6646
f 13965 14027 14026
f 13965 13966 14027
f 6646 6707 6708
f 6646 6708 6647
f 13966 14028 14027
f 13966 13967 14028
f 6647 6708 6709
f 6647 6709 6648
f 13967 14029 14028
f 13967 13968 14029
f 6648 6709 6710
f 6648 6710 6649
f 13968 14030 14029
f 13968 13969 14030
f 6650 6711 6712
f 6650 6712 6651
f 13970 14032 14031
f 13970 13971 14032
f 6651 6712 6713
f 6651 6713 6652
f 13971 14033 14032
f 13971 13972 14033
f 6652 6713 6714
f 6652 6714 6653
f 13972 14034 14033
f 13972 13973 14034
f 6653 6714 6715
f 6653 6715 6654
f 13973 14035 14034
f 13973 13974 14035
f 6654 6715 6716
f 6654 6716 6655
f 13974 14036 14035
f 13974 13975 14036
f 6655 6716 6717
f 6655 6717 6656
f 13975 14037 14036
f 13975 13976 14037
f 6656 6717 6718
f 6656 6718 6657
f 13976 14038 14037
f 13976 13977 14038
f 6657 6718 6719
f 6657 6719 6658
f 13977 14039 14038
f 13977 13978 14039
f 6658 6719 6720
f 6658 6720 6659
f 13978 14040 14039
f 13978 13979 14040
f 6659 6720 6721
f 6659 6721 6660
f 13979 14041 14040
f 13979 13980 14041
f 6660 6721 6722
f 6660 6722 6661
f 13980 14042 14041
f 13980 13981 14042
f 6661 6722 6723
f 6661 6723 6662
f 13981 14043 14042
f 13981 13982 14043
f 6662 6723 6724
f 6662 6724 6663
f 13982 14044 14043
f 13982 13983 14044
f 6663 6724 6725
f 6663 6725 6664
f 13983 14045 14044
f 13983 13984 14045
f 6664 6725 6726
f 6664 6726 6665
f 13984 14046 14045
f 13984 13985 14046
f 6665 6726 6727
f 6665 6727 6666
f 13985 14047 14046
f 13985 13986 14047
f 6666 6727 6728
f 6666 6728 6667
f 13986 14048 14047
f 13986 13987 14048
f 6667 6728 6729
f 6667 6729 6668
f 13987 14049 14048
f 13987 13988 14049
f 6668 6729 6730
f 6668 6730 6669
f 13988 14050 14049
f 13988 13989 14050
f 6669 6730 6731
f 6669 6731 6670
f 13989 14051 14050
f 13989 13990 14051
f 6670 6731 6732
f 6670 6732 6671
f 13990 14052 14051
f 13990 13991 14052
f 6671 6732 6733
f 6671 6733 6672
f 13991 14053 14052
f 13991 13992 14053
f 6672 6733 6734
f 6672 6734 6673
f 13992 14054 14053
f 13992 13993 14054
f 6673 6734 6735
f 6673 6735 6674
f 13993 14055 14054
f 13993 13994 14055
f 6674 6735 6736
f 6674 6736 6675
f 13994 14056 14055
f 13994 13995 14056
f 6675 6736 6737
f 6675 6737 6676
f 13995 14057 14056
f 13995 13996 14057
f 6676 6737 6738
f 6676 6738 6677
f 13996 14058 14057
f 13996 13997 14058
f 6677 6738 6739
f 6677 6739 6678
f 13997 14059 14058
f 13997 13998 14059
f 6678 6739 6740
f 6678 6740 6679
f 13998 14060 14059
f 13998 13999 14060
f 6679 6740 6741
f 6679 6741 6680
f 13999 14061 14060
f 13999 14000 14061
f 6680 6741 6742
f 6680 6742 6681
f 14000 14062 14061
f 14000 14001 14062
f 6681 6742 6743
f 6681 6743 6682
f 14001 14063 14062
f 14001 14002 14063
f 6682 6743 6744
f 6682 6744 6683
f 14002 14064 14063
f 14002 14003 14064
f 6683 6744 6745
f 6683 6745 6684
f 14003 14065 14064
f 14003 14004 14065
f 6684 6745 6746
f 6684 6746 6685
f 14004 14066 14065
f 14004 14005 14066
f 6685 6746 6747
f 6685 6747 6686
f 14005 14067 14066
f 14005 14006 14067
f 6686 6747 6748
f 6686 6748 6687
f 14006 14068 14067
f 14006 14007 14068
f 6687 6748 6749
f 6687 6749 6688
f 14007 14069 14068
f 14007 14008 14069
f 6688 6749 6750
f 6688 6750 6689
f 14008 14070 14069
f 14008 14009 14070
f 6689 6750 6751
f 6689 6751 6690
f 14009 14071 14070
f 14009 14010 14071
f 6690 6751 6752
f 6690 6752 6691
f 14010 14072 14071
f 14010 14011 14072
f 6691 6752 6753
f 6691 6753 6692
f 14011 14073 14072
f 14011 14012 14073
f 6692 6753 6754
f 6692 6754 6693
f 14012 14074 14073
f 14012 14013 14074
f 6693 6754 6755
f 6693 6755 6694
f 14013 14075 14074
f 14013 14014 14075
f 6694 6755 6756
f 6694 6756 6695
f 14014 14076 14075
f 14014 14015 14076
f 6695 6756 6757
f 6695 6757 6696
f 14015 14077 14076
f 14015 14016 14077
f 6696 6757 6758
f 6696 6758 6697
f 14016 14078 14077
f 14016 14017 14078
f 6697 6758 6759
f 6697 6759 6698
f 14017 14079 14078
f 14017 14018 14079
f 6698 6759 6760
f 6698 6760 6699
f 14018 14080 14079
f 14018 14019 14080
f 6699 6760 6761
f 6699 6761 6700
f 14019 14081 14080
f 14019 14020 14081
f 6700 6761 6762
f 6700 6762 6701
f 14020 14082 14081
f 14020 14021 14082
f 6701 6762 6763
f 6701 6763 6702
f 14021 14083 14082
f 14021 14022 14083
f 6702 6763 6764
f 6702 6764 6703
f 14022 14084 14083
f 14022 14023 14084
f 6703 6764 6765
f 6703 6765 6704
f 14023 14085 14084
f 14023 14024 14085
f 6704 6765 6766
f 6704 6766 6705
f 14024 14086 14085
f 14024 14025 14086
f 6705 6766 6767
f 6705 6767 6706
f 14025 14087 14086
f 14025 14026 14087
f 6706 6767 6768
f 6706 6768 6707
f 14026 14088 14087
f 14026 14027 14088
f 6707 6768 6769
f 6707 6769 6708
f 14027 14089 14088
f 14027 14028 14089
f 6708 6769 6770
f 6708 6770 6709
f 14028 14090 14089
f 14028 14029 14090
f 6709 6770 6771
f 6709 6771 6710
f 14029 14091 14090
f 14029 14030 14091
f 6711 6772 6773
f 6711 6773 6712
f 14031 14093 14092
f 14031 14032 14093
f 6712 6773 6774
f 6712 6774 6713
f 14032 14094 14093
f 14032 14033 14094
f 6713 6774 6775
f 6713 6775 6714
f 14033 14095 14094
f 14033 14034 14095
f 6714 6775 6776
f 6714 6776 6715
f 14034 14096 14095
f 14034 14035 14096
f 6715 6776 6777
f 6715 6777 6716
f 14035 14097 14096
f 14035 14036 14097
f 6716 6777 6778
f 6716 6778 6717
f 14036 14098 14097
f 14036 14037 14098
f 6717 6778 6779
f 6717 6779 6718
f 14037 14099 14098
f 14037 14038 14099
f 6718 6779 6780
f 6718 6780 6719
f 14038 14100 14099
f 14038 14039 14100
f 6719 6780 6781
f 6719 6781 6720
f 14039 14101 14100
f 14039 14040 14101
f 6720 6781 6782
f 6720 6782 6721
f 14040 14102 14101
f 14040 14041 14102
f 6721 6782 6783
f 6721 6783 6722
f 14041 14103 14102
f 14041 14042 14103
f 6722 6783 6784
f 6722 6784 6723
f 14042 14104 14103
f 14042 14043 14104
f 6723 6784 6785
f 6723 6785 6724
f 14043 14105 14104
f 14043 14044 14105
f 6724 6785 6786
f 6724 6786 6725
f 14044 14106 14105
f 14044 14045 14106
f 6725 6786 6787
f 6725 6787 6726
f 14045 14107 14106
f 14045 14046 14107
f 6726 6787 6788
f 6726 6788 6727
f 14046 14108 14107
f 14046 14047 14108
f 6727 6788 6789
f 6727 6789 6728
f 14047 14109 14108
f 14047 14048 14109
f 6728 6789 6790
f 6728 6790 6729
f 14048 14110 14109
f 14048 14049 14110
f 6729 6790 6791
f 6729 6791 6730
f 14049 14111 14110
f 14049 14050 14111
f 6730 6791 6792
f 6730 6792 6731
f 14050 14112 14111
f 14050 14051 14112
f 6731 6792 6793
f 6731 6793 6732
f 14051 14113 14112
f 14051 14052 14113
f 6732 6793 6794
f 6732 6794 6733
f 14052 14114 14113
f 14052 14053 14114
f 6733 6794 6795
f 6733 6795 6734
f 14053 14115 14114
f 14053 14054 14115
f 6734 6795 6796
f 6734 6796 6735
f 14054 14116 14115
f 14054 14055 14116
f 6735 6796 6797
f 6735 6797 6736
f 14055 14117 14116
f 14055 14056 14117
f 6736 6797 6798
f 6736 6798 6737
f 14056 14118 14117
f 14056 14057 14118
f 6737 6798 6799
f 6737 6799 6738
f 14057 14119 14118
f 14057 14058 14119
f 6738 6799 6800
f 6738 6800 6739
f 14058 14120 14119
f 14058 14059 14120
f 6739 6800 6801
f 6739 6801 6740
f 14059 14121 14120
f 14059 14060 14121
f 6740 6801 6802
f 6740 6802 6741
f 14060 14122 14121
f 14060 14061 14122
f 6741 6802 6803
f 6741 6803 6742
f 14061 14123 14122
f 14061 14062 14123
f 6742 6803 6804
f 6742 6804 6743
f 14062 14124 14123
f 14062 14063 14124
f 6743 6804 6805
f 6743 6805 6744
f 14063 14125 14124
f 14063 14064 14125
f 6744 6805 6806
f 6744 6806 6745
f 14064 14126 14125
f 14064 14065 14126
f 6745 6806 6807
f 6745 6807 6746
f 14065 14127 14126
f 14065 14066 14127
f 6746 6807 6808
f 6746 6808 6747
f 14066 14128 14127
f 14066 14067 14128
f 6747 6808 6809
f 6747 6809 6748
f 14067 14129 14128
f 14067 14068 14129
f 6748 6809 6810
f 6748 6810 6749
f 14068 14130 14129
f 14068 14069 14130
f 6749 6810 6811
f 6749 6811 6750
f 14069 14131 14130
f 14069 14070 14131
f 6750 6811 6812
f 6750 6812 6751
f 14070 14132 14131
f 14070 14071 14132
f 6751 6812 6813
f 6751 6813 6752
f 14071 14133 14132
f 14071 14072 14133
f 6752 6813 6814
f 6752 6814 6753
f 14072 14134 14133
f 14072 14073 14134
f 6753 6814 6815
f 6753 6815 6754
f 14073 14135 14134
f 14073 14074 14135
f 6754 6815 6816
f 6754 6816 6755
f 14074 14136 14135
f 14074 14075 14136
f 6755 6816 6817
f 6755 6817 6756
f 14075 14137 14136
f 14075 14076 14137
f 6756 6817 6818
f 6756 6818 6757
f 14076 14138 14137
f 14076 14077 14138
f 6757 6818 6819
f 6757 6819 6758
f 14077 14139 14138
f 14077 14078 14139
f 6758 6819 6820
f 6758 6820 6759
f 14078 14140 14139
f 14078 14079 14140
f 6759 6820 6821
f 6759 6821 6760
f 14079 14141 14140
f 14079 14080 14141
f 6760 6821 6822
f 6760 6822 6761
f 14080 14142 14141
f 14080 14081 14142
f 6761 6822 6823
f 6761 6823 6762
f 14081 14143 14142
f 14081 14082 14143
f 6762 6823 6824
f 6762 6824 6763
f 14082 14144 14143
f 14082 14083 14144
f 6763 6824 6825
f 6763 6825 6764
f 14083 14145 14144
f 14083 14084 14145
f 6764 6825 6826
f 6764 6826 6765
f 14084 14146 14145
f 14084 14085 14146
f 6765 6826 6827
f 6765 6827 6766
f 14085 14147 14146
f 14085 14086 14147
f 6766 6827 6828
f 6766 6828 6767
f 14086 14148 14147
f 14086 14087 14148
f 6767 6828 6829
f 6767 6829 6768
f 14087 14149 14148
f 14087 14088 14149
f 6768 6829 6830
f 6768 6830 6769
f 14088 14150 14149
f 14088 14089 14150
f 6769 6830 6831
f 6769 6831 6770
f 14089 14151 14150
f 14089 14090 14151
f 6770 6831 6832
f 6770 6832 6771
f 14090 14152 14151
f 14090 14091 14152
f 6772 6833 6834
f 6772 6834 6773
f 14092 14154 14153
f 14092 14093 14154
f 6773 6834 6835
f 6773 6835 6774
f 14093 14155 14154
f 14093 14094 14155
f 6774 6835 6836
f 6774 6836 6775
f 14094 14156 14155
f 14094 14095 14156
f 6775 6836 6837
f 6775 6837 6776
f 14095 14157 14156
f 14095 14096 14157
f 6776 6837 6838
f 6776 6838 6777
f 14096 14158 14157
f 14096 14097 14158
f 6777 6838 6839
f 6777 6839 6778
f 14097 14159 14158
f 14097 14098 14159
f 6778 6839 6840
f 6778 6840 6779
f 14098 14160 14159
f 14098 14099 14160
f 6779 6840 6841
f 6779 6841 6780
f 14099 14161 14160
f 14099 14100 14161
f 6780 6841 6842
f 6780 6842 6781
f 14100 14162 14161
f 14100 14101 14162
f 6781 6842 6843
f 6781 6843 6782
f 14101 14163 14162
f 14101 14102 14163
f 6782 6843 6844
f 6782 6844 6783
f 14102 14164 14163
f 14102 14103 14164
f 6783 6844 6845
f 6783 6845 6784
f 14103 14165 14164
f 14103 14104 14165
f 6784 6845 6846
f 6784 6846 6785
f 14104 14166 14165
f 14104 14105 14166
f 6785 6846 6847
f 6785 6847 6786
f 14105 14167 14166
f 14105 14106 14167
f 6786 6847 6848
f 6786 6848 6787
f 14106 14168 14167
f 14106 14107 14168
f 6787 6848 6849
f 6787 6849 6788
f 14107 14169 14168
f 14107 14108 14169
f 6788 6849 6850
f 6788 6850 6789
f 14108 14170 14169
f 14108 14109 14170
f 6789 6850 6851
f 6789 6851 6790
f 14109 14171 14170
f 14109 14110 14171
f 6790 6851 6852
f 6790 6852 6791
f 14110 14172 14171
f 14110 14111 14172
f 6791 6852 6853
f 6791 6853 6792
f 14111 14173 14172
f 14111 14112 14173
f 6792 6853 6854
f 6792 6854 6793
f 14112 14174 14173
f 14112 14113 14174
f 6793 6854 6855
f 6793 6855 6794
f 14113 14175 14174
f 14113 14114 14175
f 6794 6855 6856
f 6794 6856 6795
f 14114 14176 14175
f 14114 14115 14176
f 6795 6856 6857
f 6795 6857 6796
f 14115 14177 14176
f 14115 14116 14177
f 6796 6857 6858
f 6796 6858 6797
f 14116 14178 14177
f 14116 14117 14178
f 6797 6858 6859
f 6797 6859 6798
f 14117 14179 14178
f 14117 14118 14179
f 6798 6859 6860
f 6798 6860 6799
f 14118 14180 14179
f 14118 14119 14180
f 6799 6860 6861
f 6799 6861 6800
f 14119 14181 14180
f 14119 14120 14181
f 6800 6861 6862
f 6800 6862 6801
f 14120 14182 14181
f 14120 14121 14182
f 6801 6862 6863
f 6801 6863 6802
f 14121 14183 14182
f 14121 14122 14183
f 6802 6863 6864
f 6802 6864 6803
f 14122 14184 14183
f 14122 14123 14184
f 6803 6864 6865
f 6803 6865 6804
f 14123 14185 14184
f 14123 14124 14185
f 6804 6865 6866
f 6804 6866 6805
f 14124 14186 14185
f 14124 14125 14186
f 6805 6866 6867
f 6805 6867 6806
f 14125 14187 14186
f 14125 14126 14187
f 6806 6867 6868
f 6806 6868 6807
f 14126 14188 14187
f 14126 14127 14188
f 6807 6868 6869
f 6807 6869 6808
f 14127 14189 14188
f 14127 14128 14189
f 6808 6869 6870
f 6808 6870 6809
f 14128 14190 14189
f 14128 14129 14190
f 6809 6870 6871
f 6809 6871 6810
f 14129 14191 14190
f 14129 14130 14191
f 6810 6871 6872
f 6810 6872 6811
f 14130 14192 14191
f 14130 14131 14192
f 6811 6872 6873
f 6811 6873 6812
f 14131 14193 14192
f 14131 14132 14193
f 6812 6873 6874
f 6812 6874 6813
f 14132 14194 14193
f 14132 14133 14194
f 6813 6874 6875
f 6813 6875 6814
f 14133 14195 14194
f 14133 14134 14195
f 6814 6875 6876
f 6814 6876 6815
f 14134 14196 14195
f 14134 14135 14196
f 6815 6876 6877
f 6815 6877 6816
f 14135 14197 14196
f 14135 14136 14197
f 6816 6877 6878
f 6816 6878 6817
f 14136 14198 14197
f 14136 14137 14198
f 6817 6878 6879
f 6817 6879 6818
f 14137 14199 14198
f 14137 14138 14199
f 6818 6879 6880
f 6818 6880 6819
f 14138 14200 14199
f 14138 14139 14200
f 6819 6880 6881
f 6819 6881 6820
f 14139 14201 14200
f 14139 14140 14201
f 6820 6881 6882
f 6820 6882 6821
f 14140 14202 14201
f 14140 14141 14202
f 6821 6882 6883
f 6821 6883 6822
f 14141 14203 14202
f 14141 14142 14203
f 6822 6883 6884
f 6822 6884 6823
f 14142 14204 14203
f 14142 14143 14204
f 6823 6884 6885
f 6823 6885 6824
f 14143 14205 14204
f 14143 14144 14205
f 6824 6885 6886
f 6824 6886 6825
f 14144 14206 14205
f 14144 14145 14206
f 6825 6886 6887
f 6825 6887 6826
f 14145 14207 14206
f 14145 14146 14207
f 6826 6887 6888
f 6826 6888 6827
f 14146 14208 14207
f 14146 14147 14208
f 6827 6888 6889
f 6827 6889 6828
f 14147 14209 14208
f 14147 14148 14209
f 6828 6889 6890
f 6828 6890 6829
f 14148 14210 14209
f 14148 14149 14210
f 6829 6890 6891
f 6829 6891 6830
f 14149 14211 14210
f 14149 14150 14211
f 6830 6891 6892
f 6830 6892 6831
f 14150 14212 14211
f 14150 14151 14212
f 6831 6892 6893
f 6831 6893 6832
f 14151 14213 14212
f 14151 14152 14213
f 6833 6894 6895
f 6833 6895 6834
f 14153 14215 14214
f 14153 14154 14215
f 6834 6895 6896
f 6834 6896 6835
f 14154 14216 14215
f 14154 14155 14216
f 6835 6896 6897
f 6835 6897 6836
f 14155 14217 14216
f 14155 14156 14217
f 6836 6897 6898
f 6836 6898 6837
f 14156 14218 14217
f 14156 14157 14218
f 6837 6898 6899
f 6837 6899 6838
f 14157 14219 14218
f 14157 14158 14219
f 6838 6899 6900
f 6838 6900 6839
f 14158 14220 14219
f 14158 14159 14220
f 6839 6900 6901
f 6839 6901 6840
f 14159 14221 14220
f 14159 14160 14221
f 6840 6901 6902
f 6840 6902 6841
f 14160 14222 14221
f 14160 14161 14222
f 6841 6902 6903
f 6841 6903 6842
f 14161 14223 14222
f 14161 14162 14223
f 6842 6903 6904
f 6842 6904 6843
f 14162 14224 14223
f 14162 14163 14224
f 6843 6904 6905
f 6843 6905 6844
f 14163 14225 14224
f 14163 14164 14225
f 6844 6905 6906
f 6844 6906 6845
f 14164 14226 14225
f 14164 14165 14226
f 6845 6906 6907
f 6845 6907 6846
f 14165 14227 14226
f 14165 14166 14227
f 6846 6907 6908
f 6846 6908 6847
f 14166 14228 14227
f 14166 14167 14228
f 6847 6908 6909
f 6847 6909 6848
f 14167 14229 14228
f 14167 14168 14229
f 6848 6909 6910
f 6848 6910 6849
f 14168 14230 14229
f 14168 14169 14230
f 6849 6910 6911
f 6849 6911 6850
f 14169 14231 14230
f 14169 14170 14231
f 6850 6911 6912
f 6850 6912 6851
f 14170 14232 14231
f 14170 14171 14232
f 6851 6912 6913
f 6851 6913 6852
f 14171 14233 14232
f 14171 14172 14233
f 6852 6913 6914
f 6852 6914 6853
f 14172 14234 14233
f 14172 14173 14234
f 6853 6914 6915
f 6853 6915 6854
f 14173 14235 14234
f 14173 14174 14235
f 6854 6915 6916
f 6854 6916 6855
f 14174 14236 14235
f 14174 14175 14236
f 6855 6916 6917
f 6855 6917 6856
f 14175 14237 14236
f 14175 14176 14237
f 6856 6917 6918
f 6856 6918 6857
f 14176 14238 14237
f 14176 14177 14238
f 6857 6918 6919
f 6857 6919 6858
f 14177 14239 14238
f 14177 14178 14239
f 6858 6919 6920
f 6858 6920 6859
f 14178 14240 14239
f 14178 14179 14240
f 6859 6920 6921
f 6859 6921 6860
f 14179 14241 14240
f 14179 14180 14241
f 6860 6921 6922
f 6860 6922 6861
f 14180 14242 14241
f 14180 14181 14242
f 6861 6922 6923
f 6861 6923 6862
f 14181 14243 14242
f 14181 14182 14243
f 6862 6923 6924
f 6862 6924 6863
f 14182 14244 14243
f 14182 14183 14244
f 6863 6924 6925
f 6863 6925 6864
f 14183 14245 14244
f 14183 14184 14245
f 6864 6925 6926
f 6864 6926 6865
f 14184 14246 14245
f 14184 14185 14246
f 6865 6926 6927
f 6865 6927 6866
f 14185 14247 14246
f 14185 14186 14247
f 6866 6927 6928
f 6866 6928 6867
f 14186 14248 14247
f 14186 14187 14248
f 6867 6928 6929
f 6867 6929 6868
f 14187 14249 14248
f 14187 14188 14249
f 6868 6929 6930
f 6868 6930 6869
f 14188 14250 14249
f 14188 14189 14250
f 6869 6930 6931
f 6869 6931 6870
f 14189 14251 14250
f 14189 14190 14251
f 6870 6931 6932
f 6870 6932 6871
f 14190 14252 14251
f 14190 14191 14252
f 6871 6932 6933
f 6871 6933 6872
f 14191 14253 14252
f 14191 14192 14253
f 6872 6933 6934
f 6872 6934 6873
f 14192 14254 14253
f 14192 14193 14254
f 6873 6934 6935
f 6873 6935 6874
f 14193 14255 14254
f 14193 14194 14255
f 6874 6935 6936
f 6874 6936 6875
f 14194 14256 14255
f 14194 14195 14256
f 6875 6936 6937
f 6875 6937 6876
f 14195 14257 14256
f 14195 14196 14257
f 6876 6937 6938
f 6876 6938 6877
f 14196 14258 14257
f 14196 14197 14258
f 6877 6938 6939
f 6877 6939 6878
f 14197 14259 14258
f 14197 14198 14259
f 6878 6939 6940
f 6878 6940 6879
f 14198 14260 14259
f 14198 14199 14260
f 6879 6940 6941
f 6879 6941 6880
f 14199 14261 14260
f 14199 14200 14261
f 6880 6941 6942
f 6880 6942 6881
f 14200 14262 14261
f 14200 14201 14262
f 6881 6942 6943
f 6881 6943 6882
f 14201 14263 14262
f 14201 14202 14263
f 6882 6943 6944
f 6882 6944 6883
f 14202 14264 14263
f 14202 14203 14264
f 6883 6944 6945
f 6883 6945 6884
f 14203 14265 14264
f 14203 14204 14265
f 6884 6945 6946
f 6884 6946 6885
f 14204 14266 14265
f 14204 14205 14266
f 6885 6946 6947
f 6885 6947 6886
f 14205 14267 14266
f 14205 14206 14267
f 6886 6947 6948
f 6886 6948 6887
f 14206 14268 14267
f 14206 14207 14268
f 6887 6948 6949
f 6887 6949 6888
f 14207 14269 14268
f 14207 14208 14269
f 6888 6949 6950
f 6888 6950 6889
f 14208 14270 14269
f 14208 14209 14270
f 6889 6950 6951
f 6889 6951 6890
f 14209 14271 14270
f 14209 14210 14271
f 6890 6951 6952
f 6890 6952 6891
f 14210 14272 14271
f 14210 14211 14272
f 6891 6952 6953
f 6891 6953 6892
f 14211 14273 14272
f 14211 14212 14273
f 6892 6953 6954
f 6892 6954 6893
f 14212 14274 14273
f 14212 14213 14274
f 6894 6955 6956
f 6894 6956 6895
f 14214 14276 14275
f 14214 14215 14276
f 6895 6956 6957
f 6895 6957 6896
f 14215 14277 14276
f 14215 14216 14277
f 6896 6957 6958
f 6896 6958 6897
f 14216 14278 14277
f 14216 14217 14278
f 6897 6958 6959
f 6897 6959 6898
f 14217 14279 14278
f 14217 14218 14279
f 6898 6959 6960
f 6898 6960 6899
f 14218 14280 14279
f 14218 14219 14280
f 6899 6960 6961
f 6899 6961 6900
f 14219 14281 14280
f 14219 14220 14281
f 6900 6961 6962
f 6900 6962 6901
f 14220 14282 14281
f 14220 14221 14282
f 6901 6962 6963
f 6901 6963 6902
f 14221 14283 14282
f 14221 14222 14283
f 6902 6963 6964
f 6902 6964 6903
f 14222 14284 14283
f 14222 14223 14284
f 6903 6964 6965
f 6903 6965 6904
f 14223 14285 14284
f 14223 14224 14285
f 6904 6965 6966
f 6904 6966 6905
f 14224 14286 14285
f 14224 14225 14286
f 6905 6966 6967
f 6905 6967 6906
f 14225 14287 14286
f 14225 14226 14287
f 6906 6967 6968
f 6906 6968 6907
f 14226 14288 14287
f 14226 14227 14288
f 6907 6968 6969
f 6907 6969 6908
f 14227 14289 14288
f 14227 14228 14289
f 6908 6969 6970
f 6908 6970 6909
f 14228 14290 14289
f 14228 14229 14290
f 6909 6970 6971
f 6909 6971 6910
f 14229 14291 14290
f 14229 14230 14291
f 6910 6971 6972
f 6910 6972 6911
f 14230 14292 14291
f 14230 14231 14292
f 6911 6972 6973
f 6911 6973 6912
f 14231 14293 14292
f 14231 14232 14293
f 6912 6973 6974
f 6912 6974 6913
f 14232 14294 14293
f 14232 14233 14294
f 6913 6974 6975
f 6913 6975 6914
f 14233 14295 14294
f 14233 14234 14295
f 6914 6975 6976
f 6914 6976 6915
f 14234 14296 14295
f 14234 14235 14296
f 6915 6976 6977
f 6915 6977 6916
f 14235 14297 14296
f 14235 14236 14297
f 6916 6977 6978
f 6916 6978 6917
f 14236 14298 14297
f 14236 14237 14298
f 6917 6978 6979
f 6917 6979 6918
f 14237 14299 14298
f 14237 14238 14299
f 6918 6979 6980
f 6918 6980 6919
f 14238 14300 14299
f 14238 14239 14300
f 6919 6980 6981
f 6919 6981 6920
f 14239 14301 14300
f 14239 14240 14301
f 6920 6981 6982
f 6920 6982 6921
f 14240 14302 14301
f 14240 14241 14302
f 6921 6982 6983
f 6921 6983 6922
f 14241 14303 14302
f 14241 14242 14303
f 6922 6983 6984
f 6922 6984 6923
f 14242 14304 14303
f 14242 14243 14304
f 6923 6984 6985
f 6923 6985 6924
f 14243 14305 14304
f 14243 14244 14305
f 6924 6985 6986
f 6924 6986 6925
f 14244 14306 14305
f 14244 14245 14306
f 6925 6986 6987
f 6925 6987 6926
f 14245 14307 14306
f 14245 14246 14307
f 6926 6987 6988
f 6926 6988 6927
f 14246 14308 14307
f 14246 14247 14308
f 6927 6988 6989
f 6927 6989 6928
f 14247 14309 14308
f 14247 14248 14309
f 6928 6989 6990
f 6928 6990 6929
f 14248 14310 14309
f 14248 14249 14310
f 6929 6990 6991
f 6929 6991 6930
f 14249 14311 14310
f 14249 14250 14311
f 6930 6991 6992
f 6930 6992 6931
f 14250 14312 14311
f 14250 14251 14312
f 6931 6992 6993
f 6931 6993 6932
f 14251 14313 14312
f 14251 14252 14313
f 6932 6993 6994
f 6932 6994 6933
f 14252 14314 14313
f 14252 14253 14314
f 6933 6994 6995
f 6933 6995 6934
f 14253 14315 14314
f 14253 14254 14315
f 6934 6995 6996
f 6934 6996 6935
f 14254 14316 14315
f 14254 14255 14316
f 6935 6996 6997
f 6935 6997 6936
f 14255 14317 14316
f 14255 14256 14317
f 6936 6997 6998
f 6936 6998 6937
f 14256 14318 14317
f 14256 14257 14318
f 6937 6998 6999
f 6937 6999 6938
f 14257 14319 14318
f 14257 14258 14319
f 6938 6999 7000
f 6938 7000 6939
f 14258 14320 14319
f 14258 14259 14320
f 6939 7000 7001
f 6939 7001 6940
f 14259 14321 14320
f 14259 14260 14321
f 6940 7001 7002
f 6940 7002 6941
f 14260 14322 14321
f 14260 14261 14322
f 6941 7002 7003
f 6941 7003 6942
f 14261 14323 14322
f 14261 14262 14323
f 6942 7003 7004
f 6942 7004 6943
f 14262 14324 14323
f 14262 14263 14324
f 6943 7004 7005
f 6943 7005 6944
f 14263 14325 14324
f 14263 14264 14325
f 6944 7005 7006
f 6944 7006 6945
f 14264 14326 14325
f 14264 14265 14326
f 6945 7006 7007
f 6945 7007 6946
f 14265 14327 14326
f 14265 14266 14327
f 6946 7007 7008
f 6946 7008 6947
f 14266 14328 14327
f 14266 14267 14328
f 6947 7008 7009
f 6947 7009 6948
f 14267 14329 14328
f 14267 14268 14329
f 6948 7009 7010
f 6948 7010 6949
f 14268 14330 14329
f 14268 14269 14330
f 6949 7010 7011
f 6949 7011 6950
f 14269 14331 14330
f 14269 14270 14331
f 6950 7011 7012
f 6950 7012 6951
f 14270 14332 14331
f 14270 14271 14332
f 6951 7012 7013
f 6951 7013 6952
f 14271 14333 14332
f 14271 14272 14333
f 6952 7013 7014
f 6952 7014 6953
f 14272 14334 14333
f 14272 14273 14334
f 6953 7014 7015
f 6953 7015 6954
f 14273 14335 14334
f 14273 14274 14335
f 6955 7016 7017
f 6955 7017 6956
f 14275 14337 14336
f 14275 14276 14337
f 6956 7017 7018
f 6956 7018 6957
f 14276 14338 14337
f 14276 14277 14338
f 6957 7018 7019
f 6957 7019 6958
f 14277 14339 14338
f 14277 14278 14339
f 6958 7019 7020
f 6958 7020 6959
f 14278 14340 14339
f 14278 14279 14340
f 6959 7020 7021
f 6959 7021 6960
f 14279 14341 14340
f 14279 14280 14341
f 6960 7021 7022
f 6960 7022 6961
f 14280 14342 14341
f 14280 14281 14342
f 6961 7022 7023
f 6961 7023 6962
f 14281 14343 14342
f 14281 14282 14343
f 6962 7023 7024
f 6962 7024 6963
f 14282 14344 14343
f 14282 14283 14344
f 6963 7024 7025
f 6963 7025 6964
f 14283 14345 14344
f 14283 14284 14345
f 6964 7025 7026
f 6964 7026 6965
f 14284 14346 14345
f 14284 14285 14346
f 6965 7026 7027
f 6965 7027 6966
f 14285 14347 14346
f 14285 14286 14347
f 6966 7027 7028
f 6966 7028 6967
f 14286 14348 14347
f 14286 14287 14348
f 6967 7028 7029
f 6967 7029 6968
f 14287 14349 14348
f 14287 14288 14349
f 6968 7029 7030
f 6968 7030 6969
f 14288 14350 14349
f 14288 14289 14350
f 6969 7030 7031
f 6969 7031 6970
f 14289 14351 14350
f 14289 14290 14351
f 6970 7031 7032
f 6970 7032 6971
f 14290 14352 14351
f 14290 14291 14352
f 6971 7032 7033
f 6971 7033 6972
f 14291 14353 14352
f 14291 14292 14353
f 6972 7033 7034
f 6972 7034 6973
f 14292 14354 14353
f 14292 14293 14354
f 6973 7034 7035
f 6973 7035 6974
f 14293 14355 14354
f 14293 14294 14355
f 6974 7035 7036
f 6974 7036 6975
f 14294 14356 14355
f 14294 14295 14356
f 6975 7036 7037
f 6975 7037 6976
f 14295 14357 14356
f 14295 14296 14357
f 6976 7037 7038
f 6976 7038 6977
f 14296 14358 14357
f 14296 14297 14358
f 6977 7038 7039
f 6977 7039 6978
f 14297 14359 14358
f 14297 14298 14359
f 6978 7039 7040
f 6978 7040 6979
f 14298 14360 14359
f 14298 14299 14360
f 6979 7040 7041
f 6979 7041 6980
f 14299 14361 14360
f 14299 14300 14361
f 6980 7041 7042
f 6980 7042 6981
f 14300 14362 14361
f 14300 14301 14362
f 6981 7042 7043
f 6981 7043 6982
f 14301 14363 14362
f 14301 14302 14363
f 6982 7043 7044
f 6982 7044 6983
f 14302 14364 14363
f 14302 14303 14364
f 6983 7044 7045
f 6983 7045 6984
f 14303 14365 14364
f 14303 14304 14365
f 6984 7045 7046
f 6984 7046 6985
f 14304 14366 14365
f 14304 14305 14366
f 6985 7046 7047
f 6985 7047 6986
f 14305 14367 14366
f 14305 14306 14367
f 6986 7047 7048
f 6986 7048 6987
f 14306 14368 14367
f 14306 14307 14368
f 6987 7048 7049
f 6987 7049 6988
f 14307 14369 14368
f 14307 14308 14369
f 6988 7049 7050
f 6988 7050 6989
f 14308 14370 14369
f 14308 14309 14370
f 6989 7050 7051
f 6989 7051 6990
f 14309 14371 14370
f 14309 14310 14371
f 6990 7051 7052
f 6990 7052 6991
f 14310 14372 14371
f 14310 14311 14372
f 6991 7052 7053
f 6991 7053 6992
f 14311 14373 14372
f 14311 14312 14373
f 6992 7053 7054
f 6992 7054 6993
f 14312 14374 14373
f 14312 14313 14374
f 6993 7054 7055
f 6993 7055 6994
f 14313 14375 14374
f 14313 14314 14375
f 6994 7055 7056
f 6994 7056 6995
f 14314 14376 14375
f 14314 14315 14376
f 6995 7056 7057
f 6995 7057 6996
f 14315 14377 14376
f 14315 14316 14377
f 6996 7057 7058
f 6996 7058 6997
f 14316 14378 14377
f 14316 14317 14378
f 6997 7058 7059
f 6997 7059 6998
f 14317 14379 14378
f 14317 14318 14379
f 6998 7059 7060
f 6998 7060 6999
f 14318 14380 14379
f 14318 14319 14380
f 6999 7060 7061
f 6999 7061 7000
f 14319 14381 14380
f 14319 14320 14381
f 7000 7061 7062
f 7000 7062 7001
f 14320 14382 14381
f 14320 14321 14382
f 7001 7062 7063
f 7001 7063 7002
f 14321 14383 14382
f 14321 14322 14383
f 7002 7063 7064
f 7002 7064 7003
f 14322 14384 14383
f 14322 14323 14384
f 7003 7064 7065
f 7003 7065 7004
f 14323 14385 14384
f 14323 14324 14385
f 7004 7065 7066
f 7004 7066 7005
f 14324 14386 14385
f 14324 14325 14386
f 7005 7066 7067
f 7005 7067 7006
f 14325 14387 14386
f 14325 14326 14387
f 7006 7067 7068
f 7006 7068 7007
f 14326 14388 14387
f 14326 14327 14388
f 7007 7068 7069
f 7007 7069 7008
f 14327 14389 14388
f 14327 14328 14389
f 7008 7069 7070
f 7008 7070 7009
f 14328 14390 14389
f 14328 14329 14390
f 7009 7070 7071
f 7009 7071 7010
f 14329 14391 14390
f 14329 14330 14391
f 7010 7071 7072
f 7010 7072 7011
f 14330 14392 14391
f 14330 14331 14392
f 7011 7072 7073
f 7011 7073 7012
f 14331 14393 14392
f 14331 14332 14393
f 7012 7073 7074
f 7012 7074 7013
f 14332 14394 14393
f 14332 14333 14394
f 7013 7074 7075
f 7013 7075 7014
f 14333 14395 14394
f 14333 14334 14395
f 7014 7075 7076
f 7014 7076 7015
f 14334 14396 14395
f 14334 14335 14396
f 7016 7077 7078
f 7016 7078 7017
f 14336 14398 14397
f 14336 14337 14398
f 7017 7078 7079
f 7017 7079 7018
f 14337 14399 14398
f 14337 14338 14399
f 7018 7079 7080
f 7018 7080 7019
f 14338 14400 14399
f 14338 14339 14400
f 7019 7080 7081
f 7019 7081 7020
f 14339 14401 14400
f 14339 14340 14401
f 7020 7081 7082
f 7020 7082 7021
f 14340 14402 14401
f 14340 14341 14402
f 7021 7082 7083
f 7021 7083 7022
f 14341 14403 14402
f 14341 14342 14403
f 7022 7083 7084
f 7022 7084 7023
f 14342 14404 14403
f 14342 14343 14404
f 7023 7084 7085
f 7023 7085 7024
f 14343 14405 14404
f 14343 14344 14405
f 7024 7085 7086
f 7024 7086 7025
f 14344 14406 14405
f 14344 14345 14406
f 7025 7086 7087
f 7025 7087 7026
f 14345 14407 14406
f 14345 14346 14407
f 7026 7087 7088
f 7026 7088 7027
f 14346 14408 14407
f 14346 14347 14408
f 7027 7088 7089
f 7027 7089 7028
f 14347 14409 14408
f 14347 14348 14409
f 7028 7089 7090
f 7028 7090 7029
f 14348 14410 14409
f 14348 14349 14410
f 7029 7090 7091
f 7029 7091 7030
f 14349 14411 14410
f 14349 14350 14411
f 7030 7091 7092
f 7030 7092 7031
f 14350 14412 14411
f 14350 14351 14412
f 7031 7092 7093
f 7031 7093 7032
f 14351 14413 14412
f 14351 14352 14413
f 7032 7093 7094
f 7032 7094 7033
f 14352 14414 14413
f 14352 14353 14414
f 7033 7094 7095
f 7033 7095 7034
f 14353 14415 14414
f 14353 14354 14415
f 7034 7095 7096
f 7034 7096 7035
f 14354 14416 14415
f 14354 14355 14416
f 7035 7096 7097
f 7035 7097 7036
f 14355 14417 14416
f 14355 14356 14417
f 7036 7097 7098
f 7036 7098 7037
f 14356 14418 14417
f 14356 14357 14418
f 7037 7098 7099
f 7037 7099 7038
f 14357 14419 14418
f 14357 14358 14419
f 7038 7099 7100
f 7038 7100 7039
f 14358 14420 14419
f 14358 14359 14420
f 7039 7100 7101
f 7039 7101 7040
f 14359 14421 14420
f 14359 14360 14421
f 7040 7101 7102
f 7040 7102 7041
f 14360 14422 14421
f 14360 14361 14422
f 7041 7102 7103
f 7041 7103 7042
f 14361 14423 14422
f 14361 14362 14423
f 7042 7103 7104
f 7042 7104 7043
f 14362 14424 14423
f 14362 14363 14424
f 7043 7104 7105
f 7043 7105 7044
f 14363 14425 14424
f 14363 14364 14425
f 7044 7105 7106
f 7044 7106 7045
f 14364 14426 14425
f 14364 14365 14426
f 7045 7106 7107
f 7045 7107 7046
f 14365 14427 14426
f 14365 14366 14427
f 7046 7107 7108
f 7046 7108 7047
f 14366 14428 14427
f 14366 14367 14428
f 7047 7108 7109
f 7047 7109 7048
f 14367 14429 14428
f 14367 14368 14429
f 7048 7109 7110
f 7048 7110 7049
f 14368 14430 14429
f 14368 14369 14430
f 7049 7110 7111
f 7049 7111 7050
f 14369 14431 14430
f 14369 14370 14431
f 7050 7111 7112
f 7050 7112 7051
f 14370 14432 14431
f 14370 14371 14432
f 7051 7112 7113
f 7051 7113 7052
f 14371 14433 14432
f 14371 14372 14433
f 7052 7113 7114
f 7052 7114 7053
f 14372 14434 14433
f 14372 14373 14434
f 7053 7114 7115
f 7053 7115 7054
f 14373 14435 14434
f 14373 14374 14435
f 7054 7115 7116
f 7054 7116 7055
f 14374 14436 14435
f 14374 14375 14436
f 7055 7116 7117
f 7055 7117 7056
f 14375 14437 14436
f 14375 14376 14437
f 7056 7117 7118
f 7056 7118 7057
f 14376 14438 14437
f 14376 14377 14438
f 7057 7118 7119
f 7057 7119 7058
f 14377 14439 14438
f 14377 14378 14439
f 7058 7119 7120
f 7058 7120 7059
f 14378 14440 14439
f 14378 14379 14440
f 7059 7120 7121
f 7059 7121 7060
f 14379 14441 14440
f 14379 14380 14441
f 7060 7121 7122
f 7060 7122 7061
f 14380 14442 14441
f 14380 14381 14442
f 7061 7122 7123
f 7061 7123 7062
f 14381 14443 14442
f 14381 14382 14443
f 7062 7123 7124
f 7062 7124 7063
f 14382 14444 14443
f 14382 14383 14444
f 7063 7124 7125
f 7063 7125 7064
f 14383 14445 14444
f 14383 14384 14445
f 7064 7125 7126
f 7064 7126 7065
f 14384 14446 14445
f 14384 14385 14446
f 7065 7126 7127
f 7065 7127 7066
f 14385 14447 14446
f 14385 14386 14447
f 7066 7127 7128
f 7066 7128 7067
f 14386 14448 14447
f 14386 14387 14448
f 7067 7128 7129
f 7067 7129 7068
f 14387 14449 14448
f 14387 14388 14449
f 7068 7129 7130
f 7068 7130 7069
f 14388 14450 14449
f 14388 14389 14450
f 7069 7130 7131
f 7069 7131 7070
f 14389 14451 14450
f 14389 14390 14451
f 7070 7131 7132
f 7070 7132 7071
f 14390 14452 14451
f 14390 14391 14452
f 7071 7132 7133
f 7071 7133 7072
f 14391 14453 14452
f 14391 14392 14453
f 7072 7133 7134
f 7072 7134 7073
f 14392 14454 14453
f 14392 14393 14454
f 7073 7134 7135
f 7073 7135 7074
f 14393 14455 14454
f 14393 14394 14455
f 7074 7135 7136
f 7074 7136 7075
f 14394 14456 14455
f 14394 14395 14456
f 7075 7136 7137
f 7075 7137 7076
f 14395 14457 14456
f 14395 14396 14457
f 7077 7138 7139
f 7077 7139 7078
f 14397 14459 14458
f 14397 14398 14459
f 7078 7139 7140
f 7078 7140 7079
f 14398 14460 14459
f 14398 14399 14460
f 7079 7140 7141
f 7079 7141 7080
f 14399 14461 14460
f 14399 14400 14461
f 7080 7141 7142
f 7080 7142 7081
f 14400 14462 14461
f 14400 14401 14462
f 7081 7142 7143
f 7081 7143 7082
f 14401 14463 14462
f 14401 14402 14463
f 7082 7143 7144
f 7082 7144 7083
f 14402 14464 14463
f 14402 14403 14464
f 7083 7144 7145
f 7083 7145 7084
f 14403 14465 14464
f 14403 14404 14465
f 7084 7145 7146
f 7084 7146 7085
f 14404 14466 14465
f 14404 14405 14466
f 7085 7146 7147
f 7085 7147 7086
f 14405 14467 14466
f 14405 14406 14467
f 7086 7147 7148
f 7086 7148 7087
f 14406 14468 14467
f 14406 14407 14468
f 7087 7148 7149
f 7087 7149 7088
f 14407 14469 14468
f 14407 14408 14469
f 7088 7149 7150
f 7088 7150 7089
f 14408 14470 14469
f 14408 14409 14470
f 7089 7150 7151
f 7089 7151 7090
f 14409 14471 14470
f 14409 14410 14471
f 7090 7151 7152
f 7090 7152 7091
f 14410 14472 14471
f 14410 14411 14472
f 7091 7152 7153
f 7091 7153 7092
f 14411 14473 14472
f 14411 14412 14473
f 7092 7153 7154
f 7092 7154 7093
f 14412 14474 14473
f 14412 14413 14474
f 7093 7154 7155
f 7093 7155 7094
f 14413 14475 14474
f 14413 14414 14475
f 7094 7155 7156
f 7094 7156 7095
f 14414 14476 14475
f 14414 14415 14476
f 7095 7156 7157
f 7095 7157 7096
f 14415 14477 14476
f 14415 14416 14477
f 7096 7157 7158
f 7096 7158 7097
f 14416 14478 14477
f 14416 14417 14478
f 7097 7158 7159
f 7097 7159 7098
f 14417 14479 14478
f 14417 14418 14479
f 7098 7159 7160
f 7098 7160 7099
f 14418 14480 14479
f 14418 14419 14480
f 7099 7160 7161
f 7099 7161 7100
f 14419 14481 14480
f 14419 14420 14481
f 7100 7161 7162
f 7100 7162 7101
f 14420 14482 14481
f 14420 14421 14482
f 7101 7162 7163
f 7101 7163 7102
f 14421 14483 14482
f 14421 14422 14483
f 7102 7163 7164
f 7102 7164 7103
f 14422 14484 14483
f 14422 14423 14484
f 7103 7164 7165
f 7103 7165 7104
f 14423 14485 14484
f 14423 14424 14485
f 7104 7165 7166
f 7104 7166 7105
f 14424 14486 14485
f 14424 14425 14486
f 7105 7166 7167
f 7105 7167 7106
f 14425 14487 14486
f 14425 14426 14487
f 7106 7167 7168
f 7106 7168 7107
f 14426 14488 14487
f 14426 14427 14488
f 7107 7168 7169
f 7107 7169 7108
f 14427 14489 14488
f 14427 14428 14489
f 7108 7169 7170
f 7108 7170 7109
f 14428 14490 14489
f 14428 14429 14490
f 7109 7170 7171
f 7109 7171 7110
f 14429 14491 14490
f 14429 14430 14491
f 7110 7171 7172
f 7110 7172 7111
f 14430 14492 14491
f 14430 14431 14492
f 7111 7172 7173
f 7111 7173 7112
f 14431 14493 14492
f 14431 14432 14493
f 7112 7173 7174
f 7112 7174 7113
f 14432 14494 14493
f 14432 14433 14494
f 7113 7174 7175
f 7113 7175 7114
f 14433 14495 14494
f 14433 14434 14495
f 7114 7175 7176
f 7114 7176 7115
f 14434 14496 14495
f 14434 14435 14496
f 7115 7176 7177
f 7115 7177 7116
f 14435 14497 14496
f 14435 14436 14497
f 7116 7177 7178
f 7116 7178 7117
f 14436 14498 14497
f 14436 14437 14498
f 7117 7178 7179
f 7117 7179 7118
f 14437 14499 14498
f 14437 14438 14499
f 7118 7179 7180
f 7118 7180 7119
f 14438 14500 14499
f 14438 14439 14500
f 7119 7180 7181
f 7119 7181 7120
f 14439 14501 14500
f 14439 14440 14501
f 7120 7181 7182
f 7120 7182 7121
f 14440 14502 14501
f 14440 14441 14502
f 7121 7182 7183
f 7121 7183 7122
f 14441 14503 14502
f 14441 14442 14503
f 7122 7183 7184
f 7122 7184 7123
f 14442 14504 14503
f 14442 14443 14504
f 7123 7184 7185
f 7123 7185 7124
f 14443 14505 14504
f 14443 14444 14505
f 7124 7185 7186
f 7124 7186 7125
f 14444 14506 14505
f 14444 14445 14506
f 7125 7186 7187
f 7125 7187 7126
f 14445 14507 14506
f 14445 14446 14507
f 7126 7187 7188
f 7126 7188 7127
f 14446 14508 14507
f 14446 14447 14508
f 7127 7188 7189
f 7127 7189 7128
f 14447 14509 14508
f 14447 14448 14509
f 7128 7189 7190
f 7128 7190 7129
f 14448 14510 14509
f 14448 14449 14510
f 7129 7190 7191
f 7129 7191 7130
f 14449 14511 14510
f 14449 14450 14511
f 7130 7191 7192
f 7130 7192 7131
f 14450 14512 14511
f 14450 14451 14512
f 7131 7192 7193
f 7131 7193 7132
f 14451 14513 14512
f 14451 14452 14513
f 7132 7193 7194
f 7132 7194 7133
f 14452 14514 14513
f 14452 14453 14514
f 7133 7194 7195
f 7133 7195 7134
f 14453 14515 14514
f 14453 14454 14515
f 7134 7195 7196
f 7134 7196 7135
f 14454 14516 14515
f 14454 14455 14516
f 7135 7196 7197
f 7135 7197 7136
f 14455 14517 14516
f 14455 14456 14517
f 7136 7197 7198
f 7136 7198 7137
f 14456 14518 14517
f 14456 14457 14518
f 7138 7199 7200
f 7138 7200 7139
f 14458 14520 14519
f 14458 14459 14520
f 7139 7200 7201
f 7139 7201 7140
f 14459 14521 14520
f 14459 14460 14521
f 7140 7201 7202
f 7140 7202 7141
f 14460 14522 14521
f 14460 14461 14522
f 7141 7202 7203
f 7141 7203 7142
f 14461 14523 14522
f 14461 14462 14523
f 7142 7203 7204
f 7142 7204 7143
f 14462 14524 14523
f 14462 14463 14524
f 7143 7204 7205
f 7143 7205 7144
f 14463 14525 14524
f 14463 14464 14525
f 7144 7205 7206
f 7144 7206 7145
f 14464 14526 14525
f 14464 14465 14526
f 7145 7206 7207
f 7145 7207 7146
f 14465 14527 14526
f 14465 14466 14527
f 7146 7207 7208
f 7146 7208 7147
f 14466 14528 14527
f 14466 14467 14528
f 7147 7208 7209
f 7147 7209 7148
f 14467 14529 14528
f 14467 14468 14529
f 7148 7209 7210
f 7148 7210 7149
f 14468 14530 14529
f 14468 14469 14530
f 7149 7210 7211
f 7149 7211 7150
f 14469 14531 14530
f 14469 14470 14531
f 7150 7211 7212
f 7150 7212 7151
f 14470 14532 14531
f 14470 14471 14532
f 7151 7212 7213
f 7151 7213 7152
f 14471 14533 14532
f 14471 14472 14533
f 7152 7213 7214
f 7152 7214 7153
f 14472 14534 14533
f 14472 14473 14534
f 7153 7214 7215
f 7153 7215 7154
f 14473 14535 14534
f 14473 14474 14535
f 7154 7215 7216
f 7154 7216 7155
f 14474 14536 14535
f 14474 14475 14536
f 7155 7216 7217
f 7155 7217 7156
f 14475 14537 14536
f 14475 14476 14537
f 7156 7217 7218
f 7156 7218 7157
f 14476 14538 14537
f 14476 14477 14538
f 7157 7218 7219
f 7157 7219 7158
f 14477 14539 14538
f 14477 14478 14539
f 7158 7219 7220
f 7158 7220 7159
f 14478 14540 14539
f 14478 14479 14540
f 7159 7220 7221
f 7159 7221 7160
f 14479 14541 14540
f 14479 14480 14541
f 7160 7221 7222
f 7160 7222 7161
f 14480 14542 14541
f 14480 14481 14542
f 7161 7222 7223
f 7161 7223 7162
f 14481 14543 14542
f 14481 14482 14543
f 7162 7223 7224
f 7162 7224 7163
f 14482 14544 14543
f 14482 14483 14544
f 7163 7224 7225
f 7163 7225 7164
f 14483 14545 14544
f 14483 14484 14545
f 7164 7225 7226
f 7164 7226 7165
f 14484 14546 14545
f 14484 14485 14546
f 7165 7226 7227
f 7165 7227 7166
f 14485 14547 14546
f 14485 14486 14547
f 7166 7227 7228
f 7166 7228 7167
f 14486 14548 14547
f 14486 14487 14548
f 7167 7228 7229
f 7167 7229 7168
f 14487 14549 14548
f 14487 14488 14549
f 7168 7229 7230
f 7168 7230 7169
f 14488 14550 14549
f 14488 14489 14550
f 7169 7230 7231
f 7169 7231 7170
f 14489 14551 14550
f 14489 14490 14551
f 7170 7231 7232
f 7170 7232 7171
f 14490 14552 14551
f 14490 14491 14552
f 7171 7232 7233
f 7171 7233 7172
f 14491 14553 14552
f 14491 14492 14553
f 7172 7233 7234
f 7172 7234 7173
f 14492 14554 14553
f 14492 14493 14554
f 7173 7234 7235
f 7173 7235 7174
f 14493 14555 14554
f 14493 14494 14555
f 7174 7235 7236
f 7174 7236 7175
f 14494 14556 14555
f 14494 14495 14556
f 7175 7236 7237
f 7175 7237 7176
f 14495 14557 14556
f 14495 14496 14557
f 7176 7237 7238
f 7176 7238 7177
f 14496 14558 14557
f 14496 14497 14558
f 7177 7238 7239
f 7177 7239 7178
f 14497 14559 14558
f 14497 14498 14559
f 7178 7239 7240
f 7178 7240 7179
f 14498 14560 14559
f 14498 14499 14560
f 7179 7240 7241
f 7179 7241 7180
f 14499 14561 14560
f 14499 14500 14561
f 7180 7241 7242
f 7180 7242 7181
f 14500 14562 14561
f 14500 14501 14562
f 7181 7242 7243
f 7181 7243 7182
f 14501 14563 14562
f 14501 14502 14563
f 7182 7243 7244
f 7182 7244 7183
f 14502 14564 14563
f 14502 14503 14564
f 7183 7244 7245
f 7183 7245 7184
f 14503 14565 14564
f 14503 14504 14565
f 7184 7245 7246
f 7184 7246 7185
f 14504 14566 14565
f 14504 14505 14566
f 7185 7246 7247
f 7185 7247 7186
f 14505 14567 14566
f 14505 14506 14567
f 7186 7247 7248
f 7186 7248 7187
f 14506 14568 14567
f 14506 14507 14568
f 7187 7248 7249
f 7187 7249 7188
f 14507 14569 14568
f 14507 14508 14569
f 7188 7249 7250
f 7188 7250 7189
f 14508 14570 14569
f 14508 14509 14570
f 7189 7250 7251
f 7189 7251 7190
f 14509 14571 14570
f 14509 14510 14571
f 7190 7251 7252
f 7190 7252 7191
f 14510 14572 14571
f 14510 14511 14572
f 7191 7252 7253
f 7191 7253 7192
f 14511 14573 14572
f 14511 14512 14573
f 7192 7253 7254
f 7192 7254 7193
f 14512 14574 14573
f 14512 14513 14574
f 7193 7254 7255
f 7193 7255 7194
f 14513 14575 14574
f 14513 14514 14575
f 7194 7255 7256
f 7194 7256 7195
f 14514 14576 14575
f 14514 14515 14576
f 7195 7256 7257
f 7195 7257 7196
f 14515 14577 14576
f 14515 14516 14577
f 7196 7257 7258
f 7196 7258 7197
f 14516 14578 14577
f 14516 14517 14578
f 7197 7258 7259
f 7197 7259 7198
f 14517 14579 14578
f 14517 14518 14579
f 7199 7260 7261
f 7199 7261 7200
f 14519 14581 14580
f 14519 14520 14581
f 7200 7261 7262
f 7200 7262 7201
f 14520 14582 14581
f 14520 14521 14582
f 7201 7262 7263
f 7201 7263 7202
f 14521 14583 14582
f 14521 14522 14583
f 7202 7263 7264
f 7202 7264 7203
f 14522 14584 14583
f 14522 14523 14584
f 7203 7264 7265
f 7203 7265 7204
f 14523 14585 14584
f 14523 14524 14585
f 7204 7265 7266
f 7204 7266 7205
f 14524 14586 14585
f 14524 14525 14586
f 7205 7266 7267
f 7205 7267 7206
f 14525 14587 14586
f 14525 14526 14587
f 7206 7267 7268
f 7206 7268 7207
f 14526 14588 14587
f 14526 14527 14588
f 7207 7268 7269
f 7207 7269 7208
f 14527 14589 14588
f 14527 14528 14589
f 7208 7269 7270
f 7208 7270 7209
f 14528 14590 14589
f 14528 14529 14590
f 7209 7270 7271
f 7209 7271 7210
f 14529 14591 14590
f 14529 14530 14591
f 7210 7271 7272
f 7210 7272 7211
f 14530 14592 14591
f 14530 14531 14592
f 7211 7272 7273
f 7211 7273 7212
f 14531 14593 14592
f 14531 14532 14593
f 7212 7273 7274
f 7212 7274 7213
f 14532 14594 14593
f 14532 14533 14594
f 7213 7274 7275
f 7213 7275 7214
f 14533 14595 14594
f 14533 14534 14595
f 7214 7275 7276
f 7214 7276 7215
f 14534 14596 14595
f 14534 14535 14596
f 7215 7276 7277
f 7215 7277 7216
f 14535 14597 14596
f 14535 14536 14597
f 7216 7277 7278
f 7216 7278 7217
f 14536 14598 14597
f 14536 14537 14598
f 7217 7278 7279
f 7217 7279 7218
f 14537 14599 14598
f 14537 14538 14599
f 7218 7279 7280
f 7218 7280 7219
f 14538 14600 14599
f 14538 14539 14600
f 7219 7280 7281
f 7219 7281 7220
f 14539 14601 14600
f 14539 14540 14601
f 7220 7281 7282
f 7220 7282 7221
f 14540 14602 14601
f 14540 14541 14602
f 7221 7282 7283
f 7221 7283 7222
f 14541 14603 14602
f 14541 14542 14603
f 7222 7283 7284
f 7222 7284 7223
f 14542 14604 14603
f 14542 14543 14604
f 7223 7284 7285
f 7223 7285 7224
f 14543 14605 14604
f 14543 14544 14605
f 7224 7285 7286
f 7224 7286 7225
f 14544 14606 14605
f 14544 14545 14606
f 7225 7286 7287
f 7225 7287 7226
f 14545 14607 14606
f 14545 14546 14607
f 7226 7287 7288
f 7226 7288 7227
f 14546 14608 14607
f 14546 14547 14608
f 7227 7288 7289
f 7227 7289 7228
f 14547 14609 14608
f 14547 14548 14609
f 7228 7289 7290
f 7228 7290 7229
f 14548 14610 14609
f 14548 14549 14610
f 7229 7290 7291
f 7229 7291 7230
f 14549 14611 14610
f 14549 14550 14611
f 7230 7291 7292
f 7230 7292 7231
f 14550 14612 14611
f 14550 14551 14612
f 7231 7292 7293
f 7231 7293 7232
f 14551 14613 14612
f 14551 14552 14613
f 7232 7293 7294
f 7232 7294 7233
f 14552 14614 14613
f 14552 14553 14614
f 7233 7294 7295
f 7233 7295 7234
f 14553 14615 14614
f 14553 14554 14615
f 7234 7295 7296
f 7234 7296 7235
f 14554 14616 14615
f 14554 14555 14616
f 7235 7296 7297
f 7235 7297 7236
f 14555 14617 14616
f 14555 14556 14617
f 7236 7297 7298
f 7236 7298 7237
f 14556 14618 14617
f 14556 14557 14618
f 7237 7298 7299
f 7237 7299 7238
f 14557 14619 14618
f 14557 14558 14619
f 7238 7299 7300
f 7238 7300 7239
f 14558 14620 14619
f 14558 14559 14620
f 7239 7300 7301
f 7239 7301 7240
f 14559 14621 14620
f 14559 14560 14621
f 7240 7301 7302
f 7240 7302 7241
f 14560 14622 14621
f 14560 14561 14622
f 7241 7302 7303
f 7241 7303 7242
f 14561 14623 14622
f 14561 14562 14623
f 7242 7303 7304
f 7242 7304 7243
f 14562 14624 14623
f 14562 14563 14624
f 7243 7304 7305
f 7243 7305 7244
f 14563 14625 14624
f 14563 14564 14625
f 7244 7305 7306
f 7244 7306 7245
f 14564 14626 14625
f 14564 14565 14626
f 7245 7306 7307
f 7245 7307 7246
f 14565 14627 14626
f 14565 14566 14627
f 7246 7307 7308
f 7246 7308 7247
f 14566 14628 14627
f 14566 14567 14628
f 7247 7308 7309
f 7247 7309 7248
f 14567 14629 14628
f 14567 14568 14629
f 7248 7309 7310
f 7248 7310 7249
f 14568 14630 14629
f 14568 14569 14630
f 7249 7310 7311
f 7249 7311 7250
f 14569 14631 14630
f 14569 14570 14631
f 7250 7311 7312
f 7250 7312 7251
f 14570 14632 14631
f 14570 14571 14632
f 7251 7312 7313
f 7251 7313 7252
f 14571 14633 14632
f 14571 14572 14633
f 7252 7313 7314
f 7252 7314 7253
f 14572 14634 14633
f 14572 14573 14634
f 7253 7314 7315
f 7253 7315 7254
f 14573 14635 14634
f 14573 14574 14635
f 7254 7315 7316
f 7254 7316 7255
f 14574 14636 14635
f 14574 14575 14636
f 7255 7316 7317
f 7255 7317 7256
f 14575 14637 14636
f 14575 14576 14637
f 7256 7317 7318
f 7256 7318 7257
f 14576 14638 14637
f 14576 14577 14638
f 7257 7318 7319
f 7257 7319 7258
f 14577 14639 14638
f 14577 14578 14639
f 7258 7319 7320
f 7258 7320 7259
f 14578 14640 14639
f 14578 14579 14640
f 1 7321 7382
f 1 7382 62
f 62 7382 7443
f 62 7443 123
f 123 7443 7504
f 123 7504 184
f 184 7504 7565
f 184 7565 245
f 245 7565 7626
f 245 7626 306
f 306 7626 7687
f 306 7687 367
f 367 7687 7748
f 367 7748 428
f 428 7748 7809
f 428 7809 489
f 489 7809 7870
f 489 7870 550
f 550 7870 7931
f 550 7931 611
f 611 7931 7992
f 611 7992 672
f 672 7992 8053
f 672 8053 733
f 733 8053 8114
f 733 8114 794
f 794 8114 8175
f 794 8175 855
f 855 8175 8236
f 855 8236 916
f 916 8236 8297
f 916 8297 977
f 977 8297 8358
f 977 8358 1038
f 1038 8358 8419
f 1038 8419 1099
f 1099 8419 8480
f 1099 8480 1160
f 1160 8480 8541
f 1160 8541 1221
f 1221 8541 8602
f 1221 8602 1282
f 1282 8602 8663
f 1282 8663 1343
f 1343 8663 8724
f 1343 8724 1404
f 1404 8724 8785
f 1404 8785 1465
f 1465 8785 8846
f 1465 8846 1526
f 1526 8846 8907
f 1526 8907 1587
f 1587 8907 8968
f 1587 8968 1648
f 1648 8968 9029
f 1648 9029 1709
f 1709 9029 9090
f 1709 9090 1770
f 1770 9090 9151
f 1770 9151 1831
f 1831 9151 9212
f 1831 9212 1892
f 1892 9212 9273
f 1892 9273 1953
f 1953 9273 9334
f 1953 9334 2014
f 2014 9334 9395
f 2014 9395 2075
f 2075 9395 9456
f 2075 9456 2136
f 2136 9456 9517
f 2136 9517 2197
f 2197 9517 9578
f 2197 9578 2258
f 2258 9578 9639
f 2258 9639 2319
f 2319 9639 9700
f 2319 9700 2380
f 2380 9700 9761
f 2380 9761 2441
f 2441 9761 9822
f 2441 9822 2502
f 2502 9822 9883
f 2502 9883 2563
f 2563 9883 9944
f 2563 9944 2624
f 2624 9944 10005
f 2624 10005 2685
f 2685 10005 10066
f 2685 10066 2746
f 2746 10066 10127
f 2746 10127 2807
f 2807 10127 10188
f 2807 10188 2868
f 2868 10188 10249
f 2868 10249 2929
f 2929 10249 10310
f 2929 10310 2990
f 2990 10310 10371
f 2990 10371 3051
f 3051 10371 10432
f 3051 10432 3112
f 3112 10432 10493
f 3112 10493 3173
f 3173 10493 10554
f 3173 10554 3234
f 3234 10554 10615
f 3234 10615 3295
f 3295 10615 10676
f 3295 10676 3356
f 3356 10676 10737
f 3356 10737 3417
f 3417 10737 10798
f 3417 10798 3478
f 3478 10798 10859
f 3478 10859 3539
f 3539 10859 10920
f 3539 10920 3600
f 3600 10920 10981
f 3600 10981 3661
f 3661 10981 11042
f 3661 11042 3722
f 3722 11042 11103
f 3722 11103 3783
f 3783 11103 11164
f 3783 11164 3844
f 3844 11164 11225
f 3844 11225 3905
f 3905 11225 11286
f 3905 11286 3966
f 3966 11286 11347
f 3966 11347 4027
f 4027 11347 11408
f 4027 11408 4088
f 4088 11408 11469
f 4088 11469 4149
f 4149 11469 11530
f 4149 11530 4210
f 4210 11530 11591
f 4210 11591 4271
f 4271 11591 11652
f 4271 11652 4332
f 4332 11652 11713
f 4332 11713 4393
f 4393 11713 11774
f 4393 11774 4454
f 4454 11774 11835
f 4454 11835 4515
f 4515 11835 11896
f 4515 11896 4576
f 4576 11896 11957
f 4576 11957 4637
f 4637 11957 12018
f 4637 12018 4698
f 4698 12018 12079
f 4698 12079 4759
f 4759 12079 12140
f 4759 12140 4820
f 4820 12140 12201
f 4820 12201 4881
f 4881 12201 12262
f 4881 12262 4942
f 4942 12262 12323
f 4942 12323 5003
f 5003 12323 12384
f 5003 12384 5064
f 5064 12384 12445
f 5064 12445 5125
f 5125 12445 12506
f 5125 12506 5186
f 5186 12506 12567
f 5186 12567 5247
f 5247 12567 12628
f 5247 12628 5308
f 5308 12628 12689
f 5308 12689 5369
f 5369 12689 12750
f 5369 12750 5430
f 5430 12750 12811
f 5430 12811 5491
f 5491 12811 12872
f 5491 12872 5552
f 5552 12872 12933
f 5552 12933 5613
f 5613 12933 12994
f 5613 12994 5674
f 5674 12994 13055
f 5674 13055 5735
f 5735 13055 13116
f 5735 13116 5796
f 5796 13116 13177
f 5796 13177 5857
f 5857 13177 13238
f 5857 13238 5918
f 5918 13238 13299
f 5918 13299 5979
f 5979 13299 13360
f 5979 13360 6040
f 6040 13360 13421
f 6040 13421 6101
f 6101 13421 13482
f 6101 13482 6162
f 6162 13482 13543
f 6162 13543 6223
f 6223 13543 13604
f 6223 13604 6284
f 6284 13604 13665
f 6284 13665 6345
f 6345 13665 13726
f 6345 13726 6406
f 6406 13726 13787
f 6406 13787 6467
f 6467 13787 13848
f 6467 13848 6528
f 6528 13848 13909
f 6528 13909 6589
f 6589 13909 13970
f 6589 13970 6650
f 6650 13970 14031
f 6650 14031 6711
f 6711 14031 14092
f 6711 14092 6772
f 6772 14092 14153
f 6772 14153 6833
f 6833 14153 14214
f 6833 14214 6894
f 6894 14214 14275
f 6894 14275 6955
f 6955 14275 14336
f 6955 14336 7016
f 7016 14336 14397
f 7016 14397 7077
f 7077 14397 14458
f 7077 14458 7138
f 7138 14458 14519
f 7138 14519 7199
f 7199 14519 14580
f 7199 14580 7260
f 7260 14580 14580
f 7260 14580 7260
f 7260 14580 14581
f 7260 14581 7261
f 7261 14581 14582
f 7261 14582 7262
f 7262 14582 14583
f 7262 14583 7263
f 7263 14583 14584
f 7263 14584 7264
f 7264 14584 14585
f 7264 14585 7265
f 7265 14585 14586
f 7265 14586 7266
f 7266 14586 14587
f 7266 14587 7267
f 7267 14587 14588
f 7267 14588 7268
f 7268 14588 14589
f 7268 14589 7269
f 7269 14589 14590
f 7269 14590 7270
f 7270 14590 14591
f 7270 14591 7271
f 7271 14591 14592
f 7271 14592 7272
f 7272 14592 14593
f 7272 14593 7273
f 7273 14593 14594
f 7273 14594 7274
f 7274 14594 14595
f 7274 14595 7275
f 7275 14595 14596
f 7275 14596 7276
f 7276 14596 14597
f 7276 14597 7277
f 7277 14597 14598
f 7277 14598 7278
f 7278 14598 14599
f 7278 14599 7279
f 7279 14599 14600
f 7279 14600 7280
f 7280 14600 14601
f 7280 14601 7281
f 7281 14601 14602
f 7281 14602 7282
f 7282 14602 14603
f 7282 14603 7283
f 7283 14603 14604
f 7283 14604 7284
f 7284 14604 14605
f 7284 14605 7285
f 7285 14605 14606
f 7285 14606 7286
f 7286 14606 14607
f 7286 14607 7287
f 7287 14607 14608
f 7287 14608 7288
f 7288 14608 14609
f 7288 14609 7289
f 7289 14609 14610
f 7289 14610 7290
f 7290 14610 14611
f 7290 14611 7291
f 7291 14611 14612
f 7291 14612 7292
f 7292 14612 14613
f 7292 14613 7293
f 7293 14613 14614
f 7293 14614 7294
f 7294 14614 14615
f 7294 14615 7295
f 7295 14615 14616
f 7295 14616 7296
f 7296 14616 14617
f 7296 14617 7297
f 7297 14617 14618
f 7297 14618 7298
f 7298 14618 14619
f 7298 14619 7299
f 7299 14619 14620
f 7299 14620 7300
f 7300 14620 14621
f 7300 14621 7301
f 7301 14621 14622
f 7301 14622 7302
f 7302 14622 14623
f 7302 14623 7303
f 7303 14623 14624
f 7303 14624 7304
f 7304 14624 14625
f 7304 14625 7305
f 7305 14625 14626
f 7305 14626 7306
f 7306 14626 14627
f 7306 14627 7307
f 7307 14627 14628
f 7307 14628 7308
f 7308 14628 14629
f 7308 14629 7309
f 7309 14629 14630
f 7309 14630 7310
f 7310 14630 14631
f 7310 14631 7311
f 7311 14631 14632
f 7311 14632 7312
f 7312 14632 14633
f 7312 14633 7313
f 7313 14633 14634
f 7313 14634 7314
f 7314 14634 14635
f 7314 14635 7315
f 7315 14635 14636
f 7315 14636 7316
f 7316 14636 14637
f 7316 14637 7317
f 7317 14637 14638
f 7317 14638 7318
f 7318 14638 14639
f 7318 14639 7319
f 7319 14639 14640
f 7319 14640 7320
f 7320 14640 14640
f 7320 14640 7320
f 7320 14640 14579
f 7320 14579 7259
f 7259 14579 14518
f 7259 14518 7198
f 7198 14518 14457
f 7198 14457 7137
f 7137 14457 14396
f 7137 14396 7076
f 7076 14396 14335
f 7076 14335 7015
f 7015 14335 14274
f 7015 14274 6954
f 6954 14274 14213
f 6954 14213 6893
f 6893 14213 14152
f 6893 14152 6832
f 6832 14152 14091
f 6832 14091 6771
f 6771 14091 14030
f 6771 14030 6710
f 6710 14030 13969
f 6710 13969 6649
f 6649 13969 13908
f 6649 13908 6588
f 6588 13908 13847
f 6588 13847 6527
f 6527 13847 13786
f 6527 13786 6466
f 6466 13786 13725
f 6466 13725 6405
f 6405 13725 13664
f 6405 13664 6344
f 6344 13664 13603
f 6344 13603 6283
f 6283 13603 13542
f 6283 13542 6222
f 6222 13542 13481
f 6222 13481 6161
f 6161 13481 13420
f 6161 13420 6100
f 6100 13420 13359
f 6100 13359 6039
f 6039 13359 13298
f 6039 13298 5978
f 5978 13298 13237
f 5978 13237 5917
f 5917 13237 13176
f 5917 13176 5856
f 5856 13176 13115
f 5856 13115 5795
f 5795 13115 13054
f 5795 13054 5734
f 5734 13054 12993
f 5734 12993 5673
f 5673 12993 12932
f 5673 12932 5612
f 5612 12932 12871
f 5612 12871 5551
f 5551 12871 12810
f 5551 12810 5490
f 5490 12810 12749
f 5490 12749 5429
f 5429 12749 12688
f 5429 12688 5368
f 5368 12688 12627
f 5368 12627 5307
f 5307 12627 12566
f 5307 12566 5246
f 5246 12566 12505
f 5246 12505 5185
f 5185 12505 12444
f 5185 12444 5124
f 5124 12444 12383
f 5124 12383 5063
f 5063 12383 12322
f 5063 12322 5002
f 5002 12322 12261
f 5002 12261 4941
f 4941 12261 12200
f 4941 12200 4880
f 4880 12200 12139
f 4880 12139 4819
f 4819 12139 12078
f 4819 12078 4758
f 4758 12078 12017
f 4758 12017 4697
f 4697 12017 11956
f 4697 11956 4636
f 4636 11956 11895
f 4636 11895 4575
f 4575 11895 11834
f 4575 11834 4514
f 4514 11834 11773
f 4514 11773 4453
f 4453 11773 11712
f 4453 11712 4392
f 4392 11712 11651
f 4392 11651 4331
f 4331 11651 11590
f 4331 11590 4270
f 4270 11590 11529
f 4270 11529 4209
f 4209 11529 11468
f 4209 11468 4148
f 4148 11468 11407
f 4148 11407 4087
f 4087 11407 11346
f 4087 11346 4026
f 4026 11346 11285
f 4026 11285 3965
f 3965 11285 11224
f 3965 11224 3904
f 3904 11224 11163
f 3904 11163 3843
f 3843 11163 11102
f 3843 11102 3782
f 3782 11102 11041
f 3782 11041 3721
f 3721 11041 10980
f 3721 10980 3660
f 3660 10980 10919
f 3660 10919 3599
f 3599 10919 10858
f 3599 10858 3538
f 3538 10858 10797
f 3538 10797 3477
f 3477 10797 10736
f 3477 10736 3416
f 3416 10736 10675
f 3416 10675 3355
f 3355 10675 10614
f 3355 10614 3294
f 3294 10614 10553
f 3294 10553 3233
f 3233 10553 10492
f 3233 10492 3172
f 3172 10492 10431
f 3172 10431 3111
f 3111 10431 10370
f 3111 10370 3050
f 3050 10370 10309
f 3050 10309 2989
f 2989 10309 10248
f 2989 10248 2928
f 2928 10248 10187
f 2928 10187 2867
f 2867 10187 10126
f 2867 10126 2806
f 2806 10126 10065
f 2806 10065 2745
f 2745 10065 10004
f 2745 10004 2684
f 2684 10004 9943
f 2684 9943 2623
f 2623 9943 9882
f 2623 9882 2562
f 2562 9882 9821
f 2562 9821 2501
f 2501 9821 9760
f 2501 9760 2440
f 2440 9760 9699
f 2440 9699 2379
f 2379 9699 9638
f 2379 9638 2318
f 2318 9638 9577
f 2318 9577 2257
f 2257 9577 9516
f 2257 9516 2196
f 2196 9516 9455
f 2196 9455 2135
f 2135 9455 9394
f 2135 9394 2074
f 2074 9394 9333
f 2074 9333 2013
f 2013 9333 9272
f 2013 9272 1952
f 1952 9272 9211
f 1952 9211 1891
f 1891 9211 9150
f 1891 9150 1830
f 1830 9150 9089
f 1830 9089 1769
f 1769 9089 9028
f 1769 9028 1708
f 1708 9028 8967
f 1708 8967 1647
f 1647 8967 8906
f 1647 8906 1586
f 1586 8906 8845
f 1586 8845 1525
f 1525 8845 8784
f 1525 8784 1464
f 1464 8784 8723
f 1464 8723 1403
f 1403 8723 8662
f 1403 8662 1342
f 1342 8662 8601
f 1342 8601 1281
f 1281 8601 8540
f 1281 8540 1220
f 1220 8540 8479
f 1220 8479 1159
f 1159 8479 8418
f 1159 8418 1098
f 1098 8418 8357
f 1098 8357 1037
f 1037 8357 8296
f 1037 8296 976
f 976 8296 8235
f 976 8235 915
f 915 8235 8174
f 915 8174 854
f 854 8174 8113
f 854 8113 793
f 793 8113 8052
f 793 8052 732
f 732 8052 7991
f 732 7991 671
f 671 7991 7930
f 671 7930 610
f 610 7930 7869
f 610 7869 549
f 549 7869 7808
f 549 7808 488
f 488 7808 7747
f 488 7747 427
f 427 7747 7686
f 427 7686 366
f 366 7686 7625
f 366 7625 305
f 305 7625 7564
f 305 7564 244
f 244 7564 7503
f 244 7503 183
f 183 7503 7442
f 183 7442 122
f 122 7442 7381
f 122 7381 61
f 61 7381 7381
f 61 7381 61
f 61 7381 7380
f 61 7380 60
f 60 7380 7379
f 60 7379 59
f 59 7379 7378
f 59 7378 58
f 58 7378 7377
f 58 7377 57
f 57 7377 7376
f 57 7376 56
f 56 7376 7375
f 56 7375 55
f 55 7375 7374
f 55 7374 54
f 54 7374 7373
f 54 7373 53
f 53 7373 7372
f 53 7372 52
f 52 7372 7371
f 52 7371 51
f 51 7371 7370
f 51 7370 50
f 50 7370 7369
f 50 7369 49
f 49 7369 7368
f 49 7368 48
f 48 7368 7367
f 48 7367 47
f 47 7367 7366
f 47 7366 46
f 46 7366 7365
f 46 7365 45
f 45 7365 7364
f 45 7364 44
f 44 7364 7363
f 44 7363 43
f 43 7363 7362
f 43 7362 42
f 42 7362 7361
f 42 7361 41
f 41 7361 7360
f 41 7360 40
f 40 7360 7359
f 40 7359 39
f 39 7359 7358
f 39 7358 38
f 38 7358 7357
f 38 7357 37
f 37 7357 7356
f 37 7356 36
f 36 7356 7355
f 36 7355 35
f 35 7355 7354
f 35 7354 34
f 34 7354 7353
f 34 7353 33
f 33 7353 7352
f 33 7352 32
f 32 7352 7351
f 32 7351 31
f 31 7351 7350
f 31 7350 30
f 30 7350 7349
f 30 7349 29
f 29 7349 7348
f 29 7348 28
f 28 7348 7347
f 28 7347 27
f 27 7347 7346
f 27 7346 26
f 26 7346 7345
f 26 7345 25
f 25 7345 7344
f 25 7344 24
f 24 7344 7343
f 24 7343 23
f 23 7343 7342
f 23 7342 22
f 22 7342 7341
f 22 7341 21
f 21 7341 7340
f 21 7340 20
f 20 7340 7339
f 20 7339 19
f 19 7339 7338
f 19 7338 18
f 18 7338 7337
f 18 7337 17
f 17 7337 7336
f 17 7336 16
f 16 7336 7335
f 16 7335 15
f 15 7335 7334
f 15 7334 14
f 14 7334 7333
f 14 7333 13
f 13 7333 7332
f 13 7332 12
f 12 7332 7331
f 12 7331 11
f 11 7331 7330
f 11 7330 10
f 10 7330 7329
f 10 7329 9
f 9 7329 7328
f 9 7328 8
f 8 7328 7327
f 8 7327 7
f 7 7327 7326
f 7 7326 6
f 6 7326 7325
f 6 7325 5
f 5 7325 7324
f 5 7324 4
f 4 7324 7323
f 4 7323 3
f 3 7323 7322
f 3 7322 2
f 2 7322 7321
f 2 7321 1
